"AN","Code","RN","acc","accuracy","an_found","an_height","an_line","an_text","an_width","an_x1","an_x2","an_y1","an_y2","average_response_time","avg_rt","background","box_width","canvas_backend","central_fixation","clean_word","clock_backend","color_backend","correct","correct_instruction","correct_question_sketchpad","count_ending_sketchpad","count_experiment","count_eyetracker_calibration","count_instruction","count_instruction_pygaze_log","count_list_filter","count_liste_auswahl","count_logger","count_pygaze_start_recording","count_pygaze_stop_recording","count_question_pygaze_log","count_question_sketchpad","count_sentence_script","count_trial_loop","count_trial_sequence","count_var_init_inline_script","cross_size","cross_x","cross_y","current_line","current_line_width","d","datetime","description","disable_garbage_collection","display_sentence","experiment_file","experiment_path","font_bold","font_family","font_italic","font_size","font_underline","foreground","form_clicks","fullscreen","height","item","key","keyboard_backend","last_line_y","line_height_factor","line_spacing","list","live_row","live_row_trial_loop","logfile","margin","mouse_backend","name","opensesame_codename","opensesame_version","position_x","position_y","psychopy_screen","repeat_cycle","response","response_ending_sketchpad","response_instruction","response_key","response_question_sketchpad","response_time","response_time_ending_sketchpad","response_time_instruction","response_time_question_sketchpad","rn_found","rn_height","rn_line","rn_text","rn_width","rn_x1","rn_x2","rn_y1","rn_y2","round_decimals","sampler_backend","selected_list","sentence","sentence_text","skip_trial","sound_buf_size","sound_channels","sound_freq","sound_sample_size","spill_height","spill_line","spill_width","spill_x1","spill_x2","spill_y1","spill_y2","start","subject_nr","subject_parity","t0","text_start_x","text_start_y","time_ending_sketchpad","time_experiment","time_eyetracker_calibration","time_instruction","time_instruction_pygaze_log","time_list_filter","time_liste_auswahl","time_logger","time_pygaze_start_recording","time_pygaze_stop_recording","time_question_pygaze_log","time_question_sketchpad","time_sentence_script","time_trial_loop","time_trial_sequence","time_var_init_inline_script","timestamp","title","total_correct","total_response_time","total_responses","trial_counter","width","word","word_height","word_spacing","word_width"
"<AN>Frauen</AN>","C2","<RN>Arbeitnehmer</RN>","undefined","undefined","None","None","None","None","None","None","None","None","None","undefined","undefined","#232323","None","psycho","None","None","psycho","psycho","undefined","undefined","None","0","0","0","0","0","0","0","0","0","0","0","0","0","0","0","0","None","None","None","None","None","None","Tue Jul 28 13:23:10 2026","The main experiment item","False","None","experiment.osexp","D:\ET_course_project_gender-bias\experiment","False","mono","False","18","no","white","no","yes","1080","5","None","psycho","None","None","None","4","0","0","D:\ET_course_project_gender-bias\experiment\subject-3.csv","None","psycho","an_found","Neonatal Nightingale","4.1.14","None","None","2","0","right","NA","right","None","NA","17914.597400000275","NA","17914.597400000275","NA","None","None","None","None","None","None","None","None","None","2","psycho","3","None","Im Rahmen einer Geschäftsveranstaltung findet derzeit ein Austausch über Arbeitsbedingungen und gesellschaftliche Entwicklungen statt. Die <RN>Arbeitnehmer*innen</RN> erwarten höhere Gehälter und klimatisierte Arbeitsplätze, trotzdem wollen diese <AN>Männer</AN> auch weniger arbeiten. Die Frage nach den Konsequenzen bleibt offen.","1","1024","2","48000","-16","None","None","None","None","None","None","None","experiment","3","odd","None","None","None","NA","4457.934600000954","4458.342600000833","35859.87100000057","53774.89570000034","53855.155000001105","53829.305499999464","53855.20120000001","34911.64700000081","NA","NA","NA","NA","53829.33740000044","53854.81919999984","35854.89159999997","None","Experiment","0","0","0","0","1920","None","None","None","None"
"<AN>Frauen</AN>","C6","<RN>Ingenieur*innen</RN>","undefined","undefined","None","None","None","None","None","None","None","None","None","undefined","undefined","#232323","None","psycho","None","None","psycho","psycho","undefined","undefined","None","0","0","0","0","0","1","0","1","0","0","1","1","1","0","1","0","None","None","None","None","None","None","Tue Jul 28 13:23:10 2026","The main experiment item","False","None","experiment.osexp","D:\ET_course_project_gender-bias\experiment","False","mono","False","18","no","white","no","yes","1080","17","None","psycho","None","None","None","2","1","1","D:\ET_course_project_gender-bias\experiment\subject-3.csv","None","psycho","an_found","Neonatal Nightingale","4.1.14","None","None","2","0","right","NA","right","None","NA","17914.597400000275","NA","17914.597400000275","NA","None","None","None","None","None","None","None","None","None","2","psycho","3","None","Im Rahmen einer städtischen Planungsrunde wird über die zukünftige Mobilität und den Ausbau des Nahverkehrs diskutiert. Die <RN>Ingenieurinnen</RN> diskutieren über Verkehrskonzepte und setzen sich für den Ausbau des ÖPNV ein, doch diese <AN>Männer</AN> lehnen die Vorschläge ab. Die nächsten Schritte werden derzeit kontrovers diskutiert.","1","1024","2","48000","-16","None","None","None","None","None","None","None","experiment","3","odd","None","None","None","NA","4457.934600000954","4458.342600000833","35859.87100000057","53774.89570000034","53889.38179999968","53829.305499999464","53889.455099999395","34911.64700000081","NA","NA","NA","NA","53829.33740000044","53889.1208999994","35854.89159999997","None","Experiment","0","0","0","0","1920","None","None","None","None"
"<AN>Frauen</AN>","C4","<RN>Einwohnerinnen</RN>","undefined","undefined","None","None","None","None","None","None","None","None","None","undefined","undefined","#232323","None","psycho","None","None","psycho","psycho","undefined","undefined","None","0","0","0","0","0","2","0","2","0","0","2","2","2","0","2","0","None","None","None","None","None","None","Tue Jul 28 13:23:10 2026","The main experiment item","False","None","experiment.osexp","D:\ET_course_project_gender-bias\experiment","False","mono","False","18","no","white","no","yes","1080","13","None","psycho","None","None","None","4","2","2","D:\ET_course_project_gender-bias\experiment\subject-3.csv","None","psycho","an_found","Neonatal Nightingale","4.1.14","None","None","2","0","right","NA","right","None","NA","17914.597400000275","NA","17914.597400000275","NA","None","None","None","None","None","None","None","None","None","2","psycho","3","None","Im Rahmen einer öffentlichen Veranstaltung wird über Sicherheit, gesellschaftlichen Zusammenhalt und politische Reformen gesprochen. Die <RN>Bürgerinnen</RN> wünschen sich Sicherheit und verlässliche Perspektiven, doch diese Gruppe von <AN>Frauen</AN> sieht Reformbedarf im System. Die weitere Entwicklung bleibt Gegenstand öffentlicher Debatten.","1","1024","2","48000","-16","None","None","None","None","None","None","None","experiment","3","odd","None","None","None","NA","4457.934600000954","4458.342600000833","35859.87100000057","53774.89570000034","53915.629799999806","53829.305499999464","53915.685400001166","34911.64700000081","NA","NA","NA","NA","53829.33740000044","53915.41710000092","35854.89159999997","None","Experiment","0","0","0","0","1920","None","None","None","None"
"<AN>Männer</AN>","C5","<RN>Polizist*innen</RN>","undefined","undefined","None","None","None","None","None","None","None","None","None","undefined","undefined","#232323","None","psycho","None","None","psycho","psycho","undefined","undefined","None","0","0","0","0","0","3","0","3","0","0","3","3","3","0","3","0","None","None","None","None","None","None","Tue Jul 28 13:23:10 2026","The main experiment item","False","None","experiment.osexp","D:\ET_course_project_gender-bias\experiment","False","mono","False","18","no","white","no","yes","1080","18","None","psycho","None","None","None","6","3","3","D:\ET_course_project_gender-bias\experiment\subject-3.csv","None","psycho","an_found","Neonatal Nightingale","4.1.14","None","None","2","0","right","NA","right","None","NA","17914.597400000275","NA","17914.597400000275","NA","None","None","None","None","None","None","None","None","None","2","psycho","3","None","Bei einer öffentlichen Sitzung im Rathaus wird über neue Verkehrsregelungen gesprochen. Die <RN>Polizistinnen</RN> diskutieren laut über mehr Sicherheit im Straßenverkehr und setzen sich für strengere Kontrollen ein, doch diese <AN>Männer</AN> lehnen die Vorschläge ab. Die nächsten Maßnahmen werden derzeit kontrovers verhandelt.","1","1024","2","48000","-16","None","None","None","None","None","None","None","experiment","3","odd","None","None","None","NA","4457.934600000954","4458.342600000833","35859.87100000057","53774.89570000034","53941.90189999972","53829.305499999464","53941.94249999964","34911.64700000081","NA","NA","NA","NA","53829.33740000044","53941.671399999905","35854.89159999997","None","Experiment","0","0","0","0","1920","None","None","None","None"
"<AN>Männer</AN>","C1","<RN>Arbeitnehmer</RN>","undefined","undefined","True","53","4","<AN>Männer</AN>","135","-305.0","-170.0","61.0","114.0","undefined","undefined","#232323","1620","psycho","True","offen","psycho","psycho","undefined","undefined","undefined","0","0","0","0","0","4","0","4","0","0","4","4","4","0","4","0","50","-810.0","-270.5","5","454.0","90.89081588543476","Tue Jul 28 13:23:10 2026","The main experiment item","False","Im Rahmen einer Geschäftsveranstaltung findet derzeit ein Austausch über Arbeitsbedingungen und gesellschaftliche Entwicklungen statt. Die <RN>Arbeitnehmer</RN> erwarten höhere Gehälter und klimatisierte Arbeitsplätze, trotzdem wollen diese <AN>Männer</AN> auch weniger arbeiten. Die Frage nach den Konsequenzen bleibt offen.","experiment.osexp","D:\ET_course_project_gender-bias\experiment","False","mono","False","39","no","white","no","yes","1080","5","right","psycho","178.0","3.0","117","3","4","4","D:\ET_course_project_gender-bias\experiment\subject-3.csv","150","psycho","an_found","Neonatal Nightingale","4.1.14","-202.0","178.0","2","0","right","NA","right","right","right","29636.831300000267","NA","17914.597400000275","29636.831300000267","True","53","3","<RN>Arbeitnehmer</RN>","274","-810.0","-536.0","-56.0","-3.0","2","psycho","3","Im Rahmen einer Geschäftsveranstaltung findet derzeit ein Austausch über Arbeitsbedingungen und gesellschaftliche Entwicklungen statt. Die <RN>Arbeitnehmer*innen</RN> erwarten höhere Gehälter und klimatisierte Arbeitsplätze, trotzdem wollen diese <AN>Männer</AN> auch weniger arbeiten. Die Frage nach den Konsequenzen bleibt offen.","Im Rahmen einer Geschäftsveranstaltung findet derzeit ein Austausch über Arbeitsbedingungen und gesellschaftliche Entwicklungen statt. Die <RN>Arbeitnehmer*innen</RN> erwarten höhere Gehälter und klimatisierte Arbeitsplätze, trotzdem wollen diese <AN>Männer</AN> auch weniger arbeiten. Die Frage nach den Konsequenzen bleibt offen.","0","1024","2","48000","-16","53","4","135","-170.0","-35.0","61.0","114.0","experiment","3","odd","53984.81809999976","-810.0","-290.0","NA","4457.934600000954","4458.342600000833","35859.87100000057","53774.89570000034","53968.72149999945","53829.305499999464","102434.532700001","34911.64700000081","NA","102383.07850000092","72745.67399999978","53968.74720000051","53829.33740000044","53968.6313000002","35854.89159999997","72742.50080000093","Experiment","0","0","0","1","1920","offen.","53","25","129"
"<AN>Frauen</AN>","C4","<RN>Unternehmerinnen</RN>","undefined","undefined","True","53","4","<AN>Männer</AN>","135","-305.0","-170.0","61.0","114.0","undefined","undefined","#232323","1620","psycho","True","offen","psycho","psycho","undefined","undefined","undefined","0","0","0","0","0","5","0","5","0","0","5","5","5","0","5","0","50","-810.0","-270.5","5","454.0","90.89081588543476","Tue Jul 28 13:23:10 2026","The main experiment item","False","Im Rahmen einer Geschäftsveranstaltung findet derzeit ein Austausch über Arbeitsbedingungen und gesellschaftliche Entwicklungen statt. Die <RN>Arbeitnehmer</RN> erwarten höhere Gehälter und klimatisierte Arbeitsplätze, trotzdem wollen diese <AN>Männer</AN> auch weniger arbeiten. Die Frage nach den Konsequenzen bleibt offen.","experiment.osexp","D:\ET_course_project_gender-bias\experiment","False","mono","False","39","no","white","no","yes","1080","4","right","psycho","178.0","3.0","117","1","5","5","D:\ET_course_project_gender-bias\experiment\subject-3.csv","150","psycho","an_found","Neonatal Nightingale","4.1.14","-202.0","178.0","2","0","right","NA","right","right","right","29636.831300000267","NA","17914.597400000275","29636.831300000267","True","53","3","<RN>Arbeitnehmer</RN>","274","-810.0","-536.0","-56.0","-3.0","2","psycho","3","Im Rahmen einer Geschäftsveranstaltung findet derzeit ein Austausch über Arbeitsbedingungen und gesellschaftliche Entwicklungen statt. Die <RN>Arbeitnehmer*innen</RN> erwarten höhere Gehälter und klimatisierte Arbeitsplätze, trotzdem wollen diese <AN>Männer</AN> auch weniger arbeiten. Die Frage nach den Konsequenzen bleibt offen.","Bei einem Networking-Event stehen wirtschaftspolitische und gesellschaftliche Fragestellungen im Mittelpunkt der Diskussion. Die <RN>Unternehmer</RN> brauchen weniger bürokratische Hürden und sprechen über Verbesserungen, doch diese <AN>Männer</AN> fordern weitere steuerliche Entlastungen. Die Folgen dieser Positionen bleiben umstritten.","1","1024","2","48000","-16","53","4","135","-170.0","-35.0","61.0","114.0","experiment","3","odd","53984.81809999976","-810.0","-290.0","NA","4457.934600000954","4458.342600000833","35859.87100000057","53774.89570000034","102461.27340000021","53829.305499999464","102461.31050000076","34911.64700000081","NA","102383.07850000092","72745.67399999978","53968.74720000051","53829.33740000044","102461.17830000003","35854.89159999997","72742.50080000093","Experiment","0","0","0","1","1920","offen.","53","25","129"
"<AN>Männer</AN>","C1","<RN>Professoren</RN>","undefined","undefined","True","53","4","<AN>Männer</AN>","135","-305.0","-170.0","61.0","114.0","undefined","undefined","#232323","1620","psycho","True","offen","psycho","psycho","undefined","undefined","undefined","0","0","0","0","0","6","0","6","0","0","6","6","6","0","6","0","50","-810.0","-270.5","5","454.0","90.89081588543476","Tue Jul 28 13:23:10 2026","The main experiment item","False","Im Rahmen einer Geschäftsveranstaltung findet derzeit ein Austausch über Arbeitsbedingungen und gesellschaftliche Entwicklungen statt. Die <RN>Arbeitnehmer</RN> erwarten höhere Gehälter und klimatisierte Arbeitsplätze, trotzdem wollen diese <AN>Männer</AN> auch weniger arbeiten. Die Frage nach den Konsequenzen bleibt offen.","experiment.osexp","D:\ET_course_project_gender-bias\experiment","False","mono","False","39","no","white","no","yes","1080","15","right","psycho","178.0","3.0","117","5","6","6","D:\ET_course_project_gender-bias\experiment\subject-3.csv","150","psycho","an_found","Neonatal Nightingale","4.1.14","-202.0","178.0","2","0","right","NA","right","right","right","29636.831300000267","NA","17914.597400000275","29636.831300000267","True","53","3","<RN>Arbeitnehmer</RN>","274","-810.0","-536.0","-56.0","-3.0","2","psycho","3","Im Rahmen einer Geschäftsveranstaltung findet derzeit ein Austausch über Arbeitsbedingungen und gesellschaftliche Entwicklungen statt. Die <RN>Arbeitnehmer*innen</RN> erwarten höhere Gehälter und klimatisierte Arbeitsplätze, trotzdem wollen diese <AN>Männer</AN> auch weniger arbeiten. Die Frage nach den Konsequenzen bleibt offen.","Im Rahmen einer öffentlichen Veranstaltung wird über die Zukunft der Hochschulen und die Forschungsförderung diskutiert. Die <RN>Professorinnen</RN> diskutieren über die Zukunft der Hochschulen und setzen sich für mehr Forschungsgelder ein, doch diese <AN>Männer</AN> lehnen die Vorschläge ab. Die nächsten Schritte werden derzeit kontrovers diskutiert.","1","1024","2","48000","-16","53","4","135","-170.0","-35.0","61.0","114.0","experiment","3","odd","53984.81809999976","-810.0","-290.0","NA","4457.934600000954","4458.342600000833","35859.87100000057","53774.89570000034","102488.37769999955","53829.305499999464","102488.4191000001","34911.64700000081","NA","102383.07850000092","72745.67399999978","53968.74720000051","53829.33740000044","102488.14350000066","35854.89159999997","72742.50080000093","Experiment","0","0","0","1","1920","offen.","53","25","129"
"<AN>Frauen</AN>","C2","<RN>Einwohner</RN>","undefined","undefined","True","53","4","<AN>Männer</AN>","135","-305.0","-170.0","61.0","114.0","undefined","undefined","#232323","1620","psycho","True","offen","psycho","psycho","undefined","undefined","undefined","0","0","0","0","0","7","0","7","0","0","7","7","7","0","7","0","50","-810.0","-270.5","5","454.0","90.89081588543476","Tue Jul 28 13:23:10 2026","The main experiment item","False","Im Rahmen einer Geschäftsveranstaltung findet derzeit ein Austausch über Arbeitsbedingungen und gesellschaftliche Entwicklungen statt. Die <RN>Arbeitnehmer</RN> erwarten höhere Gehälter und klimatisierte Arbeitsplätze, trotzdem wollen diese <AN>Männer</AN> auch weniger arbeiten. Die Frage nach den Konsequenzen bleibt offen.","experiment.osexp","D:\ET_course_project_gender-bias\experiment","False","mono","False","39","no","white","no","yes","1080","13","right","psycho","178.0","3.0","117","2","7","7","D:\ET_course_project_gender-bias\experiment\subject-3.csv","150","psycho","an_found","Neonatal Nightingale","4.1.14","-202.0","178.0","2","0","right","NA","right","right","right","29636.831300000267","NA","17914.597400000275","29636.831300000267","True","53","3","<RN>Arbeitnehmer</RN>","274","-810.0","-536.0","-56.0","-3.0","2","psycho","3","Im Rahmen einer Geschäftsveranstaltung findet derzeit ein Austausch über Arbeitsbedingungen und gesellschaftliche Entwicklungen statt. Die <RN>Arbeitnehmer*innen</RN> erwarten höhere Gehälter und klimatisierte Arbeitsplätze, trotzdem wollen diese <AN>Männer</AN> auch weniger arbeiten. Die Frage nach den Konsequenzen bleibt offen.","Im Rahmen einer öffentlichen Veranstaltung wird über Sicherheit, gesellschaftlichen Zusammenhalt und politische Reformen gesprochen. Die <RN>Bürgerinnen</RN> wünschen sich mehr Sicherheit und verlässliche Perspektiven, doch diese Gruppe von <AN>Frauen</AN> sieht Reformbedarf im System. Die weitere Entwicklung bleibt Gegenstand öffentlicher Debatten.","1","1024","2","48000","-16","53","4","135","-170.0","-35.0","61.0","114.0","experiment","3","odd","53984.81809999976","-810.0","-290.0","NA","4457.934600000954","4458.342600000833","35859.87100000057","53774.89570000034","102516.11740000044","53829.305499999464","102516.15800000036","34911.64700000081","NA","102383.07850000092","72745.67399999978","53968.74720000051","53829.33740000044","102515.91650000046","35854.89159999997","72742.50080000093","Experiment","0","0","0","1","1920","offen.","53","25","129"
"<AN>Männer</AN>","C5","<RN>Unternehmer*innen</RN>","undefined","undefined","True","53","4","<AN>Männer</AN>","135","-305.0","-170.0","61.0","114.0","undefined","undefined","#232323","1620","psycho","True","offen","psycho","psycho","undefined","undefined","undefined","0","0","0","0","0","8","0","8","0","0","8","8","8","0","8","0","50","-810.0","-270.5","5","454.0","90.89081588543476","Tue Jul 28 13:23:10 2026","The main experiment item","False","Im Rahmen einer Geschäftsveranstaltung findet derzeit ein Austausch über Arbeitsbedingungen und gesellschaftliche Entwicklungen statt. Die <RN>Arbeitnehmer</RN> erwarten höhere Gehälter und klimatisierte Arbeitsplätze, trotzdem wollen diese <AN>Männer</AN> auch weniger arbeiten. Die Frage nach den Konsequenzen bleibt offen.","experiment.osexp","D:\ET_course_project_gender-bias\experiment","False","mono","False","39","no","white","no","yes","1080","4","right","psycho","178.0","3.0","117","2","8","8","D:\ET_course_project_gender-bias\experiment\subject-3.csv","150","psycho","an_found","Neonatal Nightingale","4.1.14","-202.0","178.0","2","0","right","NA","right","right","right","29636.831300000267","NA","17914.597400000275","29636.831300000267","True","53","3","<RN>Arbeitnehmer</RN>","274","-810.0","-536.0","-56.0","-3.0","2","psycho","3","Im Rahmen einer Geschäftsveranstaltung findet derzeit ein Austausch über Arbeitsbedingungen und gesellschaftliche Entwicklungen statt. Die <RN>Arbeitnehmer*innen</RN> erwarten höhere Gehälter und klimatisierte Arbeitsplätze, trotzdem wollen diese <AN>Männer</AN> auch weniger arbeiten. Die Frage nach den Konsequenzen bleibt offen.","Bei einem Networking-Event stehen wirtschaftspolitische und gesellschaftliche Fragestellungen im Mittelpunkt der Diskussion. Die <RN>Unternehmer</RN> brauchen weniger bürokratische Hürden und sprechen über Verbesserungen, doch diese <AN>Männer</AN> fordern weitere steuerliche Entlastungen. Die Folgen dieser Positionen bleiben umstritten.","1","1024","2","48000","-16","53","4","135","-170.0","-35.0","61.0","114.0","experiment","3","odd","53984.81809999976","-810.0","-290.0","NA","4457.934600000954","4458.342600000833","35859.87100000057","53774.89570000034","102543.40899999988","53829.305499999464","102543.4636000009","34911.64700000081","NA","102383.07850000092","72745.67399999978","53968.74720000051","53829.33740000044","102543.21119999986","35854.89159999997","72742.50080000093","Experiment","0","0","0","1","1920","offen.","53","25","129"
"<AN>Männer</AN>","C1","<RN>Ingenieure</RN>","undefined","undefined","True","53","4","<AN>Männer</AN>","135","-335.0","-200.0","61.0","114.0","undefined","undefined","#232323","1620","psycho","True","diskutiert","psycho","psycho","undefined","undefined","undefined","0","0","0","0","0","9","0","9","0","0","9","9","9","0","9","0","50","-810.0","-270.5","5","798.0","92.04686943943288","Tue Jul 28 13:23:10 2026","The main experiment item","False","Im Rahmen einer städtischen Planungsrunde wird über die zukünftige Mobilität und den Ausbau des Nahverkehrs diskutiert. Die <RN>Ingenieure</RN> diskutieren über Verkehrskonzepte und setzen sich für den Ausbau des ÖPNV ein, doch diese <AN>Männer</AN> lehnen die Vorschläge ab. Die nächsten Schritte werden derzeit kontrovers diskutiert.","experiment.osexp","D:\ET_course_project_gender-bias\experiment","False","mono","False","39","no","white","no","yes","1080","17","right","psycho","178.0","3.0","117","3","9","9","D:\ET_course_project_gender-bias\experiment\subject-3.csv","150","psycho","an_found","Neonatal Nightingale","4.1.14","256.0","178.0","2","0","right","NA","right","right","right","27148.298899999645","NA","17914.597400000275","27148.298899999645","True","53","2","<RN>Ingenieure</RN>","225","480.0","705.0","-173.0","-120.0","2","psycho","3","Im Rahmen einer städtischen Planungsrunde wird über die zukünftige Mobilität und den Ausbau des Nahverkehrs diskutiert. Die <RN>Ingenieurinnen</RN> diskutieren über Verkehrskonzepte und setzen sich für den Ausbau des ÖPNV ein, doch diese <AN>Männer</AN> lehnen die Vorschläge ab. Die nächsten Schritte werden derzeit kontrovers diskutiert.","Im Rahmen einer städtischen Planungsrunde wird über die zukünftige Mobilität und den Ausbau des Nahverkehrs diskutiert. Die <RN>Ingenieurinnen</RN> diskutieren über Verkehrskonzepte und setzen sich für den Ausbau des ÖPNV ein, doch diese <AN>Männer</AN> lehnen die Vorschläge ab. Die nächsten Schritte werden derzeit kontrovers diskutiert.","0","1024","2","48000","-16","53","4","135","-200.0","-65.0","61.0","114.0","experiment","3","odd","102580.34860000043","-810.0","-290.0","NA","4457.934600000954","4458.342600000833","35859.87100000057","53774.89570000034","102569.26329999988","53829.305499999464","188092.66170000046","34911.64700000081","NA","188047.31390000053","160898.45659999992","102569.2921000009","53829.33740000044","102569.08430000112","35854.89159999997","160894.56699999937","Experiment","0","0","0","2","1920","diskutiert.","53","25","243"
"<AN>Männer</AN>","C5","<RN>Arbeitnehmer*innen</RN>","undefined","undefined","True","53","4","<AN>Männer</AN>","135","-335.0","-200.0","61.0","114.0","undefined","undefined","#232323","1620","psycho","True","diskutiert","psycho","psycho","undefined","undefined","undefined","0","0","0","0","0","10","0","10","0","0","10","10","10","0","10","0","50","-810.0","-270.5","5","798.0","92.04686943943288","Tue Jul 28 13:23:10 2026","The main experiment item","False","Im Rahmen einer städtischen Planungsrunde wird über die zukünftige Mobilität und den Ausbau des Nahverkehrs diskutiert. Die <RN>Ingenieure</RN> diskutieren über Verkehrskonzepte und setzen sich für den Ausbau des ÖPNV ein, doch diese <AN>Männer</AN> lehnen die Vorschläge ab. Die nächsten Schritte werden derzeit kontrovers diskutiert.","experiment.osexp","D:\ET_course_project_gender-bias\experiment","False","mono","False","39","no","white","no","yes","1080","5","right","psycho","178.0","3.0","117","1","10","10","D:\ET_course_project_gender-bias\experiment\subject-3.csv","150","psycho","an_found","Neonatal Nightingale","4.1.14","256.0","178.0","2","0","right","NA","right","right","right","27148.298899999645","NA","17914.597400000275","27148.298899999645","True","53","2","<RN>Ingenieure</RN>","225","480.0","705.0","-173.0","-120.0","2","psycho","3","Im Rahmen einer städtischen Planungsrunde wird über die zukünftige Mobilität und den Ausbau des Nahverkehrs diskutiert. Die <RN>Ingenieurinnen</RN> diskutieren über Verkehrskonzepte und setzen sich für den Ausbau des ÖPNV ein, doch diese <AN>Männer</AN> lehnen die Vorschläge ab. Die nächsten Schritte werden derzeit kontrovers diskutiert.","Im Rahmen einer Geschäftsveranstaltung findet derzeit ein Austausch über Arbeitsbedingungen und gesellschaftliche Entwicklungen statt. Die <RN>Arbeitnehmer*innen</RN> erwarten höhere Gehälter und klimatisierte Arbeitsplätze, aber diese <AN>Männer</AN> wollen auch weniger arbeiten. Die Frage nach den Konsequenzen bleibt offen.","1","1024","2","48000","-16","53","4","135","-200.0","-65.0","61.0","114.0","experiment","3","odd","102580.34860000043","-810.0","-290.0","NA","4457.934600000954","4458.342600000833","35859.87100000057","53774.89570000034","188118.6663999997","53829.305499999464","188118.70679999993","34911.64700000081","NA","188047.31390000053","160898.45659999992","102569.2921000009","53829.33740000044","188118.48950000058","35854.89159999997","160894.56699999937","Experiment","0","0","0","2","1920","diskutiert.","53","25","243"
"<AN>Frauen</AN>","C2","<RN>Pfleger</RN>","undefined","undefined","True","53","4","<AN>Männer</AN>","135","-335.0","-200.0","61.0","114.0","undefined","undefined","#232323","1620","psycho","True","diskutiert","psycho","psycho","undefined","undefined","undefined","0","0","0","0","0","11","0","11","0","0","11","11","11","0","11","0","50","-810.0","-270.5","5","798.0","92.04686943943288","Tue Jul 28 13:23:10 2026","The main experiment item","False","Im Rahmen einer städtischen Planungsrunde wird über die zukünftige Mobilität und den Ausbau des Nahverkehrs diskutiert. Die <RN>Ingenieure</RN> diskutieren über Verkehrskonzepte und setzen sich für den Ausbau des ÖPNV ein, doch diese <AN>Männer</AN> lehnen die Vorschläge ab. Die nächsten Schritte werden derzeit kontrovers diskutiert.","experiment.osexp","D:\ET_course_project_gender-bias\experiment","False","mono","False","39","no","white","no","yes","1080","2","right","psycho","178.0","3.0","117","1","11","11","D:\ET_course_project_gender-bias\experiment\subject-3.csv","150","psycho","an_found","Neonatal Nightingale","4.1.14","256.0","178.0","2","0","right","NA","right","right","right","27148.298899999645","NA","17914.597400000275","27148.298899999645","True","53","2","<RN>Ingenieure</RN>","225","480.0","705.0","-173.0","-120.0","2","psycho","3","Im Rahmen einer städtischen Planungsrunde wird über die zukünftige Mobilität und den Ausbau des Nahverkehrs diskutiert. Die <RN>Ingenieurinnen</RN> diskutieren über Verkehrskonzepte und setzen sich für den Ausbau des ÖPNV ein, doch diese <AN>Männer</AN> lehnen die Vorschläge ab. Die nächsten Schritte werden derzeit kontrovers diskutiert.","Im Rahmen einer Gesprächsrunde im Gesundheitswesen wird derzeit über aktuelle gesellschaftliche Herausforderungen diskutiert. Die <RN>Pflegekräfte</RN> verdienen bessere Arbeitsbedingungen und benötigen langfristig mehr Unterstützung, doch diese <AN>Männer</AN> fühlen sich politisch nicht ausreichend unterstützt. Die nächsten Schritte werden derzeit kontrovers diskutiert.","1","1024","2","48000","-16","53","4","135","-200.0","-65.0","61.0","114.0","experiment","3","odd","102580.34860000043","-810.0","-290.0","NA","4457.934600000954","4458.342600000833","35859.87100000057","53774.89570000034","188148.50579999984","53829.305499999464","188148.5451999997","34911.64700000081","NA","188047.31390000053","160898.45659999992","102569.2921000009","53829.33740000044","188148.30710000024","35854.89159999997","160894.56699999937","Experiment","0","0","0","2","1920","diskutiert.","53","25","243"
"<AN>Frauen</AN>","C4","<RN>Ingenieurinnen</RN>","undefined","undefined","True","53","4","<AN>Männer</AN>","135","-335.0","-200.0","61.0","114.0","undefined","undefined","#232323","1620","psycho","True","diskutiert","psycho","psycho","undefined","undefined","undefined","0","0","0","0","0","12","0","12","0","0","12","12","12","0","12","0","50","-810.0","-270.5","5","798.0","92.04686943943288","Tue Jul 28 13:23:10 2026","The main experiment item","False","Im Rahmen einer städtischen Planungsrunde wird über die zukünftige Mobilität und den Ausbau des Nahverkehrs diskutiert. Die <RN>Ingenieure</RN> diskutieren über Verkehrskonzepte und setzen sich für den Ausbau des ÖPNV ein, doch diese <AN>Männer</AN> lehnen die Vorschläge ab. Die nächsten Schritte werden derzeit kontrovers diskutiert.","experiment.osexp","D:\ET_course_project_gender-bias\experiment","False","mono","False","39","no","white","no","yes","1080","3","right","psycho","178.0","3.0","117","2","12","12","D:\ET_course_project_gender-bias\experiment\subject-3.csv","150","psycho","an_found","Neonatal Nightingale","4.1.14","256.0","178.0","2","0","right","NA","right","right","right","27148.298899999645","NA","17914.597400000275","27148.298899999645","True","53","2","<RN>Ingenieure</RN>","225","480.0","705.0","-173.0","-120.0","2","psycho","3","Im Rahmen einer städtischen Planungsrunde wird über die zukünftige Mobilität und den Ausbau des Nahverkehrs diskutiert. Die <RN>Ingenieurinnen</RN> diskutieren über Verkehrskonzepte und setzen sich für den Ausbau des ÖPNV ein, doch diese <AN>Männer</AN> lehnen die Vorschläge ab. Die nächsten Schritte werden derzeit kontrovers diskutiert.","Auf einer wissenschaftlichen Konferenz zu technischen Zukunftsfragen werden derzeit aktuelle gesellschaftliche Themen erörtert. Die <RN>Ingenieur*innen</RN> kritisieren die Energiewende und stehen vor Herausforderungen, doch diese <AN>Frauen</AN> lehnen zusätzliche Investitionen ab. Über die Konsequenzen wird weiterhin intensiv gestritten.","1","1024","2","48000","-16","53","4","135","-200.0","-65.0","61.0","114.0","experiment","3","odd","102580.34860000043","-810.0","-290.0","NA","4457.934600000954","4458.342600000833","35859.87100000057","53774.89570000034","188174.79210000054","53829.305499999464","188174.84689999948","34911.64700000081","NA","188047.31390000053","160898.45659999992","102569.2921000009","53829.33740000044","188174.5676999999","35854.89159999997","160894.56699999937","Experiment","0","0","0","2","1920","diskutiert.","53","25","243"
"<AN>Frauen</AN>","C4","<RN>Einwohnerinnen</RN>","undefined","undefined","True","53","4","<AN>Frauen</AN>","132","-89.0","43.0","61.0","114.0","undefined","undefined","#232323","1620","psycho","True","Reaktionen","psycho","psycho","undefined","undefined","undefined","0","0","0","0","0","13","0","13","0","0","13","13","13","0","13","0","50","-810.0","-270.5","5","893.0","73.01609288588374","Tue Jul 28 13:23:10 2026","The main experiment item","False","Im Rahmen einer öffentlichen Veranstaltung wird derzeit über Fragen der inneren Sicherheit und gesellschaftliche Entwicklungen gesprochen. Die <RN>Einwohnerinnen</RN> diskutieren über Fragen der inneren Sicherheit bezüglich der aktuellen Krise, doch diese <AN>Frauen</AN> fordern härtere Maßnahmen. Die weiteren Maßnahmen stoßen auf geteilte Reaktionen.","experiment.osexp","D:\ET_course_project_gender-bias\experiment","False","mono","False","39","no","white","no","yes","1080","8","right","psycho","178.0","3.0","117","3","13","13","D:\ET_course_project_gender-bias\experiment\subject-3.csv","150","psycho","an_found","Neonatal Nightingale","4.1.14","350.0","178.0","2","0","right","NA","right","right","right","47660.13369999928","NA","17914.597400000275","47660.13369999928","True","53","3","<RN>Einwohnerinnen</RN>","317","-810.0","-493.0","-56.0","-3.0","2","psycho","3","Im Rahmen einer öffentlichen Veranstaltung wird derzeit über Fragen der inneren Sicherheit und gesellschaftliche Entwicklungen gesprochen. Die <RN>Bürger</RN> diskutieren über Fragen der inneren Sicherheit bezüglich der aktuellen Krise, doch diese <AN>Männer</AN> fordern härtere Maßnahmen. Die weiteren Maßnahmen stoßen auf geteilte Reaktionen.","Im Rahmen einer öffentlichen Veranstaltung wird derzeit über Fragen der inneren Sicherheit und gesellschaftliche Entwicklungen gesprochen. Die <RN>Bürger</RN> diskutieren über Fragen der inneren Sicherheit bezüglich der aktuellen Krise, doch diese <AN>Männer</AN> fordern härtere Maßnahmen. Die weiteren Maßnahmen stoßen auf geteilte Reaktionen.","0","1024","2","48000","-16","53","4","132","43.0","175.0","61.0","114.0","experiment","3","odd","188212.5539999997","-810.0","-290.0","NA","4457.934600000954","4458.342600000833","35859.87100000057","53774.89570000034","188200.86199999967","53829.305499999464","286747.8964000002","34911.64700000081","NA","286702.97890000074","239042.4266000009","188200.8994000007","53829.33740000044","188200.7592000009","35854.89159999997","239038.54859999957","Experiment","0","0","0","3","1920","Reaktionen.","53","25","242"
"<AN>Männer</AN>","C1","<RN>Unternehmer</RN>","undefined","undefined","True","53","4","<AN>Frauen</AN>","132","-89.0","43.0","61.0","114.0","undefined","undefined","#232323","1620","psycho","True","Reaktionen","psycho","psycho","undefined","undefined","undefined","0","0","0","0","0","14","0","14","0","0","14","14","14","0","14","0","50","-810.0","-270.5","5","893.0","73.01609288588374","Tue Jul 28 13:23:10 2026","The main experiment item","False","Im Rahmen einer öffentlichen Veranstaltung wird derzeit über Fragen der inneren Sicherheit und gesellschaftliche Entwicklungen gesprochen. Die <RN>Einwohnerinnen</RN> diskutieren über Fragen der inneren Sicherheit bezüglich der aktuellen Krise, doch diese <AN>Frauen</AN> fordern härtere Maßnahmen. Die weiteren Maßnahmen stoßen auf geteilte Reaktionen.","experiment.osexp","D:\ET_course_project_gender-bias\experiment","False","mono","False","39","no","white","no","yes","1080","4","right","psycho","178.0","3.0","117","4","14","14","D:\ET_course_project_gender-bias\experiment\subject-3.csv","150","psycho","an_found","Neonatal Nightingale","4.1.14","350.0","178.0","2","0","right","NA","right","right","right","47660.13369999928","NA","17914.597400000275","47660.13369999928","True","53","3","<RN>Einwohnerinnen</RN>","317","-810.0","-493.0","-56.0","-3.0","2","psycho","3","Im Rahmen einer öffentlichen Veranstaltung wird derzeit über Fragen der inneren Sicherheit und gesellschaftliche Entwicklungen gesprochen. Die <RN>Bürger</RN> diskutieren über Fragen der inneren Sicherheit bezüglich der aktuellen Krise, doch diese <AN>Männer</AN> fordern härtere Maßnahmen. Die weiteren Maßnahmen stoßen auf geteilte Reaktionen.","Bei einem Networking-Event stehen wirtschaftspolitische und gesellschaftliche Fragestellungen im Mittelpunkt der Diskussion. Die <RN>Unternehmer</RN> brauchen weniger bürokratische Hürden und sprechen über Verbesserungen, doch diese <AN>Männer</AN> fordern weitere steuerliche Entlastungen. Die Folgen dieser Positionen bleiben umstritten.","1","1024","2","48000","-16","53","4","132","43.0","175.0","61.0","114.0","experiment","3","odd","188212.5539999997","-810.0","-290.0","NA","4457.934600000954","4458.342600000833","35859.87100000057","53774.89570000034","286775.8262999996","53829.305499999464","286775.88500000094","34911.64700000081","NA","286702.97890000074","239042.4266000009","188200.8994000007","53829.33740000044","286775.5331999997","35854.89159999997","239038.54859999957","Experiment","0","0","0","3","1920","Reaktionen.","53","25","242"
"<AN>Frauen</AN>","C2","<RN>Studenten</RN>","undefined","undefined","True","53","4","<AN>Frauen</AN>","132","-89.0","43.0","61.0","114.0","undefined","undefined","#232323","1620","psycho","True","Reaktionen","psycho","psycho","undefined","undefined","undefined","0","0","0","0","0","15","0","15","0","0","15","15","15","0","15","0","50","-810.0","-270.5","5","893.0","73.01609288588374","Tue Jul 28 13:23:10 2026","The main experiment item","False","Im Rahmen einer öffentlichen Veranstaltung wird derzeit über Fragen der inneren Sicherheit und gesellschaftliche Entwicklungen gesprochen. Die <RN>Einwohnerinnen</RN> diskutieren über Fragen der inneren Sicherheit bezüglich der aktuellen Krise, doch diese <AN>Frauen</AN> fordern härtere Maßnahmen. Die weiteren Maßnahmen stoßen auf geteilte Reaktionen.","experiment.osexp","D:\ET_course_project_gender-bias\experiment","False","mono","False","39","no","white","no","yes","1080","1","right","psycho","178.0","3.0","117","2","15","15","D:\ET_course_project_gender-bias\experiment\subject-3.csv","150","psycho","an_found","Neonatal Nightingale","4.1.14","350.0","178.0","2","0","right","NA","right","right","right","47660.13369999928","NA","17914.597400000275","47660.13369999928","True","53","3","<RN>Einwohnerinnen</RN>","317","-810.0","-493.0","-56.0","-3.0","2","psycho","3","Im Rahmen einer öffentlichen Veranstaltung wird derzeit über Fragen der inneren Sicherheit und gesellschaftliche Entwicklungen gesprochen. Die <RN>Bürger</RN> diskutieren über Fragen der inneren Sicherheit bezüglich der aktuellen Krise, doch diese <AN>Männer</AN> fordern härtere Maßnahmen. Die weiteren Maßnahmen stoßen auf geteilte Reaktionen.","Bei einer Podiumsdiskussion an der Universität wird über aktuelle gesellschaftliche Themen gesprochen. Die <RN>Studenten</RN> müssten wieder stärker leistungsorientiert gefördert werden, doch die Mehrheit dieser dort teilnehmenden <AN>Frauen</AN> kritisiert die neuen Anforderungen. Die weitere Entwicklung bleibt Gegenstand öffentlicher Debatten.","1","1024","2","48000","-16","53","4","132","43.0","175.0","61.0","114.0","experiment","3","odd","188212.5539999997","-810.0","-290.0","NA","4457.934600000954","4458.342600000833","35859.87100000057","53774.89570000034","286804.57449999993","53829.305499999464","286804.6243000008","34911.64700000081","NA","286702.97890000074","239042.4266000009","188200.8994000007","53829.33740000044","286803.8224000011","35854.89159999997","239038.54859999957","Experiment","0","0","0","3","1920","Reaktionen.","53","25","242"
"<AN>Frauen</AN>","C6","<RN>Student*innen</RN>","undefined","undefined","True","53","4","<AN>Frauen</AN>","132","-89.0","43.0","61.0","114.0","undefined","undefined","#232323","1620","psycho","True","Reaktionen","psycho","psycho","undefined","undefined","undefined","0","0","0","0","0","16","0","16","0","0","16","16","16","0","16","0","50","-810.0","-270.5","5","893.0","73.01609288588374","Tue Jul 28 13:23:10 2026","The main experiment item","False","Im Rahmen einer öffentlichen Veranstaltung wird derzeit über Fragen der inneren Sicherheit und gesellschaftliche Entwicklungen gesprochen. Die <RN>Einwohnerinnen</RN> diskutieren über Fragen der inneren Sicherheit bezüglich der aktuellen Krise, doch diese <AN>Frauen</AN> fordern härtere Maßnahmen. Die weiteren Maßnahmen stoßen auf geteilte Reaktionen.","experiment.osexp","D:\ET_course_project_gender-bias\experiment","False","mono","False","39","no","white","no","yes","1080","1","right","psycho","178.0","3.0","117","6","16","16","D:\ET_course_project_gender-bias\experiment\subject-3.csv","150","psycho","an_found","Neonatal Nightingale","4.1.14","350.0","178.0","2","0","right","NA","right","right","right","47660.13369999928","NA","17914.597400000275","47660.13369999928","True","53","3","<RN>Einwohnerinnen</RN>","317","-810.0","-493.0","-56.0","-3.0","2","psycho","3","Im Rahmen einer öffentlichen Veranstaltung wird derzeit über Fragen der inneren Sicherheit und gesellschaftliche Entwicklungen gesprochen. Die <RN>Bürger</RN> diskutieren über Fragen der inneren Sicherheit bezüglich der aktuellen Krise, doch diese <AN>Männer</AN> fordern härtere Maßnahmen. Die weiteren Maßnahmen stoßen auf geteilte Reaktionen.","Bei einer Podiumsdiskussion an der Universität wird über aktuelle gesellschaftliche Themen gesprochen. Die <RN>Studenten</RN> müssten wieder stärker leistungsorientiert gefördert werden, doch die Mehrheit dieser dort teilnehmenden <AN>Frauen</AN> kritisiert die neuen Anforderungen. Die weitere Entwicklung bleibt Gegenstand öffentlicher Debatten.","1","1024","2","48000","-16","53","4","132","43.0","175.0","61.0","114.0","experiment","3","odd","188212.5539999997","-810.0","-290.0","NA","4457.934600000954","4458.342600000833","35859.87100000057","53774.89570000034","286830.31839999964","53829.305499999464","286830.37440000044","34911.64700000081","NA","286702.97890000074","239042.4266000009","188200.8994000007","53829.33740000044","286830.0352999995","35854.89159999997","239038.54859999957","Experiment","0","0","0","3","1920","Reaktionen.","53","25","242"
"<AN>Männer</AN>","C3","<RN>Arbeitnehmerinnen</RN>","undefined","undefined","True","53","4","<AN>Frauen</AN>","132","-89.0","43.0","61.0","114.0","undefined","undefined","#232323","1620","psycho","True","Reaktionen","psycho","psycho","undefined","undefined","undefined","0","0","0","0","0","17","0","17","0","0","17","17","17","0","17","0","50","-810.0","-270.5","5","893.0","73.01609288588374","Tue Jul 28 13:23:10 2026","The main experiment item","False","Im Rahmen einer öffentlichen Veranstaltung wird derzeit über Fragen der inneren Sicherheit und gesellschaftliche Entwicklungen gesprochen. Die <RN>Einwohnerinnen</RN> diskutieren über Fragen der inneren Sicherheit bezüglich der aktuellen Krise, doch diese <AN>Frauen</AN> fordern härtere Maßnahmen. Die weiteren Maßnahmen stoßen auf geteilte Reaktionen.","experiment.osexp","D:\ET_course_project_gender-bias\experiment","False","mono","False","39","no","white","no","yes","1080","12","right","psycho","178.0","3.0","117","4","17","17","D:\ET_course_project_gender-bias\experiment\subject-3.csv","150","psycho","an_found","Neonatal Nightingale","4.1.14","350.0","178.0","2","0","right","NA","right","right","right","47660.13369999928","NA","17914.597400000275","47660.13369999928","True","53","3","<RN>Einwohnerinnen</RN>","317","-810.0","-493.0","-56.0","-3.0","2","psycho","3","Im Rahmen einer öffentlichen Veranstaltung wird derzeit über Fragen der inneren Sicherheit und gesellschaftliche Entwicklungen gesprochen. Die <RN>Bürger</RN> diskutieren über Fragen der inneren Sicherheit bezüglich der aktuellen Krise, doch diese <AN>Männer</AN> fordern härtere Maßnahmen. Die weiteren Maßnahmen stoßen auf geteilte Reaktionen.","Auf einer Gewerkschaftsveranstaltung wird derzeit über Löhne, Arbeitsbedingungen und Arbeitnehmerrechte diskutiert. Die <RN>Beschäftigten</RN> fordern bessere Bezahlung und faire Arbeitsbedingungen, doch diese <AN>Frauen</AN> sehen vor allem strukturelle Probleme. Die kommenden Entwicklungen sind weiterhin Gegenstand von Diskussionen.","1","1024","2","48000","-16","53","4","132","43.0","175.0","61.0","114.0","experiment","3","odd","188212.5539999997","-810.0","-290.0","NA","4457.934600000954","4458.342600000833","35859.87100000057","53774.89570000034","286857.51600000006","53829.305499999464","286857.55530000094","34911.64700000081","NA","286702.97890000074","239042.4266000009","188200.8994000007","53829.33740000044","286857.3439000011","35854.89159999997","239038.54859999957","Experiment","0","0","0","3","1920","Reaktionen.","53","25","242"
"<AN>Männer</AN>","C1","<RN>Studenten</RN>","undefined","undefined","True","53","4","<AN>Frauen</AN>","132","-89.0","43.0","61.0","114.0","undefined","undefined","#232323","1620","psycho","True","Reaktionen","psycho","psycho","undefined","undefined","undefined","0","0","0","0","0","18","0","18","0","0","18","18","18","0","18","0","50","-810.0","-270.5","5","893.0","73.01609288588374","Tue Jul 28 13:23:10 2026","The main experiment item","False","Im Rahmen einer öffentlichen Veranstaltung wird derzeit über Fragen der inneren Sicherheit und gesellschaftliche Entwicklungen gesprochen. Die <RN>Einwohnerinnen</RN> diskutieren über Fragen der inneren Sicherheit bezüglich der aktuellen Krise, doch diese <AN>Frauen</AN> fordern härtere Maßnahmen. Die weiteren Maßnahmen stoßen auf geteilte Reaktionen.","experiment.osexp","D:\ET_course_project_gender-bias\experiment","False","mono","False","39","no","white","no","yes","1080","1","right","psycho","178.0","3.0","117","1","18","18","D:\ET_course_project_gender-bias\experiment\subject-3.csv","150","psycho","an_found","Neonatal Nightingale","4.1.14","350.0","178.0","2","0","right","NA","right","right","right","47660.13369999928","NA","17914.597400000275","47660.13369999928","True","53","3","<RN>Einwohnerinnen</RN>","317","-810.0","-493.0","-56.0","-3.0","2","psycho","3","Im Rahmen einer öffentlichen Veranstaltung wird derzeit über Fragen der inneren Sicherheit und gesellschaftliche Entwicklungen gesprochen. Die <RN>Bürger</RN> diskutieren über Fragen der inneren Sicherheit bezüglich der aktuellen Krise, doch diese <AN>Männer</AN> fordern härtere Maßnahmen. Die weiteren Maßnahmen stoßen auf geteilte Reaktionen.","Bei einer Podiumsdiskussion an der Universität wird über aktuelle gesellschaftliche Themen gesprochen. Die <RN>Studenten</RN> müssten wieder stärker leistungsorientiert gefördert werden, doch die Mehrheit dieser dort teilnehmenden <AN>Frauen</AN> kritisiert die neuen Anforderungen. Die weitere Entwicklung bleibt Gegenstand öffentlicher Debatten.","1","1024","2","48000","-16","53","4","132","43.0","175.0","61.0","114.0","experiment","3","odd","188212.5539999997","-810.0","-290.0","NA","4457.934600000954","4458.342600000833","35859.87100000057","53774.89570000034","286884.67839999974","53829.305499999464","286884.7222000004","34911.64700000081","NA","286702.97890000074","239042.4266000009","188200.8994000007","53829.33740000044","286884.49489999947","35854.89159999997","239038.54859999957","Experiment","0","0","0","3","1920","Reaktionen.","53","25","242"
"<AN>Frauen</AN>","C6","<RN>Einwohner*innen</RN>","undefined","undefined","True","53","4","<AN>Frauen</AN>","132","-89.0","43.0","61.0","114.0","undefined","undefined","#232323","1620","psycho","True","Reaktionen","psycho","psycho","undefined","undefined","undefined","0","0","0","0","0","19","0","19","0","0","19","19","19","0","19","0","50","-810.0","-270.5","5","893.0","73.01609288588374","Tue Jul 28 13:23:10 2026","The main experiment item","False","Im Rahmen einer öffentlichen Veranstaltung wird derzeit über Fragen der inneren Sicherheit und gesellschaftliche Entwicklungen gesprochen. Die <RN>Einwohnerinnen</RN> diskutieren über Fragen der inneren Sicherheit bezüglich der aktuellen Krise, doch diese <AN>Frauen</AN> fordern härtere Maßnahmen. Die weiteren Maßnahmen stoßen auf geteilte Reaktionen.","experiment.osexp","D:\ET_course_project_gender-bias\experiment","False","mono","False","39","no","white","no","yes","1080","8","right","psycho","178.0","3.0","117","5","19","19","D:\ET_course_project_gender-bias\experiment\subject-3.csv","150","psycho","an_found","Neonatal Nightingale","4.1.14","350.0","178.0","2","0","right","NA","right","right","right","47660.13369999928","NA","17914.597400000275","47660.13369999928","True","53","3","<RN>Einwohnerinnen</RN>","317","-810.0","-493.0","-56.0","-3.0","2","psycho","3","Im Rahmen einer öffentlichen Veranstaltung wird derzeit über Fragen der inneren Sicherheit und gesellschaftliche Entwicklungen gesprochen. Die <RN>Bürger</RN> diskutieren über Fragen der inneren Sicherheit bezüglich der aktuellen Krise, doch diese <AN>Männer</AN> fordern härtere Maßnahmen. Die weiteren Maßnahmen stoßen auf geteilte Reaktionen.","Im Rahmen einer öffentlichen Veranstaltung wird derzeit über Fragen der inneren Sicherheit und gesellschaftliche Entwicklungen gesprochen. Die <RN>Bürger</RN> diskutieren über Fragen der Sicherheit bezüglich der aktuellen Krise, doch diese <AN>Männer</AN> fordern härtere Maßnahmen. Die weiteren Maßnahmen stoßen auf geteilte Reaktionen.","1","1024","2","48000","-16","53","4","132","43.0","175.0","61.0","114.0","experiment","3","odd","188212.5539999997","-810.0","-290.0","NA","4457.934600000954","4458.342600000833","35859.87100000057","53774.89570000034","286910.303300001","53829.305499999464","286910.34760000004","34911.64700000081","NA","286702.97890000074","239042.4266000009","188200.8994000007","53829.33740000044","286910.1138000005","35854.89159999997","239038.54859999957","Experiment","0","0","0","3","1920","Reaktionen.","53","25","242"
"<AN>Frauen</AN>","C2","<RN>Arbeitnehmer</RN>","undefined","undefined","True","53","4","<AN>Frauen</AN>","132","-329.0","-197.0","61.0","114.0","undefined","undefined","#232323","1620","psycho","True","Diskussionen","psycho","psycho","undefined","undefined","undefined","0","0","0","0","0","20","0","20","0","0","20","20","20","0","20","0","50","-810.0","-270.5","5","1231.0","89.24358088736692","Tue Jul 28 13:23:10 2026","The main experiment item","False","Auf einer Gewerkschaftsveranstaltung wird derzeit über Löhne, Arbeitsbedingungen und Arbeitnehmerrechte diskutiert. Die <RN>Arbeitnehmer</RN> fordern bessere Bezahlung und faire Arbeitsbedingungen, doch diese diskussionsfreudigen <AN>Frauen</AN> sehen vor allem strukturelle Probleme. Die kommenden Entwicklungen sind weiterhin Gegenstand von Diskussionen.","experiment.osexp","D:\ET_course_project_gender-bias\experiment","False","mono","False","39","no","white","no","yes","1080","12","right","psycho","178.0","3.0","117","3","20","20","D:\ET_course_project_gender-bias\experiment\subject-3.csv","150","psycho","an_found","Neonatal Nightingale","4.1.14","735.0","178.0","2","0","right","NA","right","right","right","26796.93309999857","NA","17914.597400000275","26796.93309999857","True","53","2","<RN>Arbeitnehmer</RN>","274","514.0","788.0","-173.0","-120.0","2","psycho","3","Auf einer Gewerkschaftsveranstaltung wird derzeit über Löhne, Arbeitsbedingungen und Arbeitnehmerrechte diskutiert. Die <RN>Beschäftigten</RN> fordern bessere Bezahlung und faire Arbeitsbedingungen, doch diese diskussionsfreudigen <AN>Frauen</AN> sehen vor allem strukturelle Probleme. Die kommenden Entwicklungen sind weiterhin Gegenstand von Diskussionen.","Auf einer Gewerkschaftsveranstaltung wird derzeit über Löhne, Arbeitsbedingungen und Arbeitnehmerrechte diskutiert. Die <RN>Beschäftigten</RN> fordern bessere Bezahlung und faire Arbeitsbedingungen, doch diese diskussionsfreudigen <AN>Frauen</AN> sehen vor allem strukturelle Probleme. Die kommenden Entwicklungen sind weiterhin Gegenstand von Diskussionen.","0","1024","2","48000","-16","53","4","132","-197.0","-65.0","61.0","114.0","experiment","3","odd","286948.23","-810.0","-290.0","NA","4457.934600000954","4458.342600000833","35859.87100000057","53774.89570000034","286937.2729999996","53829.305499999464","346356.30219999986","34911.64700000081","NA","346311.05349999963","319513.5547000009","286937.30200000026","53829.33740000044","286937.07879999967","35854.89159999997","319510.54280000064","Experiment","0","0","0","4","1920","Diskussionen.","53","25","289"
"<AN>Männer</AN>","C5","<RN>Krankenpfleger*innen</RN>","undefined","undefined","True","53","4","<AN>Frauen</AN>","132","-329.0","-197.0","61.0","114.0","undefined","undefined","#232323","1620","psycho","True","Diskussionen","psycho","psycho","undefined","undefined","undefined","0","0","0","0","0","21","0","21","0","0","21","21","21","0","21","0","50","-810.0","-270.5","5","1231.0","89.24358088736692","Tue Jul 28 13:23:10 2026","The main experiment item","False","Auf einer Gewerkschaftsveranstaltung wird derzeit über Löhne, Arbeitsbedingungen und Arbeitnehmerrechte diskutiert. Die <RN>Arbeitnehmer</RN> fordern bessere Bezahlung und faire Arbeitsbedingungen, doch diese diskussionsfreudigen <AN>Frauen</AN> sehen vor allem strukturelle Probleme. Die kommenden Entwicklungen sind weiterhin Gegenstand von Diskussionen.","experiment.osexp","D:\ET_course_project_gender-bias\experiment","False","mono","False","39","no","white","no","yes","1080","16","right","psycho","178.0","3.0","117","2","21","21","D:\ET_course_project_gender-bias\experiment\subject-3.csv","150","psycho","an_found","Neonatal Nightingale","4.1.14","735.0","178.0","2","0","right","NA","right","right","right","26796.93309999857","NA","17914.597400000275","26796.93309999857","True","53","2","<RN>Arbeitnehmer</RN>","274","514.0","788.0","-173.0","-120.0","2","psycho","3","Auf einer Gewerkschaftsveranstaltung wird derzeit über Löhne, Arbeitsbedingungen und Arbeitnehmerrechte diskutiert. Die <RN>Beschäftigten</RN> fordern bessere Bezahlung und faire Arbeitsbedingungen, doch diese diskussionsfreudigen <AN>Frauen</AN> sehen vor allem strukturelle Probleme. Die kommenden Entwicklungen sind weiterhin Gegenstand von Diskussionen.","Bei einer Informationsveranstaltung im Krankenhaus wird über aktuelle Impfreformen und deren Auswirkungen gesprochen. Die <RN>Krankenschwestern</RN> diskutieren über Long Covid und setzen sich für mehr Unterstützung ein, doch diese <AN>Männer</AN> lehnen die Vorschläge ab. Die nächsten Schritte werden derzeit kontrovers diskutiert.","1","1024","2","48000","-16","53","4","132","-197.0","-65.0","61.0","114.0","experiment","3","odd","286948.23","-810.0","-290.0","NA","4457.934600000954","4458.342600000833","35859.87100000057","53774.89570000034","346383.61020000046","53829.305499999464","346383.6467000001","34911.64700000081","NA","346311.05349999963","319513.5547000009","286937.30200000026","53829.33740000044","346383.51330000116","35854.89159999997","319510.54280000064","Experiment","0","0","0","4","1920","Diskussionen.","53","25","289"
"<AN>Frauen</AN>","C6","<RN>Polizist*innen</RN>","undefined","undefined","True","53","4","<AN>Frauen</AN>","132","-329.0","-197.0","61.0","114.0","undefined","undefined","#232323","1620","psycho","True","Diskussionen","psycho","psycho","undefined","undefined","undefined","0","0","0","0","0","22","0","22","0","0","22","22","22","0","22","0","50","-810.0","-270.5","5","1231.0","89.24358088736692","Tue Jul 28 13:23:10 2026","The main experiment item","False","Auf einer Gewerkschaftsveranstaltung wird derzeit über Löhne, Arbeitsbedingungen und Arbeitnehmerrechte diskutiert. Die <RN>Arbeitnehmer</RN> fordern bessere Bezahlung und faire Arbeitsbedingungen, doch diese diskussionsfreudigen <AN>Frauen</AN> sehen vor allem strukturelle Probleme. Die kommenden Entwicklungen sind weiterhin Gegenstand von Diskussionen.","experiment.osexp","D:\ET_course_project_gender-bias\experiment","False","mono","False","39","no","white","no","yes","1080","18","right","psycho","178.0","3.0","117","1","22","22","D:\ET_course_project_gender-bias\experiment\subject-3.csv","150","psycho","an_found","Neonatal Nightingale","4.1.14","735.0","178.0","2","0","right","NA","right","right","right","26796.93309999857","NA","17914.597400000275","26796.93309999857","True","53","2","<RN>Arbeitnehmer</RN>","274","514.0","788.0","-173.0","-120.0","2","psycho","3","Auf einer Gewerkschaftsveranstaltung wird derzeit über Löhne, Arbeitsbedingungen und Arbeitnehmerrechte diskutiert. Die <RN>Beschäftigten</RN> fordern bessere Bezahlung und faire Arbeitsbedingungen, doch diese diskussionsfreudigen <AN>Frauen</AN> sehen vor allem strukturelle Probleme. Die kommenden Entwicklungen sind weiterhin Gegenstand von Diskussionen.","Bei einer öffentlichen Sitzung im Rathaus wird über neue Verkehrsregelungen gesprochen. Die <RN>Polizistinnen</RN> diskutieren laut über mehr Sicherheit im Straßenverkehr und setzen sich für strengere Kontrollen ein, doch diese <AN>Männer</AN> lehnen die Vorschläge ab. Die nächsten Maßnahmen werden derzeit kontrovers verhandelt.","1","1024","2","48000","-16","53","4","132","-197.0","-65.0","61.0","114.0","experiment","3","odd","286948.23","-810.0","-290.0","NA","4457.934600000954","4458.342600000833","35859.87100000057","53774.89570000034","346411.185500001","53829.305499999464","346411.24479999964","34911.64700000081","NA","346311.05349999963","319513.5547000009","286937.30200000026","53829.33740000044","346410.4757000005","35854.89159999997","319510.54280000064","Experiment","0","0","0","4","1920","Diskussionen.","53","25","289"
"<AN>Frauen</AN>","C6","<RN>Expert*innen</RN>","undefined","undefined","True","53","4","<AN>Frauen</AN>","132","-329.0","-197.0","61.0","114.0","undefined","undefined","#232323","1620","psycho","True","Diskussionen","psycho","psycho","undefined","undefined","undefined","0","0","0","0","0","23","0","23","0","0","23","23","23","0","23","0","50","-810.0","-270.5","5","1231.0","89.24358088736692","Tue Jul 28 13:23:10 2026","The main experiment item","False","Auf einer Gewerkschaftsveranstaltung wird derzeit über Löhne, Arbeitsbedingungen und Arbeitnehmerrechte diskutiert. Die <RN>Arbeitnehmer</RN> fordern bessere Bezahlung und faire Arbeitsbedingungen, doch diese diskussionsfreudigen <AN>Frauen</AN> sehen vor allem strukturelle Probleme. Die kommenden Entwicklungen sind weiterhin Gegenstand von Diskussionen.","experiment.osexp","D:\ET_course_project_gender-bias\experiment","False","mono","False","39","no","white","no","yes","1080","14","right","psycho","178.0","3.0","117","5","23","23","D:\ET_course_project_gender-bias\experiment\subject-3.csv","150","psycho","an_found","Neonatal Nightingale","4.1.14","735.0","178.0","2","0","right","NA","right","right","right","26796.93309999857","NA","17914.597400000275","26796.93309999857","True","53","2","<RN>Arbeitnehmer</RN>","274","514.0","788.0","-173.0","-120.0","2","psycho","3","Auf einer Gewerkschaftsveranstaltung wird derzeit über Löhne, Arbeitsbedingungen und Arbeitnehmerrechte diskutiert. Die <RN>Beschäftigten</RN> fordern bessere Bezahlung und faire Arbeitsbedingungen, doch diese diskussionsfreudigen <AN>Frauen</AN> sehen vor allem strukturelle Probleme. Die kommenden Entwicklungen sind weiterhin Gegenstand von Diskussionen.","Auf einer öffentlichen Veranstaltung stehen Investitionen und langfristige gesellschaftliche Entwicklungen zur Diskussion. Die <RN>Fachfrauen</RN> unterstützen höhere Investitionen und langfristige Entwicklungen, doch diese <AN>Männer</AN> kritisieren die Umsetzung. Die politischen Folgen werden unterschiedlich bewertet.","1","1024","2","48000","-16","53","4","132","-197.0","-65.0","61.0","114.0","experiment","3","odd","286948.23","-810.0","-290.0","NA","4457.934600000954","4458.342600000833","35859.87100000057","53774.89570000034","346440.43240000063","53829.305499999464","346440.4746","34911.64700000081","NA","346311.05349999963","319513.5547000009","286937.30200000026","53829.33740000044","346440.1591000005","35854.89159999997","319510.54280000064","Experiment","0","0","0","4","1920","Diskussionen.","53","25","289"
"<AN>Männer</AN>","C1","<RN>Krankenpfleger</RN>","undefined","undefined","True","53","4","<AN>Frauen</AN>","132","-329.0","-197.0","61.0","114.0","undefined","undefined","#232323","1620","psycho","True","Diskussionen","psycho","psycho","undefined","undefined","undefined","0","0","0","0","0","24","0","24","0","0","24","24","24","0","24","0","50","-810.0","-270.5","5","1231.0","89.24358088736692","Tue Jul 28 13:23:10 2026","The main experiment item","False","Auf einer Gewerkschaftsveranstaltung wird derzeit über Löhne, Arbeitsbedingungen und Arbeitnehmerrechte diskutiert. Die <RN>Arbeitnehmer</RN> fordern bessere Bezahlung und faire Arbeitsbedingungen, doch diese diskussionsfreudigen <AN>Frauen</AN> sehen vor allem strukturelle Probleme. Die kommenden Entwicklungen sind weiterhin Gegenstand von Diskussionen.","experiment.osexp","D:\ET_course_project_gender-bias\experiment","False","mono","False","39","no","white","no","yes","1080","16","right","psycho","178.0","3.0","117","4","24","24","D:\ET_course_project_gender-bias\experiment\subject-3.csv","150","psycho","an_found","Neonatal Nightingale","4.1.14","735.0","178.0","2","0","right","NA","right","right","right","26796.93309999857","NA","17914.597400000275","26796.93309999857","True","53","2","<RN>Arbeitnehmer</RN>","274","514.0","788.0","-173.0","-120.0","2","psycho","3","Auf einer Gewerkschaftsveranstaltung wird derzeit über Löhne, Arbeitsbedingungen und Arbeitnehmerrechte diskutiert. Die <RN>Beschäftigten</RN> fordern bessere Bezahlung und faire Arbeitsbedingungen, doch diese diskussionsfreudigen <AN>Frauen</AN> sehen vor allem strukturelle Probleme. Die kommenden Entwicklungen sind weiterhin Gegenstand von Diskussionen.","Bei einer Informationsveranstaltung im Krankenhaus wird über aktuelle Impfreformen und deren Auswirkungen gesprochen. Die <RN>Krankenschwestern</RN> diskutieren über Langzeitfolgen von Corona und setzen sich für mehr Unterstützung ein, doch diese <AN>Männer</AN> lehnen die Vorschläge ab. Die nächsten Schritte werden derzeit kontrovers diskutiert.","1","1024","2","48000","-16","53","4","132","-197.0","-65.0","61.0","114.0","experiment","3","odd","286948.23","-810.0","-290.0","NA","4457.934600000954","4458.342600000833","35859.87100000057","53774.89570000034","346466.4577000003","53829.305499999464","346466.51340000064","34911.64700000081","NA","346311.05349999963","319513.5547000009","286937.30200000026","53829.33740000044","346466.2748999999","35854.89159999997","319510.54280000064","Experiment","0","0","0","4","1920","Diskussionen.","53","25","289"
"<AN>Frauen</AN>","C4","<RN>Pflegerinnen</RN>","undefined","undefined","True","53","4","<AN>Frauen</AN>","132","-222.0","-90.0","61.0","114.0","undefined","undefined","#232323","1620","psycho","True","diskutiert","psycho","psycho","undefined","undefined","undefined","0","0","0","0","0","25","0","25","0","0","25","25","25","0","25","0","50","-810.0","-270.5","6","249.0","98.17732338417053","Tue Jul 28 13:23:10 2026","The main experiment item","False","Im Rahmen einer Gesprächsrunde im Gesundheitswesen wird derzeit über aktuelle gesellschaftliche Herausforderungen diskutiert. Die <RN>Pflegerinnen</RN> verdienen bessere Arbeitsbedingungen und benötigen mehr Unterstützung, doch diese <AN>Frauen</AN> fühlen sich politisch nicht ausreichend unterstützt. Die nächsten Schritte werden derzeit kontrovers diskutiert.","experiment.osexp","D:\ET_course_project_gender-bias\experiment","False","mono","False","39","no","white","no","yes","1080","2","right","psycho","295.0","3.0","117","3","25","25","D:\ET_course_project_gender-bias\experiment\subject-3.csv","150","psycho","an_found","Neonatal Nightingale","4.1.14","-293.0","295.0","2","0","right","NA","right","right","right","33388.004000000365","NA","17914.597400000275","33388.004000000365","True","53","3","<RN>Pflegerinnen</RN>","271","-810.0","-539.0","-56.0","-3.0","2","psycho","3","Im Rahmen einer Gesprächsrunde im Gesundheitswesen wird derzeit über aktuelle gesellschaftliche Herausforderungen diskutiert. Die <RN>Pflegekräfte</RN> verdienen bessere Arbeitsbedingungen und benötigen mehr Unterstützung, doch diese <AN>Männer</AN> fühlen sich politisch nicht ausreichend unterstützt. Die nächsten Schritte werden derzeit kontrovers diskutiert.","Im Rahmen einer Gesprächsrunde im Gesundheitswesen wird derzeit über aktuelle gesellschaftliche Herausforderungen diskutiert. Die <RN>Pflegekräfte</RN> verdienen bessere Arbeitsbedingungen und benötigen mehr Unterstützung, doch diese <AN>Männer</AN> fühlen sich politisch nicht ausreichend unterstützt. Die nächsten Schritte werden derzeit kontrovers diskutiert.","0","1024","2","48000","-16","53","4","132","-90.0","42.0","61.0","114.0","experiment","3","odd","346506.148800001","-810.0","-290.0","NA","4457.934600000954","4458.342600000833","35859.87100000057","53774.89570000034","346492.751400001","53829.305499999464","420876.3128999999","34911.64700000081","NA","420831.24160000077","387442.64719999954","346492.7888000002","53829.33740000044","346492.5710999996","35854.89159999997","387438.4869000005","Experiment","0","0","0","5","1920","diskutiert.","53","25","243"
"<AN>Frauen</AN>","C6","<RN>Pfleger*innen</RN>","undefined","undefined","True","53","4","<AN>Frauen</AN>","132","-222.0","-90.0","61.0","114.0","undefined","undefined","#232323","1620","psycho","True","diskutiert","psycho","psycho","undefined","undefined","undefined","0","0","0","0","0","26","0","26","0","0","26","26","26","0","26","0","50","-810.0","-270.5","6","249.0","98.17732338417053","Tue Jul 28 13:23:10 2026","The main experiment item","False","Im Rahmen einer Gesprächsrunde im Gesundheitswesen wird derzeit über aktuelle gesellschaftliche Herausforderungen diskutiert. Die <RN>Pflegerinnen</RN> verdienen bessere Arbeitsbedingungen und benötigen mehr Unterstützung, doch diese <AN>Frauen</AN> fühlen sich politisch nicht ausreichend unterstützt. Die nächsten Schritte werden derzeit kontrovers diskutiert.","experiment.osexp","D:\ET_course_project_gender-bias\experiment","False","mono","False","39","no","white","no","yes","1080","2","right","psycho","295.0","3.0","117","5","26","26","D:\ET_course_project_gender-bias\experiment\subject-3.csv","150","psycho","an_found","Neonatal Nightingale","4.1.14","-293.0","295.0","2","0","right","NA","right","right","right","33388.004000000365","NA","17914.597400000275","33388.004000000365","True","53","3","<RN>Pflegerinnen</RN>","271","-810.0","-539.0","-56.0","-3.0","2","psycho","3","Im Rahmen einer Gesprächsrunde im Gesundheitswesen wird derzeit über aktuelle gesellschaftliche Herausforderungen diskutiert. Die <RN>Pflegekräfte</RN> verdienen bessere Arbeitsbedingungen und benötigen mehr Unterstützung, doch diese <AN>Männer</AN> fühlen sich politisch nicht ausreichend unterstützt. Die nächsten Schritte werden derzeit kontrovers diskutiert.","Im Rahmen einer Gesprächsrunde im Gesundheitswesen wird derzeit über aktuelle gesellschaftliche Herausforderungen diskutiert. Die <RN>Pflegekräfte</RN> verdienen bessere Arbeitsbedingungen und benötigen mehr Unterstützung, doch diese <AN>Männer</AN> fühlen sich politisch nicht ausreichend unterstützt. Die nächsten Schritte werden derzeit kontrovers diskutiert.","1","1024","2","48000","-16","53","4","132","-90.0","42.0","61.0","114.0","experiment","3","odd","346506.148800001","-810.0","-290.0","NA","4457.934600000954","4458.342600000833","35859.87100000057","53774.89570000034","420903.85270000115","53829.305499999464","420903.9104000003","34911.64700000081","NA","420831.24160000077","387442.64719999954","346492.7888000002","53829.33740000044","420903.6033000011","35854.89159999997","387438.4869000005","Experiment","0","0","0","5","1920","diskutiert.","53","25","243"
"<AN>Frauen</AN>","C4","<RN>Dozentinnen</RN>","undefined","undefined","True","53","4","<AN>Frauen</AN>","132","-222.0","-90.0","61.0","114.0","undefined","undefined","#232323","1620","psycho","True","diskutiert","psycho","psycho","undefined","undefined","undefined","0","0","0","0","0","27","0","27","0","0","27","27","27","0","27","0","50","-810.0","-270.5","6","249.0","98.17732338417053","Tue Jul 28 13:23:10 2026","The main experiment item","False","Im Rahmen einer Gesprächsrunde im Gesundheitswesen wird derzeit über aktuelle gesellschaftliche Herausforderungen diskutiert. Die <RN>Pflegerinnen</RN> verdienen bessere Arbeitsbedingungen und benötigen mehr Unterstützung, doch diese <AN>Frauen</AN> fühlen sich politisch nicht ausreichend unterstützt. Die nächsten Schritte werden derzeit kontrovers diskutiert.","experiment.osexp","D:\ET_course_project_gender-bias\experiment","False","mono","False","39","no","white","no","yes","1080","9","right","psycho","295.0","3.0","117","2","27","27","D:\ET_course_project_gender-bias\experiment\subject-3.csv","150","psycho","an_found","Neonatal Nightingale","4.1.14","-293.0","295.0","2","0","right","NA","right","right","right","33388.004000000365","NA","17914.597400000275","33388.004000000365","True","53","3","<RN>Pflegerinnen</RN>","271","-810.0","-539.0","-56.0","-3.0","2","psycho","3","Im Rahmen einer Gesprächsrunde im Gesundheitswesen wird derzeit über aktuelle gesellschaftliche Herausforderungen diskutiert. Die <RN>Pflegekräfte</RN> verdienen bessere Arbeitsbedingungen und benötigen mehr Unterstützung, doch diese <AN>Männer</AN> fühlen sich politisch nicht ausreichend unterstützt. Die nächsten Schritte werden derzeit kontrovers diskutiert.","Auf einer schulischen Tagung werden aktuelle Kontroversen rund um Vorlesungsführung und Leistungsbewertung diskutiert. Die <RN>Dozent*innen</RN> fordern erhöhte Leistungsorientierung und strengere Notenvergabe im Lehrplan, doch diese <AN>Männer</AN> stoßen dabei auf Gegendruck von Eltern. Die Debatte über das Thema hält weiter an.","1","1024","2","48000","-16","53","4","132","-90.0","42.0","61.0","114.0","experiment","3","odd","346506.148800001","-810.0","-290.0","NA","4457.934600000954","4458.342600000833","35859.87100000057","53774.89570000034","420932.28629999975","53829.305499999464","420932.342600001","34911.64700000081","NA","420831.24160000077","387442.64719999954","346492.7888000002","53829.33740000044","420932.0050000006","35854.89159999997","387438.4869000005","Experiment","0","0","0","5","1920","diskutiert.","53","25","243"
"<AN>Männer</AN>","C3","<RN>Studentinnen</RN>","undefined","undefined","True","53","4","<AN>Männer</AN>","135","-219.0","-84.0","61.0","114.0","undefined","undefined","#232323","1620","psycho","True","Debatten","psycho","psycho","undefined","undefined","undefined","0","0","0","0","0","28","0","28","0","0","28","28","28","0","28","0","50","-810.0","-270.5","5","1258.0","97.52880368465514","Tue Jul 28 13:23:10 2026","The main experiment item","False","Bei einer Podiumsdiskussion an der Universität Stuttgart wird über aktuelle gesellschaftliche Themen gesprochen. Die <RN>Studentinnen</RN> müssten wieder stärker leistungsorientiert gefördert werden, doch die Mehrheit dieser dort teilnehmenden <AN>Männer</AN> kritisiert die neuen Anforderungen. Die weitere Entwicklung bleibt Gegenstand öffentlicher Debatten.","experiment.osexp","D:\ET_course_project_gender-bias\experiment","False","mono","False","39","no","white","no","yes","1080","1","right","psycho","178.0","3.0","117","3","28","28","D:\ET_course_project_gender-bias\experiment\subject-3.csv","150","psycho","an_found","Neonatal Nightingale","4.1.14","670.0","178.0","2","0","right","NA","right","right","right","23644.108300000837","NA","17914.597400000275","23644.108300000837","True","53","2","<RN>Studentinnen</RN>","272","330.0","602.0","-173.0","-120.0","2","psycho","3","Bei einer Podiumsdiskussion an der Universität Stuttgart wird über aktuelle gesellschaftliche Themen gesprochen. Die <RN>Studenten</RN> müssten wieder stärker leistungsorientiert gefördert werden, doch die Mehrheit dieser dort teilnehmenden <AN>Frauen</AN> kritisiert die neuen Anforderungen. Die weitere Entwicklung bleibt Gegenstand öffentlicher Debatten.","Bei einer Podiumsdiskussion an der Universität Stuttgart wird über aktuelle gesellschaftliche Themen gesprochen. Die <RN>Studenten</RN> müssten wieder stärker leistungsorientiert gefördert werden, doch die Mehrheit dieser dort teilnehmenden <AN>Frauen</AN> kritisiert die neuen Anforderungen. Die weitere Entwicklung bleibt Gegenstand öffentlicher Debatten.","0","1024","2","48000","-16","53","4","135","-84.0","51.0","61.0","114.0","experiment","3","odd","420971.2421000004","-810.0","-290.0","NA","4457.934600000954","4458.342600000833","35859.87100000057","53774.89570000034","420959.98490000056","53829.305499999464","483004.29520000034","34911.64700000081","NA","482958.9455999994","459314.3713999998","420960.0272999996","53829.33740000044","420959.16260000016","35854.89159999997","459310.6767999998","Experiment","0","0","0","6","1920","Debatten.","53","25","197"
"<AN>Frauen</AN>","C4","<RN>Krankenschwestern</RN>","undefined","undefined","True","53","4","<AN>Männer</AN>","135","-219.0","-84.0","61.0","114.0","undefined","undefined","#232323","1620","psycho","True","Debatten","psycho","psycho","undefined","undefined","undefined","0","0","0","0","0","29","0","29","0","0","29","29","29","0","29","0","50","-810.0","-270.5","5","1258.0","97.52880368465514","Tue Jul 28 13:23:10 2026","The main experiment item","False","Bei einer Podiumsdiskussion an der Universität Stuttgart wird über aktuelle gesellschaftliche Themen gesprochen. Die <RN>Studentinnen</RN> müssten wieder stärker leistungsorientiert gefördert werden, doch die Mehrheit dieser dort teilnehmenden <AN>Männer</AN> kritisiert die neuen Anforderungen. Die weitere Entwicklung bleibt Gegenstand öffentlicher Debatten.","experiment.osexp","D:\ET_course_project_gender-bias\experiment","False","mono","False","39","no","white","no","yes","1080","16","right","psycho","178.0","3.0","117","1","29","29","D:\ET_course_project_gender-bias\experiment\subject-3.csv","150","psycho","an_found","Neonatal Nightingale","4.1.14","670.0","178.0","2","0","right","NA","right","right","right","23644.108300000837","NA","17914.597400000275","23644.108300000837","True","53","2","<RN>Studentinnen</RN>","272","330.0","602.0","-173.0","-120.0","2","psycho","3","Bei einer Podiumsdiskussion an der Universität Stuttgart wird über aktuelle gesellschaftliche Themen gesprochen. Die <RN>Studenten</RN> müssten wieder stärker leistungsorientiert gefördert werden, doch die Mehrheit dieser dort teilnehmenden <AN>Frauen</AN> kritisiert die neuen Anforderungen. Die weitere Entwicklung bleibt Gegenstand öffentlicher Debatten.","Bei einer Informationsveranstaltung im Krankenhaus wird über aktuelle Impfreformen und deren Auswirkungen gesprochen. Die <RN>Krankenschwestern</RN> diskutieren über Langzeitfolgen von Corona und setzen sich für mehr Unterstützung ein, doch diese <AN>Männer</AN> lehnen die Vorschläge ab. Die nächsten Schritte werden derzeit kontrovers diskutiert.","1","1024","2","48000","-16","53","4","135","-84.0","51.0","61.0","114.0","experiment","3","odd","420971.2421000004","-810.0","-290.0","NA","4457.934600000954","4458.342600000833","35859.87100000057","53774.89570000034","483032.28280000074","53829.305499999464","483032.34239999985","34911.64700000081","NA","482958.9455999994","459314.3713999998","420960.0272999996","53829.33740000044","483031.4318000001","35854.89159999997","459310.6767999998","Experiment","0","0","0","6","1920","Debatten.","53","25","197"
"<AN>Männer</AN>","C5","<RN>Einwohner*innen</RN>","undefined","undefined","True","53","4","<AN>Männer</AN>","135","-219.0","-84.0","61.0","114.0","undefined","undefined","#232323","1620","psycho","True","Debatten","psycho","psycho","undefined","undefined","undefined","0","0","0","0","0","30","0","30","0","0","30","30","30","0","30","0","50","-810.0","-270.5","5","1258.0","97.52880368465514","Tue Jul 28 13:23:10 2026","The main experiment item","False","Bei einer Podiumsdiskussion an der Universität Stuttgart wird über aktuelle gesellschaftliche Themen gesprochen. Die <RN>Studentinnen</RN> müssten wieder stärker leistungsorientiert gefördert werden, doch die Mehrheit dieser dort teilnehmenden <AN>Männer</AN> kritisiert die neuen Anforderungen. Die weitere Entwicklung bleibt Gegenstand öffentlicher Debatten.","experiment.osexp","D:\ET_course_project_gender-bias\experiment","False","mono","False","39","no","white","no","yes","1080","8","right","psycho","178.0","3.0","117","4","30","30","D:\ET_course_project_gender-bias\experiment\subject-3.csv","150","psycho","an_found","Neonatal Nightingale","4.1.14","670.0","178.0","2","0","right","NA","right","right","right","23644.108300000837","NA","17914.597400000275","23644.108300000837","True","53","2","<RN>Studentinnen</RN>","272","330.0","602.0","-173.0","-120.0","2","psycho","3","Bei einer Podiumsdiskussion an der Universität Stuttgart wird über aktuelle gesellschaftliche Themen gesprochen. Die <RN>Studenten</RN> müssten wieder stärker leistungsorientiert gefördert werden, doch die Mehrheit dieser dort teilnehmenden <AN>Frauen</AN> kritisiert die neuen Anforderungen. Die weitere Entwicklung bleibt Gegenstand öffentlicher Debatten.","Im Rahmen einer öffentlichen Veranstaltung wird derzeit über Fragen der inneren Sicherheit und gesellschaftliche Entwicklungen gesprochen. Die <RN>Bürger</RN> diskutieren über Fragen der Sicherheit bezüglich der aktuellen Krise, doch diese <AN>Männer</AN> fordern härtere Maßnahmen. Die weiteren Maßnahmen stoßen auf geteilte Reaktionen.","1","1024","2","48000","-16","53","4","135","-84.0","51.0","61.0","114.0","experiment","3","odd","420971.2421000004","-810.0","-290.0","NA","4457.934600000954","4458.342600000833","35859.87100000057","53774.89570000034","483059.94289999944","53829.305499999464","483059.983000001","34911.64700000081","NA","482958.9455999994","459314.3713999998","420960.0272999996","53829.33740000044","483059.7555000004","35854.89159999997","459310.6767999998","Experiment","0","0","0","6","1920","Debatten.","53","25","197"
"<AN>Männern</AN>","C1","<RN>Experten</RN>","undefined","undefined","True","53","4","<AN>Männer</AN>","135","-219.0","-84.0","61.0","114.0","undefined","undefined","#232323","1620","psycho","True","Debatten","psycho","psycho","undefined","undefined","undefined","0","0","0","0","0","31","0","31","0","0","31","31","31","0","31","0","50","-810.0","-270.5","5","1258.0","97.52880368465514","Tue Jul 28 13:23:10 2026","The main experiment item","False","Bei einer Podiumsdiskussion an der Universität Stuttgart wird über aktuelle gesellschaftliche Themen gesprochen. Die <RN>Studentinnen</RN> müssten wieder stärker leistungsorientiert gefördert werden, doch die Mehrheit dieser dort teilnehmenden <AN>Männer</AN> kritisiert die neuen Anforderungen. Die weitere Entwicklung bleibt Gegenstand öffentlicher Debatten.","experiment.osexp","D:\ET_course_project_gender-bias\experiment","False","mono","False","39","no","white","no","yes","1080","10","right","psycho","178.0","3.0","117","4","31","31","D:\ET_course_project_gender-bias\experiment\subject-3.csv","150","psycho","an_found","Neonatal Nightingale","4.1.14","670.0","178.0","2","0","right","NA","right","right","right","23644.108300000837","NA","17914.597400000275","23644.108300000837","True","53","2","<RN>Studentinnen</RN>","272","330.0","602.0","-173.0","-120.0","2","psycho","3","Bei einer Podiumsdiskussion an der Universität Stuttgart wird über aktuelle gesellschaftliche Themen gesprochen. Die <RN>Studenten</RN> müssten wieder stärker leistungsorientiert gefördert werden, doch die Mehrheit dieser dort teilnehmenden <AN>Frauen</AN> kritisiert die neuen Anforderungen. Die weitere Entwicklung bleibt Gegenstand öffentlicher Debatten.","Im Rahmen einer universitären Veranstaltung werden aktuelle Fragestellungen der Rüstungsindustrie behandelt. Die große Mehrheit dieser <RN>Fachleute</RN> sehen eine stärkere Aufrüstung für Deutschland als notwendig, doch diese Gruppe von <AN>Frauen</AN> kritisiert dessen Finanzierung. Die Auswirkungen der Entscheidung werden noch geprüft.","1","1024","2","48000","-16","53","4","135","-84.0","51.0","61.0","114.0","experiment","3","odd","420971.2421000004","-810.0","-290.0","NA","4457.934600000954","4458.342600000833","35859.87100000057","53774.89570000034","483086.5801","53829.305499999464","483086.61639999994","34911.64700000081","NA","482958.9455999994","459314.3713999998","420960.0272999996","53829.33740000044","483086.4953","35854.89159999997","459310.6767999998","Experiment","0","0","0","6","1920","Debatten.","53","25","197"
"<AN>Männer</AN>","C3","<RN>Professorinnen</RN>","undefined","undefined","True","53","4","<AN>Männer</AN>","135","-219.0","-84.0","61.0","114.0","undefined","undefined","#232323","1620","psycho","True","Debatten","psycho","psycho","undefined","undefined","undefined","0","0","0","0","0","32","0","32","0","0","32","32","32","0","32","0","50","-810.0","-270.5","5","1258.0","97.52880368465514","Tue Jul 28 13:23:10 2026","The main experiment item","False","Bei einer Podiumsdiskussion an der Universität Stuttgart wird über aktuelle gesellschaftliche Themen gesprochen. Die <RN>Studentinnen</RN> müssten wieder stärker leistungsorientiert gefördert werden, doch die Mehrheit dieser dort teilnehmenden <AN>Männer</AN> kritisiert die neuen Anforderungen. Die weitere Entwicklung bleibt Gegenstand öffentlicher Debatten.","experiment.osexp","D:\ET_course_project_gender-bias\experiment","False","mono","False","39","no","white","no","yes","1080","15","right","psycho","178.0","3.0","117","1","32","32","D:\ET_course_project_gender-bias\experiment\subject-3.csv","150","psycho","an_found","Neonatal Nightingale","4.1.14","670.0","178.0","2","0","right","NA","right","right","right","23644.108300000837","NA","17914.597400000275","23644.108300000837","True","53","2","<RN>Studentinnen</RN>","272","330.0","602.0","-173.0","-120.0","2","psycho","3","Bei einer Podiumsdiskussion an der Universität Stuttgart wird über aktuelle gesellschaftliche Themen gesprochen. Die <RN>Studenten</RN> müssten wieder stärker leistungsorientiert gefördert werden, doch die Mehrheit dieser dort teilnehmenden <AN>Frauen</AN> kritisiert die neuen Anforderungen. Die weitere Entwicklung bleibt Gegenstand öffentlicher Debatten.","Im Rahmen einer öffentlichen Veranstaltung wird über die Zukunft der Hochschulen und die Forschungsförderung diskutiert. Die <RN>Professorinnen</RN> diskutieren über die Zukunft der Hochschulen und setzen sich für mehr Forschungsgelder ein, doch diese <AN>Männer</AN> lehnen die Vorschläge ab. Die nächsten Schritte werden derzeit kontrovers diskutiert.","1","1024","2","48000","-16","53","4","135","-84.0","51.0","61.0","114.0","experiment","3","odd","420971.2421000004","-810.0","-290.0","NA","4457.934600000954","4458.342600000833","35859.87100000057","53774.89570000034","483115.0811999996","53829.305499999464","483115.1236999995","34911.64700000081","NA","482958.9455999994","459314.3713999998","420960.0272999996","53829.33740000044","483114.9091999996","35854.89159999997","459310.6767999998","Experiment","0","0","0","6","1920","Debatten.","53","25","197"
"<AN>Frauen</AN>","C2","<RN>Lehrer</RN>","undefined","undefined","True","53","4","<AN>Frauen</AN>","132","-333.0","-201.0","61.0","114.0","undefined","undefined","#232323","1620","psycho","True","Diskussionen","psycho","psycho","undefined","undefined","undefined","0","0","0","0","0","33","0","33","0","0","33","33","33","0","33","0","50","-810.0","-270.5","5","1004.0","54.876555835074065","Tue Jul 28 13:23:10 2026","The main experiment item","False","Auf einer Konferenz zu Bildungsfragen in Stuttgart  wird derzeit über aktuelle schulische Themen gesprochen. Die <RN>Lehrer</RN> sollen mehr auf Disziplin und Konsequenzen im Unterricht setzen, doch aus pädagogischen Gründen lehnen diese <AN>Frauen</AN> die Vorschläge ab. Die kommenden Entwicklungen sind weiterhin Gegenstand von Diskussionen.","experiment.osexp","D:\ET_course_project_gender-bias\experiment","False","mono","False","39","no","white","no","yes","1080","6","right","psycho","178.0","3.0","117","3","33","33","D:\ET_course_project_gender-bias\experiment\subject-3.csv","150","psycho","an_found","Neonatal Nightingale","4.1.14","508.0","178.0","2","0","right","NA","right","right","right","23756.682600000233","NA","17914.597400000275","23756.682600000233","True","53","2","<RN>Lehrer</RN>","132","167.0","299.0","-173.0","-120.0","2","psycho","3","Auf einer Konferenz zu Bildungsfragen in Stuttgart  wird derzeit über aktuelle schulische Themen gesprochen. Die <RN>Lehrer</RN> sollen mehr auf Disziplin und Konsequenzen im Unterricht setzen, doch aus pädagogischen Gründen lehnen diese <AN>Frauen</AN> die Vorschläge ab. Die kommenden Entwicklungen sind weiterhin Gegenstand von Diskussionen.","Auf einer Konferenz zu Bildungsfragen in Stuttgart  wird derzeit über aktuelle schulische Themen gesprochen. Die <RN>Lehrer</RN> sollen mehr auf Disziplin und Konsequenzen im Unterricht setzen, doch aus pädagogischen Gründen lehnen diese <AN>Frauen</AN> die Vorschläge ab. Die kommenden Entwicklungen sind weiterhin Gegenstand von Diskussionen.","0","1024","2","48000","-16","53","4","132","-201.0","-69.0","61.0","114.0","experiment","3","odd","483152.8288999998","-810.0","-290.0","NA","4457.934600000954","4458.342600000833","35859.87100000057","53774.89570000034","483142.14360000007","53829.305499999464","531668.8377999999","34911.64700000081","NA","531623.4784000007","507865.8022","483142.17219999956","53829.33740000044","483141.9428999998","35854.89159999997","507862.51100000116","Experiment","0","0","0","7","1920","Diskussionen.","53","25","289"
"<AN>Männer</AN>","C5","<RN>Arbeitnehmer*innen</RN>","undefined","undefined","True","53","4","<AN>Frauen</AN>","132","-333.0","-201.0","61.0","114.0","undefined","undefined","#232323","1620","psycho","True","Diskussionen","psycho","psycho","undefined","undefined","undefined","0","0","0","0","0","34","0","34","0","0","34","34","34","0","34","0","50","-810.0","-270.5","5","1004.0","54.876555835074065","Tue Jul 28 13:23:10 2026","The main experiment item","False","Auf einer Konferenz zu Bildungsfragen in Stuttgart  wird derzeit über aktuelle schulische Themen gesprochen. Die <RN>Lehrer</RN> sollen mehr auf Disziplin und Konsequenzen im Unterricht setzen, doch aus pädagogischen Gründen lehnen diese <AN>Frauen</AN> die Vorschläge ab. Die kommenden Entwicklungen sind weiterhin Gegenstand von Diskussionen.","experiment.osexp","D:\ET_course_project_gender-bias\experiment","False","mono","False","39","no","white","no","yes","1080","12","right","psycho","178.0","3.0","117","6","34","34","D:\ET_course_project_gender-bias\experiment\subject-3.csv","150","psycho","an_found","Neonatal Nightingale","4.1.14","508.0","178.0","2","0","right","NA","right","right","right","23756.682600000233","NA","17914.597400000275","23756.682600000233","True","53","2","<RN>Lehrer</RN>","132","167.0","299.0","-173.0","-120.0","2","psycho","3","Auf einer Konferenz zu Bildungsfragen in Stuttgart  wird derzeit über aktuelle schulische Themen gesprochen. Die <RN>Lehrer</RN> sollen mehr auf Disziplin und Konsequenzen im Unterricht setzen, doch aus pädagogischen Gründen lehnen diese <AN>Frauen</AN> die Vorschläge ab. Die kommenden Entwicklungen sind weiterhin Gegenstand von Diskussionen.","Auf einer Gewerkschaftsveranstaltung wird derzeit über Löhne, Arbeitsbedingungen und Arbeitnehmerrechte diskutiert. Die <RN>Beschäftigten</RN> fordern bessere Bezahlung und faire Arbeitsbedingungen, doch diese <AN>Frauen</AN> sehen vor allem strukturelle Probleme. Die kommenden Entwicklungen sind weiterhin Gegenstand von Diskussionen.","1","1024","2","48000","-16","53","4","132","-201.0","-69.0","61.0","114.0","experiment","3","odd","483152.8288999998","-810.0","-290.0","NA","4457.934600000954","4458.342600000833","35859.87100000057","53774.89570000034","531959.2183999994","53829.305499999464","531959.3225999997","34911.64700000081","NA","531623.4784000007","507865.8022","483142.17219999956","53829.33740000044","531958.5347000011","35854.89159999997","507862.51100000116","Experiment","0","0","0","7","1920","Diskussionen.","53","25","289"
"<AN>Frauen</AN>","C4","<RN>Expertinnen</RN>","undefined","undefined","True","53","4","<AN>Frauen</AN>","132","-223.0","-91.0","61.0","114.0","undefined","undefined","#232323","1620","psycho","True","bewertet","psycho","psycho","undefined","undefined","undefined","0","0","0","0","0","35","0","35","0","0","35","35","35","0","35","0","50","-810.0","-270.5","5","959.0","51.14356031877327","Tue Jul 28 13:23:10 2026","The main experiment item","False","Auf einer öffentlichen Veranstaltung stehen Investitionen und langfristige gesellschaftliche Entwicklungen zur Diskussion. Die <RN>Expertinnen</RN> unterstützen höhere Investitionen und langfristige Entwicklungen, doch diese <AN>Frauen</AN> kritisieren die Umsetzung. Die politischen Folgen werden unterschiedlich bewertet.","experiment.osexp","D:\ET_course_project_gender-bias\experiment","False","mono","False","39","no","white","no","yes","1080","14","right","psycho","178.0","3.0","117","3","35","35","D:\ET_course_project_gender-bias\experiment\subject-3.csv","150","psycho","an_found","Neonatal Nightingale","4.1.14","371.0","178.0","2","0","right","NA","right","right","right","23164.69169999985","NA","17914.597400000275","23164.69169999985","True","53","3","<RN>Expertinnen</RN>","248","-810.0","-562.0","-56.0","-3.0","2","psycho","3","Auf einer öffentlichen Veranstaltung stehen Investitionen und langfristige gesellschaftliche Entwicklungen zur Diskussion. Die <RN>Fachfrauen</RN> unterstützen höhere Investitionen und langfristige Entwicklungen, doch diese <AN>Männer</AN> kritisieren die Umsetzung. Die politischen Folgen werden unterschiedlich bewertet.","Auf einer öffentlichen Veranstaltung stehen Investitionen und langfristige gesellschaftliche Entwicklungen zur Diskussion. Die <RN>Fachfrauen</RN> unterstützen höhere Investitionen und langfristige Entwicklungen, doch diese <AN>Männer</AN> kritisieren die Umsetzung. Die politischen Folgen werden unterschiedlich bewertet.","0","1024","2","48000","-16","53","4","132","-91.0","41.0","61.0","114.0","experiment","3","odd","531997.652600001","-810.0","-290.0","NA","4457.934600000954","4458.342600000833","35859.87100000057","53774.89570000034","531985.841900001","53829.305499999464","588452.565900001","34911.64700000081","NA","588407.0642999995","565241.8126000011","531985.8820000009","53829.33740000044","531985.6337000001","35854.89159999997","565238.4493000009","Experiment","0","0","0","8","1920","bewertet.","53","25","197"
"<AN>Männer</AN>","C1","<RN>Lehrer</RN>","undefined","undefined","True","53","4","<AN>Frauen</AN>","132","-223.0","-91.0","61.0","114.0","undefined","undefined","#232323","1620","psycho","True","bewertet","psycho","psycho","undefined","undefined","undefined","0","0","0","0","0","36","0","36","0","0","36","36","36","0","36","0","50","-810.0","-270.5","5","959.0","51.14356031877327","Tue Jul 28 13:23:10 2026","The main experiment item","False","Auf einer öffentlichen Veranstaltung stehen Investitionen und langfristige gesellschaftliche Entwicklungen zur Diskussion. Die <RN>Expertinnen</RN> unterstützen höhere Investitionen und langfristige Entwicklungen, doch diese <AN>Frauen</AN> kritisieren die Umsetzung. Die politischen Folgen werden unterschiedlich bewertet.","experiment.osexp","D:\ET_course_project_gender-bias\experiment","False","mono","False","39","no","white","no","yes","1080","6","right","psycho","178.0","3.0","117","2","36","36","D:\ET_course_project_gender-bias\experiment\subject-3.csv","150","psycho","an_found","Neonatal Nightingale","4.1.14","371.0","178.0","2","0","right","NA","right","right","right","23164.69169999985","NA","17914.597400000275","23164.69169999985","True","53","3","<RN>Expertinnen</RN>","248","-810.0","-562.0","-56.0","-3.0","2","psycho","3","Auf einer öffentlichen Veranstaltung stehen Investitionen und langfristige gesellschaftliche Entwicklungen zur Diskussion. Die <RN>Fachfrauen</RN> unterstützen höhere Investitionen und langfristige Entwicklungen, doch diese <AN>Männer</AN> kritisieren die Umsetzung. Die politischen Folgen werden unterschiedlich bewertet.","Auf einer Konferenz zu Bildungsfragen in Stuttgart wird derzeit über aktuelle schulische Themen gesprochen. Die <RN>Lehrer</RN> sollen mehr auf Disziplin und Konsequenzen im Unterricht setzen, doch aus pädagogischen Gründen lehnen diese <AN>Frauen</AN> die Vorschläge ab. Die kommenden Entwicklungen sind weiterhin Gegenstand von Diskussionen.","1","1024","2","48000","-16","53","4","132","-91.0","41.0","61.0","114.0","experiment","3","odd","531997.652600001","-810.0","-290.0","NA","4457.934600000954","4458.342600000833","35859.87100000057","53774.89570000034","588480.7664","53829.305499999464","588480.8203000012","34911.64700000081","NA","588407.0642999995","565241.8126000011","531985.8820000009","53829.33740000044","588480.528","35854.89159999997","565238.4493000009","Experiment","0","0","0","8","1920","bewertet.","53","25","197"
"<AN>Frauen</AN>","C4","<RN>Aktivistinnen</RN>","undefined","undefined","True","53","4","<AN>Frauen</AN>","132","-223.0","-91.0","61.0","114.0","undefined","undefined","#232323","1620","psycho","True","bewertet","psycho","psycho","undefined","undefined","undefined","0","0","0","0","0","37","0","37","0","0","37","37","37","0","37","0","50","-810.0","-270.5","5","959.0","51.14356031877327","Tue Jul 28 13:23:10 2026","The main experiment item","False","Auf einer öffentlichen Veranstaltung stehen Investitionen und langfristige gesellschaftliche Entwicklungen zur Diskussion. Die <RN>Expertinnen</RN> unterstützen höhere Investitionen und langfristige Entwicklungen, doch diese <AN>Frauen</AN> kritisieren die Umsetzung. Die politischen Folgen werden unterschiedlich bewertet.","experiment.osexp","D:\ET_course_project_gender-bias\experiment","False","mono","False","39","no","white","no","yes","1080","11","right","psycho","178.0","3.0","117","6","37","37","D:\ET_course_project_gender-bias\experiment\subject-3.csv","150","psycho","an_found","Neonatal Nightingale","4.1.14","371.0","178.0","2","0","right","NA","right","right","right","23164.69169999985","NA","17914.597400000275","23164.69169999985","True","53","3","<RN>Expertinnen</RN>","248","-810.0","-562.0","-56.0","-3.0","2","psycho","3","Auf einer öffentlichen Veranstaltung stehen Investitionen und langfristige gesellschaftliche Entwicklungen zur Diskussion. Die <RN>Fachfrauen</RN> unterstützen höhere Investitionen und langfristige Entwicklungen, doch diese <AN>Männer</AN> kritisieren die Umsetzung. Die politischen Folgen werden unterschiedlich bewertet.","Auf einer öffentlichen Veranstaltung werden aktuelle wohnungs- und gesellschaftspolitische Themen diskutiert. Die <RN>Aktivist*innen</RN> fordern mehr bezahlbaren Wohnraum in Stuttgart und diskutieren faire Lösungsansätze, doch diese <AN>Frauen</AN> sehen die Verantwortung stärker beim Bund. Die Auswirkungen der Entscheidung werden noch geprüft.","1","1024","2","48000","-16","53","4","132","-91.0","41.0","61.0","114.0","experiment","3","odd","531997.652600001","-810.0","-290.0","NA","4457.934600000954","4458.342600000833","35859.87100000057","53774.89570000034","588507.2883000012","53829.305499999464","588507.3444999998","34911.64700000081","NA","588407.0642999995","565241.8126000011","531985.8820000009","53829.33740000044","588507.0756000004","35854.89159999997","565238.4493000009","Experiment","0","0","0","8","1920","bewertet.","53","25","197"
"<AN>Männer</AN>","C3","<RN>Unternehmerinnen</RN>","undefined","undefined","True","53","4","<AN>Frauen</AN>","132","-223.0","-91.0","61.0","114.0","undefined","undefined","#232323","1620","psycho","True","bewertet","psycho","psycho","undefined","undefined","undefined","0","0","0","0","0","38","0","38","0","0","38","38","38","0","38","0","50","-810.0","-270.5","5","959.0","51.14356031877327","Tue Jul 28 13:23:10 2026","The main experiment item","False","Auf einer öffentlichen Veranstaltung stehen Investitionen und langfristige gesellschaftliche Entwicklungen zur Diskussion. Die <RN>Expertinnen</RN> unterstützen höhere Investitionen und langfristige Entwicklungen, doch diese <AN>Frauen</AN> kritisieren die Umsetzung. Die politischen Folgen werden unterschiedlich bewertet.","experiment.osexp","D:\ET_course_project_gender-bias\experiment","False","mono","False","39","no","white","no","yes","1080","4","right","psycho","178.0","3.0","117","6","38","38","D:\ET_course_project_gender-bias\experiment\subject-3.csv","150","psycho","an_found","Neonatal Nightingale","4.1.14","371.0","178.0","2","0","right","NA","right","right","right","23164.69169999985","NA","17914.597400000275","23164.69169999985","True","53","3","<RN>Expertinnen</RN>","248","-810.0","-562.0","-56.0","-3.0","2","psycho","3","Auf einer öffentlichen Veranstaltung stehen Investitionen und langfristige gesellschaftliche Entwicklungen zur Diskussion. Die <RN>Fachfrauen</RN> unterstützen höhere Investitionen und langfristige Entwicklungen, doch diese <AN>Männer</AN> kritisieren die Umsetzung. Die politischen Folgen werden unterschiedlich bewertet.","Bei einem Networking-Event stehen wirtschaftspolitische und gesellschaftliche Fragestellungen im Mittelpunkt der Diskussion. Die <RN>Unternehmer</RN> brauchen weniger bürokratische Hürden und sprechen über Verbesserungen, doch diese <AN>Männer</AN> fordern weitere steuerliche Entlastungen. Die Folgen dieser Positionen bleiben umstritten.","1","1024","2","48000","-16","53","4","132","-91.0","41.0","61.0","114.0","experiment","3","odd","531997.652600001","-810.0","-290.0","NA","4457.934600000954","4458.342600000833","35859.87100000057","53774.89570000034","588533.6838000002","53829.305499999464","588533.7400999997","34911.64700000081","NA","588407.0642999995","565241.8126000011","531985.8820000009","53829.33740000044","588533.210900001","35854.89159999997","565238.4493000009","Experiment","0","0","0","8","1920","bewertet.","53","25","197"
"<AN>Männer</AN>","C5","<RN>Lehrer*innen</RN>","undefined","undefined","True","53","4","<AN>Frauen</AN>","132","-223.0","-91.0","61.0","114.0","undefined","undefined","#232323","1620","psycho","True","bewertet","psycho","psycho","undefined","undefined","undefined","0","0","0","0","0","39","0","39","0","0","39","39","39","0","39","0","50","-810.0","-270.5","5","959.0","51.14356031877327","Tue Jul 28 13:23:10 2026","The main experiment item","False","Auf einer öffentlichen Veranstaltung stehen Investitionen und langfristige gesellschaftliche Entwicklungen zur Diskussion. Die <RN>Expertinnen</RN> unterstützen höhere Investitionen und langfristige Entwicklungen, doch diese <AN>Frauen</AN> kritisieren die Umsetzung. Die politischen Folgen werden unterschiedlich bewertet.","experiment.osexp","D:\ET_course_project_gender-bias\experiment","False","mono","False","39","no","white","no","yes","1080","6","right","psycho","178.0","3.0","117","6","39","39","D:\ET_course_project_gender-bias\experiment\subject-3.csv","150","psycho","an_found","Neonatal Nightingale","4.1.14","371.0","178.0","2","0","right","NA","right","right","right","23164.69169999985","NA","17914.597400000275","23164.69169999985","True","53","3","<RN>Expertinnen</RN>","248","-810.0","-562.0","-56.0","-3.0","2","psycho","3","Auf einer öffentlichen Veranstaltung stehen Investitionen und langfristige gesellschaftliche Entwicklungen zur Diskussion. Die <RN>Fachfrauen</RN> unterstützen höhere Investitionen und langfristige Entwicklungen, doch diese <AN>Männer</AN> kritisieren die Umsetzung. Die politischen Folgen werden unterschiedlich bewertet.","Auf einer Konferenz zu Bildungsfragen wird derzeit über aktuelle schulische Themen gesprochen. Die <RN>Lehrer</RN> sollen mehr auf Disziplin und Konsequenzen im Unterricht setzen, doch aus pädagogischen Gründen lehnen diese <AN>Frauen</AN> die Vorschläge ab. Die kommenden Entwicklungen sind weiterhin Gegenstand von Diskussionen.","1","1024","2","48000","-16","53","4","132","-91.0","41.0","61.0","114.0","experiment","3","odd","531997.652600001","-810.0","-290.0","NA","4457.934600000954","4458.342600000833","35859.87100000057","53774.89570000034","588560.5343000006","53829.305499999464","588560.5876999998","34911.64700000081","NA","588407.0642999995","565241.8126000011","531985.8820000009","53829.33740000044","588560.3018000001","35854.89159999997","565238.4493000009","Experiment","0","0","0","8","1920","bewertet.","53","25","197"
"<AN>Frauen</AN>","C6","<RN>Aktivist*innen</RN>","undefined","undefined","True","53","4","<AN>Frauen</AN>","132","-223.0","-91.0","61.0","114.0","undefined","undefined","#232323","1620","psycho","True","bewertet","psycho","psycho","undefined","undefined","undefined","0","0","0","0","0","40","0","40","0","0","40","40","40","0","40","0","50","-810.0","-270.5","5","959.0","51.14356031877327","Tue Jul 28 13:23:10 2026","The main experiment item","False","Auf einer öffentlichen Veranstaltung stehen Investitionen und langfristige gesellschaftliche Entwicklungen zur Diskussion. Die <RN>Expertinnen</RN> unterstützen höhere Investitionen und langfristige Entwicklungen, doch diese <AN>Frauen</AN> kritisieren die Umsetzung. Die politischen Folgen werden unterschiedlich bewertet.","experiment.osexp","D:\ET_course_project_gender-bias\experiment","False","mono","False","39","no","white","no","yes","1080","11","right","psycho","178.0","3.0","117","2","40","40","D:\ET_course_project_gender-bias\experiment\subject-3.csv","150","psycho","an_found","Neonatal Nightingale","4.1.14","371.0","178.0","2","0","right","NA","right","right","right","23164.69169999985","NA","17914.597400000275","23164.69169999985","True","53","3","<RN>Expertinnen</RN>","248","-810.0","-562.0","-56.0","-3.0","2","psycho","3","Auf einer öffentlichen Veranstaltung stehen Investitionen und langfristige gesellschaftliche Entwicklungen zur Diskussion. Die <RN>Fachfrauen</RN> unterstützen höhere Investitionen und langfristige Entwicklungen, doch diese <AN>Männer</AN> kritisieren die Umsetzung. Die politischen Folgen werden unterschiedlich bewertet.","Auf einer öffentlichen Veranstaltung werden aktuelle wohnungs- und gesellschaftspolitische Themen diskutiert. Die <RN>Aktivist*innen</RN> fordern mehr bezahlbaren Wohnraum in Stuttgart und diskutieren faire Lösungsansätze, doch diese <AN>Frauen</AN> sehen die Verantwortung stärker beim Bund. Die Auswirkungen der Entscheidung werden noch geprüft.","1","1024","2","48000","-16","53","4","132","-91.0","41.0","61.0","114.0","experiment","3","odd","531997.652600001","-810.0","-290.0","NA","4457.934600000954","4458.342600000833","35859.87100000057","53774.89570000034","588587.6602000007","53829.305499999464","588587.6972999995","34911.64700000081","NA","588407.0642999995","565241.8126000011","531985.8820000009","53829.33740000044","588587.5598000003","35854.89159999997","565238.4493000009","Experiment","0","0","0","8","1920","bewertet.","53","25","197"
"<AN>Männer</AN>","C3","<RN>Polizistinnen</RN>","undefined","undefined","True","53","4","<AN>Frauen</AN>","132","-223.0","-91.0","61.0","114.0","undefined","undefined","#232323","1620","psycho","True","bewertet","psycho","psycho","undefined","undefined","undefined","0","0","0","0","0","41","0","41","0","0","41","41","41","0","41","0","50","-810.0","-270.5","5","959.0","51.14356031877327","Tue Jul 28 13:23:10 2026","The main experiment item","False","Auf einer öffentlichen Veranstaltung stehen Investitionen und langfristige gesellschaftliche Entwicklungen zur Diskussion. Die <RN>Expertinnen</RN> unterstützen höhere Investitionen und langfristige Entwicklungen, doch diese <AN>Frauen</AN> kritisieren die Umsetzung. Die politischen Folgen werden unterschiedlich bewertet.","experiment.osexp","D:\ET_course_project_gender-bias\experiment","False","mono","False","39","no","white","no","yes","1080","18","right","psycho","178.0","3.0","117","4","41","41","D:\ET_course_project_gender-bias\experiment\subject-3.csv","150","psycho","an_found","Neonatal Nightingale","4.1.14","371.0","178.0","2","0","right","NA","right","right","right","23164.69169999985","NA","17914.597400000275","23164.69169999985","True","53","3","<RN>Expertinnen</RN>","248","-810.0","-562.0","-56.0","-3.0","2","psycho","3","Auf einer öffentlichen Veranstaltung stehen Investitionen und langfristige gesellschaftliche Entwicklungen zur Diskussion. Die <RN>Fachfrauen</RN> unterstützen höhere Investitionen und langfristige Entwicklungen, doch diese <AN>Männer</AN> kritisieren die Umsetzung. Die politischen Folgen werden unterschiedlich bewertet.","Bei einer öffentlichen Sitzung im Rathaus wird über neue Verkehrsregelungen gesprochen. Die <RN>Polizistinnen</RN> diskutieren laut über mehr Sicherheit im Straßenverkehr und setzen sich für strengere Kontrollen ein, doch diese <AN>Männer</AN> lehnen die Vorschläge ab. Die nächsten Maßnahmen werden derzeit kontrovers verhandelt.","1","1024","2","48000","-16","53","4","132","-91.0","41.0","61.0","114.0","experiment","3","odd","531997.652600001","-810.0","-290.0","NA","4457.934600000954","4458.342600000833","35859.87100000057","53774.89570000034","588613.4843","53829.305499999464","588613.5236000009","34911.64700000081","NA","588407.0642999995","565241.8126000011","531985.8820000009","53829.33740000044","588613.3442999999","35854.89159999997","565238.4493000009","Experiment","0","0","0","8","1920","bewertet.","53","25","197"
"<AN>Männern</AN>","C5","<RN>Einwohner*innen</RN>","undefined","undefined","True","53","4","<AN>Frauen</AN>","132","-223.0","-91.0","61.0","114.0","undefined","undefined","#232323","1620","psycho","True","bewertet","psycho","psycho","undefined","undefined","undefined","0","0","0","0","0","42","0","42","0","0","42","42","42","0","42","0","50","-810.0","-270.5","5","959.0","51.14356031877327","Tue Jul 28 13:23:10 2026","The main experiment item","False","Auf einer öffentlichen Veranstaltung stehen Investitionen und langfristige gesellschaftliche Entwicklungen zur Diskussion. Die <RN>Expertinnen</RN> unterstützen höhere Investitionen und langfristige Entwicklungen, doch diese <AN>Frauen</AN> kritisieren die Umsetzung. Die politischen Folgen werden unterschiedlich bewertet.","experiment.osexp","D:\ET_course_project_gender-bias\experiment","False","mono","False","39","no","white","no","yes","1080","13","right","psycho","178.0","3.0","117","5","42","42","D:\ET_course_project_gender-bias\experiment\subject-3.csv","150","psycho","an_found","Neonatal Nightingale","4.1.14","371.0","178.0","2","0","right","NA","right","right","right","23164.69169999985","NA","17914.597400000275","23164.69169999985","True","53","3","<RN>Expertinnen</RN>","248","-810.0","-562.0","-56.0","-3.0","2","psycho","3","Auf einer öffentlichen Veranstaltung stehen Investitionen und langfristige gesellschaftliche Entwicklungen zur Diskussion. Die <RN>Fachfrauen</RN> unterstützen höhere Investitionen und langfristige Entwicklungen, doch diese <AN>Männer</AN> kritisieren die Umsetzung. Die politischen Folgen werden unterschiedlich bewertet.","Im Rahmen einer öffentlichen Veranstaltung wird über Sicherheit, gesellschaftlichen Zusammenhalt und politische Reformen gesprochen. Die <RN>Bürgerinnen</RN> wünschen sich Sicherheit und verlässliche Perspektiven, doch diese Gruppe von <AN>Frauen</AN> sieht Reformbedarf im System. Die weitere Entwicklung bleibt Gegenstand öffentlicher Debatten.","1","1024","2","48000","-16","53","4","132","-91.0","41.0","61.0","114.0","experiment","3","odd","531997.652600001","-810.0","-290.0","NA","4457.934600000954","4458.342600000833","35859.87100000057","53774.89570000034","588638.8461999996","53829.305499999464","588638.8843999994","34911.64700000081","NA","588407.0642999995","565241.8126000011","531985.8820000009","53829.33740000044","588638.6753999996","35854.89159999997","565238.4493000009","Experiment","0","0","0","8","1920","bewertet.","53","25","197"
"<AN>Frauen</AN>","C6","<RN>Arbeitnehmer*innen</RN>","undefined","undefined","True","53","4","<AN>Frauen</AN>","132","-223.0","-91.0","61.0","114.0","undefined","undefined","#232323","1620","psycho","True","bewertet","psycho","psycho","undefined","undefined","undefined","0","0","0","0","0","43","0","43","0","0","43","43","43","0","43","0","50","-810.0","-270.5","5","959.0","51.14356031877327","Tue Jul 28 13:23:10 2026","The main experiment item","False","Auf einer öffentlichen Veranstaltung stehen Investitionen und langfristige gesellschaftliche Entwicklungen zur Diskussion. Die <RN>Expertinnen</RN> unterstützen höhere Investitionen und langfristige Entwicklungen, doch diese <AN>Frauen</AN> kritisieren die Umsetzung. Die politischen Folgen werden unterschiedlich bewertet.","experiment.osexp","D:\ET_course_project_gender-bias\experiment","False","mono","False","39","no","white","no","yes","1080","5","right","psycho","178.0","3.0","117","2","43","43","D:\ET_course_project_gender-bias\experiment\subject-3.csv","150","psycho","an_found","Neonatal Nightingale","4.1.14","371.0","178.0","2","0","right","NA","right","right","right","23164.69169999985","NA","17914.597400000275","23164.69169999985","True","53","3","<RN>Expertinnen</RN>","248","-810.0","-562.0","-56.0","-3.0","2","psycho","3","Auf einer öffentlichen Veranstaltung stehen Investitionen und langfristige gesellschaftliche Entwicklungen zur Diskussion. Die <RN>Fachfrauen</RN> unterstützen höhere Investitionen und langfristige Entwicklungen, doch diese <AN>Männer</AN> kritisieren die Umsetzung. Die politischen Folgen werden unterschiedlich bewertet.","Im Rahmen einer Geschäftsveranstaltung findet derzeit ein Austausch über Arbeitsbedingungen und gesellschaftliche Entwicklungen statt. Die <RN>Arbeitnehmer*innen</RN> erwarten höhere Gehälter und klimatisierte Arbeitsplätze, aber diese <AN>Männer</AN> wollen auch weniger arbeiten. Die Frage nach den Konsequenzen bleibt offen.","1","1024","2","48000","-16","53","4","132","-91.0","41.0","61.0","114.0","experiment","3","odd","531997.652600001","-810.0","-290.0","NA","4457.934600000954","4458.342600000833","35859.87100000057","53774.89570000034","588665.8120000011","53829.305499999464","588665.8495000011","34911.64700000081","NA","588407.0642999995","565241.8126000011","531985.8820000009","53829.33740000044","588665.7155000012","35854.89159999997","565238.4493000009","Experiment","0","0","0","8","1920","bewertet.","53","25","197"
"<AN>Männern</AN>","C3","<RN>Expertinnen</RN>","undefined","undefined","True","53","4","<AN>Frauen</AN>","132","-223.0","-91.0","61.0","114.0","undefined","undefined","#232323","1620","psycho","True","bewertet","psycho","psycho","undefined","undefined","undefined","0","0","0","0","0","44","0","44","0","0","44","44","44","0","44","0","50","-810.0","-270.5","5","959.0","51.14356031877327","Tue Jul 28 13:23:10 2026","The main experiment item","False","Auf einer öffentlichen Veranstaltung stehen Investitionen und langfristige gesellschaftliche Entwicklungen zur Diskussion. Die <RN>Expertinnen</RN> unterstützen höhere Investitionen und langfristige Entwicklungen, doch diese <AN>Frauen</AN> kritisieren die Umsetzung. Die politischen Folgen werden unterschiedlich bewertet.","experiment.osexp","D:\ET_course_project_gender-bias\experiment","False","mono","False","39","no","white","no","yes","1080","10","right","psycho","178.0","3.0","117","6","44","44","D:\ET_course_project_gender-bias\experiment\subject-3.csv","150","psycho","an_found","Neonatal Nightingale","4.1.14","371.0","178.0","2","0","right","NA","right","right","right","23164.69169999985","NA","17914.597400000275","23164.69169999985","True","53","3","<RN>Expertinnen</RN>","248","-810.0","-562.0","-56.0","-3.0","2","psycho","3","Auf einer öffentlichen Veranstaltung stehen Investitionen und langfristige gesellschaftliche Entwicklungen zur Diskussion. Die <RN>Fachfrauen</RN> unterstützen höhere Investitionen und langfristige Entwicklungen, doch diese <AN>Männer</AN> kritisieren die Umsetzung. Die politischen Folgen werden unterschiedlich bewertet.","Im Rahmen einer universitären Veranstaltung werden aktuelle Fragestellungen der Rüstungsindustrie behandelt. Die große Mehrheit dieser <RN>Fachleute</RN> sehen eine stärkere Aufrüstung für Deutschland als notwendig, doch diese Gruppe von <AN>Frauen</AN> kritisiert dessen Finanzierung. Die Auswirkungen der Entscheidung werden noch geprüft.","1","1024","2","48000","-16","53","4","132","-91.0","41.0","61.0","114.0","experiment","3","odd","531997.652600001","-810.0","-290.0","NA","4457.934600000954","4458.342600000833","35859.87100000057","53774.89570000034","588692.2434999996","53829.305499999464","588692.2804999994","34911.64700000081","NA","588407.0642999995","565241.8126000011","531985.8820000009","53829.33740000044","588692.1505000009","35854.89159999997","565238.4493000009","Experiment","0","0","0","8","1920","bewertet.","53","25","197"
"<AN>Männer</AN>","C1","<RN>Ingenieure</RN>","undefined","undefined","True","53","4","<AN>Frauen</AN>","132","-223.0","-91.0","61.0","114.0","undefined","undefined","#232323","1620","psycho","True","bewertet","psycho","psycho","undefined","undefined","undefined","0","0","0","0","0","45","0","45","0","0","45","45","45","0","45","0","50","-810.0","-270.5","5","959.0","51.14356031877327","Tue Jul 28 13:23:10 2026","The main experiment item","False","Auf einer öffentlichen Veranstaltung stehen Investitionen und langfristige gesellschaftliche Entwicklungen zur Diskussion. Die <RN>Expertinnen</RN> unterstützen höhere Investitionen und langfristige Entwicklungen, doch diese <AN>Frauen</AN> kritisieren die Umsetzung. Die politischen Folgen werden unterschiedlich bewertet.","experiment.osexp","D:\ET_course_project_gender-bias\experiment","False","mono","False","39","no","white","no","yes","1080","3","right","psycho","178.0","3.0","117","5","45","45","D:\ET_course_project_gender-bias\experiment\subject-3.csv","150","psycho","an_found","Neonatal Nightingale","4.1.14","371.0","178.0","2","0","right","NA","right","right","right","23164.69169999985","NA","17914.597400000275","23164.69169999985","True","53","3","<RN>Expertinnen</RN>","248","-810.0","-562.0","-56.0","-3.0","2","psycho","3","Auf einer öffentlichen Veranstaltung stehen Investitionen und langfristige gesellschaftliche Entwicklungen zur Diskussion. Die <RN>Fachfrauen</RN> unterstützen höhere Investitionen und langfristige Entwicklungen, doch diese <AN>Männer</AN> kritisieren die Umsetzung. Die politischen Folgen werden unterschiedlich bewertet.","Auf einer wissenschaftlichen Konferenz zu technischen Zukunftsfragen werden derzeit aktuelle gesellschaftliche Themen erörtert. Die <RN>Ingenieur*innen</RN> kritisieren die Energiewende und stehen vor Herausforderungen, doch diese <AN>Frauen</AN> lehnen zusätzliche Investitionen ab. Über die Konsequenzen wird weiterhin intensiv gestritten.","1","1024","2","48000","-16","53","4","132","-91.0","41.0","61.0","114.0","experiment","3","odd","531997.652600001","-810.0","-290.0","NA","4457.934600000954","4458.342600000833","35859.87100000057","53774.89570000034","588718.3623","53829.305499999464","588718.3994999996","34911.64700000081","NA","588407.0642999995","565241.8126000011","531985.8820000009","53829.33740000044","588718.1894000005","35854.89159999997","565238.4493000009","Experiment","0","0","0","8","1920","bewertet.","53","25","197"
"<AN>Frauen</AN>","C4","<RN>Arbeitnehmerinnen</RN>","undefined","undefined","True","53","4","<AN>Frauen</AN>","132","-223.0","-91.0","61.0","114.0","undefined","undefined","#232323","1620","psycho","True","bewertet","psycho","psycho","undefined","undefined","undefined","0","0","0","0","0","46","0","46","0","0","46","46","46","0","46","0","50","-810.0","-270.5","5","959.0","51.14356031877327","Tue Jul 28 13:23:10 2026","The main experiment item","False","Auf einer öffentlichen Veranstaltung stehen Investitionen und langfristige gesellschaftliche Entwicklungen zur Diskussion. Die <RN>Expertinnen</RN> unterstützen höhere Investitionen und langfristige Entwicklungen, doch diese <AN>Frauen</AN> kritisieren die Umsetzung. Die politischen Folgen werden unterschiedlich bewertet.","experiment.osexp","D:\ET_course_project_gender-bias\experiment","False","mono","False","39","no","white","no","yes","1080","5","right","psycho","178.0","3.0","117","6","46","46","D:\ET_course_project_gender-bias\experiment\subject-3.csv","150","psycho","an_found","Neonatal Nightingale","4.1.14","371.0","178.0","2","0","right","NA","right","right","right","23164.69169999985","NA","17914.597400000275","23164.69169999985","True","53","3","<RN>Expertinnen</RN>","248","-810.0","-562.0","-56.0","-3.0","2","psycho","3","Auf einer öffentlichen Veranstaltung stehen Investitionen und langfristige gesellschaftliche Entwicklungen zur Diskussion. Die <RN>Fachfrauen</RN> unterstützen höhere Investitionen und langfristige Entwicklungen, doch diese <AN>Männer</AN> kritisieren die Umsetzung. Die politischen Folgen werden unterschiedlich bewertet.","Im Rahmen einer Geschäftsveranstaltung findet derzeit ein Austausch über Arbeitsbedingungen und gesellschaftliche Entwicklungen statt. Die <RN>Arbeitnehmer*innen</RN> erwarten höhere Gehälter und klimatisierte Arbeitsplätze, aber diese <AN>Männer</AN> wollen auch weniger arbeiten. Die Frage nach den Konsequenzen bleibt offen.","1","1024","2","48000","-16","53","4","132","-91.0","41.0","61.0","114.0","experiment","3","odd","531997.652600001","-810.0","-290.0","NA","4457.934600000954","4458.342600000833","35859.87100000057","53774.89570000034","588746.5384000007","53829.305499999464","588746.5800000009","34911.64700000081","NA","588407.0642999995","565241.8126000011","531985.8820000009","53829.33740000044","588746.3502999999","35854.89159999997","565238.4493000009","Experiment","0","0","0","8","1920","bewertet.","53","25","197"
"<AN>Frauen</AN>","C6","<RN>Ingenieur*innen</RN>","undefined","undefined","True","53","4","<AN>Frauen</AN>","132","-223.0","-91.0","61.0","114.0","undefined","undefined","#232323","1620","psycho","True","bewertet","psycho","psycho","undefined","undefined","undefined","0","0","0","0","0","47","0","47","0","0","47","47","47","0","47","0","50","-810.0","-270.5","5","959.0","51.14356031877327","Tue Jul 28 13:23:10 2026","The main experiment item","False","Auf einer öffentlichen Veranstaltung stehen Investitionen und langfristige gesellschaftliche Entwicklungen zur Diskussion. Die <RN>Expertinnen</RN> unterstützen höhere Investitionen und langfristige Entwicklungen, doch diese <AN>Frauen</AN> kritisieren die Umsetzung. Die politischen Folgen werden unterschiedlich bewertet.","experiment.osexp","D:\ET_course_project_gender-bias\experiment","False","mono","False","39","no","white","no","yes","1080","3","right","psycho","178.0","3.0","117","4","47","47","D:\ET_course_project_gender-bias\experiment\subject-3.csv","150","psycho","an_found","Neonatal Nightingale","4.1.14","371.0","178.0","2","0","right","NA","right","right","right","23164.69169999985","NA","17914.597400000275","23164.69169999985","True","53","3","<RN>Expertinnen</RN>","248","-810.0","-562.0","-56.0","-3.0","2","psycho","3","Auf einer öffentlichen Veranstaltung stehen Investitionen und langfristige gesellschaftliche Entwicklungen zur Diskussion. Die <RN>Fachfrauen</RN> unterstützen höhere Investitionen und langfristige Entwicklungen, doch diese <AN>Männer</AN> kritisieren die Umsetzung. Die politischen Folgen werden unterschiedlich bewertet.","Auf einer wissenschaftlichen Konferenz zu technischen Zukunftsfragen werden derzeit aktuelle gesellschaftliche Themen erörtert. Die <RN>Ingenieur*innen</RN> kritisieren die Energiewende und stehen vor Herausforderungen, doch diese <AN>Frauen</AN> lehnen zusätzliche Investitionen ab. Über die Konsequenzen wird weiterhin intensiv gestritten.","1","1024","2","48000","-16","53","4","132","-91.0","41.0","61.0","114.0","experiment","3","odd","531997.652600001","-810.0","-290.0","NA","4457.934600000954","4458.342600000833","35859.87100000057","53774.89570000034","588772.6014","53829.305499999464","588772.651700001","34911.64700000081","NA","588407.0642999995","565241.8126000011","531985.8820000009","53829.33740000044","588772.4197000007","35854.89159999997","565238.4493000009","Experiment","0","0","0","8","1920","bewertet.","53","25","197"
"<AN>Männer</AN>","C3","<RN>Ingenieurinnen</RN>","undefined","undefined","True","53","4","<AN>Frauen</AN>","132","-223.0","-91.0","61.0","114.0","undefined","undefined","#232323","1620","psycho","True","bewertet","psycho","psycho","undefined","undefined","undefined","0","0","0","0","0","48","0","48","0","0","48","48","48","0","48","0","50","-810.0","-270.5","5","959.0","51.14356031877327","Tue Jul 28 13:23:10 2026","The main experiment item","False","Auf einer öffentlichen Veranstaltung stehen Investitionen und langfristige gesellschaftliche Entwicklungen zur Diskussion. Die <RN>Expertinnen</RN> unterstützen höhere Investitionen und langfristige Entwicklungen, doch diese <AN>Frauen</AN> kritisieren die Umsetzung. Die politischen Folgen werden unterschiedlich bewertet.","experiment.osexp","D:\ET_course_project_gender-bias\experiment","False","mono","False","39","no","white","no","yes","1080","3","right","psycho","178.0","3.0","117","1","48","48","D:\ET_course_project_gender-bias\experiment\subject-3.csv","150","psycho","an_found","Neonatal Nightingale","4.1.14","371.0","178.0","2","0","right","NA","right","right","right","23164.69169999985","NA","17914.597400000275","23164.69169999985","True","53","3","<RN>Expertinnen</RN>","248","-810.0","-562.0","-56.0","-3.0","2","psycho","3","Auf einer öffentlichen Veranstaltung stehen Investitionen und langfristige gesellschaftliche Entwicklungen zur Diskussion. Die <RN>Fachfrauen</RN> unterstützen höhere Investitionen und langfristige Entwicklungen, doch diese <AN>Männer</AN> kritisieren die Umsetzung. Die politischen Folgen werden unterschiedlich bewertet.","Auf einer wissenschaftlichen Konferenz zu technischen Zukunftsfragen werden derzeit aktuelle gesellschaftliche Themen erörtert. Die <RN>Ingenieur*innen</RN> kritisieren die Energiewende und stehen vor Herausforderungen, doch diese <AN>Frauen</AN> lehnen zusätzliche Investitionen ab. Über die Konsequenzen wird weiterhin intensiv gestritten.","1","1024","2","48000","-16","53","4","132","-91.0","41.0","61.0","114.0","experiment","3","odd","531997.652600001","-810.0","-290.0","NA","4457.934600000954","4458.342600000833","35859.87100000057","53774.89570000034","588798.5929000006","53829.305499999464","588798.6443000009","34911.64700000081","NA","588407.0642999995","565241.8126000011","531985.8820000009","53829.33740000044","588798.5079999999","35854.89159999997","565238.4493000009","Experiment","0","0","0","8","1920","bewertet.","53","25","197"
"<AN>Frauen</AN>","C4","<RN>Expertinnen</RN>","undefined","undefined","True","53","4","<AN>Frauen</AN>","132","-223.0","-91.0","61.0","114.0","undefined","undefined","#232323","1620","psycho","True","bewertet","psycho","psycho","undefined","undefined","undefined","0","0","0","0","0","49","0","49","0","0","49","49","49","0","49","0","50","-810.0","-270.5","5","959.0","51.14356031877327","Tue Jul 28 13:23:10 2026","The main experiment item","False","Auf einer öffentlichen Veranstaltung stehen Investitionen und langfristige gesellschaftliche Entwicklungen zur Diskussion. Die <RN>Expertinnen</RN> unterstützen höhere Investitionen und langfristige Entwicklungen, doch diese <AN>Frauen</AN> kritisieren die Umsetzung. Die politischen Folgen werden unterschiedlich bewertet.","experiment.osexp","D:\ET_course_project_gender-bias\experiment","False","mono","False","39","no","white","no","yes","1080","7","right","psycho","178.0","3.0","117","4","49","49","D:\ET_course_project_gender-bias\experiment\subject-3.csv","150","psycho","an_found","Neonatal Nightingale","4.1.14","371.0","178.0","2","0","right","NA","right","right","right","23164.69169999985","NA","17914.597400000275","23164.69169999985","True","53","3","<RN>Expertinnen</RN>","248","-810.0","-562.0","-56.0","-3.0","2","psycho","3","Auf einer öffentlichen Veranstaltung stehen Investitionen und langfristige gesellschaftliche Entwicklungen zur Diskussion. Die <RN>Fachfrauen</RN> unterstützen höhere Investitionen und langfristige Entwicklungen, doch diese <AN>Männer</AN> kritisieren die Umsetzung. Die politischen Folgen werden unterschiedlich bewertet.","Beim Sommerfest eines Unternehmens wird über wirtschaftliche Entwicklungen und gesellschaftliche Herausforderungen diskutiert. Die <RN>Fachleute</RN> sehen große Herausforderungen im nächsten Geschäftsjahr, dennoch bleiben diese <AN>Männer</AN> optimistisch. Die unternehmerischen Folgen werden unterschiedlich bewertet.","1","1024","2","48000","-16","53","4","132","-91.0","41.0","61.0","114.0","experiment","3","odd","531997.652600001","-810.0","-290.0","NA","4457.934600000954","4458.342600000833","35859.87100000057","53774.89570000034","588827.1817999994","53829.305499999464","588827.2397","34911.64700000081","NA","588407.0642999995","565241.8126000011","531985.8820000009","53829.33740000044","588826.9725999999","35854.89159999997","565238.4493000009","Experiment","0","0","0","8","1920","bewertet.","53","25","197"
"<AN>Frauen</AN>","C6","<RN>Krankenpfleger*innen</RN>","undefined","undefined","True","53","4","<AN>Frauen</AN>","132","-17.0","115.0","61.0","114.0","undefined","undefined","#232323","1620","psycho","True","diskutiert","psycho","psycho","undefined","undefined","undefined","0","0","0","0","0","50","0","50","0","0","50","50","50","0","50","0","50","-810.0","-270.5","5","1003.0","94.85770523304892","Tue Jul 28 13:23:10 2026","The main experiment item","False","Bei einer Informationsveranstaltung im Krankenhaus wird über aktuelle Impfreformen und deren Auswirkungen gesprochen. Die <RN>Krankenpfleger*innen</RN> diskutieren über Long Covid und setzen sich für mehr Unterstützung ein, doch diese <AN>Frauen</AN> lehnen die Vorschläge ab. Die nächsten Schritte werden derzeit kontrovers diskutiert.","experiment.osexp","D:\ET_course_project_gender-bias\experiment","False","mono","False","39","no","white","no","yes","1080","16","right","psycho","178.0","3.0","117","3","50","50","D:\ET_course_project_gender-bias\experiment\subject-3.csv","150","psycho","an_found","Neonatal Nightingale","4.1.14","461.0","178.0","2","0","right","NA","right","right","right","21124.06290000037","NA","17914.597400000275","21124.06290000037","True","53","3","<RN>Krankenpfleger*innen</RN>","455","-810.0","-355.0","-56.0","-3.0","2","psycho","3","Bei einer Informationsveranstaltung im Krankenhaus wird über aktuelle Impfreformen und deren Auswirkungen gesprochen. Die <RN>Krankenschwestern</RN> diskutieren über Long Covid und setzen sich für mehr Unterstützung ein, doch diese <AN>Männer</AN> lehnen die Vorschläge ab. Die nächsten Schritte werden derzeit kontrovers diskutiert.","Bei einer Informationsveranstaltung im Krankenhaus wird über aktuelle Impfreformen und deren Auswirkungen gesprochen. Die <RN>Krankenschwestern</RN> diskutieren über Long Covid und setzen sich für mehr Unterstützung ein, doch diese <AN>Männer</AN> lehnen die Vorschläge ab. Die nächsten Schritte werden derzeit kontrovers diskutiert.","0","1024","2","48000","-16","53","4","132","115.0","247.0","61.0","114.0","experiment","3","odd","588864.2636000004","-810.0","-290.0","NA","4457.934600000954","4458.342600000833","35859.87100000057","53774.89570000034","588853.1970000004","53829.305499999464","638220.3633999998","34911.64700000081","NA","638175.2018999996","617050.3883000001","588853.2322999999","53829.33740000044","588853.0142","35854.89159999997","617046.5858999996","Experiment","0","0","0","9","1920","diskutiert.","53","25","243"
"<AN>Frauen</AN>","C2","<RN>Ingenieure</RN>","undefined","undefined","True","53","4","<AN>Frauen</AN>","132","-17.0","115.0","61.0","114.0","undefined","undefined","#232323","1620","psycho","True","diskutiert","psycho","psycho","undefined","undefined","undefined","0","0","0","0","0","51","0","51","0","0","51","51","51","0","51","0","50","-810.0","-270.5","5","1003.0","94.85770523304892","Tue Jul 28 13:23:10 2026","The main experiment item","False","Bei einer Informationsveranstaltung im Krankenhaus wird über aktuelle Impfreformen und deren Auswirkungen gesprochen. Die <RN>Krankenpfleger*innen</RN> diskutieren über Long Covid und setzen sich für mehr Unterstützung ein, doch diese <AN>Frauen</AN> lehnen die Vorschläge ab. Die nächsten Schritte werden derzeit kontrovers diskutiert.","experiment.osexp","D:\ET_course_project_gender-bias\experiment","False","mono","False","39","no","white","no","yes","1080","17","right","psycho","178.0","3.0","117","4","51","51","D:\ET_course_project_gender-bias\experiment\subject-3.csv","150","psycho","an_found","Neonatal Nightingale","4.1.14","461.0","178.0","2","0","right","NA","right","right","right","21124.06290000037","NA","17914.597400000275","21124.06290000037","True","53","3","<RN>Krankenpfleger*innen</RN>","455","-810.0","-355.0","-56.0","-3.0","2","psycho","3","Bei einer Informationsveranstaltung im Krankenhaus wird über aktuelle Impfreformen und deren Auswirkungen gesprochen. Die <RN>Krankenschwestern</RN> diskutieren über Long Covid und setzen sich für mehr Unterstützung ein, doch diese <AN>Männer</AN> lehnen die Vorschläge ab. Die nächsten Schritte werden derzeit kontrovers diskutiert.","Im Rahmen einer städtischen Planungsrunde wird über die zukünftige Mobilität und den Ausbau des Nahverkehrs diskutiert. Die <RN>Ingenieurinnen</RN> diskutieren über nachhaltige Verkehrskonzepte und setzen sich für den Ausbau des ÖPNV ein, doch diese <AN>Männer</AN> lehnen die Vorschläge ab. Die nächsten Schritte werden derzeit kontrovers diskutiert.","1","1024","2","48000","-16","53","4","132","115.0","247.0","61.0","114.0","experiment","3","odd","588864.2636000004","-810.0","-290.0","NA","4457.934600000954","4458.342600000833","35859.87100000057","53774.89570000034","638248.1516999997","53829.305499999464","638248.2012","34911.64700000081","NA","638175.2018999996","617050.3883000001","588853.2322999999","53829.33740000044","638247.6674999997","35854.89159999997","617046.5858999996","Experiment","0","0","0","9","1920","diskutiert.","53","25","243"
"<AN>Frauen</AN>","C4","<RN>Expertinnen</RN>","undefined","undefined","True","53","4","<AN>Frauen</AN>","132","-17.0","115.0","61.0","114.0","undefined","undefined","#232323","1620","psycho","True","diskutiert","psycho","psycho","undefined","undefined","undefined","0","0","0","0","0","52","0","52","0","0","52","52","52","0","52","0","50","-810.0","-270.5","5","1003.0","94.85770523304892","Tue Jul 28 13:23:10 2026","The main experiment item","False","Bei einer Informationsveranstaltung im Krankenhaus wird über aktuelle Impfreformen und deren Auswirkungen gesprochen. Die <RN>Krankenpfleger*innen</RN> diskutieren über Long Covid und setzen sich für mehr Unterstützung ein, doch diese <AN>Frauen</AN> lehnen die Vorschläge ab. Die nächsten Schritte werden derzeit kontrovers diskutiert.","experiment.osexp","D:\ET_course_project_gender-bias\experiment","False","mono","False","39","no","white","no","yes","1080","10","right","psycho","178.0","3.0","117","1","52","52","D:\ET_course_project_gender-bias\experiment\subject-3.csv","150","psycho","an_found","Neonatal Nightingale","4.1.14","461.0","178.0","2","0","right","NA","right","right","right","21124.06290000037","NA","17914.597400000275","21124.06290000037","True","53","3","<RN>Krankenpfleger*innen</RN>","455","-810.0","-355.0","-56.0","-3.0","2","psycho","3","Bei einer Informationsveranstaltung im Krankenhaus wird über aktuelle Impfreformen und deren Auswirkungen gesprochen. Die <RN>Krankenschwestern</RN> diskutieren über Long Covid und setzen sich für mehr Unterstützung ein, doch diese <AN>Männer</AN> lehnen die Vorschläge ab. Die nächsten Schritte werden derzeit kontrovers diskutiert.","Im Rahmen einer universitären Veranstaltung werden aktuelle Fragestellungen der Rüstungsindustrie behandelt. Die große Mehrheit dieser <RN>Fachleute</RN> sieht eine stärkere Aufrüstung für Deutschland als notwendig, doch diese Gruppe von <AN>Frauen</AN> kritisiert dessen Finanzierung. Die Auswirkungen der Entscheidung werden noch geprüft.","1","1024","2","48000","-16","53","4","132","115.0","247.0","61.0","114.0","experiment","3","odd","588864.2636000004","-810.0","-290.0","NA","4457.934600000954","4458.342600000833","35859.87100000057","53774.89570000034","638275.0178999995","53829.305499999464","638275.0604000011","34911.64700000081","NA","638175.2018999996","617050.3883000001","588853.2322999999","53829.33740000044","638274.7213000002","35854.89159999997","617046.5858999996","Experiment","0","0","0","9","1920","diskutiert.","53","25","243"
"<AN>Männer</AN>","C1","<RN>Pfleger</RN>","undefined","undefined","True","53","4","<AN>Frauen</AN>","132","-17.0","115.0","61.0","114.0","undefined","undefined","#232323","1620","psycho","True","diskutiert","psycho","psycho","undefined","undefined","undefined","0","0","0","0","0","53","0","53","0","0","53","53","53","0","53","0","50","-810.0","-270.5","5","1003.0","94.85770523304892","Tue Jul 28 13:23:10 2026","The main experiment item","False","Bei einer Informationsveranstaltung im Krankenhaus wird über aktuelle Impfreformen und deren Auswirkungen gesprochen. Die <RN>Krankenpfleger*innen</RN> diskutieren über Long Covid und setzen sich für mehr Unterstützung ein, doch diese <AN>Frauen</AN> lehnen die Vorschläge ab. Die nächsten Schritte werden derzeit kontrovers diskutiert.","experiment.osexp","D:\ET_course_project_gender-bias\experiment","False","mono","False","39","no","white","no","yes","1080","2","right","psycho","178.0","3.0","117","6","53","53","D:\ET_course_project_gender-bias\experiment\subject-3.csv","150","psycho","an_found","Neonatal Nightingale","4.1.14","461.0","178.0","2","0","right","NA","right","right","right","21124.06290000037","NA","17914.597400000275","21124.06290000037","True","53","3","<RN>Krankenpfleger*innen</RN>","455","-810.0","-355.0","-56.0","-3.0","2","psycho","3","Bei einer Informationsveranstaltung im Krankenhaus wird über aktuelle Impfreformen und deren Auswirkungen gesprochen. Die <RN>Krankenschwestern</RN> diskutieren über Long Covid und setzen sich für mehr Unterstützung ein, doch diese <AN>Männer</AN> lehnen die Vorschläge ab. Die nächsten Schritte werden derzeit kontrovers diskutiert.","Im Rahmen einer Gesprächsrunde im Gesundheitswesen wird derzeit über aktuelle gesellschaftliche Herausforderungen diskutiert. Die <RN>Pflegekräfte</RN> verdienen bessere Arbeitsbedingungen und benötigen langfristig mehr Unterstützung, doch diese <AN>Männer</AN> fühlen sich politisch nicht ausreichend unterstützt. Die nächsten Schritte werden derzeit kontrovers diskutiert.","1","1024","2","48000","-16","53","4","132","115.0","247.0","61.0","114.0","experiment","3","odd","588864.2636000004","-810.0","-290.0","NA","4457.934600000954","4458.342600000833","35859.87100000057","53774.89570000034","638436.5754999999","53829.305499999464","638436.6387000009","34911.64700000081","NA","638175.2018999996","617050.3883000001","588853.2322999999","53829.33740000044","638436.365200001","35854.89159999997","617046.5858999996","Experiment","0","0","0","9","1920","diskutiert.","53","25","243"
"<AN>Frauen</AN>","C2","<RN>Experten</RN>","undefined","undefined","True","53","4","<AN>Frauen</AN>","132","-17.0","115.0","61.0","114.0","undefined","undefined","#232323","1620","psycho","True","diskutiert","psycho","psycho","undefined","undefined","undefined","0","0","0","0","0","54","0","54","0","0","54","54","54","0","54","0","50","-810.0","-270.5","5","1003.0","94.85770523304892","Tue Jul 28 13:23:10 2026","The main experiment item","False","Bei einer Informationsveranstaltung im Krankenhaus wird über aktuelle Impfreformen und deren Auswirkungen gesprochen. Die <RN>Krankenpfleger*innen</RN> diskutieren über Long Covid und setzen sich für mehr Unterstützung ein, doch diese <AN>Frauen</AN> lehnen die Vorschläge ab. Die nächsten Schritte werden derzeit kontrovers diskutiert.","experiment.osexp","D:\ET_course_project_gender-bias\experiment","False","mono","False","39","no","white","no","yes","1080","7","right","psycho","178.0","3.0","117","2","54","54","D:\ET_course_project_gender-bias\experiment\subject-3.csv","150","psycho","an_found","Neonatal Nightingale","4.1.14","461.0","178.0","2","0","right","NA","right","right","right","21124.06290000037","NA","17914.597400000275","21124.06290000037","True","53","3","<RN>Krankenpfleger*innen</RN>","455","-810.0","-355.0","-56.0","-3.0","2","psycho","3","Bei einer Informationsveranstaltung im Krankenhaus wird über aktuelle Impfreformen und deren Auswirkungen gesprochen. Die <RN>Krankenschwestern</RN> diskutieren über Long Covid und setzen sich für mehr Unterstützung ein, doch diese <AN>Männer</AN> lehnen die Vorschläge ab. Die nächsten Schritte werden derzeit kontrovers diskutiert.","Beim Sommerfest eines Unternehmens wird über wirtschaftliche Entwicklungen und gesellschaftliche Herausforderungen diskutiert. Die <RN>Fachleute</RN> sehen große Herausforderungen im nächsten Geschäftsjahr, dennoch bleiben diese <AN>Männer</AN> optimistisch. Die unternehmerischen Folgen werden unterschiedlich bewertet.","1","1024","2","48000","-16","53","4","132","115.0","247.0","61.0","114.0","experiment","3","odd","588864.2636000004","-810.0","-290.0","NA","4457.934600000954","4458.342600000833","35859.87100000057","53774.89570000034","638468.6211000008","53829.305499999464","638468.6586999997","34911.64700000081","NA","638175.2018999996","617050.3883000001","588853.2322999999","53829.33740000044","638468.4341000011","35854.89159999997","617046.5858999996","Experiment","0","0","0","9","1920","diskutiert.","53","25","243"
"<AN>Frauen</AN>","C6","<RN>Professor*innen</RN>","undefined","undefined","True","53","4","<AN>Frauen</AN>","132","-17.0","115.0","61.0","114.0","undefined","undefined","#232323","1620","psycho","True","diskutiert","psycho","psycho","undefined","undefined","undefined","0","0","0","0","0","55","0","55","0","0","55","55","55","0","55","0","50","-810.0","-270.5","5","1003.0","94.85770523304892","Tue Jul 28 13:23:10 2026","The main experiment item","False","Bei einer Informationsveranstaltung im Krankenhaus wird über aktuelle Impfreformen und deren Auswirkungen gesprochen. Die <RN>Krankenpfleger*innen</RN> diskutieren über Long Covid und setzen sich für mehr Unterstützung ein, doch diese <AN>Frauen</AN> lehnen die Vorschläge ab. Die nächsten Schritte werden derzeit kontrovers diskutiert.","experiment.osexp","D:\ET_course_project_gender-bias\experiment","False","mono","False","39","no","white","no","yes","1080","15","right","psycho","178.0","3.0","117","4","55","55","D:\ET_course_project_gender-bias\experiment\subject-3.csv","150","psycho","an_found","Neonatal Nightingale","4.1.14","461.0","178.0","2","0","right","NA","right","right","right","21124.06290000037","NA","17914.597400000275","21124.06290000037","True","53","3","<RN>Krankenpfleger*innen</RN>","455","-810.0","-355.0","-56.0","-3.0","2","psycho","3","Bei einer Informationsveranstaltung im Krankenhaus wird über aktuelle Impfreformen und deren Auswirkungen gesprochen. Die <RN>Krankenschwestern</RN> diskutieren über Long Covid und setzen sich für mehr Unterstützung ein, doch diese <AN>Männer</AN> lehnen die Vorschläge ab. Die nächsten Schritte werden derzeit kontrovers diskutiert.","Im Rahmen einer öffentlichen Veranstaltung wird über die Zukunft der Hochschulen und die Forschungsförderung diskutiert. Die <RN>Professorinnen</RN> diskutieren über die Zukunft der Hochschulen und setzen sich für mehr Forschungsgelder ein, doch diese <AN>Männer</AN> lehnen die Vorschläge ab. Die nächsten Schritte werden derzeit kontrovers diskutiert.","1","1024","2","48000","-16","53","4","132","115.0","247.0","61.0","114.0","experiment","3","odd","588864.2636000004","-810.0","-290.0","NA","4457.934600000954","4458.342600000833","35859.87100000057","53774.89570000034","638494.0829000006","53829.305499999464","638494.1190000009","34911.64700000081","NA","638175.2018999996","617050.3883000001","588853.2322999999","53829.33740000044","638493.9916000003","35854.89159999997","617046.5858999996","Experiment","0","0","0","9","1920","diskutiert.","53","25","243"
"<AN>Frauen</AN>","C2","<RN>Experten</RN>","undefined","undefined","True","53","4","<AN>Frauen</AN>","132","-17.0","115.0","61.0","114.0","undefined","undefined","#232323","1620","psycho","True","diskutiert","psycho","psycho","undefined","undefined","undefined","0","0","0","0","0","56","0","56","0","0","56","56","56","0","56","0","50","-810.0","-270.5","5","1003.0","94.85770523304892","Tue Jul 28 13:23:10 2026","The main experiment item","False","Bei einer Informationsveranstaltung im Krankenhaus wird über aktuelle Impfreformen und deren Auswirkungen gesprochen. Die <RN>Krankenpfleger*innen</RN> diskutieren über Long Covid und setzen sich für mehr Unterstützung ein, doch diese <AN>Frauen</AN> lehnen die Vorschläge ab. Die nächsten Schritte werden derzeit kontrovers diskutiert.","experiment.osexp","D:\ET_course_project_gender-bias\experiment","False","mono","False","39","no","white","no","yes","1080","14","right","psycho","178.0","3.0","117","1","56","56","D:\ET_course_project_gender-bias\experiment\subject-3.csv","150","psycho","an_found","Neonatal Nightingale","4.1.14","461.0","178.0","2","0","right","NA","right","right","right","21124.06290000037","NA","17914.597400000275","21124.06290000037","True","53","3","<RN>Krankenpfleger*innen</RN>","455","-810.0","-355.0","-56.0","-3.0","2","psycho","3","Bei einer Informationsveranstaltung im Krankenhaus wird über aktuelle Impfreformen und deren Auswirkungen gesprochen. Die <RN>Krankenschwestern</RN> diskutieren über Long Covid und setzen sich für mehr Unterstützung ein, doch diese <AN>Männer</AN> lehnen die Vorschläge ab. Die nächsten Schritte werden derzeit kontrovers diskutiert.","Auf einer öffentlichen Veranstaltung stehen Investitionen und langfristige gesellschaftliche Entwicklungen zur Diskussion. Die <RN>Fachfrauen</RN> unterstützen höhere Investitionen und langfristige Entwicklungen, doch diese <AN>Männer</AN> kritisieren die Umsetzung. Die politischen Folgen werden unterschiedlich bewertet.","1","1024","2","48000","-16","53","4","132","115.0","247.0","61.0","114.0","experiment","3","odd","588864.2636000004","-810.0","-290.0","NA","4457.934600000954","4458.342600000833","35859.87100000057","53774.89570000034","638520.7265999997","53829.305499999464","638520.7642000004","34911.64700000081","NA","638175.2018999996","617050.3883000001","588853.2322999999","53829.33740000044","638520.6371000004","35854.89159999997","617046.5858999996","Experiment","0","0","0","9","1920","diskutiert.","53","25","243"
"<AN>Frauen</AN>","C6","<RN>Expert*innen</RN>","undefined","undefined","True","53","4","<AN>Frauen</AN>","132","-63.0","69.0","61.0","114.0","undefined","undefined","#232323","1620","psycho","True","geprüft","psycho","psycho","undefined","undefined","undefined","0","0","0","0","0","57","0","57","0","0","57","57","57","0","57","0","50","-810.0","-270.5","5","1052.0","66.44065365723011","Tue Jul 28 13:23:10 2026","The main experiment item","False","Im Rahmen einer universitären Veranstaltung werden aktuelle Fragestellungen der Rüstungsindustrie behandelt. Die große Mehrheit dieser <RN>Expert*innen</RN> sehen eine stärkere Aufrüstung für Deutschland als notwendig, doch diese Gruppe von <AN>Frauen</AN> kritisiert dessen Finanzierung. Die Auswirkungen der Entscheidung werden noch geprüft.","experiment.osexp","D:\ET_course_project_gender-bias\experiment","False","mono","False","39","no","white","no","yes","1080","10","right","psycho","178.0","3.0","117","3","57","57","D:\ET_course_project_gender-bias\experiment\subject-3.csv","150","psycho","an_found","Neonatal Nightingale","4.1.14","442.0","178.0","2","0","right","NA","right","right","right","30045.30220000015","NA","17914.597400000275","30045.30220000015","True","53","3","<RN>Expert*innen</RN>","271","-651.0","-380.0","-56.0","-3.0","2","psycho","3","Im Rahmen einer universitären Veranstaltung werden aktuelle Fragestellungen der Rüstungsindustrie behandelt. Die große Mehrheit dieser <RN>Fachleute</RN> sehen eine stärkere Aufrüstung für Deutschland als notwendig, doch diese Gruppe von <AN>Frauen</AN> kritisiert dessen Finanzierung. Die Auswirkungen der Entscheidung werden noch geprüft.","Im Rahmen einer universitären Veranstaltung werden aktuelle Fragestellungen der Rüstungsindustrie behandelt. Die große Mehrheit dieser <RN>Fachleute</RN> sehen eine stärkere Aufrüstung für Deutschland als notwendig, doch diese Gruppe von <AN>Frauen</AN> kritisiert dessen Finanzierung. Die Auswirkungen der Entscheidung werden noch geprüft.","0","1024","2","48000","-16","53","4","132","69.0","201.0","61.0","114.0","experiment","3","odd","638558.7577000005","-810.0","-290.0","NA","4457.934600000954","4458.342600000833","35859.87100000057","53774.89570000034","638547.4211","53829.305499999464","689924.1175999995","34911.64700000081","NA","689879.1486999999","659833.2264","638547.4558000006","53829.33740000044","638547.3055000002","35854.89159999997","659830.4640000006","Experiment","0","0","0","10","1920","geprüft.","53","25","175"
"<AN>Männer</AN>","C5","<RN>Aktivist*innen</RN>","undefined","undefined","True","53","4","<AN>Frauen</AN>","132","-63.0","69.0","61.0","114.0","undefined","undefined","#232323","1620","psycho","True","geprüft","psycho","psycho","undefined","undefined","undefined","0","0","0","0","0","58","0","58","0","0","58","58","58","0","58","0","50","-810.0","-270.5","5","1052.0","66.44065365723011","Tue Jul 28 13:23:10 2026","The main experiment item","False","Im Rahmen einer universitären Veranstaltung werden aktuelle Fragestellungen der Rüstungsindustrie behandelt. Die große Mehrheit dieser <RN>Expert*innen</RN> sehen eine stärkere Aufrüstung für Deutschland als notwendig, doch diese Gruppe von <AN>Frauen</AN> kritisiert dessen Finanzierung. Die Auswirkungen der Entscheidung werden noch geprüft.","experiment.osexp","D:\ET_course_project_gender-bias\experiment","False","mono","False","39","no","white","no","yes","1080","11","right","psycho","178.0","3.0","117","1","58","58","D:\ET_course_project_gender-bias\experiment\subject-3.csv","150","psycho","an_found","Neonatal Nightingale","4.1.14","442.0","178.0","2","0","right","NA","right","right","right","30045.30220000015","NA","17914.597400000275","30045.30220000015","True","53","3","<RN>Expert*innen</RN>","271","-651.0","-380.0","-56.0","-3.0","2","psycho","3","Im Rahmen einer universitären Veranstaltung werden aktuelle Fragestellungen der Rüstungsindustrie behandelt. Die große Mehrheit dieser <RN>Fachleute</RN> sehen eine stärkere Aufrüstung für Deutschland als notwendig, doch diese Gruppe von <AN>Frauen</AN> kritisiert dessen Finanzierung. Die Auswirkungen der Entscheidung werden noch geprüft.","Auf einer öffentlichen Veranstaltung werden aktuelle wohnungs- und gesellschaftspolitische Themen diskutiert. Die <RN>Aktivist*innen</RN> fordern mehr bezahlbaren Wohnraum in Stuttgart und diskutieren faire Lösungsansätze, doch diese <AN>Frauen</AN> sehen die Verantwortung stärker beim Bund. Die Auswirkungen der Entscheidung werden noch geprüft.","1","1024","2","48000","-16","53","4","132","69.0","201.0","61.0","114.0","experiment","3","odd","638558.7577000005","-810.0","-290.0","NA","4457.934600000954","4458.342600000833","35859.87100000057","53774.89570000034","690203.0042999996","53829.305499999464","690203.0551000007","34911.64700000081","NA","689879.1486999999","659833.2264","638547.4558000006","53829.33740000044","690202.4861000009","35854.89159999997","659830.4640000006","Experiment","0","0","0","10","1920","geprüft.","53","25","175"
"<AN>Frauen</AN>","C6","<RN>Dozent*innen</RN>","undefined","undefined","True","53","4","<AN>Frauen</AN>","132","-63.0","69.0","61.0","114.0","undefined","undefined","#232323","1620","psycho","True","geprüft","psycho","psycho","undefined","undefined","undefined","0","0","0","0","0","59","0","59","0","0","59","59","59","0","59","0","50","-810.0","-270.5","5","1052.0","66.44065365723011","Tue Jul 28 13:23:10 2026","The main experiment item","False","Im Rahmen einer universitären Veranstaltung werden aktuelle Fragestellungen der Rüstungsindustrie behandelt. Die große Mehrheit dieser <RN>Expert*innen</RN> sehen eine stärkere Aufrüstung für Deutschland als notwendig, doch diese Gruppe von <AN>Frauen</AN> kritisiert dessen Finanzierung. Die Auswirkungen der Entscheidung werden noch geprüft.","experiment.osexp","D:\ET_course_project_gender-bias\experiment","False","mono","False","39","no","white","no","yes","1080","9","right","psycho","178.0","3.0","117","4","59","59","D:\ET_course_project_gender-bias\experiment\subject-3.csv","150","psycho","an_found","Neonatal Nightingale","4.1.14","442.0","178.0","2","0","right","NA","right","right","right","30045.30220000015","NA","17914.597400000275","30045.30220000015","True","53","3","<RN>Expert*innen</RN>","271","-651.0","-380.0","-56.0","-3.0","2","psycho","3","Im Rahmen einer universitären Veranstaltung werden aktuelle Fragestellungen der Rüstungsindustrie behandelt. Die große Mehrheit dieser <RN>Fachleute</RN> sehen eine stärkere Aufrüstung für Deutschland als notwendig, doch diese Gruppe von <AN>Frauen</AN> kritisiert dessen Finanzierung. Die Auswirkungen der Entscheidung werden noch geprüft.","Auf einer schulischen Tagung werden aktuelle Kontroversen rund um Vorlesungsführung und Leistungsbewertung diskutiert. Die <RN>Dozent*innen</RN> fordern erhöhte Leistungsorientierung und strengere Notenvergabe im Lehrplan, doch diese <AN>Männer</AN> stoßen dabei auf Gegendruck von Eltern. Die Debatte über das Thema hält weiter an.","1","1024","2","48000","-16","53","4","132","69.0","201.0","61.0","114.0","experiment","3","odd","638558.7577000005","-810.0","-290.0","NA","4457.934600000954","4458.342600000833","35859.87100000057","53774.89570000034","690230.5758000002","53829.305499999464","690230.6449000007","34911.64700000081","NA","689879.1486999999","659833.2264","638547.4558000006","53829.33740000044","690230.3004000005","35854.89159999997","659830.4640000006","Experiment","0","0","0","10","1920","geprüft.","53","25","175"
"<AN>Männer</AN>","C5","<RN>Professor*innen</RN>","undefined","undefined","True","53","4","<AN>Männer</AN>","135","-65.0","70.0","61.0","114.0","undefined","undefined","#232323","1620","psycho","True","diskutiert","psycho","psycho","undefined","undefined","undefined","0","0","0","0","0","60","0","60","0","0","60","60","60","0","60","0","50","-810.0","-270.5","5","1003.0","55.817085321252655","Tue Jul 28 13:23:10 2026","The main experiment item","False","Im Rahmen einer öffentlichen Veranstaltung wird über die Zukunft der Hochschulen und die Forschungsförderung diskutiert. Die <RN>Professor*innen</RN> diskutieren über die Zukunft der Hochschulen und setzen sich für mehr Forschungsgelder ein, doch diese <AN>Männer</AN> lehnen die Vorschläge ab. Die nächsten Schritte werden derzeit kontrovers diskutiert.","experiment.osexp","D:\ET_course_project_gender-bias\experiment","False","mono","False","39","no","white","no","yes","1080","15","right","psycho","178.0","3.0","117","3","60","60","D:\ET_course_project_gender-bias\experiment\subject-3.csv","150","psycho","an_found","Neonatal Nightingale","4.1.14","461.0","178.0","2","0","right","NA","right","right","right","19924.922199999914","NA","17914.597400000275","19924.922199999914","True","53","2","<RN>Professor*innen</RN>","340","461.0","801.0","-173.0","-120.0","2","psycho","3","Im Rahmen einer öffentlichen Veranstaltung wird über die Zukunft der Hochschulen und die Forschungsförderung diskutiert. Die <RN>Professorinnen</RN> diskutieren über die Zukunft der Hochschulen und setzen sich für mehr Forschungsgelder ein, doch diese <AN>Männer</AN> lehnen die Vorschläge ab. Die nächsten Schritte werden derzeit kontrovers diskutiert.","Im Rahmen einer öffentlichen Veranstaltung wird über die Zukunft der Hochschulen und die Forschungsförderung diskutiert. Die <RN>Professorinnen</RN> diskutieren über die Zukunft der Hochschulen und setzen sich für mehr Forschungsgelder ein, doch diese <AN>Männer</AN> lehnen die Vorschläge ab. Die nächsten Schritte werden derzeit kontrovers diskutiert.","0","1024","2","48000","-16","53","4","135","70.0","205.0","61.0","114.0","experiment","3","odd","690268.8102000011","-810.0","-290.0","NA","4457.934600000954","4458.342600000833","35859.87100000057","53774.89570000034","690257.4224","53829.305499999464","752036.8097000009","34911.64700000081","NA","751991.5438999997","732065.6165","690257.4500999999","53829.33740000044","690257.3205000008","35854.89159999997","732062.5008999996","Experiment","0","0","0","11","1920","diskutiert.","53","25","243"
"<AN>Frauen</AN>","C4","<RN>Ingenieurinnen</RN>","undefined","undefined","True","53","4","<AN>Männer</AN>","135","-65.0","70.0","61.0","114.0","undefined","undefined","#232323","1620","psycho","True","diskutiert","psycho","psycho","undefined","undefined","undefined","0","0","0","0","0","61","0","61","0","0","61","61","61","0","61","0","50","-810.0","-270.5","5","1003.0","55.817085321252655","Tue Jul 28 13:23:10 2026","The main experiment item","False","Im Rahmen einer öffentlichen Veranstaltung wird über die Zukunft der Hochschulen und die Forschungsförderung diskutiert. Die <RN>Professor*innen</RN> diskutieren über die Zukunft der Hochschulen und setzen sich für mehr Forschungsgelder ein, doch diese <AN>Männer</AN> lehnen die Vorschläge ab. Die nächsten Schritte werden derzeit kontrovers diskutiert.","experiment.osexp","D:\ET_course_project_gender-bias\experiment","False","mono","False","39","no","white","no","yes","1080","17","right","psycho","178.0","3.0","117","6","61","61","D:\ET_course_project_gender-bias\experiment\subject-3.csv","150","psycho","an_found","Neonatal Nightingale","4.1.14","461.0","178.0","2","0","right","NA","right","right","right","19924.922199999914","NA","17914.597400000275","19924.922199999914","True","53","2","<RN>Professor*innen</RN>","340","461.0","801.0","-173.0","-120.0","2","psycho","3","Im Rahmen einer öffentlichen Veranstaltung wird über die Zukunft der Hochschulen und die Forschungsförderung diskutiert. Die <RN>Professorinnen</RN> diskutieren über die Zukunft der Hochschulen und setzen sich für mehr Forschungsgelder ein, doch diese <AN>Männer</AN> lehnen die Vorschläge ab. Die nächsten Schritte werden derzeit kontrovers diskutiert.","Im Rahmen einer städtischen Planungsrunde wird über die zukünftige Mobilität und den Ausbau des Nahverkehrs diskutiert. Die <RN>Ingenieurinnen</RN> diskutieren über nachhaltige Verkehrskonzepte und setzen sich für den Ausbau des ÖPNV ein, doch diese <AN>Männer</AN> lehnen die Vorschläge ab. Die nächsten Schritte werden derzeit kontrovers diskutiert.","1","1024","2","48000","-16","53","4","135","70.0","205.0","61.0","114.0","experiment","3","odd","690268.8102000011","-810.0","-290.0","NA","4457.934600000954","4458.342600000833","35859.87100000057","53774.89570000034","752063.4676000009","53829.305499999464","752063.5029999994","34911.64700000081","NA","751991.5438999997","732065.6165","690257.4500999999","53829.33740000044","752063.3636000003","35854.89159999997","732062.5008999996","Experiment","0","0","0","11","1920","diskutiert.","53","25","243"
"<AN>Frauen</AN>","C2","<RN>Dozenten</RN>","undefined","undefined","True","53","4","<AN>Männer</AN>","135","-65.0","70.0","61.0","114.0","undefined","undefined","#232323","1620","psycho","True","diskutiert","psycho","psycho","undefined","undefined","undefined","0","0","0","0","0","62","0","62","0","0","62","62","62","0","62","0","50","-810.0","-270.5","5","1003.0","55.817085321252655","Tue Jul 28 13:23:10 2026","The main experiment item","False","Im Rahmen einer öffentlichen Veranstaltung wird über die Zukunft der Hochschulen und die Forschungsförderung diskutiert. Die <RN>Professor*innen</RN> diskutieren über die Zukunft der Hochschulen und setzen sich für mehr Forschungsgelder ein, doch diese <AN>Männer</AN> lehnen die Vorschläge ab. Die nächsten Schritte werden derzeit kontrovers diskutiert.","experiment.osexp","D:\ET_course_project_gender-bias\experiment","False","mono","False","39","no","white","no","yes","1080","9","right","psycho","178.0","3.0","117","6","62","62","D:\ET_course_project_gender-bias\experiment\subject-3.csv","150","psycho","an_found","Neonatal Nightingale","4.1.14","461.0","178.0","2","0","right","NA","right","right","right","19924.922199999914","NA","17914.597400000275","19924.922199999914","True","53","2","<RN>Professor*innen</RN>","340","461.0","801.0","-173.0","-120.0","2","psycho","3","Im Rahmen einer öffentlichen Veranstaltung wird über die Zukunft der Hochschulen und die Forschungsförderung diskutiert. Die <RN>Professorinnen</RN> diskutieren über die Zukunft der Hochschulen und setzen sich für mehr Forschungsgelder ein, doch diese <AN>Männer</AN> lehnen die Vorschläge ab. Die nächsten Schritte werden derzeit kontrovers diskutiert.","Auf einer schulischen Tagung werden aktuelle Kontroversen rund um Vorlesungsführung und Leistungsbewertung diskutiert. Die <RN>Dozent*innen</RN> fordern erhöhte Leistungsorientierung und strengere Notenvergabe im Lehrplan, doch diese <AN>Männer</AN> stoßen dabei auf Gegendruck von Eltern. Die Debatte über das Thema hält weiter an.","1","1024","2","48000","-16","53","4","135","70.0","205.0","61.0","114.0","experiment","3","odd","690268.8102000011","-810.0","-290.0","NA","4457.934600000954","4458.342600000833","35859.87100000057","53774.89570000034","752091.5138000001","53829.305499999464","752091.5664000004","34911.64700000081","NA","751991.5438999997","732065.6165","690257.4500999999","53829.33740000044","752091.3098","35854.89159999997","732062.5008999996","Experiment","0","0","0","11","1920","diskutiert.","53","25","243"
"<AN>Frauen</AN>","C4","<RN>Polizistinnen</RN>","undefined","undefined","True","53","4","<AN>Männer</AN>","135","-65.0","70.0","61.0","114.0","undefined","undefined","#232323","1620","psycho","True","diskutiert","psycho","psycho","undefined","undefined","undefined","0","0","0","0","0","63","0","63","0","0","63","63","63","0","63","0","50","-810.0","-270.5","5","1003.0","55.817085321252655","Tue Jul 28 13:23:10 2026","The main experiment item","False","Im Rahmen einer öffentlichen Veranstaltung wird über die Zukunft der Hochschulen und die Forschungsförderung diskutiert. Die <RN>Professor*innen</RN> diskutieren über die Zukunft der Hochschulen und setzen sich für mehr Forschungsgelder ein, doch diese <AN>Männer</AN> lehnen die Vorschläge ab. Die nächsten Schritte werden derzeit kontrovers diskutiert.","experiment.osexp","D:\ET_course_project_gender-bias\experiment","False","mono","False","39","no","white","no","yes","1080","18","right","psycho","178.0","3.0","117","5","63","63","D:\ET_course_project_gender-bias\experiment\subject-3.csv","150","psycho","an_found","Neonatal Nightingale","4.1.14","461.0","178.0","2","0","right","NA","right","right","right","19924.922199999914","NA","17914.597400000275","19924.922199999914","True","53","2","<RN>Professor*innen</RN>","340","461.0","801.0","-173.0","-120.0","2","psycho","3","Im Rahmen einer öffentlichen Veranstaltung wird über die Zukunft der Hochschulen und die Forschungsförderung diskutiert. Die <RN>Professorinnen</RN> diskutieren über die Zukunft der Hochschulen und setzen sich für mehr Forschungsgelder ein, doch diese <AN>Männer</AN> lehnen die Vorschläge ab. Die nächsten Schritte werden derzeit kontrovers diskutiert.","Bei einer öffentlichen Sitzung im Rathaus wird über neue Verkehrsregelungen gesprochen. Die <RN>Polizistinnen</RN> diskutieren laut über mehr Sicherheit im Straßenverkehr und setzen sich für strengere Kontrollen ein, doch diese <AN>Männer</AN> lehnen die Vorschläge ab. Die nächsten Maßnahmen werden derzeit kontrovers verhandelt.","1","1024","2","48000","-16","53","4","135","70.0","205.0","61.0","114.0","experiment","3","odd","690268.8102000011","-810.0","-290.0","NA","4457.934600000954","4458.342600000833","35859.87100000057","53774.89570000034","752117.8068000008","53829.305499999464","752117.8677000008","34911.64700000081","NA","751991.5438999997","732065.6165","690257.4500999999","53829.33740000044","752117.2652999994","35854.89159999997","732062.5008999996","Experiment","0","0","0","11","1920","diskutiert.","53","25","243"
"<AN>Frauen</AN>","C6","<RN>Arbeitnehmer*innen</RN>","undefined","undefined","True","53","4","<AN>Männer</AN>","135","-65.0","70.0","61.0","114.0","undefined","undefined","#232323","1620","psycho","True","diskutiert","psycho","psycho","undefined","undefined","undefined","0","0","0","0","0","64","0","64","0","0","64","64","64","0","64","0","50","-810.0","-270.5","5","1003.0","55.817085321252655","Tue Jul 28 13:23:10 2026","The main experiment item","False","Im Rahmen einer öffentlichen Veranstaltung wird über die Zukunft der Hochschulen und die Forschungsförderung diskutiert. Die <RN>Professor*innen</RN> diskutieren über die Zukunft der Hochschulen und setzen sich für mehr Forschungsgelder ein, doch diese <AN>Männer</AN> lehnen die Vorschläge ab. Die nächsten Schritte werden derzeit kontrovers diskutiert.","experiment.osexp","D:\ET_course_project_gender-bias\experiment","False","mono","False","39","no","white","no","yes","1080","12","right","psycho","178.0","3.0","117","1","64","64","D:\ET_course_project_gender-bias\experiment\subject-3.csv","150","psycho","an_found","Neonatal Nightingale","4.1.14","461.0","178.0","2","0","right","NA","right","right","right","19924.922199999914","NA","17914.597400000275","19924.922199999914","True","53","2","<RN>Professor*innen</RN>","340","461.0","801.0","-173.0","-120.0","2","psycho","3","Im Rahmen einer öffentlichen Veranstaltung wird über die Zukunft der Hochschulen und die Forschungsförderung diskutiert. Die <RN>Professorinnen</RN> diskutieren über die Zukunft der Hochschulen und setzen sich für mehr Forschungsgelder ein, doch diese <AN>Männer</AN> lehnen die Vorschläge ab. Die nächsten Schritte werden derzeit kontrovers diskutiert.","Auf einer Gewerkschaftsveranstaltung wird derzeit über Löhne, Arbeitsbedingungen und Arbeitnehmerrechte diskutiert. Die <RN>Beschäftigten</RN> fordern bessere Bezahlung und faire Arbeitsbedingungen, doch diese <AN>Frauen</AN> sehen vor allem strukturelle Probleme. Die kommenden Entwicklungen sind weiterhin Gegenstand von Diskussionen.","1","1024","2","48000","-16","53","4","135","70.0","205.0","61.0","114.0","experiment","3","odd","690268.8102000011","-810.0","-290.0","NA","4457.934600000954","4458.342600000833","35859.87100000057","53774.89570000034","752144.8142999997","53829.305499999464","752144.8794000007","34911.64700000081","NA","751991.5438999997","732065.6165","690257.4500999999","53829.33740000044","752144.5497000004","35854.89159999997","732062.5008999996","Experiment","0","0","0","11","1920","diskutiert.","53","25","243"
"<AN>Frauen</AN>","C2","<RN>Ingenieure</RN>","undefined","undefined","True","53","4","<AN>Männer</AN>","135","-65.0","70.0","61.0","114.0","undefined","undefined","#232323","1620","psycho","True","diskutiert","psycho","psycho","undefined","undefined","undefined","0","0","0","0","0","65","0","65","0","0","65","65","65","0","65","0","50","-810.0","-270.5","5","1003.0","55.817085321252655","Tue Jul 28 13:23:10 2026","The main experiment item","False","Im Rahmen einer öffentlichen Veranstaltung wird über die Zukunft der Hochschulen und die Forschungsförderung diskutiert. Die <RN>Professor*innen</RN> diskutieren über die Zukunft der Hochschulen und setzen sich für mehr Forschungsgelder ein, doch diese <AN>Männer</AN> lehnen die Vorschläge ab. Die nächsten Schritte werden derzeit kontrovers diskutiert.","experiment.osexp","D:\ET_course_project_gender-bias\experiment","False","mono","False","39","no","white","no","yes","1080","3","right","psycho","178.0","3.0","117","6","65","65","D:\ET_course_project_gender-bias\experiment\subject-3.csv","150","psycho","an_found","Neonatal Nightingale","4.1.14","461.0","178.0","2","0","right","NA","right","right","right","19924.922199999914","NA","17914.597400000275","19924.922199999914","True","53","2","<RN>Professor*innen</RN>","340","461.0","801.0","-173.0","-120.0","2","psycho","3","Im Rahmen einer öffentlichen Veranstaltung wird über die Zukunft der Hochschulen und die Forschungsförderung diskutiert. Die <RN>Professorinnen</RN> diskutieren über die Zukunft der Hochschulen und setzen sich für mehr Forschungsgelder ein, doch diese <AN>Männer</AN> lehnen die Vorschläge ab. Die nächsten Schritte werden derzeit kontrovers diskutiert.","Auf einer wissenschaftlichen Konferenz zu technischen Zukunftsfragen werden derzeit aktuelle gesellschaftliche Themen erörtert. Die <RN>Ingenieur*innen</RN> spielen eine zentrale Rolle bei der Energiewende und stehen vor Herausforderungen, doch diese <AN>Frauen</AN> lehnen zusätzliche Investitionen ab. Über die Konsequenzen wird weiterhin intensiv gestritten.","1","1024","2","48000","-16","53","4","135","70.0","205.0","61.0","114.0","experiment","3","odd","690268.8102000011","-810.0","-290.0","NA","4457.934600000954","4458.342600000833","35859.87100000057","53774.89570000034","752173.8470000001","53829.305499999464","752173.8994999996","34911.64700000081","NA","751991.5438999997","732065.6165","690257.4500999999","53829.33740000044","752173.6481999997","35854.89159999997","732062.5008999996","Experiment","0","0","0","11","1920","diskutiert.","53","25","243"
"<AN>Männer</AN>","C3","<RN>Expertinnen</RN>","undefined","undefined","True","53","4","<AN>Männer</AN>","135","-309.0","-174.0","61.0","114.0","undefined","undefined","#232323","1620","psycho","True","bewertet","psycho","psycho","undefined","undefined","undefined","0","0","0","0","0","66","0","66","0","0","66","66","66","0","66","0","50","-810.0","-270.5","5","528.0","64.12433351918756","Tue Jul 28 13:23:10 2026","The main experiment item","False","Beim Sommerfest eines Unternehmens wird über wirtschaftliche Entwicklungen und gesellschaftliche Herausforderungen diskutiert. Die <RN>Expertinnen</RN> sehen große Herausforderungen im nächsten Geschäftsjahr, dennoch bleiben diese <AN>Männer</AN> optimistisch. Die unternehmerischen Folgen werden unterschiedlich bewertet.","experiment.osexp","D:\ET_course_project_gender-bias\experiment","False","mono","False","39","no","white","no","yes","1080","7","right","psycho","178.0","3.0","117","3","66","66","D:\ET_course_project_gender-bias\experiment\subject-3.csv","150","psycho","an_found","Neonatal Nightingale","4.1.14","-60.0","178.0","2","0","right","NA","right","right","right","21652.68719999958","NA","17914.597400000275","21652.68719999958","True","53","3","<RN>Expertinnen</RN>","248","-810.0","-562.0","-56.0","-3.0","2","psycho","3","Beim Sommerfest eines Unternehmens wird über wirtschaftliche Entwicklungen und gesellschaftliche Herausforderungen diskutiert. Die <RN>Fachleute</RN> sehen große Herausforderungen im nächsten Geschäftsjahr, dennoch bleiben diese <AN>Männer</AN> optimistisch. Die unternehmerischen Folgen werden unterschiedlich bewertet.","Beim Sommerfest eines Unternehmens wird über wirtschaftliche Entwicklungen und gesellschaftliche Herausforderungen diskutiert. Die <RN>Fachleute</RN> sehen große Herausforderungen im nächsten Geschäftsjahr, dennoch bleiben diese <AN>Männer</AN> optimistisch. Die unternehmerischen Folgen werden unterschiedlich bewertet.","0","1024","2","48000","-16","53","4","135","-174.0","-39.0","61.0","114.0","experiment","3","odd","752210.0939000011","-810.0","-290.0","NA","4457.934600000954","4458.342600000833","35859.87100000057","53774.89570000034","752199.5633000006","53829.305499999464","803412.7079999999","34911.64700000081","NA","803367.348400001","781713.824800001","752199.5922000005","53829.33740000044","752199.3674000005","35854.89159999997","781710.4724000001","Experiment","0","0","0","12","1920","bewertet.","53","25","197"
"<AN>Männer</AN>","C3","<RN>Ingenieurinnen</RN>","undefined","undefined","True","53","4","<AN>Männer</AN>","135","-309.0","-174.0","61.0","114.0","undefined","undefined","#232323","1620","psycho","True","bewertet","psycho","psycho","undefined","undefined","undefined","0","0","0","0","0","67","0","67","0","0","67","67","67","0","67","0","50","-810.0","-270.5","5","528.0","64.12433351918756","Tue Jul 28 13:23:10 2026","The main experiment item","False","Beim Sommerfest eines Unternehmens wird über wirtschaftliche Entwicklungen und gesellschaftliche Herausforderungen diskutiert. Die <RN>Expertinnen</RN> sehen große Herausforderungen im nächsten Geschäftsjahr, dennoch bleiben diese <AN>Männer</AN> optimistisch. Die unternehmerischen Folgen werden unterschiedlich bewertet.","experiment.osexp","D:\ET_course_project_gender-bias\experiment","False","mono","False","39","no","white","no","yes","1080","17","right","psycho","178.0","3.0","117","5","67","67","D:\ET_course_project_gender-bias\experiment\subject-3.csv","150","psycho","an_found","Neonatal Nightingale","4.1.14","-60.0","178.0","2","0","right","NA","right","right","right","21652.68719999958","NA","17914.597400000275","21652.68719999958","True","53","3","<RN>Expertinnen</RN>","248","-810.0","-562.0","-56.0","-3.0","2","psycho","3","Beim Sommerfest eines Unternehmens wird über wirtschaftliche Entwicklungen und gesellschaftliche Herausforderungen diskutiert. Die <RN>Fachleute</RN> sehen große Herausforderungen im nächsten Geschäftsjahr, dennoch bleiben diese <AN>Männer</AN> optimistisch. Die unternehmerischen Folgen werden unterschiedlich bewertet.","Im Rahmen einer städtischen Planungsrunde wird über die zukünftige Mobilität und den Ausbau des Nahverkehrs diskutiert. Die <RN>Ingenieurinnen</RN> diskutieren über nachhaltige Verkehrskonzepte und setzen sich für den Ausbau des ÖPNV ein, doch diese <AN>Männer</AN> lehnen die Vorschläge ab. Die nächsten Schritte werden derzeit kontrovers diskutiert.","1","1024","2","48000","-16","53","4","135","-174.0","-39.0","61.0","114.0","experiment","3","odd","752210.0939000011","-810.0","-290.0","NA","4457.934600000954","4458.342600000833","35859.87100000057","53774.89570000034","803441.2976000003","53829.305499999464","803441.3380999995","34911.64700000081","NA","803367.348400001","781713.824800001","752199.5922000005","53829.33740000044","803441.0691000011","35854.89159999997","781710.4724000001","Experiment","0","0","0","12","1920","bewertet.","53","25","197"
"<AN>Männer</AN>","C1","<RN>Aktivisten</RN>","undefined","undefined","True","53","4","<AN>Männer</AN>","135","-201.0","-66.0","61.0","114.0","undefined","undefined","#232323","1620","psycho","True","geprüft","psycho","psycho","undefined","undefined","undefined","0","0","0","0","0","68","0","68","0","0","68","68","68","0","68","0","50","-810.0","-270.5","5","1182.0","96.05908373912382","Tue Jul 28 13:23:10 2026","The main experiment item","False","Auf einer öffentlichen Veranstaltung werden aktuelle wohnungs- und gesellschaftspolitische Themen diskutiert. Die <RN>Aktivisten</RN> fordern mehr bezahlbaren Wohnraum in Stuttgart für alle und diskutieren faire Lösungsansätze, doch diese <AN>Männer</AN> sehen die Verantwortung stärker beim Bund. Die Auswirkungen der Entscheidung werden noch geprüft.","experiment.osexp","D:\ET_course_project_gender-bias\experiment","False","mono","False","39","no","white","no","yes","1080","11","right","psycho","178.0","3.0","117","3","68","68","D:\ET_course_project_gender-bias\experiment\subject-3.csv","150","psycho","an_found","Neonatal Nightingale","4.1.14","572.0","178.0","2","0","right","NA","right","right","right","18156.98900000099","NA","17914.597400000275","18156.98900000099","True","53","2","<RN>Aktivisten</RN>","228","261.0","489.0","-173.0","-120.0","2","psycho","3","Auf einer öffentlichen Veranstaltung werden aktuelle wohnungs- und gesellschaftspolitische Themen diskutiert. Die <RN>Aktivist*innen</RN> fordern mehr bezahlbaren Wohnraum in Stuttgart für alle und diskutieren faire Lösungsansätze, doch diese <AN>Frauen</AN> sehen die Verantwortung stärker beim Bund. Die Auswirkungen der Entscheidung werden noch geprüft.","Auf einer öffentlichen Veranstaltung werden aktuelle wohnungs- und gesellschaftspolitische Themen diskutiert. Die <RN>Aktivist*innen</RN> fordern mehr bezahlbaren Wohnraum in Stuttgart für alle und diskutieren faire Lösungsansätze, doch diese <AN>Frauen</AN> sehen die Verantwortung stärker beim Bund. Die Auswirkungen der Entscheidung werden noch geprüft.","0","1024","2","48000","-16","53","4","135","-66.0","69.0","61.0","114.0","experiment","3","odd","803478.7156000002","-810.0","-290.0","NA","4457.934600000954","4458.342600000833","35859.87100000057","53774.89570000034","803467.6966000006","53829.305499999464","849404.4393000004","34911.64700000081","NA","849359.3361000003","831201.6263999995","803467.7241000008","53829.33740000044","803467.5324","35854.89159999997","831198.5105000003","Experiment","0","0","0","13","1920","geprüft.","53","25","175"
"<AN>Frauen</AN>","C6","<RN>Unternehmer*innen</RN>","undefined","undefined","True","53","4","<AN>Frauen</AN>","132","-84.0","48.0","61.0","114.0","undefined","undefined","#232323","1620","psycho","True","umstritten","psycho","psycho","undefined","undefined","undefined","0","0","0","0","0","69","0","69","0","0","69","69","69","0","69","0","50","-810.0","-270.5","5","1152.0","97.40625553710605","Tue Jul 28 13:23:10 2026","The main experiment item","False","Bei einem Networking-Event stehen wirtschaftspolitische und gesellschaftliche Fragestellungen im Mittelpunkt der Diskussion. Die <RN>Unternehmer*innen</RN> brauchen weniger bürokratische Hürden und sprechen über Verbesserungen, doch diese <AN>Frauen</AN> fordern weitere steuerliche Entlastungen. Die Folgen dieser Positionen bleiben umstritten.","experiment.osexp","D:\ET_course_project_gender-bias\experiment","False","mono","False","39","no","white","no","yes","1080","4","right","psycho","178.0","3.0","117","3","69","69","D:\ET_course_project_gender-bias\experiment\subject-3.csv","150","psycho","an_found","Neonatal Nightingale","4.1.14","610.0","178.0","2","0","right","NA","right","right","right","23236.86099999945","NA","17914.597400000275","23236.86099999945","True","53","3","<RN>Unternehmer*innen</RN>","387","-810.0","-423.0","-56.0","-3.0","2","psycho","3","Bei einem Networking-Event stehen wirtschaftspolitische und gesellschaftliche Fragestellungen im Mittelpunkt der Diskussion. Die <RN>Unternehmer</RN> brauchen weniger bürokratische Hürden und sprechen über Verbesserungen, doch diese <AN>Männer</AN> fordern weitere steuerliche Entlastungen. Die Folgen dieser Positionen bleiben umstritten.","Bei einem Networking-Event stehen wirtschaftspolitische und gesellschaftliche Fragestellungen im Mittelpunkt der Diskussion. Die <RN>Unternehmer</RN> brauchen weniger bürokratische Hürden und sprechen über Verbesserungen, doch diese <AN>Männer</AN> fordern weitere steuerliche Entlastungen. Die Folgen dieser Positionen bleiben umstritten.","0","1024","2","48000","-16","53","4","132","48.0","180.0","61.0","114.0","experiment","3","odd","849445.6160999999","-810.0","-290.0","NA","4457.934600000954","4458.342600000833","35859.87100000057","53774.89570000034","849432.7824000011","53829.305499999464","915836.3301999997","34911.64700000081","NA","915791.1315000001","892553.5963000002","849432.8089999999","53829.33740000044","849432.6856000007","35854.89159999997","892550.5045999999","Experiment","0","0","0","14","1920","umstritten.","53","25","243"
"<AN>Frauen</AN>","C4","<RN>Studentinnen</RN>","undefined","undefined","True","53","4","<AN>Frauen</AN>","132","-84.0","48.0","61.0","114.0","undefined","undefined","#232323","1620","psycho","True","umstritten","psycho","psycho","undefined","undefined","undefined","0","0","0","0","0","70","0","70","0","0","70","70","70","0","70","0","50","-810.0","-270.5","5","1152.0","97.40625553710605","Tue Jul 28 13:23:10 2026","The main experiment item","False","Bei einem Networking-Event stehen wirtschaftspolitische und gesellschaftliche Fragestellungen im Mittelpunkt der Diskussion. Die <RN>Unternehmer*innen</RN> brauchen weniger bürokratische Hürden und sprechen über Verbesserungen, doch diese <AN>Frauen</AN> fordern weitere steuerliche Entlastungen. Die Folgen dieser Positionen bleiben umstritten.","experiment.osexp","D:\ET_course_project_gender-bias\experiment","False","mono","False","39","no","white","no","yes","1080","1","right","psycho","178.0","3.0","117","4","70","70","D:\ET_course_project_gender-bias\experiment\subject-3.csv","150","psycho","an_found","Neonatal Nightingale","4.1.14","610.0","178.0","2","0","right","NA","right","right","right","23236.86099999945","NA","17914.597400000275","23236.86099999945","True","53","3","<RN>Unternehmer*innen</RN>","387","-810.0","-423.0","-56.0","-3.0","2","psycho","3","Bei einem Networking-Event stehen wirtschaftspolitische und gesellschaftliche Fragestellungen im Mittelpunkt der Diskussion. Die <RN>Unternehmer</RN> brauchen weniger bürokratische Hürden und sprechen über Verbesserungen, doch diese <AN>Männer</AN> fordern weitere steuerliche Entlastungen. Die Folgen dieser Positionen bleiben umstritten.","Bei einer Podiumsdiskussion an der Universität wird über aktuelle gesellschaftliche Themen gesprochen. Die <RN>Studenten</RN> müssten wieder stärker leistungsorientiert gefördert werden, doch die Mehrheit dieser dort teilnehmenden <AN>Frauen</AN> kritisiert die neuen Anforderungen. Die weitere Entwicklung bleibt Gegenstand öffentlicher Debatten.","1","1024","2","48000","-16","53","4","132","48.0","180.0","61.0","114.0","experiment","3","odd","849445.6160999999","-810.0","-290.0","NA","4457.934600000954","4458.342600000833","35859.87100000057","53774.89570000034","915863.2952999996","53829.305499999464","915863.3344999999","34911.64700000081","NA","915791.1315000001","892553.5963000002","849432.8089999999","53829.33740000044","915863.1153999995","35854.89159999997","892550.5045999999","Experiment","0","0","0","14","1920","umstritten.","53","25","243"
"<AN>Männer</AN>","C5","<RN>Dozent*innen</RN>","undefined","undefined","True","53","4","<AN>Männer</AN>","135","-339.0","-204.0","61.0","114.0","undefined","undefined","#232323","1620","psycho","True","an","psycho","psycho","undefined","undefined","undefined","0","0","0","0","0","71","0","71","0","0","71","71","71","0","71","0","50","-810.0","-270.5","5","795.0","84.93977205903015","Tue Jul 28 13:23:10 2026","The main experiment item","False","Auf einer schulischen Tagung werden aktuelle Kontroversen rund um Vorlesungsführung und Leistungsbewertung diskutiert. Die <RN>Dozent*innen</RN> fordern erhöhte Leistungsorientierung und strengere Notenvergabe im Lehrplan, doch diese <AN>Männer</AN> stoßen dabei auf Gegendruck von Eltern. Die Debatte über das Thema hält weiter an.","experiment.osexp","D:\ET_course_project_gender-bias\experiment","False","mono","False","39","no","white","no","yes","1080","9","right","psycho","178.0","3.0","117","3","71","71","D:\ET_course_project_gender-bias\experiment\subject-3.csv","150","psycho","an_found","Neonatal Nightingale","4.1.14","69.0","178.0","2","0","right","NA","right","right","right","22229.0256999986","NA","17914.597400000275","22229.0256999986","True","53","2","<RN>Dozent*innen</RN>","272","488.0","760.0","-173.0","-120.0","2","psycho","3","Auf einer schulischen Tagung werden aktuelle Kontroversen rund um Vorlesungsführung und Leistungsbewertung diskutiert. Die <RN>Dozent*innen</RN> fordern erhöhte Leistungsorientierung und strengere Notenvergabe im Lehrplan, doch diese <AN>Männer</AN> stoßen dabei auf Gegendruck von Eltern. Die Debatte über das Thema hält weiter an.","Auf einer schulischen Tagung werden aktuelle Kontroversen rund um Vorlesungsführung und Leistungsbewertung diskutiert. Die <RN>Dozent*innen</RN> fordern erhöhte Leistungsorientierung und strengere Notenvergabe im Lehrplan, doch diese <AN>Männer</AN> stoßen dabei auf Gegendruck von Eltern. Die Debatte über das Thema hält weiter an.","0","1024","2","48000","-16","53","4","135","-204.0","-69.0","61.0","114.0","experiment","3","odd","915902.5560000009","-810.0","-290.0","NA","4457.934600000954","4458.342600000833","35859.87100000057","53774.89570000034","915890.9050000003","53829.305499999464","964284.4899000011","34911.64700000081","NA","964238.9679999996","942009.4932000011","915890.9518","53829.33740000044","915890.4691000007","35854.89159999997","942006.5037000004","Experiment","0","0","0","15","1920","an.","53","25","59"
"<AN>Männern</AN>","C3","<RN>Einwohnerinnen</RN>","undefined","undefined","True","53","4","<AN>Männern</AN>","158","-309.0","-151.0","61.0","114.0","undefined","undefined","#232323","1620","psycho","True","Debatten","psycho","psycho","undefined","undefined","undefined","0","0","0","0","0","72","0","72","0","0","72","72","72","0","72","0","50","-810.0","-270.5","5","981.0","66.89696141380415","Tue Jul 28 13:23:10 2026","The main experiment item","False","Im Rahmen einer öffentlichen Veranstaltung wird über Sicherheit, gesellschaftlichen Zusammenhalt und politische Reformen gesprochen. Die <RN>Einwohnerinnen</RN> wünschen sich Sicherheit und verlässliche Perspektiven, doch diese Gruppe von <AN>Männern</AN> sieht Reformbedarf im System. Die weitere Entwicklung bleibt Gegenstand öffentlicher Debatten.","experiment.osexp","D:\ET_course_project_gender-bias\experiment","False","mono","False","39","no","white","no","yes","1080","13","right","psycho","178.0","3.0","117","3","72","72","D:\ET_course_project_gender-bias\experiment\subject-3.csv","150","psycho","an_found","Neonatal Nightingale","4.1.14","393.0","178.0","2","0","right","NA","right","right","right","25093.109800000093","NA","17914.597400000275","25093.109800000093","True","53","3","<RN>Einwohnerinnen</RN>","317","-810.0","-493.0","-56.0","-3.0","2","psycho","3","Im Rahmen einer öffentlichen Veranstaltung wird über Sicherheit, gesellschaftlichen Zusammenhalt und politische Reformen gesprochen. Die <RN>Bürgerinnen</RN> wünschen sich Sicherheit und verlässliche Perspektiven, doch diese Gruppe von <AN>Frauen</AN> sieht Reformbedarf im System. Die weitere Entwicklung bleibt Gegenstand öffentlicher Debatten.","Im Rahmen einer öffentlichen Veranstaltung wird über Sicherheit, gesellschaftlichen Zusammenhalt und politische Reformen gesprochen. Die <RN>Bürgerinnen</RN> wünschen sich Sicherheit und verlässliche Perspektiven, doch diese Gruppe von <AN>Frauen</AN> sieht Reformbedarf im System. Die weitere Entwicklung bleibt Gegenstand öffentlicher Debatten.","0","1024","2","48000","-16","53","4","158","-151.0","7.0","61.0","114.0","experiment","3","odd","964328.5964000006","-810.0","-290.0","NA","4457.934600000954","4458.342600000833","35859.87100000057","53774.89570000034","964313.8412000007","53829.305499999464","1022172.9754999997","34911.64700000081","NA","1022127.2036999998","997033.3528999999","964313.8878000008","53829.33740000044","964313.5510000011","35854.89159999997","997030.4928000005","Experiment","0","0","0","16","1920","Debatten.","53","25","197"
"<AN>Frauen</AN>","C2","<RN>Aktivisten</RN>","undefined","undefined","True","53","4","<AN>Männern</AN>","158","-309.0","-151.0","61.0","114.0","undefined","undefined","#232323","1620","psycho","True","Debatten","psycho","psycho","undefined","undefined","undefined","0","0","0","0","0","73","0","73","0","0","73","73","73","0","73","0","50","-810.0","-270.5","5","981.0","66.89696141380415","Tue Jul 28 13:23:10 2026","The main experiment item","False","Im Rahmen einer öffentlichen Veranstaltung wird über Sicherheit, gesellschaftlichen Zusammenhalt und politische Reformen gesprochen. Die <RN>Einwohnerinnen</RN> wünschen sich Sicherheit und verlässliche Perspektiven, doch diese Gruppe von <AN>Männern</AN> sieht Reformbedarf im System. Die weitere Entwicklung bleibt Gegenstand öffentlicher Debatten.","experiment.osexp","D:\ET_course_project_gender-bias\experiment","False","mono","False","39","no","white","no","yes","1080","11","right","psycho","178.0","3.0","117","4","73","73","D:\ET_course_project_gender-bias\experiment\subject-3.csv","150","psycho","an_found","Neonatal Nightingale","4.1.14","393.0","178.0","2","0","right","NA","right","right","right","25093.109800000093","NA","17914.597400000275","25093.109800000093","True","53","3","<RN>Einwohnerinnen</RN>","317","-810.0","-493.0","-56.0","-3.0","2","psycho","3","Im Rahmen einer öffentlichen Veranstaltung wird über Sicherheit, gesellschaftlichen Zusammenhalt und politische Reformen gesprochen. Die <RN>Bürgerinnen</RN> wünschen sich Sicherheit und verlässliche Perspektiven, doch diese Gruppe von <AN>Frauen</AN> sieht Reformbedarf im System. Die weitere Entwicklung bleibt Gegenstand öffentlicher Debatten.","Auf einer öffentlichen Veranstaltung werden aktuelle wohnungs- und gesellschaftspolitische Themen diskutiert. Die <RN>Aktivist*innen</RN> fordern mehr bezahlbaren Wohnraum in Stuttgart für alle und diskutieren faire Lösungsansätze, doch diese <AN>Frauen</AN> sehen die Verantwortung stärker beim Bund. Die Auswirkungen der Entscheidung werden noch geprüft.","1","1024","2","48000","-16","53","4","158","-151.0","7.0","61.0","114.0","experiment","3","odd","964328.5964000006","-810.0","-290.0","NA","4457.934600000954","4458.342600000833","35859.87100000057","53774.89570000034","1022200.6856000007","53829.305499999464","1022200.7324000006","34911.64700000081","NA","1022127.2036999998","997033.3528999999","964313.8878000008","53829.33740000044","1022200.3256999997","35854.89159999997","997030.4928000005","Experiment","0","0","0","16","1920","Debatten.","53","25","197"
"<AN>Männer</AN>","C1","<RN>Experten</RN>","undefined","undefined","True","53","4","<AN>Männern</AN>","158","-309.0","-151.0","61.0","114.0","undefined","undefined","#232323","1620","psycho","True","Debatten","psycho","psycho","undefined","undefined","undefined","0","0","0","0","0","74","0","74","0","0","74","74","74","0","74","0","50","-810.0","-270.5","5","981.0","66.89696141380415","Tue Jul 28 13:23:10 2026","The main experiment item","False","Im Rahmen einer öffentlichen Veranstaltung wird über Sicherheit, gesellschaftlichen Zusammenhalt und politische Reformen gesprochen. Die <RN>Einwohnerinnen</RN> wünschen sich Sicherheit und verlässliche Perspektiven, doch diese Gruppe von <AN>Männern</AN> sieht Reformbedarf im System. Die weitere Entwicklung bleibt Gegenstand öffentlicher Debatten.","experiment.osexp","D:\ET_course_project_gender-bias\experiment","False","mono","False","39","no","white","no","yes","1080","14","right","psycho","178.0","3.0","117","6","74","74","D:\ET_course_project_gender-bias\experiment\subject-3.csv","150","psycho","an_found","Neonatal Nightingale","4.1.14","393.0","178.0","2","0","right","NA","right","right","right","25093.109800000093","NA","17914.597400000275","25093.109800000093","True","53","3","<RN>Einwohnerinnen</RN>","317","-810.0","-493.0","-56.0","-3.0","2","psycho","3","Im Rahmen einer öffentlichen Veranstaltung wird über Sicherheit, gesellschaftlichen Zusammenhalt und politische Reformen gesprochen. Die <RN>Bürgerinnen</RN> wünschen sich Sicherheit und verlässliche Perspektiven, doch diese Gruppe von <AN>Frauen</AN> sieht Reformbedarf im System. Die weitere Entwicklung bleibt Gegenstand öffentlicher Debatten.","Auf einer öffentlichen Veranstaltung stehen Investitionen und langfristige gesellschaftliche Entwicklungen zur Diskussion. Die <RN>Fachfrauen</RN> unterstützen höhere Investitionen und langfristige Entwicklungen, doch diese <AN>Männer</AN> kritisieren die Umsetzung. Die politischen Folgen werden unterschiedlich bewertet.","1","1024","2","48000","-16","53","4","158","-151.0","7.0","61.0","114.0","experiment","3","odd","964328.5964000006","-810.0","-290.0","NA","4457.934600000954","4458.342600000833","35859.87100000057","53774.89570000034","1022227.7764999999","53829.305499999464","1022227.8299999998","34911.64700000081","NA","1022127.2036999998","997033.3528999999","964313.8878000008","53829.33740000044","1022227.5029000011","35854.89159999997","997030.4928000005","Experiment","0","0","0","16","1920","Debatten.","53","25","197"
"<AN>Männern</AN>","C5","<RN>Expert*innen</RN>","undefined","undefined","True","53","4","<AN>Männern</AN>","158","-309.0","-151.0","61.0","114.0","undefined","undefined","#232323","1620","psycho","True","Debatten","psycho","psycho","undefined","undefined","undefined","0","0","0","0","0","75","0","75","0","0","75","75","75","0","75","0","50","-810.0","-270.5","5","981.0","66.89696141380415","Tue Jul 28 13:23:10 2026","The main experiment item","False","Im Rahmen einer öffentlichen Veranstaltung wird über Sicherheit, gesellschaftlichen Zusammenhalt und politische Reformen gesprochen. Die <RN>Einwohnerinnen</RN> wünschen sich Sicherheit und verlässliche Perspektiven, doch diese Gruppe von <AN>Männern</AN> sieht Reformbedarf im System. Die weitere Entwicklung bleibt Gegenstand öffentlicher Debatten.","experiment.osexp","D:\ET_course_project_gender-bias\experiment","False","mono","False","39","no","white","no","yes","1080","10","right","psycho","178.0","3.0","117","2","75","75","D:\ET_course_project_gender-bias\experiment\subject-3.csv","150","psycho","an_found","Neonatal Nightingale","4.1.14","393.0","178.0","2","0","right","NA","right","right","right","25093.109800000093","NA","17914.597400000275","25093.109800000093","True","53","3","<RN>Einwohnerinnen</RN>","317","-810.0","-493.0","-56.0","-3.0","2","psycho","3","Im Rahmen einer öffentlichen Veranstaltung wird über Sicherheit, gesellschaftlichen Zusammenhalt und politische Reformen gesprochen. Die <RN>Bürgerinnen</RN> wünschen sich Sicherheit und verlässliche Perspektiven, doch diese Gruppe von <AN>Frauen</AN> sieht Reformbedarf im System. Die weitere Entwicklung bleibt Gegenstand öffentlicher Debatten.","Im Rahmen einer universitären Veranstaltung werden aktuelle Fragestellungen der Rüstungsindustrie behandelt. Die große Mehrheit dieser <RN>Fachleute</RN> sehen eine stärkere Aufrüstung für Deutschland als notwendig, doch diese Gruppe von <AN>Frauen</AN> kritisiert dessen Finanzierung. Die Auswirkungen der Entscheidung werden noch geprüft.","1","1024","2","48000","-16","53","4","158","-151.0","7.0","61.0","114.0","experiment","3","odd","964328.5964000006","-810.0","-290.0","NA","4457.934600000954","4458.342600000833","35859.87100000057","53774.89570000034","1022256.1478000007","53829.305499999464","1022256.1879999994","34911.64700000081","NA","1022127.2036999998","997033.3528999999","964313.8878000008","53829.33740000044","1022255.9385000004","35854.89159999997","997030.4928000005","Experiment","0","0","0","16","1920","Debatten.","53","25","197"
"<AN>Frauen</AN>","C6","<RN>Expert*innen</RN>","undefined","undefined","True","53","4","<AN>Männern</AN>","158","-309.0","-151.0","61.0","114.0","undefined","undefined","#232323","1620","psycho","True","Debatten","psycho","psycho","undefined","undefined","undefined","0","0","0","0","0","76","0","76","0","0","76","76","76","0","76","0","50","-810.0","-270.5","5","981.0","66.89696141380415","Tue Jul 28 13:23:10 2026","The main experiment item","False","Im Rahmen einer öffentlichen Veranstaltung wird über Sicherheit, gesellschaftlichen Zusammenhalt und politische Reformen gesprochen. Die <RN>Einwohnerinnen</RN> wünschen sich Sicherheit und verlässliche Perspektiven, doch diese Gruppe von <AN>Männern</AN> sieht Reformbedarf im System. Die weitere Entwicklung bleibt Gegenstand öffentlicher Debatten.","experiment.osexp","D:\ET_course_project_gender-bias\experiment","False","mono","False","39","no","white","no","yes","1080","7","right","psycho","178.0","3.0","117","6","76","76","D:\ET_course_project_gender-bias\experiment\subject-3.csv","150","psycho","an_found","Neonatal Nightingale","4.1.14","393.0","178.0","2","0","right","NA","right","right","right","25093.109800000093","NA","17914.597400000275","25093.109800000093","True","53","3","<RN>Einwohnerinnen</RN>","317","-810.0","-493.0","-56.0","-3.0","2","psycho","3","Im Rahmen einer öffentlichen Veranstaltung wird über Sicherheit, gesellschaftlichen Zusammenhalt und politische Reformen gesprochen. Die <RN>Bürgerinnen</RN> wünschen sich Sicherheit und verlässliche Perspektiven, doch diese Gruppe von <AN>Frauen</AN> sieht Reformbedarf im System. Die weitere Entwicklung bleibt Gegenstand öffentlicher Debatten.","Beim Sommerfest eines Unternehmens wird über wirtschaftliche Entwicklungen und gesellschaftliche Herausforderungen diskutiert. Die <RN>Fachleute</RN> sehen große Herausforderungen im nächsten Geschäftsjahr, dennoch bleiben diese <AN>Männer</AN> optimistisch. Die unternehmerischen Folgen werden unterschiedlich bewertet.","1","1024","2","48000","-16","53","4","158","-151.0","7.0","61.0","114.0","experiment","3","odd","964328.5964000006","-810.0","-290.0","NA","4457.934600000954","4458.342600000833","35859.87100000057","53774.89570000034","1022282.3196999998","53829.305499999464","1022282.3609000007","34911.64700000081","NA","1022127.2036999998","997033.3528999999","964313.8878000008","53829.33740000044","1022282.1249000008","35854.89159999997","997030.4928000005","Experiment","0","0","0","16","1920","Debatten.","53","25","197"
"<AN>Männer</AN>","C3","<RN>Aktivistinnen</RN>","undefined","undefined","True","53","4","<AN>Männern</AN>","158","-309.0","-151.0","61.0","114.0","undefined","undefined","#232323","1620","psycho","True","Debatten","psycho","psycho","undefined","undefined","undefined","0","0","0","0","0","77","0","77","0","0","77","77","77","0","77","0","50","-810.0","-270.5","5","981.0","66.89696141380415","Tue Jul 28 13:23:10 2026","The main experiment item","False","Im Rahmen einer öffentlichen Veranstaltung wird über Sicherheit, gesellschaftlichen Zusammenhalt und politische Reformen gesprochen. Die <RN>Einwohnerinnen</RN> wünschen sich Sicherheit und verlässliche Perspektiven, doch diese Gruppe von <AN>Männern</AN> sieht Reformbedarf im System. Die weitere Entwicklung bleibt Gegenstand öffentlicher Debatten.","experiment.osexp","D:\ET_course_project_gender-bias\experiment","False","mono","False","39","no","white","no","yes","1080","11","right","psycho","178.0","3.0","117","5","77","77","D:\ET_course_project_gender-bias\experiment\subject-3.csv","150","psycho","an_found","Neonatal Nightingale","4.1.14","393.0","178.0","2","0","right","NA","right","right","right","25093.109800000093","NA","17914.597400000275","25093.109800000093","True","53","3","<RN>Einwohnerinnen</RN>","317","-810.0","-493.0","-56.0","-3.0","2","psycho","3","Im Rahmen einer öffentlichen Veranstaltung wird über Sicherheit, gesellschaftlichen Zusammenhalt und politische Reformen gesprochen. Die <RN>Bürgerinnen</RN> wünschen sich Sicherheit und verlässliche Perspektiven, doch diese Gruppe von <AN>Frauen</AN> sieht Reformbedarf im System. Die weitere Entwicklung bleibt Gegenstand öffentlicher Debatten.","Auf einer öffentlichen Veranstaltung werden aktuelle wohnungs- und gesellschaftspolitische Themen diskutiert. Die <RN>Aktivist*innen</RN> fordern mehr bezahlbaren Wohnraum in Stuttgart und diskutieren faire Lösungsansätze, doch diese <AN>Frauen</AN> sehen die Verantwortung stärker beim Bund. Die Auswirkungen der Entscheidung werden noch geprüft.","1","1024","2","48000","-16","53","4","158","-151.0","7.0","61.0","114.0","experiment","3","odd","964328.5964000006","-810.0","-290.0","NA","4457.934600000954","4458.342600000833","35859.87100000057","53774.89570000034","1022308.3454000007","53829.305499999464","1022308.398000001","34911.64700000081","NA","1022127.2036999998","997033.3528999999","964313.8878000008","53829.33740000044","1022308.1602000002","35854.89159999997","997030.4928000005","Experiment","0","0","0","16","1920","Debatten.","53","25","197"
"<AN>Männer</AN>","C3","<RN>Dozentinnen</RN>","undefined","undefined","True","53","4","<AN>Männern</AN>","158","-309.0","-151.0","61.0","114.0","undefined","undefined","#232323","1620","psycho","True","Debatten","psycho","psycho","undefined","undefined","undefined","0","0","0","0","0","78","0","78","0","0","78","78","78","0","78","0","50","-810.0","-270.5","5","981.0","66.89696141380415","Tue Jul 28 13:23:10 2026","The main experiment item","False","Im Rahmen einer öffentlichen Veranstaltung wird über Sicherheit, gesellschaftlichen Zusammenhalt und politische Reformen gesprochen. Die <RN>Einwohnerinnen</RN> wünschen sich Sicherheit und verlässliche Perspektiven, doch diese Gruppe von <AN>Männern</AN> sieht Reformbedarf im System. Die weitere Entwicklung bleibt Gegenstand öffentlicher Debatten.","experiment.osexp","D:\ET_course_project_gender-bias\experiment","False","mono","False","39","no","white","no","yes","1080","9","right","psycho","178.0","3.0","117","1","78","78","D:\ET_course_project_gender-bias\experiment\subject-3.csv","150","psycho","an_found","Neonatal Nightingale","4.1.14","393.0","178.0","2","0","right","NA","right","right","right","25093.109800000093","NA","17914.597400000275","25093.109800000093","True","53","3","<RN>Einwohnerinnen</RN>","317","-810.0","-493.0","-56.0","-3.0","2","psycho","3","Im Rahmen einer öffentlichen Veranstaltung wird über Sicherheit, gesellschaftlichen Zusammenhalt und politische Reformen gesprochen. Die <RN>Bürgerinnen</RN> wünschen sich Sicherheit und verlässliche Perspektiven, doch diese Gruppe von <AN>Frauen</AN> sieht Reformbedarf im System. Die weitere Entwicklung bleibt Gegenstand öffentlicher Debatten.","Auf einer schulischen Tagung werden aktuelle Kontroversen rund um Vorlesungsführung und Leistungsbewertung diskutiert. Die <RN>Dozent*innen</RN> fordern erhöhte Leistungsorientierung und strengere Notenvergabe im Lehrplan, doch diese <AN>Männer</AN> stoßen dabei auf Gegendruck von Eltern. Die Debatte über das Thema hält weiter an.","1","1024","2","48000","-16","53","4","158","-151.0","7.0","61.0","114.0","experiment","3","odd","964328.5964000006","-810.0","-290.0","NA","4457.934600000954","4458.342600000833","35859.87100000057","53774.89570000034","1022337.6183","53829.305499999464","1022337.6558","34911.64700000081","NA","1022127.2036999998","997033.3528999999","964313.8878000008","53829.33740000044","1022337.4416000006","35854.89159999997","997030.4928000005","Experiment","0","0","0","16","1920","Debatten.","53","25","197"
"<AN>Frauen</AN>","C6","<RN>Einwohner*innen</RN>","undefined","undefined","True","53","4","<AN>Männern</AN>","158","-309.0","-151.0","61.0","114.0","undefined","undefined","#232323","1620","psycho","True","Debatten","psycho","psycho","undefined","undefined","undefined","0","0","0","0","0","79","0","79","0","0","79","79","79","0","79","0","50","-810.0","-270.5","5","981.0","66.89696141380415","Tue Jul 28 13:23:10 2026","The main experiment item","False","Im Rahmen einer öffentlichen Veranstaltung wird über Sicherheit, gesellschaftlichen Zusammenhalt und politische Reformen gesprochen. Die <RN>Einwohnerinnen</RN> wünschen sich Sicherheit und verlässliche Perspektiven, doch diese Gruppe von <AN>Männern</AN> sieht Reformbedarf im System. Die weitere Entwicklung bleibt Gegenstand öffentlicher Debatten.","experiment.osexp","D:\ET_course_project_gender-bias\experiment","False","mono","False","39","no","white","no","yes","1080","13","right","psycho","178.0","3.0","117","6","79","79","D:\ET_course_project_gender-bias\experiment\subject-3.csv","150","psycho","an_found","Neonatal Nightingale","4.1.14","393.0","178.0","2","0","right","NA","right","right","right","25093.109800000093","NA","17914.597400000275","25093.109800000093","True","53","3","<RN>Einwohnerinnen</RN>","317","-810.0","-493.0","-56.0","-3.0","2","psycho","3","Im Rahmen einer öffentlichen Veranstaltung wird über Sicherheit, gesellschaftlichen Zusammenhalt und politische Reformen gesprochen. Die <RN>Bürgerinnen</RN> wünschen sich Sicherheit und verlässliche Perspektiven, doch diese Gruppe von <AN>Frauen</AN> sieht Reformbedarf im System. Die weitere Entwicklung bleibt Gegenstand öffentlicher Debatten.","Im Rahmen einer öffentlichen Veranstaltung wird über Sicherheit, gesellschaftlichen Zusammenhalt und politische Reformen gesprochen. Die <RN>Bürgerinnen</RN> wünschen sich Sicherheit und verlässliche Perspektiven, doch diese Gruppe von <AN>Frauen</AN> sieht Reformbedarf im System. Die weitere Entwicklung bleibt Gegenstand öffentlicher Debatten.","1","1024","2","48000","-16","53","4","158","-151.0","7.0","61.0","114.0","experiment","3","odd","964328.5964000006","-810.0","-290.0","NA","4457.934600000954","4458.342600000833","35859.87100000057","53774.89570000034","1022363.9535000002","53829.305499999464","1022364.0109000007","34911.64700000081","NA","1022127.2036999998","997033.3528999999","964313.8878000008","53829.33740000044","1022363.7749999998","35854.89159999997","997030.4928000005","Experiment","0","0","0","16","1920","Debatten.","53","25","197"
"<AN>Männer</AN>","C3","<RN>Einwohnerinnen</RN>","undefined","undefined","True","53","4","<AN>Männern</AN>","158","-309.0","-151.0","61.0","114.0","undefined","undefined","#232323","1620","psycho","True","Debatten","psycho","psycho","undefined","undefined","undefined","0","0","0","0","0","80","0","80","0","0","80","80","80","0","80","0","50","-810.0","-270.5","5","981.0","66.89696141380415","Tue Jul 28 13:23:10 2026","The main experiment item","False","Im Rahmen einer öffentlichen Veranstaltung wird über Sicherheit, gesellschaftlichen Zusammenhalt und politische Reformen gesprochen. Die <RN>Einwohnerinnen</RN> wünschen sich Sicherheit und verlässliche Perspektiven, doch diese Gruppe von <AN>Männern</AN> sieht Reformbedarf im System. Die weitere Entwicklung bleibt Gegenstand öffentlicher Debatten.","experiment.osexp","D:\ET_course_project_gender-bias\experiment","False","mono","False","39","no","white","no","yes","1080","8","right","psycho","178.0","3.0","117","2","80","80","D:\ET_course_project_gender-bias\experiment\subject-3.csv","150","psycho","an_found","Neonatal Nightingale","4.1.14","393.0","178.0","2","0","right","NA","right","right","right","25093.109800000093","NA","17914.597400000275","25093.109800000093","True","53","3","<RN>Einwohnerinnen</RN>","317","-810.0","-493.0","-56.0","-3.0","2","psycho","3","Im Rahmen einer öffentlichen Veranstaltung wird über Sicherheit, gesellschaftlichen Zusammenhalt und politische Reformen gesprochen. Die <RN>Bürgerinnen</RN> wünschen sich Sicherheit und verlässliche Perspektiven, doch diese Gruppe von <AN>Frauen</AN> sieht Reformbedarf im System. Die weitere Entwicklung bleibt Gegenstand öffentlicher Debatten.","Im Rahmen einer öffentlichen Veranstaltung wird derzeit über Fragen der inneren Sicherheit und gesellschaftliche Entwicklungen gesprochen. Die <RN>Bürger</RN> diskutieren über Fragen der inneren Sicherheit bezüglich der aktuellen Krise, doch diese <AN>Männer</AN> fordern härtere Maßnahmen. Die weiteren Maßnahmen stoßen auf geteilte Reaktionen.","1","1024","2","48000","-16","53","4","158","-151.0","7.0","61.0","114.0","experiment","3","odd","964328.5964000006","-810.0","-290.0","NA","4457.934600000954","4458.342600000833","35859.87100000057","53774.89570000034","1022390.5654000009","53829.305499999464","1022390.6035","34911.64700000081","NA","1022127.2036999998","997033.3528999999","964313.8878000008","53829.33740000044","1022390.3604999996","35854.89159999997","997030.4928000005","Experiment","0","0","0","16","1920","Debatten.","53","25","197"
"<AN>Frauen</AN>","C2","<RN>Polizisten</RN>","undefined","undefined","True","53","4","<AN>Frauen</AN>","132","-202.0","-70.0","61.0","114.0","undefined","undefined","#232323","1620","psycho","True","verhandelt","psycho","psycho","undefined","undefined","undefined","0","0","0","0","0","81","0","81","0","0","81","81","81","0","81","0","50","-810.0","-270.5","5","1026.0","80.98323772435874","Tue Jul 28 13:23:10 2026","The main experiment item","False","Bei einer öffentlichen Sitzung im Rathaus wird über neue Verkehrsregelungen gesprochen. Die <RN>Polizisten</RN> diskutieren laut über mehr Sicherheit im Straßenverkehr und setzen sich für strengere Kontrollen ein, doch diese <AN>Frauen</AN> lehnen die Vorschläge ab. Die nächsten Maßnahmen werden derzeit kontrovers verhandelt.","experiment.osexp","D:\ET_course_project_gender-bias\experiment","False","mono","False","39","no","white","no","yes","1080","18","right","psycho","178.0","3.0","117","3","81","81","D:\ET_course_project_gender-bias\experiment\subject-3.csv","150","psycho","an_found","Neonatal Nightingale","4.1.14","485.0","178.0","2","0","right","NA","right","right","right","23892.76500000048","NA","17914.597400000275","23892.76500000048","True","53","2","<RN>Polizisten</RN>","225","-13.0","212.0","-173.0","-120.0","2","psycho","3","Bei einer öffentlichen Sitzung im Rathaus wird über neue Verkehrsregelungen gesprochen. Die <RN>Polizistinnen</RN> diskutieren laut über mehr Sicherheit im Straßenverkehr und setzen sich für strengere Kontrollen ein, doch diese <AN>Männer</AN> lehnen die Vorschläge ab. Die nächsten Maßnahmen werden derzeit kontrovers verhandelt.","Bei einer öffentlichen Sitzung im Rathaus wird über neue Verkehrsregelungen gesprochen. Die <RN>Polizistinnen</RN> diskutieren laut über mehr Sicherheit im Straßenverkehr und setzen sich für strengere Kontrollen ein, doch diese <AN>Männer</AN> lehnen die Vorschläge ab. Die nächsten Maßnahmen werden derzeit kontrovers verhandelt.","0","1024","2","48000","-16","53","4","132","-70.0","62.0","61.0","114.0","experiment","3","odd","1022428.9009000004","-810.0","-290.0","NA","4457.934600000954","4458.342600000833","35859.87100000057","53774.89570000034","1022416.9992999996","53829.305499999464","1065476.114500001","34911.64700000081","NA","1065431.049500001","1041537.7803999999","1022417.0267999998","53829.33740000044","1022416.9012000002","35854.89159999997","1041534.4729000008","Experiment","0","0","0","17","1920","verhandelt.","53","25","244"
"<AN>Männer</AN>","C5","<RN>Expert*innen</RN>","undefined","undefined","True","53","4","<AN>Frauen</AN>","132","-202.0","-70.0","61.0","114.0","undefined","undefined","#232323","1620","psycho","True","verhandelt","psycho","psycho","undefined","undefined","undefined","0","0","0","0","0","82","0","82","0","0","82","82","82","0","82","0","50","-810.0","-270.5","5","1026.0","80.98323772435874","Tue Jul 28 13:23:10 2026","The main experiment item","False","Bei einer öffentlichen Sitzung im Rathaus wird über neue Verkehrsregelungen gesprochen. Die <RN>Polizisten</RN> diskutieren laut über mehr Sicherheit im Straßenverkehr und setzen sich für strengere Kontrollen ein, doch diese <AN>Frauen</AN> lehnen die Vorschläge ab. Die nächsten Maßnahmen werden derzeit kontrovers verhandelt.","experiment.osexp","D:\ET_course_project_gender-bias\experiment","False","mono","False","39","no","white","no","yes","1080","14","right","psycho","178.0","3.0","117","4","82","82","D:\ET_course_project_gender-bias\experiment\subject-3.csv","150","psycho","an_found","Neonatal Nightingale","4.1.14","485.0","178.0","2","0","right","NA","right","right","right","23892.76500000048","NA","17914.597400000275","23892.76500000048","True","53","2","<RN>Polizisten</RN>","225","-13.0","212.0","-173.0","-120.0","2","psycho","3","Bei einer öffentlichen Sitzung im Rathaus wird über neue Verkehrsregelungen gesprochen. Die <RN>Polizistinnen</RN> diskutieren laut über mehr Sicherheit im Straßenverkehr und setzen sich für strengere Kontrollen ein, doch diese <AN>Männer</AN> lehnen die Vorschläge ab. Die nächsten Maßnahmen werden derzeit kontrovers verhandelt.","Auf einer öffentlichen Veranstaltung stehen Investitionen und langfristige gesellschaftliche Entwicklungen zur Diskussion. Die <RN>Fachfrauen</RN> unterstützen höhere Investitionen und langfristige Entwicklungen, doch diese <AN>Männer</AN> kritisieren die Umsetzung. Die politischen Folgen werden unterschiedlich bewertet.","1","1024","2","48000","-16","53","4","132","-70.0","62.0","61.0","114.0","experiment","3","odd","1022428.9009000004","-810.0","-290.0","NA","4457.934600000954","4458.342600000833","35859.87100000057","53774.89570000034","1065503.4608000005","53829.305499999464","1065503.4993999999","34911.64700000081","NA","1065431.049500001","1041537.7803999999","1022417.0267999998","53829.33740000044","1065503.3495000007","35854.89159999997","1041534.4729000008","Experiment","0","0","0","17","1920","verhandelt.","53","25","244"
"<AN>Männer</AN>","C3","<RN>Lehrerinnen</RN>","undefined","undefined","True","53","4","<AN>Frauen</AN>","132","-202.0","-70.0","61.0","114.0","undefined","undefined","#232323","1620","psycho","True","verhandelt","psycho","psycho","undefined","undefined","undefined","0","0","0","0","0","83","0","83","0","0","83","83","83","0","83","0","50","-810.0","-270.5","5","1026.0","80.98323772435874","Tue Jul 28 13:23:10 2026","The main experiment item","False","Bei einer öffentlichen Sitzung im Rathaus wird über neue Verkehrsregelungen gesprochen. Die <RN>Polizisten</RN> diskutieren laut über mehr Sicherheit im Straßenverkehr und setzen sich für strengere Kontrollen ein, doch diese <AN>Frauen</AN> lehnen die Vorschläge ab. Die nächsten Maßnahmen werden derzeit kontrovers verhandelt.","experiment.osexp","D:\ET_course_project_gender-bias\experiment","False","mono","False","39","no","white","no","yes","1080","6","right","psycho","178.0","3.0","117","4","83","83","D:\ET_course_project_gender-bias\experiment\subject-3.csv","150","psycho","an_found","Neonatal Nightingale","4.1.14","485.0","178.0","2","0","right","NA","right","right","right","23892.76500000048","NA","17914.597400000275","23892.76500000048","True","53","2","<RN>Polizisten</RN>","225","-13.0","212.0","-173.0","-120.0","2","psycho","3","Bei einer öffentlichen Sitzung im Rathaus wird über neue Verkehrsregelungen gesprochen. Die <RN>Polizistinnen</RN> diskutieren laut über mehr Sicherheit im Straßenverkehr und setzen sich für strengere Kontrollen ein, doch diese <AN>Männer</AN> lehnen die Vorschläge ab. Die nächsten Maßnahmen werden derzeit kontrovers verhandelt.","Auf einer Konferenz zu Bildungsfragen in Stuttgart wird derzeit über aktuelle schulische Themen gesprochen. Die <RN>Lehrer</RN> sollen mehr auf Disziplin und Konsequenzen im Unterricht setzen, doch aus pädagogischen Gründen lehnen diese <AN>Frauen</AN> die Vorschläge ab. Die kommenden Entwicklungen sind weiterhin Gegenstand von Diskussionen.","1","1024","2","48000","-16","53","4","132","-70.0","62.0","61.0","114.0","experiment","3","odd","1022428.9009000004","-810.0","-290.0","NA","4457.934600000954","4458.342600000833","35859.87100000057","53774.89570000034","1065529.8295000012","53829.305499999464","1065529.8755000003","34911.64700000081","NA","1065431.049500001","1041537.7803999999","1022417.0267999998","53829.33740000044","1065529.5103999998","35854.89159999997","1041534.4729000008","Experiment","0","0","0","17","1920","verhandelt.","53","25","244"
"<AN>Männer</AN>","C1","<RN>Experten</RN>","undefined","undefined","True","53","4","<AN>Frauen</AN>","132","-202.0","-70.0","61.0","114.0","undefined","undefined","#232323","1620","psycho","True","verhandelt","psycho","psycho","undefined","undefined","undefined","0","0","0","0","0","84","0","84","0","0","84","84","84","0","84","0","50","-810.0","-270.5","5","1026.0","80.98323772435874","Tue Jul 28 13:23:10 2026","The main experiment item","False","Bei einer öffentlichen Sitzung im Rathaus wird über neue Verkehrsregelungen gesprochen. Die <RN>Polizisten</RN> diskutieren laut über mehr Sicherheit im Straßenverkehr und setzen sich für strengere Kontrollen ein, doch diese <AN>Frauen</AN> lehnen die Vorschläge ab. Die nächsten Maßnahmen werden derzeit kontrovers verhandelt.","experiment.osexp","D:\ET_course_project_gender-bias\experiment","False","mono","False","39","no","white","no","yes","1080","7","right","psycho","178.0","3.0","117","1","84","84","D:\ET_course_project_gender-bias\experiment\subject-3.csv","150","psycho","an_found","Neonatal Nightingale","4.1.14","485.0","178.0","2","0","right","NA","right","right","right","23892.76500000048","NA","17914.597400000275","23892.76500000048","True","53","2","<RN>Polizisten</RN>","225","-13.0","212.0","-173.0","-120.0","2","psycho","3","Bei einer öffentlichen Sitzung im Rathaus wird über neue Verkehrsregelungen gesprochen. Die <RN>Polizistinnen</RN> diskutieren laut über mehr Sicherheit im Straßenverkehr und setzen sich für strengere Kontrollen ein, doch diese <AN>Männer</AN> lehnen die Vorschläge ab. Die nächsten Maßnahmen werden derzeit kontrovers verhandelt.","Beim Sommerfest eines Unternehmens wird über wirtschaftliche Entwicklungen und gesellschaftliche Herausforderungen diskutiert. Die <RN>Fachleute</RN> sehen große Herausforderungen im nächsten Geschäftsjahr, dennoch bleiben diese <AN>Männer</AN> optimistisch. Die unternehmerischen Folgen werden unterschiedlich bewertet.","1","1024","2","48000","-16","53","4","132","-70.0","62.0","61.0","114.0","experiment","3","odd","1022428.9009000004","-810.0","-290.0","NA","4457.934600000954","4458.342600000833","35859.87100000057","53774.89570000034","1065558.3406999994","53829.305499999464","1065558.3881000003","34911.64700000081","NA","1065431.049500001","1041537.7803999999","1022417.0267999998","53829.33740000044","1065557.7961","35854.89159999997","1041534.4729000008","Experiment","0","0","0","17","1920","verhandelt.","53","25","244"
"<AN>Männer</AN>","C5","<RN>Ingenieur*innen</RN>","undefined","undefined","True","53","4","<AN>Frauen</AN>","132","-202.0","-70.0","61.0","114.0","undefined","undefined","#232323","1620","psycho","True","verhandelt","psycho","psycho","undefined","undefined","undefined","0","0","0","0","0","85","0","85","0","0","85","85","85","0","85","0","50","-810.0","-270.5","5","1026.0","80.98323772435874","Tue Jul 28 13:23:10 2026","The main experiment item","False","Bei einer öffentlichen Sitzung im Rathaus wird über neue Verkehrsregelungen gesprochen. Die <RN>Polizisten</RN> diskutieren laut über mehr Sicherheit im Straßenverkehr und setzen sich für strengere Kontrollen ein, doch diese <AN>Frauen</AN> lehnen die Vorschläge ab. Die nächsten Maßnahmen werden derzeit kontrovers verhandelt.","experiment.osexp","D:\ET_course_project_gender-bias\experiment","False","mono","False","39","no","white","no","yes","1080","17","right","psycho","178.0","3.0","117","1","85","85","D:\ET_course_project_gender-bias\experiment\subject-3.csv","150","psycho","an_found","Neonatal Nightingale","4.1.14","485.0","178.0","2","0","right","NA","right","right","right","23892.76500000048","NA","17914.597400000275","23892.76500000048","True","53","2","<RN>Polizisten</RN>","225","-13.0","212.0","-173.0","-120.0","2","psycho","3","Bei einer öffentlichen Sitzung im Rathaus wird über neue Verkehrsregelungen gesprochen. Die <RN>Polizistinnen</RN> diskutieren laut über mehr Sicherheit im Straßenverkehr und setzen sich für strengere Kontrollen ein, doch diese <AN>Männer</AN> lehnen die Vorschläge ab. Die nächsten Maßnahmen werden derzeit kontrovers verhandelt.","Im Rahmen einer städtischen Planungsrunde wird über die zukünftige Mobilität und den Ausbau des Nahverkehrs diskutiert. Die <RN>Ingenieurinnen</RN> diskutieren über nachhaltige Verkehrskonzepte und setzen sich für den ÖPNV ein, doch diese <AN>Männer</AN> lehnen die Vorschläge ab. Die nächsten Schritte werden derzeit kontrovers diskutiert.","1","1024","2","48000","-16","53","4","132","-70.0","62.0","61.0","114.0","experiment","3","odd","1022428.9009000004","-810.0","-290.0","NA","4457.934600000954","4458.342600000833","35859.87100000057","53774.89570000034","1065585.1612999996","53829.305499999464","1065585.2006000006","34911.64700000081","NA","1065431.049500001","1041537.7803999999","1022417.0267999998","53829.33740000044","1065585.0007999998","35854.89159999997","1041534.4729000008","Experiment","0","0","0","17","1920","verhandelt.","53","25","244"
"<AN>Männer</AN>","C5","<RN>Expert*innen</RN>","undefined","undefined","True","53","4","<AN>Frauen</AN>","132","-202.0","-70.0","61.0","114.0","undefined","undefined","#232323","1620","psycho","True","verhandelt","psycho","psycho","undefined","undefined","undefined","0","0","0","0","0","86","0","86","0","0","86","86","86","0","86","0","50","-810.0","-270.5","5","1026.0","80.98323772435874","Tue Jul 28 13:23:10 2026","The main experiment item","False","Bei einer öffentlichen Sitzung im Rathaus wird über neue Verkehrsregelungen gesprochen. Die <RN>Polizisten</RN> diskutieren laut über mehr Sicherheit im Straßenverkehr und setzen sich für strengere Kontrollen ein, doch diese <AN>Frauen</AN> lehnen die Vorschläge ab. Die nächsten Maßnahmen werden derzeit kontrovers verhandelt.","experiment.osexp","D:\ET_course_project_gender-bias\experiment","False","mono","False","39","no","white","no","yes","1080","7","right","psycho","178.0","3.0","117","5","86","86","D:\ET_course_project_gender-bias\experiment\subject-3.csv","150","psycho","an_found","Neonatal Nightingale","4.1.14","485.0","178.0","2","0","right","NA","right","right","right","23892.76500000048","NA","17914.597400000275","23892.76500000048","True","53","2","<RN>Polizisten</RN>","225","-13.0","212.0","-173.0","-120.0","2","psycho","3","Bei einer öffentlichen Sitzung im Rathaus wird über neue Verkehrsregelungen gesprochen. Die <RN>Polizistinnen</RN> diskutieren laut über mehr Sicherheit im Straßenverkehr und setzen sich für strengere Kontrollen ein, doch diese <AN>Männer</AN> lehnen die Vorschläge ab. Die nächsten Maßnahmen werden derzeit kontrovers verhandelt.","Beim Sommerfest eines Unternehmens wird über wirtschaftliche Entwicklungen und gesellschaftliche Herausforderungen diskutiert. Die <RN>Fachleute</RN> sehen große Herausforderungen im nächsten Geschäftsjahr, dennoch bleiben diese <AN>Männer</AN> optimistisch. Die unternehmerischen Folgen werden unterschiedlich bewertet.","1","1024","2","48000","-16","53","4","132","-70.0","62.0","61.0","114.0","experiment","3","odd","1022428.9009000004","-810.0","-290.0","NA","4457.934600000954","4458.342600000833","35859.87100000057","53774.89570000034","1065611.1032999998","53829.305499999464","1065611.1426999997","34911.64700000081","NA","1065431.049500001","1041537.7803999999","1022417.0267999998","53829.33740000044","1065610.9581000002","35854.89159999997","1041534.4729000008","Experiment","0","0","0","17","1920","verhandelt.","53","25","244"
"<AN>Frauen</AN>","C2","<RN>Krankenpfleger</RN>","undefined","undefined","True","53","4","<AN>Frauen</AN>","132","-202.0","-70.0","61.0","114.0","undefined","undefined","#232323","1620","psycho","True","verhandelt","psycho","psycho","undefined","undefined","undefined","0","0","0","0","0","87","0","87","0","0","87","87","87","0","87","0","50","-810.0","-270.5","5","1026.0","80.98323772435874","Tue Jul 28 13:23:10 2026","The main experiment item","False","Bei einer öffentlichen Sitzung im Rathaus wird über neue Verkehrsregelungen gesprochen. Die <RN>Polizisten</RN> diskutieren laut über mehr Sicherheit im Straßenverkehr und setzen sich für strengere Kontrollen ein, doch diese <AN>Frauen</AN> lehnen die Vorschläge ab. Die nächsten Maßnahmen werden derzeit kontrovers verhandelt.","experiment.osexp","D:\ET_course_project_gender-bias\experiment","False","mono","False","39","no","white","no","yes","1080","16","right","psycho","178.0","3.0","117","5","87","87","D:\ET_course_project_gender-bias\experiment\subject-3.csv","150","psycho","an_found","Neonatal Nightingale","4.1.14","485.0","178.0","2","0","right","NA","right","right","right","23892.76500000048","NA","17914.597400000275","23892.76500000048","True","53","2","<RN>Polizisten</RN>","225","-13.0","212.0","-173.0","-120.0","2","psycho","3","Bei einer öffentlichen Sitzung im Rathaus wird über neue Verkehrsregelungen gesprochen. Die <RN>Polizistinnen</RN> diskutieren laut über mehr Sicherheit im Straßenverkehr und setzen sich für strengere Kontrollen ein, doch diese <AN>Männer</AN> lehnen die Vorschläge ab. Die nächsten Maßnahmen werden derzeit kontrovers verhandelt.","Bei einer Informationsveranstaltung im Krankenhaus wird über aktuelle Impfreformen und deren Auswirkungen gesprochen. Die <RN>Krankenschwestern</RN> diskutieren über Langzeitfolgen von Corona und setzen sich für mehr Unterstützung ein, doch diese <AN>Männer</AN> lehnen die Vorschläge ab. Die nächsten Schritte werden derzeit kontrovers diskutiert.","1","1024","2","48000","-16","53","4","132","-70.0","62.0","61.0","114.0","experiment","3","odd","1022428.9009000004","-810.0","-290.0","NA","4457.934600000954","4458.342600000833","35859.87100000057","53774.89570000034","1065640.0783000009","53829.305499999464","1065640.1315000004","34911.64700000081","NA","1065431.049500001","1041537.7803999999","1022417.0267999998","53829.33740000044","1065639.8506999994","35854.89159999997","1041534.4729000008","Experiment","0","0","0","17","1920","verhandelt.","53","25","244"
"<AN>Männer</AN>","C3","<RN>Krankenschwestern</RN>","undefined","undefined","True","53","4","<AN>Frauen</AN>","132","-202.0","-70.0","61.0","114.0","undefined","undefined","#232323","1620","psycho","True","verhandelt","psycho","psycho","undefined","undefined","undefined","0","0","0","0","0","88","0","88","0","0","88","88","88","0","88","0","50","-810.0","-270.5","5","1026.0","80.98323772435874","Tue Jul 28 13:23:10 2026","The main experiment item","False","Bei einer öffentlichen Sitzung im Rathaus wird über neue Verkehrsregelungen gesprochen. Die <RN>Polizisten</RN> diskutieren laut über mehr Sicherheit im Straßenverkehr und setzen sich für strengere Kontrollen ein, doch diese <AN>Frauen</AN> lehnen die Vorschläge ab. Die nächsten Maßnahmen werden derzeit kontrovers verhandelt.","experiment.osexp","D:\ET_course_project_gender-bias\experiment","False","mono","False","39","no","white","no","yes","1080","16","right","psycho","178.0","3.0","117","6","88","88","D:\ET_course_project_gender-bias\experiment\subject-3.csv","150","psycho","an_found","Neonatal Nightingale","4.1.14","485.0","178.0","2","0","right","NA","right","right","right","23892.76500000048","NA","17914.597400000275","23892.76500000048","True","53","2","<RN>Polizisten</RN>","225","-13.0","212.0","-173.0","-120.0","2","psycho","3","Bei einer öffentlichen Sitzung im Rathaus wird über neue Verkehrsregelungen gesprochen. Die <RN>Polizistinnen</RN> diskutieren laut über mehr Sicherheit im Straßenverkehr und setzen sich für strengere Kontrollen ein, doch diese <AN>Männer</AN> lehnen die Vorschläge ab. Die nächsten Maßnahmen werden derzeit kontrovers verhandelt.","Bei einer Informationsveranstaltung im Krankenhaus wird über aktuelle Impfreformen und deren Auswirkungen gesprochen. Die <RN>Krankenschwestern</RN> diskutieren über Langzeitfolgen von Corona und setzen sich für mehr Unterstützung ein, doch diese <AN>Männer</AN> lehnen die Vorschläge ab. Die nächsten Schritte werden derzeit kontrovers diskutiert.","1","1024","2","48000","-16","53","4","132","-70.0","62.0","61.0","114.0","experiment","3","odd","1022428.9009000004","-810.0","-290.0","NA","4457.934600000954","4458.342600000833","35859.87100000057","53774.89570000034","1065667.1752000002","53829.305499999464","1065667.2157000012","34911.64700000081","NA","1065431.049500001","1041537.7803999999","1022417.0267999998","53829.33740000044","1065666.9860000003","35854.89159999997","1041534.4729000008","Experiment","0","0","0","17","1920","verhandelt.","53","25","244"
"<AN>Frauen</AN>","C4","<RN>Professorinnen</RN>","undefined","undefined","True","53","4","<AN>Frauen</AN>","132","-202.0","-70.0","61.0","114.0","undefined","undefined","#232323","1620","psycho","True","verhandelt","psycho","psycho","undefined","undefined","undefined","0","0","0","0","0","89","0","89","0","0","89","89","89","0","89","0","50","-810.0","-270.5","5","1026.0","80.98323772435874","Tue Jul 28 13:23:10 2026","The main experiment item","False","Bei einer öffentlichen Sitzung im Rathaus wird über neue Verkehrsregelungen gesprochen. Die <RN>Polizisten</RN> diskutieren laut über mehr Sicherheit im Straßenverkehr und setzen sich für strengere Kontrollen ein, doch diese <AN>Frauen</AN> lehnen die Vorschläge ab. Die nächsten Maßnahmen werden derzeit kontrovers verhandelt.","experiment.osexp","D:\ET_course_project_gender-bias\experiment","False","mono","False","39","no","white","no","yes","1080","15","right","psycho","178.0","3.0","117","2","89","89","D:\ET_course_project_gender-bias\experiment\subject-3.csv","150","psycho","an_found","Neonatal Nightingale","4.1.14","485.0","178.0","2","0","right","NA","right","right","right","23892.76500000048","NA","17914.597400000275","23892.76500000048","True","53","2","<RN>Polizisten</RN>","225","-13.0","212.0","-173.0","-120.0","2","psycho","3","Bei einer öffentlichen Sitzung im Rathaus wird über neue Verkehrsregelungen gesprochen. Die <RN>Polizistinnen</RN> diskutieren laut über mehr Sicherheit im Straßenverkehr und setzen sich für strengere Kontrollen ein, doch diese <AN>Männer</AN> lehnen die Vorschläge ab. Die nächsten Maßnahmen werden derzeit kontrovers verhandelt.","Im Rahmen einer öffentlichen Veranstaltung wird über die Zukunft der Hochschulen und die Forschungsförderung diskutiert. Die <RN>Professorinnen</RN> diskutieren über die Zukunft der Hochschulen und setzen sich für mehr Forschungsgelder ein, doch diese <AN>Männer</AN> lehnen die Vorschläge ab. Die nächsten Schritte werden derzeit kontrovers diskutiert.","1","1024","2","48000","-16","53","4","132","-70.0","62.0","61.0","114.0","experiment","3","odd","1022428.9009000004","-810.0","-290.0","NA","4457.934600000954","4458.342600000833","35859.87100000057","53774.89570000034","1065692.8926000001","53829.305499999464","1065692.932","34911.64700000081","NA","1065431.049500001","1041537.7803999999","1022417.0267999998","53829.33740000044","1065692.7367999996","35854.89159999997","1041534.4729000008","Experiment","0","0","0","17","1920","verhandelt.","53","25","244"
"<AN>Frauen</AN>","C2","<RN>Experten</RN>","undefined","undefined","True","53","4","<AN>Frauen</AN>","132","-202.0","-70.0","61.0","114.0","undefined","undefined","#232323","1620","psycho","True","verhandelt","psycho","psycho","undefined","undefined","undefined","0","0","0","0","0","90","0","90","0","0","90","90","90","0","90","0","50","-810.0","-270.5","5","1026.0","80.98323772435874","Tue Jul 28 13:23:10 2026","The main experiment item","False","Bei einer öffentlichen Sitzung im Rathaus wird über neue Verkehrsregelungen gesprochen. Die <RN>Polizisten</RN> diskutieren laut über mehr Sicherheit im Straßenverkehr und setzen sich für strengere Kontrollen ein, doch diese <AN>Frauen</AN> lehnen die Vorschläge ab. Die nächsten Maßnahmen werden derzeit kontrovers verhandelt.","experiment.osexp","D:\ET_course_project_gender-bias\experiment","False","mono","False","39","no","white","no","yes","1080","10","right","psycho","178.0","3.0","117","5","90","90","D:\ET_course_project_gender-bias\experiment\subject-3.csv","150","psycho","an_found","Neonatal Nightingale","4.1.14","485.0","178.0","2","0","right","NA","right","right","right","23892.76500000048","NA","17914.597400000275","23892.76500000048","True","53","2","<RN>Polizisten</RN>","225","-13.0","212.0","-173.0","-120.0","2","psycho","3","Bei einer öffentlichen Sitzung im Rathaus wird über neue Verkehrsregelungen gesprochen. Die <RN>Polizistinnen</RN> diskutieren laut über mehr Sicherheit im Straßenverkehr und setzen sich für strengere Kontrollen ein, doch diese <AN>Männer</AN> lehnen die Vorschläge ab. Die nächsten Maßnahmen werden derzeit kontrovers verhandelt.","Im Rahmen einer universitären Veranstaltung werden aktuelle Fragestellungen der Rüstungsindustrie behandelt. Die große Mehrheit dieser <RN>Fachleute</RN> sehen eine stärkere Aufrüstung für Deutschland als notwendig, doch diese Gruppe von <AN>Frauen</AN> kritisiert dessen Finanzierung. Die Auswirkungen der Entscheidung werden noch geprüft.","1","1024","2","48000","-16","53","4","132","-70.0","62.0","61.0","114.0","experiment","3","odd","1022428.9009000004","-810.0","-290.0","NA","4457.934600000954","4458.342600000833","35859.87100000057","53774.89570000034","1065720.1880000012","53829.305499999464","1065720.2251","34911.64700000081","NA","1065431.049500001","1041537.7803999999","1022417.0267999998","53829.33740000044","1065720.0890000004","35854.89159999997","1041534.4729000008","Experiment","0","0","0","17","1920","verhandelt.","53","25","244"
"<AN>Männer</AN>","C1","<RN>Dozenten</RN>","undefined","undefined","True","53","4","<AN>Frauen</AN>","132","-202.0","-70.0","61.0","114.0","undefined","undefined","#232323","1620","psycho","True","verhandelt","psycho","psycho","undefined","undefined","undefined","0","0","0","0","0","91","0","91","0","0","91","91","91","0","91","0","50","-810.0","-270.5","5","1026.0","80.98323772435874","Tue Jul 28 13:23:10 2026","The main experiment item","False","Bei einer öffentlichen Sitzung im Rathaus wird über neue Verkehrsregelungen gesprochen. Die <RN>Polizisten</RN> diskutieren laut über mehr Sicherheit im Straßenverkehr und setzen sich für strengere Kontrollen ein, doch diese <AN>Frauen</AN> lehnen die Vorschläge ab. Die nächsten Maßnahmen werden derzeit kontrovers verhandelt.","experiment.osexp","D:\ET_course_project_gender-bias\experiment","False","mono","False","39","no","white","no","yes","1080","9","right","psycho","178.0","3.0","117","5","91","91","D:\ET_course_project_gender-bias\experiment\subject-3.csv","150","psycho","an_found","Neonatal Nightingale","4.1.14","485.0","178.0","2","0","right","NA","right","right","right","23892.76500000048","NA","17914.597400000275","23892.76500000048","True","53","2","<RN>Polizisten</RN>","225","-13.0","212.0","-173.0","-120.0","2","psycho","3","Bei einer öffentlichen Sitzung im Rathaus wird über neue Verkehrsregelungen gesprochen. Die <RN>Polizistinnen</RN> diskutieren laut über mehr Sicherheit im Straßenverkehr und setzen sich für strengere Kontrollen ein, doch diese <AN>Männer</AN> lehnen die Vorschläge ab. Die nächsten Maßnahmen werden derzeit kontrovers verhandelt.","Auf einer schulischen Tagung werden aktuelle Kontroversen rund um Vorlesungsführung und Leistungsbewertung diskutiert. Die <RN>Dozent*innen</RN> fordern erhöhte Leistungsorientierung und strengere Notenvergabe im Lehrplan, doch diese <AN>Männer</AN> stoßen dabei auf Gegendruck von Eltern. Die Debatte über das Thema hält weiter an.","1","1024","2","48000","-16","53","4","132","-70.0","62.0","61.0","114.0","experiment","3","odd","1022428.9009000004","-810.0","-290.0","NA","4457.934600000954","4458.342600000833","35859.87100000057","53774.89570000034","1065747.9291","53829.305499999464","1065747.9678","34911.64700000081","NA","1065431.049500001","1041537.7803999999","1022417.0267999998","53829.33740000044","1065747.7264999999","35854.89159999997","1041534.4729000008","Experiment","0","0","0","17","1920","verhandelt.","53","25","244"
"<AN>Männer</AN>","C1","<RN>Einwohner</RN>","undefined","undefined","True","53","4","<AN>Frauen</AN>","132","-202.0","-70.0","61.0","114.0","undefined","undefined","#232323","1620","psycho","True","verhandelt","psycho","psycho","undefined","undefined","undefined","0","0","0","0","0","92","0","92","0","0","92","92","92","0","92","0","50","-810.0","-270.5","5","1026.0","80.98323772435874","Tue Jul 28 13:23:10 2026","The main experiment item","False","Bei einer öffentlichen Sitzung im Rathaus wird über neue Verkehrsregelungen gesprochen. Die <RN>Polizisten</RN> diskutieren laut über mehr Sicherheit im Straßenverkehr und setzen sich für strengere Kontrollen ein, doch diese <AN>Frauen</AN> lehnen die Vorschläge ab. Die nächsten Maßnahmen werden derzeit kontrovers verhandelt.","experiment.osexp","D:\ET_course_project_gender-bias\experiment","False","mono","False","39","no","white","no","yes","1080","8","right","psycho","178.0","3.0","117","6","92","92","D:\ET_course_project_gender-bias\experiment\subject-3.csv","150","psycho","an_found","Neonatal Nightingale","4.1.14","485.0","178.0","2","0","right","NA","right","right","right","23892.76500000048","NA","17914.597400000275","23892.76500000048","True","53","2","<RN>Polizisten</RN>","225","-13.0","212.0","-173.0","-120.0","2","psycho","3","Bei einer öffentlichen Sitzung im Rathaus wird über neue Verkehrsregelungen gesprochen. Die <RN>Polizistinnen</RN> diskutieren laut über mehr Sicherheit im Straßenverkehr und setzen sich für strengere Kontrollen ein, doch diese <AN>Männer</AN> lehnen die Vorschläge ab. Die nächsten Maßnahmen werden derzeit kontrovers verhandelt.","Im Rahmen einer öffentlichen Veranstaltung wird derzeit über Fragen der inneren Sicherheit und gesellschaftliche Entwicklungen gesprochen. Die <RN>Bürger</RN> diskutieren über Fragen der inneren Sicherheit bezüglich der aktuellen Krise, doch diese <AN>Männer</AN> fordern härtere Maßnahmen. Die weiteren Maßnahmen stoßen auf geteilte Reaktionen.","1","1024","2","48000","-16","53","4","132","-70.0","62.0","61.0","114.0","experiment","3","odd","1022428.9009000004","-810.0","-290.0","NA","4457.934600000954","4458.342600000833","35859.87100000057","53774.89570000034","1065773.2075000003","53829.305499999464","1065773.2463000012","34911.64700000081","NA","1065431.049500001","1041537.7803999999","1022417.0267999998","53829.33740000044","1065773.0646","35854.89159999997","1041534.4729000008","Experiment","0","0","0","17","1920","verhandelt.","53","25","244"
"<AN>Frauen</AN>","C2","<RN>Unternehmer</RN>","undefined","undefined","True","53","4","<AN>Frauen</AN>","132","-202.0","-70.0","61.0","114.0","undefined","undefined","#232323","1620","psycho","True","verhandelt","psycho","psycho","undefined","undefined","undefined","0","0","0","0","0","93","0","93","0","0","93","93","93","0","93","0","50","-810.0","-270.5","5","1026.0","80.98323772435874","Tue Jul 28 13:23:10 2026","The main experiment item","False","Bei einer öffentlichen Sitzung im Rathaus wird über neue Verkehrsregelungen gesprochen. Die <RN>Polizisten</RN> diskutieren laut über mehr Sicherheit im Straßenverkehr und setzen sich für strengere Kontrollen ein, doch diese <AN>Frauen</AN> lehnen die Vorschläge ab. Die nächsten Maßnahmen werden derzeit kontrovers verhandelt.","experiment.osexp","D:\ET_course_project_gender-bias\experiment","False","mono","False","39","no","white","no","yes","1080","4","right","psycho","178.0","3.0","117","5","93","93","D:\ET_course_project_gender-bias\experiment\subject-3.csv","150","psycho","an_found","Neonatal Nightingale","4.1.14","485.0","178.0","2","0","right","NA","right","right","right","23892.76500000048","NA","17914.597400000275","23892.76500000048","True","53","2","<RN>Polizisten</RN>","225","-13.0","212.0","-173.0","-120.0","2","psycho","3","Bei einer öffentlichen Sitzung im Rathaus wird über neue Verkehrsregelungen gesprochen. Die <RN>Polizistinnen</RN> diskutieren laut über mehr Sicherheit im Straßenverkehr und setzen sich für strengere Kontrollen ein, doch diese <AN>Männer</AN> lehnen die Vorschläge ab. Die nächsten Maßnahmen werden derzeit kontrovers verhandelt.","Bei einem Networking-Event stehen wirtschaftspolitische und gesellschaftliche Fragestellungen im Mittelpunkt der Diskussion. Die <RN>Unternehmer</RN> brauchen weniger bürokratische Hürden und sprechen über Verbesserungen, doch diese <AN>Männer</AN> fordern weitere steuerliche Entlastungen. Die Folgen dieser Positionen bleiben umstritten.","1","1024","2","48000","-16","53","4","132","-70.0","62.0","61.0","114.0","experiment","3","odd","1022428.9009000004","-810.0","-290.0","NA","4457.934600000954","4458.342600000833","35859.87100000057","53774.89570000034","1065800.3669999999","53829.305499999464","1065800.4070000006","34911.64700000081","NA","1065431.049500001","1041537.7803999999","1022417.0267999998","53829.33740000044","1065800.2015000002","35854.89159999997","1041534.4729000008","Experiment","0","0","0","17","1920","verhandelt.","53","25","244"
"<AN>Männer</AN>","C3","<RN>Expertinnen</RN>","undefined","undefined","True","53","4","<AN>Frauen</AN>","132","-202.0","-70.0","61.0","114.0","undefined","undefined","#232323","1620","psycho","True","verhandelt","psycho","psycho","undefined","undefined","undefined","0","0","0","0","0","94","0","94","0","0","94","94","94","0","94","0","50","-810.0","-270.5","5","1026.0","80.98323772435874","Tue Jul 28 13:23:10 2026","The main experiment item","False","Bei einer öffentlichen Sitzung im Rathaus wird über neue Verkehrsregelungen gesprochen. Die <RN>Polizisten</RN> diskutieren laut über mehr Sicherheit im Straßenverkehr und setzen sich für strengere Kontrollen ein, doch diese <AN>Frauen</AN> lehnen die Vorschläge ab. Die nächsten Maßnahmen werden derzeit kontrovers verhandelt.","experiment.osexp","D:\ET_course_project_gender-bias\experiment","False","mono","False","39","no","white","no","yes","1080","14","right","psycho","178.0","3.0","117","2","94","94","D:\ET_course_project_gender-bias\experiment\subject-3.csv","150","psycho","an_found","Neonatal Nightingale","4.1.14","485.0","178.0","2","0","right","NA","right","right","right","23892.76500000048","NA","17914.597400000275","23892.76500000048","True","53","2","<RN>Polizisten</RN>","225","-13.0","212.0","-173.0","-120.0","2","psycho","3","Bei einer öffentlichen Sitzung im Rathaus wird über neue Verkehrsregelungen gesprochen. Die <RN>Polizistinnen</RN> diskutieren laut über mehr Sicherheit im Straßenverkehr und setzen sich für strengere Kontrollen ein, doch diese <AN>Männer</AN> lehnen die Vorschläge ab. Die nächsten Maßnahmen werden derzeit kontrovers verhandelt.","Auf einer öffentlichen Veranstaltung stehen Investitionen und langfristige gesellschaftliche Entwicklungen zur Diskussion. Die <RN>Fachfrauen</RN> unterstützen höhere Investitionen und langfristige Entwicklungen, doch diese <AN>Männer</AN> kritisieren die Umsetzung. Die politischen Folgen werden unterschiedlich bewertet.","1","1024","2","48000","-16","53","4","132","-70.0","62.0","61.0","114.0","experiment","3","odd","1022428.9009000004","-810.0","-290.0","NA","4457.934600000954","4458.342600000833","35859.87100000057","53774.89570000034","1065826.048500001","53829.305499999464","1065826.0873","34911.64700000081","NA","1065431.049500001","1041537.7803999999","1022417.0267999998","53829.33740000044","1065825.9481000004","35854.89159999997","1041534.4729000008","Experiment","0","0","0","17","1920","verhandelt.","53","25","244"
"<AN>Männer</AN>","C3","<RN>Arbeitnehmerinnen</RN>","undefined","undefined","True","53","4","<AN>Frauen</AN>","132","-202.0","-70.0","61.0","114.0","undefined","undefined","#232323","1620","psycho","True","verhandelt","psycho","psycho","undefined","undefined","undefined","0","0","0","0","0","95","0","95","0","0","95","95","95","0","95","0","50","-810.0","-270.5","5","1026.0","80.98323772435874","Tue Jul 28 13:23:10 2026","The main experiment item","False","Bei einer öffentlichen Sitzung im Rathaus wird über neue Verkehrsregelungen gesprochen. Die <RN>Polizisten</RN> diskutieren laut über mehr Sicherheit im Straßenverkehr und setzen sich für strengere Kontrollen ein, doch diese <AN>Frauen</AN> lehnen die Vorschläge ab. Die nächsten Maßnahmen werden derzeit kontrovers verhandelt.","experiment.osexp","D:\ET_course_project_gender-bias\experiment","False","mono","False","39","no","white","no","yes","1080","5","right","psycho","178.0","3.0","117","5","95","95","D:\ET_course_project_gender-bias\experiment\subject-3.csv","150","psycho","an_found","Neonatal Nightingale","4.1.14","485.0","178.0","2","0","right","NA","right","right","right","23892.76500000048","NA","17914.597400000275","23892.76500000048","True","53","2","<RN>Polizisten</RN>","225","-13.0","212.0","-173.0","-120.0","2","psycho","3","Bei einer öffentlichen Sitzung im Rathaus wird über neue Verkehrsregelungen gesprochen. Die <RN>Polizistinnen</RN> diskutieren laut über mehr Sicherheit im Straßenverkehr und setzen sich für strengere Kontrollen ein, doch diese <AN>Männer</AN> lehnen die Vorschläge ab. Die nächsten Maßnahmen werden derzeit kontrovers verhandelt.","Im Rahmen einer Geschäftsveranstaltung findet derzeit ein Austausch über Arbeitsbedingungen und gesellschaftliche Entwicklungen statt. Die <RN>Arbeitnehmer*innen</RN> erwarten höhere Gehälter und klimatisierte Arbeitsplätze, aber diese <AN>Männer</AN> wollen auch weniger arbeiten. Die Frage nach den Konsequenzen bleibt offen.","1","1024","2","48000","-16","53","4","132","-70.0","62.0","61.0","114.0","experiment","3","odd","1022428.9009000004","-810.0","-290.0","NA","4457.934600000954","4458.342600000833","35859.87100000057","53774.89570000034","1065853.1769","53829.305499999464","1065853.2152000007","34911.64700000081","NA","1065431.049500001","1041537.7803999999","1022417.0267999998","53829.33740000044","1065853.0147000002","35854.89159999997","1041534.4729000008","Experiment","0","0","0","17","1920","verhandelt.","53","25","244"
"<AN>Männer</AN>","C5","<RN>Ingenieur*innen</RN>","undefined","undefined","True","53","4","<AN>Männer</AN>","135","-130.0","5.0","61.0","114.0","undefined","undefined","#232323","1620","psycho","True","gestritten","psycho","psycho","undefined","undefined","undefined","0","0","0","0","0","96","0","96","0","0","96","96","96","0","96","0","50","-810.0","-270.5","5","1137.0","91.38478215545518","Tue Jul 28 13:23:10 2026","The main experiment item","False","Auf einer wissenschaftlichen Konferenz zu technischen Zukunftsfragen werden derzeit aktuelle gesellschaftliche Themen erörtert. Die <RN>Ingenieur*innen</RN> kritisieren die Energiewende und stehen vor Herausforderungen, doch diese <AN>Männer</AN> lehnen zusätzliche Investitionen ab. Über die Konsequenzen wird weiterhin intensiv gestritten.","experiment.osexp","D:\ET_course_project_gender-bias\experiment","False","mono","False","39","no","white","no","yes","1080","3","right","psycho","178.0","3.0","117","3","96","96","D:\ET_course_project_gender-bias\experiment\subject-3.csv","150","psycho","an_found","Neonatal Nightingale","4.1.14","596.0","178.0","2","0","right","NA","right","right","right","20524.52220000117","NA","17914.597400000275","20524.52220000117","True","53","3","<RN>Ingenieur*innen</RN>","339","-810.0","-471.0","-56.0","-3.0","2","psycho","3","Auf einer wissenschaftlichen Konferenz zu technischen Zukunftsfragen werden derzeit aktuelle gesellschaftliche Themen erörtert. Die <RN>Ingenieur*innen</RN> kritisieren die Energiewende und stehen vor Herausforderungen, doch diese <AN>Frauen</AN> lehnen zusätzliche Investitionen ab. Über die Konsequenzen wird weiterhin intensiv gestritten.","Auf einer wissenschaftlichen Konferenz zu technischen Zukunftsfragen werden derzeit aktuelle gesellschaftliche Themen erörtert. Die <RN>Ingenieur*innen</RN> kritisieren die Energiewende und stehen vor Herausforderungen, doch diese <AN>Frauen</AN> lehnen zusätzliche Investitionen ab. Über die Konsequenzen wird weiterhin intensiv gestritten.","0","1024","2","48000","-16","53","4","135","5.0","140.0","61.0","114.0","experiment","3","odd","1065893.2251999995","-810.0","-290.0","NA","4457.934600000954","4458.342600000833","35859.87100000057","53774.89570000034","1065879.7395000001","53829.305499999464","1115956.6249","34911.64700000081","NA","1115910.9344999997","1095385.9255999997","1065879.7845000008","53829.33740000044","1065879.5124999997","35854.89159999997","1095382.515200001","Experiment","0","0","0","18","1920","gestritten.","53","25","244"
"<AN>Frauen</AN>","C4","<RN>Lehrerinnen</RN>","undefined","undefined","True","53","4","<AN>Männer</AN>","135","-130.0","5.0","61.0","114.0","undefined","undefined","#232323","1620","psycho","True","gestritten","psycho","psycho","undefined","undefined","undefined","0","0","0","0","0","97","0","97","0","0","97","97","97","0","97","0","50","-810.0","-270.5","5","1137.0","91.38478215545518","Tue Jul 28 13:23:10 2026","The main experiment item","False","Auf einer wissenschaftlichen Konferenz zu technischen Zukunftsfragen werden derzeit aktuelle gesellschaftliche Themen erörtert. Die <RN>Ingenieur*innen</RN> kritisieren die Energiewende und stehen vor Herausforderungen, doch diese <AN>Männer</AN> lehnen zusätzliche Investitionen ab. Über die Konsequenzen wird weiterhin intensiv gestritten.","experiment.osexp","D:\ET_course_project_gender-bias\experiment","False","mono","False","39","no","white","no","yes","1080","6","right","psycho","178.0","3.0","117","5","97","97","D:\ET_course_project_gender-bias\experiment\subject-3.csv","150","psycho","an_found","Neonatal Nightingale","4.1.14","596.0","178.0","2","0","right","NA","right","right","right","20524.52220000117","NA","17914.597400000275","20524.52220000117","True","53","3","<RN>Ingenieur*innen</RN>","339","-810.0","-471.0","-56.0","-3.0","2","psycho","3","Auf einer wissenschaftlichen Konferenz zu technischen Zukunftsfragen werden derzeit aktuelle gesellschaftliche Themen erörtert. Die <RN>Ingenieur*innen</RN> kritisieren die Energiewende und stehen vor Herausforderungen, doch diese <AN>Frauen</AN> lehnen zusätzliche Investitionen ab. Über die Konsequenzen wird weiterhin intensiv gestritten.","Auf einer Konferenz zu Bildungsfragen in Stuttgart wird derzeit über aktuelle schulische Themen gesprochen. Die <RN>Lehrer</RN> sollen mehr auf Disziplin und Konsequenzen im Unterricht setzen, doch aus pädagogischen Gründen lehnen diese <AN>Frauen</AN> die Vorschläge ab. Die kommenden Entwicklungen sind weiterhin Gegenstand von Diskussionen.","1","1024","2","48000","-16","53","4","135","5.0","140.0","61.0","114.0","experiment","3","odd","1065893.2251999995","-810.0","-290.0","NA","4457.934600000954","4458.342600000833","35859.87100000057","53774.89570000034","1115983.4425999997","53829.305499999464","1115983.4786999999","34911.64700000081","NA","1115910.9344999997","1095385.9255999997","1065879.7845000008","53829.33740000044","1115983.349600001","35854.89159999997","1095382.515200001","Experiment","0","0","0","18","1920","gestritten.","53","25","244"
"<AN>Männer</AN>","C3","<RN>Pflegerinnen</RN>","undefined","undefined","True","53","4","<AN>Männer</AN>","135","-130.0","5.0","61.0","114.0","undefined","undefined","#232323","1620","psycho","True","gestritten","psycho","psycho","undefined","undefined","undefined","0","0","0","0","0","98","0","98","0","0","98","98","98","0","98","0","50","-810.0","-270.5","5","1137.0","91.38478215545518","Tue Jul 28 13:23:10 2026","The main experiment item","False","Auf einer wissenschaftlichen Konferenz zu technischen Zukunftsfragen werden derzeit aktuelle gesellschaftliche Themen erörtert. Die <RN>Ingenieur*innen</RN> kritisieren die Energiewende und stehen vor Herausforderungen, doch diese <AN>Männer</AN> lehnen zusätzliche Investitionen ab. Über die Konsequenzen wird weiterhin intensiv gestritten.","experiment.osexp","D:\ET_course_project_gender-bias\experiment","False","mono","False","39","no","white","no","yes","1080","2","right","psycho","178.0","3.0","117","2","98","98","D:\ET_course_project_gender-bias\experiment\subject-3.csv","150","psycho","an_found","Neonatal Nightingale","4.1.14","596.0","178.0","2","0","right","NA","right","right","right","20524.52220000117","NA","17914.597400000275","20524.52220000117","True","53","3","<RN>Ingenieur*innen</RN>","339","-810.0","-471.0","-56.0","-3.0","2","psycho","3","Auf einer wissenschaftlichen Konferenz zu technischen Zukunftsfragen werden derzeit aktuelle gesellschaftliche Themen erörtert. Die <RN>Ingenieur*innen</RN> kritisieren die Energiewende und stehen vor Herausforderungen, doch diese <AN>Frauen</AN> lehnen zusätzliche Investitionen ab. Über die Konsequenzen wird weiterhin intensiv gestritten.","Im Rahmen einer Gesprächsrunde im Gesundheitswesen wird derzeit über aktuelle gesellschaftliche Herausforderungen diskutiert. Die <RN>Pflegekräfte</RN> verdienen bessere Arbeitsbedingungen und benötigen mehr Unterstützung, doch diese <AN>Männer</AN> fühlen sich politisch nicht ausreichend unterstützt. Die nächsten Schritte werden derzeit kontrovers diskutiert.","1","1024","2","48000","-16","53","4","135","5.0","140.0","61.0","114.0","experiment","3","odd","1065893.2251999995","-810.0","-290.0","NA","4457.934600000954","4458.342600000833","35859.87100000057","53774.89570000034","1116012.6459000004","53829.305499999464","1116012.7057999999","34911.64700000081","NA","1115910.9344999997","1095385.9255999997","1065879.7845000008","53829.33740000044","1116011.7960000008","35854.89159999997","1095382.515200001","Experiment","0","0","0","18","1920","gestritten.","53","25","244"
"<AN>Männern</AN>","C1","<RN>Einwohner</RN>","undefined","undefined","True","53","4","<AN>Männer</AN>","135","-130.0","5.0","61.0","114.0","undefined","undefined","#232323","1620","psycho","True","gestritten","psycho","psycho","undefined","undefined","undefined","0","0","0","0","0","99","0","99","0","0","99","99","99","0","99","0","50","-810.0","-270.5","5","1137.0","91.38478215545518","Tue Jul 28 13:23:10 2026","The main experiment item","False","Auf einer wissenschaftlichen Konferenz zu technischen Zukunftsfragen werden derzeit aktuelle gesellschaftliche Themen erörtert. Die <RN>Ingenieur*innen</RN> kritisieren die Energiewende und stehen vor Herausforderungen, doch diese <AN>Männer</AN> lehnen zusätzliche Investitionen ab. Über die Konsequenzen wird weiterhin intensiv gestritten.","experiment.osexp","D:\ET_course_project_gender-bias\experiment","False","mono","False","39","no","white","no","yes","1080","13","right","psycho","178.0","3.0","117","1","99","99","D:\ET_course_project_gender-bias\experiment\subject-3.csv","150","psycho","an_found","Neonatal Nightingale","4.1.14","596.0","178.0","2","0","right","NA","right","right","right","20524.52220000117","NA","17914.597400000275","20524.52220000117","True","53","3","<RN>Ingenieur*innen</RN>","339","-810.0","-471.0","-56.0","-3.0","2","psycho","3","Auf einer wissenschaftlichen Konferenz zu technischen Zukunftsfragen werden derzeit aktuelle gesellschaftliche Themen erörtert. Die <RN>Ingenieur*innen</RN> kritisieren die Energiewende und stehen vor Herausforderungen, doch diese <AN>Frauen</AN> lehnen zusätzliche Investitionen ab. Über die Konsequenzen wird weiterhin intensiv gestritten.","Im Rahmen einer öffentlichen Veranstaltung wird über Sicherheit, gesellschaftlichen Zusammenhalt und politische Reformen gesprochen. Die <RN>Bürgerinnen</RN> wünschen sich mehr Sicherheit und verlässliche Perspektiven, doch diese Gruppe von <AN>Frauen</AN> sieht Reformbedarf im System. Die weitere Entwicklung bleibt Gegenstand öffentlicher Debatten.","1","1024","2","48000","-16","53","4","135","5.0","140.0","61.0","114.0","experiment","3","odd","1065893.2251999995","-810.0","-290.0","NA","4457.934600000954","4458.342600000833","35859.87100000057","53774.89570000034","1116038.1698","53829.305499999464","1116038.2116","34911.64700000081","NA","1115910.9344999997","1095385.9255999997","1065879.7845000008","53829.33740000044","1116037.9580999997","35854.89159999997","1095382.515200001","Experiment","0","0","0","18","1920","gestritten.","53","25","244"
"<AN>Frauen</AN>","C2","<RN>Professoren</RN>","undefined","undefined","True","53","4","<AN>Männer</AN>","135","-130.0","5.0","61.0","114.0","undefined","undefined","#232323","1620","psycho","True","gestritten","psycho","psycho","undefined","undefined","undefined","0","0","0","0","0","100","0","100","0","0","100","100","100","0","100","0","50","-810.0","-270.5","5","1137.0","91.38478215545518","Tue Jul 28 13:23:10 2026","The main experiment item","False","Auf einer wissenschaftlichen Konferenz zu technischen Zukunftsfragen werden derzeit aktuelle gesellschaftliche Themen erörtert. Die <RN>Ingenieur*innen</RN> kritisieren die Energiewende und stehen vor Herausforderungen, doch diese <AN>Männer</AN> lehnen zusätzliche Investitionen ab. Über die Konsequenzen wird weiterhin intensiv gestritten.","experiment.osexp","D:\ET_course_project_gender-bias\experiment","False","mono","False","39","no","white","no","yes","1080","15","right","psycho","178.0","3.0","117","6","100","100","D:\ET_course_project_gender-bias\experiment\subject-3.csv","150","psycho","an_found","Neonatal Nightingale","4.1.14","596.0","178.0","2","0","right","NA","right","right","right","20524.52220000117","NA","17914.597400000275","20524.52220000117","True","53","3","<RN>Ingenieur*innen</RN>","339","-810.0","-471.0","-56.0","-3.0","2","psycho","3","Auf einer wissenschaftlichen Konferenz zu technischen Zukunftsfragen werden derzeit aktuelle gesellschaftliche Themen erörtert. Die <RN>Ingenieur*innen</RN> kritisieren die Energiewende und stehen vor Herausforderungen, doch diese <AN>Frauen</AN> lehnen zusätzliche Investitionen ab. Über die Konsequenzen wird weiterhin intensiv gestritten.","Im Rahmen einer öffentlichen Veranstaltung wird über die Zukunft der Hochschulen und die Forschungsförderung diskutiert. Die <RN>Professorinnen</RN> diskutieren über die Zukunft der Hochschulen und setzen sich für mehr Forschungsgelder ein, doch diese <AN>Männer</AN> lehnen die Vorschläge ab. Die nächsten Schritte werden derzeit kontrovers diskutiert.","1","1024","2","48000","-16","53","4","135","5.0","140.0","61.0","114.0","experiment","3","odd","1065893.2251999995","-810.0","-290.0","NA","4457.934600000954","4458.342600000833","35859.87100000057","53774.89570000034","1116064.7666000004","53829.305499999464","1116064.8253","34911.64700000081","NA","1115910.9344999997","1095385.9255999997","1065879.7845000008","53829.33740000044","1116064.5583999995","35854.89159999997","1095382.515200001","Experiment","0","0","0","18","1920","gestritten.","53","25","244"
"<AN>Männer</AN>","C5","<RN>Pfleger*innen</RN>","undefined","undefined","True","53","4","<AN>Männer</AN>","135","-130.0","5.0","61.0","114.0","undefined","undefined","#232323","1620","psycho","True","gestritten","psycho","psycho","undefined","undefined","undefined","0","0","0","0","0","101","0","101","0","0","101","101","101","0","101","0","50","-810.0","-270.5","5","1137.0","91.38478215545518","Tue Jul 28 13:23:10 2026","The main experiment item","False","Auf einer wissenschaftlichen Konferenz zu technischen Zukunftsfragen werden derzeit aktuelle gesellschaftliche Themen erörtert. Die <RN>Ingenieur*innen</RN> kritisieren die Energiewende und stehen vor Herausforderungen, doch diese <AN>Männer</AN> lehnen zusätzliche Investitionen ab. Über die Konsequenzen wird weiterhin intensiv gestritten.","experiment.osexp","D:\ET_course_project_gender-bias\experiment","False","mono","False","39","no","white","no","yes","1080","2","right","psycho","178.0","3.0","117","4","101","101","D:\ET_course_project_gender-bias\experiment\subject-3.csv","150","psycho","an_found","Neonatal Nightingale","4.1.14","596.0","178.0","2","0","right","NA","right","right","right","20524.52220000117","NA","17914.597400000275","20524.52220000117","True","53","3","<RN>Ingenieur*innen</RN>","339","-810.0","-471.0","-56.0","-3.0","2","psycho","3","Auf einer wissenschaftlichen Konferenz zu technischen Zukunftsfragen werden derzeit aktuelle gesellschaftliche Themen erörtert. Die <RN>Ingenieur*innen</RN> kritisieren die Energiewende und stehen vor Herausforderungen, doch diese <AN>Frauen</AN> lehnen zusätzliche Investitionen ab. Über die Konsequenzen wird weiterhin intensiv gestritten.","Im Rahmen einer Gesprächsrunde im Gesundheitswesen wird derzeit über aktuelle gesellschaftliche Herausforderungen diskutiert. Die <RN>Pflegekräfte</RN> verdienen bessere Arbeitsbedingungen und benötigen mehr Unterstützung, doch diese <AN>Männer</AN> fühlen sich politisch nicht ausreichend unterstützt. Die nächsten Schritte werden derzeit kontrovers diskutiert.","1","1024","2","48000","-16","53","4","135","5.0","140.0","61.0","114.0","experiment","3","odd","1065893.2251999995","-810.0","-290.0","NA","4457.934600000954","4458.342600000833","35859.87100000057","53774.89570000034","1116092.3082000008","53829.305499999464","1116092.3526000006","34911.64700000081","NA","1115910.9344999997","1095385.9255999997","1065879.7845000008","53829.33740000044","1116092.0867000003","35854.89159999997","1095382.515200001","Experiment","0","0","0","18","1920","gestritten.","53","25","244"
"<AN>Männer</AN>","C1","<RN>Arbeitnehmer</RN>","undefined","undefined","True","53","4","<AN>Männer</AN>","135","-130.0","5.0","61.0","114.0","undefined","undefined","#232323","1620","psycho","True","gestritten","psycho","psycho","undefined","undefined","undefined","0","0","0","0","0","102","0","102","0","0","102","102","102","0","102","0","50","-810.0","-270.5","5","1137.0","91.38478215545518","Tue Jul 28 13:23:10 2026","The main experiment item","False","Auf einer wissenschaftlichen Konferenz zu technischen Zukunftsfragen werden derzeit aktuelle gesellschaftliche Themen erörtert. Die <RN>Ingenieur*innen</RN> kritisieren die Energiewende und stehen vor Herausforderungen, doch diese <AN>Männer</AN> lehnen zusätzliche Investitionen ab. Über die Konsequenzen wird weiterhin intensiv gestritten.","experiment.osexp","D:\ET_course_project_gender-bias\experiment","False","mono","False","39","no","white","no","yes","1080","12","right","psycho","178.0","3.0","117","2","102","102","D:\ET_course_project_gender-bias\experiment\subject-3.csv","150","psycho","an_found","Neonatal Nightingale","4.1.14","596.0","178.0","2","0","right","NA","right","right","right","20524.52220000117","NA","17914.597400000275","20524.52220000117","True","53","3","<RN>Ingenieur*innen</RN>","339","-810.0","-471.0","-56.0","-3.0","2","psycho","3","Auf einer wissenschaftlichen Konferenz zu technischen Zukunftsfragen werden derzeit aktuelle gesellschaftliche Themen erörtert. Die <RN>Ingenieur*innen</RN> kritisieren die Energiewende und stehen vor Herausforderungen, doch diese <AN>Frauen</AN> lehnen zusätzliche Investitionen ab. Über die Konsequenzen wird weiterhin intensiv gestritten.","Auf einer Gewerkschaftsveranstaltung wird derzeit über Löhne, Arbeitsbedingungen und Arbeitnehmerrechte diskutiert. Die <RN>Beschäftigten</RN> fordern bessere Bezahlung und faire Arbeitsbedingungen, doch diese diskussionsfreudigen <AN>Frauen</AN> sehen vor allem strukturelle Probleme. Die kommenden Entwicklungen sind weiterhin Gegenstand von Diskussionen.","1","1024","2","48000","-16","53","4","135","5.0","140.0","61.0","114.0","experiment","3","odd","1065893.2251999995","-810.0","-290.0","NA","4457.934600000954","4458.342600000833","35859.87100000057","53774.89570000034","1116117.7343","53829.305499999464","1116117.7704000003","34911.64700000081","NA","1115910.9344999997","1095385.9255999997","1065879.7845000008","53829.33740000044","1116117.6404","35854.89159999997","1095382.515200001","Experiment","0","0","0","18","1920","gestritten.","53","25","244"
"<AN>Frauen</AN>","C2","<RN>Einwohner</RN>","undefined","undefined","True","53","4","<AN>Männer</AN>","135","-130.0","5.0","61.0","114.0","undefined","undefined","#232323","1620","psycho","True","gestritten","psycho","psycho","undefined","undefined","undefined","0","0","0","0","0","103","0","103","0","0","103","103","103","0","103","0","50","-810.0","-270.5","5","1137.0","91.38478215545518","Tue Jul 28 13:23:10 2026","The main experiment item","False","Auf einer wissenschaftlichen Konferenz zu technischen Zukunftsfragen werden derzeit aktuelle gesellschaftliche Themen erörtert. Die <RN>Ingenieur*innen</RN> kritisieren die Energiewende und stehen vor Herausforderungen, doch diese <AN>Männer</AN> lehnen zusätzliche Investitionen ab. Über die Konsequenzen wird weiterhin intensiv gestritten.","experiment.osexp","D:\ET_course_project_gender-bias\experiment","False","mono","False","39","no","white","no","yes","1080","8","right","psycho","178.0","3.0","117","1","103","103","D:\ET_course_project_gender-bias\experiment\subject-3.csv","150","psycho","an_found","Neonatal Nightingale","4.1.14","596.0","178.0","2","0","right","NA","right","right","right","20524.52220000117","NA","17914.597400000275","20524.52220000117","True","53","3","<RN>Ingenieur*innen</RN>","339","-810.0","-471.0","-56.0","-3.0","2","psycho","3","Auf einer wissenschaftlichen Konferenz zu technischen Zukunftsfragen werden derzeit aktuelle gesellschaftliche Themen erörtert. Die <RN>Ingenieur*innen</RN> kritisieren die Energiewende und stehen vor Herausforderungen, doch diese <AN>Frauen</AN> lehnen zusätzliche Investitionen ab. Über die Konsequenzen wird weiterhin intensiv gestritten.","Im Rahmen einer öffentlichen Veranstaltung wird derzeit über Fragen der inneren Sicherheit und gesellschaftliche Entwicklungen gesprochen. Die <RN>Bürger</RN> diskutieren über Fragen der inneren Sicherheit bezüglich der aktuellen Krise, doch diese <AN>Männer</AN> fordern härtere Maßnahmen. Die weiteren Maßnahmen stoßen auf geteilte Reaktionen.","1","1024","2","48000","-16","53","4","135","5.0","140.0","61.0","114.0","experiment","3","odd","1065893.2251999995","-810.0","-290.0","NA","4457.934600000954","4458.342600000833","35859.87100000057","53774.89570000034","1116145.2076999994","53829.305499999464","1116145.2432999995","34911.64700000081","NA","1115910.9344999997","1095385.9255999997","1065879.7845000008","53829.33740000044","1116145.1185000006","35854.89159999997","1095382.515200001","Experiment","0","0","0","18","1920","gestritten.","53","25","244"
"<AN>Männer</AN>","C1","<RN>Polizisten</RN>","undefined","undefined","True","53","4","<AN>Männer</AN>","135","-130.0","5.0","61.0","114.0","undefined","undefined","#232323","1620","psycho","True","gestritten","psycho","psycho","undefined","undefined","undefined","0","0","0","0","0","104","0","104","0","0","104","104","104","0","104","0","50","-810.0","-270.5","5","1137.0","91.38478215545518","Tue Jul 28 13:23:10 2026","The main experiment item","False","Auf einer wissenschaftlichen Konferenz zu technischen Zukunftsfragen werden derzeit aktuelle gesellschaftliche Themen erörtert. Die <RN>Ingenieur*innen</RN> kritisieren die Energiewende und stehen vor Herausforderungen, doch diese <AN>Männer</AN> lehnen zusätzliche Investitionen ab. Über die Konsequenzen wird weiterhin intensiv gestritten.","experiment.osexp","D:\ET_course_project_gender-bias\experiment","False","mono","False","39","no","white","no","yes","1080","18","right","psycho","178.0","3.0","117","2","104","104","D:\ET_course_project_gender-bias\experiment\subject-3.csv","150","psycho","an_found","Neonatal Nightingale","4.1.14","596.0","178.0","2","0","right","NA","right","right","right","20524.52220000117","NA","17914.597400000275","20524.52220000117","True","53","3","<RN>Ingenieur*innen</RN>","339","-810.0","-471.0","-56.0","-3.0","2","psycho","3","Auf einer wissenschaftlichen Konferenz zu technischen Zukunftsfragen werden derzeit aktuelle gesellschaftliche Themen erörtert. Die <RN>Ingenieur*innen</RN> kritisieren die Energiewende und stehen vor Herausforderungen, doch diese <AN>Frauen</AN> lehnen zusätzliche Investitionen ab. Über die Konsequenzen wird weiterhin intensiv gestritten.","Bei einer öffentlichen Sitzung im Rathaus wird über neue Verkehrsregelungen gesprochen. Die <RN>Polizistinnen</RN> diskutieren laut über mehr Sicherheit im Straßenverkehr und setzen sich für strengere Kontrollen ein, doch diese <AN>Männer</AN> lehnen die Vorschläge ab. Die nächsten Maßnahmen werden derzeit kontrovers verhandelt.","1","1024","2","48000","-16","53","4","135","5.0","140.0","61.0","114.0","experiment","3","odd","1065893.2251999995","-810.0","-290.0","NA","4457.934600000954","4458.342600000833","35859.87100000057","53774.89570000034","1116172.4252000004","53829.305499999464","1116172.4785000007","34911.64700000081","NA","1115910.9344999997","1095385.9255999997","1065879.7845000008","53829.33740000044","1116172.2332000008","35854.89159999997","1095382.515200001","Experiment","0","0","0","18","1920","gestritten.","53","25","244"
"<AN>Frauen</AN>","C6","<RN>Lehrer*innen</RN>","undefined","undefined","True","53","4","<AN>Männer</AN>","135","-130.0","5.0","61.0","114.0","undefined","undefined","#232323","1620","psycho","True","gestritten","psycho","psycho","undefined","undefined","undefined","0","0","0","0","0","105","0","105","0","0","105","105","105","0","105","0","50","-810.0","-270.5","5","1137.0","91.38478215545518","Tue Jul 28 13:23:10 2026","The main experiment item","False","Auf einer wissenschaftlichen Konferenz zu technischen Zukunftsfragen werden derzeit aktuelle gesellschaftliche Themen erörtert. Die <RN>Ingenieur*innen</RN> kritisieren die Energiewende und stehen vor Herausforderungen, doch diese <AN>Männer</AN> lehnen zusätzliche Investitionen ab. Über die Konsequenzen wird weiterhin intensiv gestritten.","experiment.osexp","D:\ET_course_project_gender-bias\experiment","False","mono","False","39","no","white","no","yes","1080","6","right","psycho","178.0","3.0","117","1","105","105","D:\ET_course_project_gender-bias\experiment\subject-3.csv","150","psycho","an_found","Neonatal Nightingale","4.1.14","596.0","178.0","2","0","right","NA","right","right","right","20524.52220000117","NA","17914.597400000275","20524.52220000117","True","53","3","<RN>Ingenieur*innen</RN>","339","-810.0","-471.0","-56.0","-3.0","2","psycho","3","Auf einer wissenschaftlichen Konferenz zu technischen Zukunftsfragen werden derzeit aktuelle gesellschaftliche Themen erörtert. Die <RN>Ingenieur*innen</RN> kritisieren die Energiewende und stehen vor Herausforderungen, doch diese <AN>Frauen</AN> lehnen zusätzliche Investitionen ab. Über die Konsequenzen wird weiterhin intensiv gestritten.","Auf einer Konferenz zu Bildungsfragen wird derzeit über aktuelle schulische Themen gesprochen. Die <RN>Lehrer</RN> sollen mehr auf Disziplin und Konsequenzen im Unterricht setzen, doch aus pädagogischen Gründen lehnen diese <AN>Frauen</AN> die Vorschläge ab. Die kommenden Entwicklungen sind weiterhin Gegenstand von Diskussionen.","1","1024","2","48000","-16","53","4","135","5.0","140.0","61.0","114.0","experiment","3","odd","1065893.2251999995","-810.0","-290.0","NA","4457.934600000954","4458.342600000833","35859.87100000057","53774.89570000034","1116198.1040999999","53829.305499999464","1116198.1443000005","34911.64700000081","NA","1115910.9344999997","1095385.9255999997","1065879.7845000008","53829.33740000044","1116198.009900001","35854.89159999997","1095382.515200001","Experiment","0","0","0","18","1920","gestritten.","53","25","244"
"<AN>Männer</AN>","C5","<RN>Student*innen</RN>","undefined","undefined","True","53","4","<AN>Männer</AN>","135","-130.0","5.0","61.0","114.0","undefined","undefined","#232323","1620","psycho","True","gestritten","psycho","psycho","undefined","undefined","undefined","0","0","0","0","0","106","0","106","0","0","106","106","106","0","106","0","50","-810.0","-270.5","5","1137.0","91.38478215545518","Tue Jul 28 13:23:10 2026","The main experiment item","False","Auf einer wissenschaftlichen Konferenz zu technischen Zukunftsfragen werden derzeit aktuelle gesellschaftliche Themen erörtert. Die <RN>Ingenieur*innen</RN> kritisieren die Energiewende und stehen vor Herausforderungen, doch diese <AN>Männer</AN> lehnen zusätzliche Investitionen ab. Über die Konsequenzen wird weiterhin intensiv gestritten.","experiment.osexp","D:\ET_course_project_gender-bias\experiment","False","mono","False","39","no","white","no","yes","1080","1","right","psycho","178.0","3.0","117","5","106","106","D:\ET_course_project_gender-bias\experiment\subject-3.csv","150","psycho","an_found","Neonatal Nightingale","4.1.14","596.0","178.0","2","0","right","NA","right","right","right","20524.52220000117","NA","17914.597400000275","20524.52220000117","True","53","3","<RN>Ingenieur*innen</RN>","339","-810.0","-471.0","-56.0","-3.0","2","psycho","3","Auf einer wissenschaftlichen Konferenz zu technischen Zukunftsfragen werden derzeit aktuelle gesellschaftliche Themen erörtert. Die <RN>Ingenieur*innen</RN> kritisieren die Energiewende und stehen vor Herausforderungen, doch diese <AN>Frauen</AN> lehnen zusätzliche Investitionen ab. Über die Konsequenzen wird weiterhin intensiv gestritten.","Bei einer Podiumsdiskussion an der Universität wird über aktuelle gesellschaftliche Themen gesprochen. Die <RN>Studenten</RN> müssten wieder stärker leistungsorientiert gefördert werden, doch die Mehrheit dieser dort teilnehmenden <AN>Frauen</AN> kritisiert die neuen Anforderungen. Die weitere Entwicklung bleibt Gegenstand öffentlicher Debatten.","1","1024","2","48000","-16","53","4","135","5.0","140.0","61.0","114.0","experiment","3","odd","1065893.2251999995","-810.0","-290.0","NA","4457.934600000954","4458.342600000833","35859.87100000057","53774.89570000034","1116232.598300001","53829.305499999464","1116232.6367000006","34911.64700000081","NA","1115910.9344999997","1095385.9255999997","1065879.7845000008","53829.33740000044","1116232.4038000007","35854.89159999997","1095382.515200001","Experiment","0","0","0","18","1920","gestritten.","53","25","244"
"<AN>Frauen</AN>","C4","<RN>Arbeitnehmerinnen</RN>","undefined","undefined","True","53","4","<AN>Männer</AN>","135","-130.0","5.0","61.0","114.0","undefined","undefined","#232323","1620","psycho","True","gestritten","psycho","psycho","undefined","undefined","undefined","0","0","0","0","0","107","0","107","0","0","107","107","107","0","107","0","50","-810.0","-270.5","5","1137.0","91.38478215545518","Tue Jul 28 13:23:10 2026","The main experiment item","False","Auf einer wissenschaftlichen Konferenz zu technischen Zukunftsfragen werden derzeit aktuelle gesellschaftliche Themen erörtert. Die <RN>Ingenieur*innen</RN> kritisieren die Energiewende und stehen vor Herausforderungen, doch diese <AN>Männer</AN> lehnen zusätzliche Investitionen ab. Über die Konsequenzen wird weiterhin intensiv gestritten.","experiment.osexp","D:\ET_course_project_gender-bias\experiment","False","mono","False","39","no","white","no","yes","1080","12","right","psycho","178.0","3.0","117","5","107","107","D:\ET_course_project_gender-bias\experiment\subject-3.csv","150","psycho","an_found","Neonatal Nightingale","4.1.14","596.0","178.0","2","0","right","NA","right","right","right","20524.52220000117","NA","17914.597400000275","20524.52220000117","True","53","3","<RN>Ingenieur*innen</RN>","339","-810.0","-471.0","-56.0","-3.0","2","psycho","3","Auf einer wissenschaftlichen Konferenz zu technischen Zukunftsfragen werden derzeit aktuelle gesellschaftliche Themen erörtert. Die <RN>Ingenieur*innen</RN> kritisieren die Energiewende und stehen vor Herausforderungen, doch diese <AN>Frauen</AN> lehnen zusätzliche Investitionen ab. Über die Konsequenzen wird weiterhin intensiv gestritten.","Auf einer Gewerkschaftsveranstaltung wird derzeit über Löhne, Arbeitsbedingungen und Arbeitnehmerrechte diskutiert. Die <RN>Beschäftigten</RN> fordern bessere Bezahlung und faire Arbeitsbedingungen, doch diese <AN>Frauen</AN> sehen vor allem strukturelle Probleme. Die kommenden Entwicklungen sind weiterhin Gegenstand von Diskussionen.","1","1024","2","48000","-16","53","4","135","5.0","140.0","61.0","114.0","experiment","3","odd","1065893.2251999995","-810.0","-290.0","NA","4457.934600000954","4458.342600000833","35859.87100000057","53774.89570000034","1116258.9090000002","53829.305499999464","1116258.9497999998","34911.64700000081","NA","1115910.9344999997","1095385.9255999997","1065879.7845000008","53829.33740000044","1116258.7368000003","35854.89159999997","1095382.515200001","Experiment","0","0","0","18","1920","gestritten.","53","25","244"
