"AN","Code","RN","acc","accuracy","an_found","an_height","an_line","an_text","an_width","an_x1","an_x2","an_y1","an_y2","average_response_time","avg_rt","background","box_width","canvas_backend","central_fixation","clean_word","clock_backend","color_backend","correct","correct_instruction","correct_question_sketchpad","count_ending_sketchpad","count_experiment","count_eyetracker_calibration","count_instruction","count_instruction_pygaze_log","count_list_filter","count_liste_auswahl","count_logger","count_pygaze_start_recording","count_pygaze_stop_recording","count_question_pygaze_log","count_question_sketchpad","count_sentence_script","count_trial_loop","count_trial_sequence","count_var_init_inline_script","cross_size","cross_x","cross_y","current_line","current_line_width","d","datetime","description","disable_garbage_collection","display_sentence","experiment_file","experiment_path","font_bold","font_family","font_italic","font_size","font_underline","foreground","form_clicks","fullscreen","height","item","key","keyboard_backend","last_line_y","line_height_factor","line_spacing","list","live_row","live_row_trial_loop","logfile","margin","mouse_backend","name","opensesame_codename","opensesame_version","position_x","position_y","psychopy_screen","repeat_cycle","response","response_ending_sketchpad","response_instruction","response_key","response_question_sketchpad","response_time","response_time_ending_sketchpad","response_time_instruction","response_time_question_sketchpad","rn_found","rn_height","rn_line","rn_text","rn_width","rn_x1","rn_x2","rn_y1","rn_y2","round_decimals","sampler_backend","selected_list","sentence","sentence_text","skip_trial","sound_buf_size","sound_channels","sound_freq","sound_sample_size","spill_height","spill_line","spill_width","spill_x1","spill_x2","spill_y1","spill_y2","start","subject_nr","subject_parity","t0","text_start_x","text_start_y","time_ending_sketchpad","time_experiment","time_eyetracker_calibration","time_instruction","time_instruction_pygaze_log","time_list_filter","time_liste_auswahl","time_logger","time_pygaze_start_recording","time_pygaze_stop_recording","time_question_pygaze_log","time_question_sketchpad","time_sentence_script","time_trial_loop","time_trial_sequence","time_var_init_inline_script","timestamp","title","total_correct","total_response_time","total_responses","trial_counter","width","word","word_height","word_spacing","word_width"
"<AN>Frauen</AN>","C4","<RN>Einwohnerinnen</RN>","undefined","undefined","None","None","None","None","None","None","None","None","None","undefined","undefined","#232323","None","psycho","None","None","psycho","psycho","undefined","undefined","None","0","0","0","0","0","0","0","0","0","0","0","0","0","0","0","0","None","None","None","None","None","None","Sun Aug  9 10:50:53 2026","The main experiment item","False","None","experiment.osexp","D:\ET_course_project_gender-bias\experiment","False","mono","False","18","no","white","no","yes","1080","8","None","psycho","None","None","None","3","0","0","D:\ET_course_project_gender-bias\experiment\subject-11.csv","None","psycho","an_found","Neonatal Nightingale","4.1.14","None","None","2","0","space","NA","space","None","NA","14827.950900013093","NA","14827.950900013093","NA","None","None","None","None","None","None","None","None","None","2","psycho","5","None","Im Rahmen einer öffentlichen Veranstaltung wird derzeit über Fragen der inneren Sicherheit und gesellschaftliche Entwicklungen gesprochen. Die <RN>Bürger</RN> diskutieren über Fragen der inneren Sicherheit bezüglich der aktuellen Krise, doch diese <AN>Männer</AN> fordern härtere Maßnahmen. Die weiteren Maßnahmen stoßen auf geteilte Reaktionen.","1","1024","2","48000","-16","None","None","None","None","None","None","None","experiment","11","odd","None","None","None","NA","5086.726400011685","5087.057700002333","110531.57719998853","125360.06979999365","125436.18309998419","125410.29659999185","125436.24519999139","110329.02979999199","NA","NA","NA","NA","125410.32719999203","125436.01659999695","110526.26449998934","None","Experiment","0","0","0","0","1920","None","None","None","None"
"<AN>Frauen</AN>","C2","<RN>Arbeitnehmer</RN>","undefined","undefined","None","None","None","None","None","None","None","None","None","undefined","undefined","#232323","None","psycho","None","None","psycho","psycho","undefined","undefined","None","0","0","0","0","0","1","0","1","0","0","1","1","1","0","1","0","None","None","None","None","None","None","Sun Aug  9 10:50:53 2026","The main experiment item","False","None","experiment.osexp","D:\ET_course_project_gender-bias\experiment","False","mono","False","18","no","white","no","yes","1080","5","None","psycho","None","None","None","4","1","1","D:\ET_course_project_gender-bias\experiment\subject-11.csv","None","psycho","an_found","Neonatal Nightingale","4.1.14","None","None","2","0","space","NA","space","None","NA","14827.950900013093","NA","14827.950900013093","NA","None","None","None","None","None","None","None","None","None","2","psycho","5","None","Im Rahmen einer Geschäftsveranstaltung findet derzeit ein Austausch über Arbeitsbedingungen und gesellschaftliche Entwicklungen statt. Die <RN>Arbeitnehmer*innen</RN> erwarten höhere Gehälter und klimatisierte Arbeitsplätze, trotzdem wollen diese <AN>Männer</AN> auch weniger arbeiten. Die Frage nach den Konsequenzen bleibt offen.","1","1024","2","48000","-16","None","None","None","None","None","None","None","experiment","11","odd","None","None","None","NA","5086.726400011685","5087.057700002333","110531.57719998853","125360.06979999365","125472.86879998865","125410.29659999185","125472.90480000083","110329.02979999199","NA","NA","NA","NA","125410.32719999203","125472.78240000014","110526.26449998934","None","Experiment","0","0","0","0","1920","None","None","None","None"
"<AN>Männer</AN>","C5","<RN>Unternehmer*innen</RN>","undefined","undefined","None","None","None","None","None","None","None","None","None","undefined","undefined","#232323","None","psycho","None","None","psycho","psycho","undefined","undefined","None","0","0","0","0","0","2","0","2","0","0","2","2","2","0","2","0","None","None","None","None","None","None","Sun Aug  9 10:50:53 2026","The main experiment item","False","None","experiment.osexp","D:\ET_course_project_gender-bias\experiment","False","mono","False","18","no","white","no","yes","1080","4","None","psycho","None","None","None","2","2","2","D:\ET_course_project_gender-bias\experiment\subject-11.csv","None","psycho","an_found","Neonatal Nightingale","4.1.14","None","None","2","0","space","NA","space","None","NA","14827.950900013093","NA","14827.950900013093","NA","None","None","None","None","None","None","None","None","None","2","psycho","5","None","Bei einem Networking-Event stehen wirtschaftspolitische und gesellschaftliche Fragestellungen im Mittelpunkt der Diskussion. Die <RN>Unternehmer</RN> brauchen weniger bürokratische Hürden und sprechen über Verbesserungen, doch diese <AN>Männer</AN> fordern weitere steuerliche Entlastungen. Die Folgen dieser Positionen bleiben umstritten.","1","1024","2","48000","-16","None","None","None","None","None","None","None","experiment","11","odd","None","None","None","NA","5086.726400011685","5087.057700002333","110531.57719998853","125360.06979999365","125499.47179999435","125410.29659999185","125499.52720000874","110329.02979999199","NA","NA","NA","NA","125410.32719999203","125499.21489998815","110526.26449998934","None","Experiment","0","0","0","0","1920","None","None","None","None"
"<AN>Frauen</AN>","C6","<RN>Aktivist*innen</RN>","undefined","undefined","None","None","None","None","None","None","None","None","None","undefined","undefined","#232323","None","psycho","None","None","psycho","psycho","undefined","undefined","None","0","0","0","0","0","3","0","3","0","0","3","3","3","0","3","0","None","None","None","None","None","None","Sun Aug  9 10:50:53 2026","The main experiment item","False","None","experiment.osexp","D:\ET_course_project_gender-bias\experiment","False","mono","False","18","no","white","no","yes","1080","11","None","psycho","None","None","None","2","3","3","D:\ET_course_project_gender-bias\experiment\subject-11.csv","None","psycho","an_found","Neonatal Nightingale","4.1.14","None","None","2","0","space","NA","space","None","NA","14827.950900013093","NA","14827.950900013093","NA","None","None","None","None","None","None","None","None","None","2","psycho","5","None","Auf einer öffentlichen Veranstaltung werden aktuelle wohnungs- und gesellschaftspolitische Themen diskutiert. Die <RN>Aktivist*innen</RN> fordern mehr bezahlbaren Wohnraum in Stuttgart und diskutieren faire Lösungsansätze, doch diese <AN>Frauen</AN> sehen die Verantwortung stärker beim Bund. Die Auswirkungen der Entscheidung werden noch geprüft.","1","1024","2","48000","-16","None","None","None","None","None","None","None","experiment","11","odd","None","None","None","NA","5086.726400011685","5087.057700002333","110531.57719998853","125360.06979999365","125525.97630000673","125410.29659999185","125526.03010000894","110329.02979999199","NA","NA","NA","NA","125410.32719999203","125525.68580000661","110526.26449998934","None","Experiment","0","0","0","0","1920","None","None","None","None"
"<AN>Frauen</AN>","C2","<RN>Studenten</RN>","undefined","undefined","None","None","None","None","None","None","None","None","None","undefined","undefined","#232323","None","psycho","None","None","psycho","psycho","undefined","undefined","None","0","0","0","0","0","4","0","4","0","0","4","4","4","0","4","0","None","None","None","None","None","None","Sun Aug  9 10:50:53 2026","The main experiment item","False","None","experiment.osexp","D:\ET_course_project_gender-bias\experiment","False","mono","False","18","no","white","no","yes","1080","1","None","psycho","None","None","None","2","4","4","D:\ET_course_project_gender-bias\experiment\subject-11.csv","None","psycho","an_found","Neonatal Nightingale","4.1.14","None","None","2","0","space","NA","space","None","NA","14827.950900013093","NA","14827.950900013093","NA","None","None","None","None","None","None","None","None","None","2","psycho","5","None","Bei einer Podiumsdiskussion an der Universität wird über aktuelle gesellschaftliche Themen gesprochen. Die <RN>Studenten</RN> müssten wieder stärker leistungsorientiert gefördert werden, doch die Mehrheit dieser dort teilnehmenden <AN>Frauen</AN> kritisiert die neuen Anforderungen. Die weitere Entwicklung bleibt Gegenstand öffentlicher Debatten.","1","1024","2","48000","-16","None","None","None","None","None","None","None","experiment","11","odd","None","None","None","NA","5086.726400011685","5087.057700002333","110531.57719998853","125360.06979999365","125553.41039999621","125410.29659999185","125553.44769998919","110329.02979999199","NA","NA","NA","NA","125410.32719999203","125553.32370000542","110526.26449998934","None","Experiment","0","0","0","0","1920","None","None","None","None"
"<AN>Männer</AN>","C5","<RN>Krankenpfleger*innen</RN>","undefined","undefined","None","None","None","None","None","None","None","None","None","undefined","undefined","#232323","None","psycho","None","None","psycho","psycho","undefined","undefined","None","0","0","0","0","0","5","0","5","0","0","5","5","5","0","5","0","None","None","None","None","None","None","Sun Aug  9 10:50:53 2026","The main experiment item","False","None","experiment.osexp","D:\ET_course_project_gender-bias\experiment","False","mono","False","18","no","white","no","yes","1080","16","None","psycho","None","None","None","2","5","5","D:\ET_course_project_gender-bias\experiment\subject-11.csv","None","psycho","an_found","Neonatal Nightingale","4.1.14","None","None","2","0","space","NA","space","None","NA","14827.950900013093","NA","14827.950900013093","NA","None","None","None","None","None","None","None","None","None","2","psycho","5","None","Bei einer Informationsveranstaltung im Krankenhaus wird über aktuelle Impfreformen und deren Auswirkungen gesprochen. Die <RN>Krankenschwestern</RN> diskutieren über Long Covid und setzen sich für mehr Unterstützung ein, doch diese <AN>Männer</AN> lehnen die Vorschläge ab. Die nächsten Schritte werden derzeit kontrovers diskutiert.","1","1024","2","48000","-16","None","None","None","None","None","None","None","experiment","11","odd","None","None","None","NA","5086.726400011685","5087.057700002333","110531.57719998853","125360.06979999365","125579.51999999932","125410.29659999185","125579.56129999366","110329.02979999199","NA","NA","NA","NA","125410.32719999203","125579.29279998643","110526.26449998934","None","Experiment","0","0","0","0","1920","None","None","None","None"
"<AN>Frauen</AN>","C6","<RN>Expert*innen</RN>","undefined","undefined","None","None","None","None","None","None","None","None","None","undefined","undefined","#232323","None","psycho","None","None","psycho","psycho","undefined","undefined","None","0","0","0","0","0","6","0","6","0","0","6","6","6","0","6","0","None","None","None","None","None","None","Sun Aug  9 10:50:53 2026","The main experiment item","False","None","experiment.osexp","D:\ET_course_project_gender-bias\experiment","False","mono","False","18","no","white","no","yes","1080","10","None","psycho","None","None","None","3","6","6","D:\ET_course_project_gender-bias\experiment\subject-11.csv","None","psycho","an_found","Neonatal Nightingale","4.1.14","None","None","2","0","space","NA","space","None","NA","14827.950900013093","NA","14827.950900013093","NA","None","None","None","None","None","None","None","None","None","2","psycho","5","None","Im Rahmen einer universitären Veranstaltung werden aktuelle Fragestellungen der Rüstungsindustrie behandelt. Die große Mehrheit dieser <RN>Fachleute</RN> sehen eine stärkere Aufrüstung für Deutschland als notwendig, doch diese Gruppe von <AN>Frauen</AN> kritisiert dessen Finanzierung. Die Auswirkungen der Entscheidung werden noch geprüft.","1","1024","2","48000","-16","None","None","None","None","None","None","None","experiment","11","odd","None","None","None","NA","5086.726400011685","5087.057700002333","110531.57719998853","125360.06979999365","125606.99490000843","125410.29659999185","125607.04850000911","110329.02979999199","NA","NA","NA","NA","125410.32719999203","125606.75879998598","110526.26449998934","None","Experiment","0","0","0","0","1920","None","None","None","None"
"<AN>Männer</AN>","C5","<RN>Pfleger*innen</RN>","undefined","undefined","None","None","None","None","None","None","None","None","None","undefined","undefined","#232323","None","psycho","None","None","psycho","psycho","undefined","undefined","None","0","0","0","0","0","7","0","7","0","0","7","7","7","0","7","0","None","None","None","None","None","None","Sun Aug  9 10:50:53 2026","The main experiment item","False","None","experiment.osexp","D:\ET_course_project_gender-bias\experiment","False","mono","False","18","no","white","no","yes","1080","2","None","psycho","None","None","None","4","7","7","D:\ET_course_project_gender-bias\experiment\subject-11.csv","None","psycho","an_found","Neonatal Nightingale","4.1.14","None","None","2","0","space","NA","space","None","NA","14827.950900013093","NA","14827.950900013093","NA","None","None","None","None","None","None","None","None","None","2","psycho","5","None","Im Rahmen einer Gesprächsrunde im Gesundheitswesen wird derzeit über aktuelle gesellschaftliche Herausforderungen diskutiert. Die <RN>Pflegekräfte</RN> verdienen bessere Arbeitsbedingungen und benötigen mehr Unterstützung, doch diese <AN>Männer</AN> fühlen sich politisch nicht ausreichend unterstützt. Die nächsten Schritte werden derzeit kontrovers diskutiert.","1","1024","2","48000","-16","None","None","None","None","None","None","None","experiment","11","odd","None","None","None","NA","5086.726400011685","5087.057700002333","110531.57719998853","125360.06979999365","125633.4349999961","125410.29659999185","125633.47120000981","110329.02979999199","NA","NA","NA","NA","125410.32719999203","125633.34939998458","110526.26449998934","None","Experiment","0","0","0","0","1920","None","None","None","None"
"<AN>Frauen</AN>","C4","<RN>Dozentinnen</RN>","undefined","undefined","None","None","None","None","None","None","None","None","None","undefined","undefined","#232323","None","psycho","None","None","psycho","psycho","undefined","undefined","None","0","0","0","0","0","8","0","8","0","0","8","8","8","0","8","0","None","None","None","None","None","None","Sun Aug  9 10:50:53 2026","The main experiment item","False","None","experiment.osexp","D:\ET_course_project_gender-bias\experiment","False","mono","False","18","no","white","no","yes","1080","9","None","psycho","None","None","None","2","8","8","D:\ET_course_project_gender-bias\experiment\subject-11.csv","None","psycho","an_found","Neonatal Nightingale","4.1.14","None","None","2","0","space","NA","space","None","NA","14827.950900013093","NA","14827.950900013093","NA","None","None","None","None","None","None","None","None","None","2","psycho","5","None","Auf einer schulischen Tagung werden aktuelle Kontroversen rund um Vorlesungsführung und Leistungsbewertung diskutiert. Die <RN>Dozent*innen</RN> fordern erhöhte Leistungsorientierung und strengere Notenvergabe im Lehrplan, doch diese <AN>Männer</AN> stoßen dabei auf Gegendruck von Eltern. Die Debatte über das Thema hält weiter an.","1","1024","2","48000","-16","None","None","None","None","None","None","None","experiment","11","odd","None","None","None","NA","5086.726400011685","5087.057700002333","110531.57719998853","125360.06979999365","125660.12990000308","125410.29659999185","125660.18089998397","110329.02979999199","NA","NA","NA","NA","125410.32719999203","125659.74999999162","110526.26449998934","None","Experiment","0","0","0","0","1920","None","None","None","None"
"<AN>Frauen</AN>","C2","<RN>Aktivisten</RN>","undefined","undefined","None","None","None","None","None","None","None","None","None","undefined","undefined","#232323","None","psycho","None","None","psycho","psycho","undefined","undefined","None","0","0","0","0","0","9","0","9","0","0","9","9","9","0","9","0","None","None","None","None","None","None","Sun Aug  9 10:50:53 2026","The main experiment item","False","None","experiment.osexp","D:\ET_course_project_gender-bias\experiment","False","mono","False","18","no","white","no","yes","1080","11","None","psycho","None","None","None","4","9","9","D:\ET_course_project_gender-bias\experiment\subject-11.csv","None","psycho","an_found","Neonatal Nightingale","4.1.14","None","None","2","0","space","NA","space","None","NA","14827.950900013093","NA","14827.950900013093","NA","None","None","None","None","None","None","None","None","None","2","psycho","5","None","Auf einer öffentlichen Veranstaltung werden aktuelle wohnungs- und gesellschaftspolitische Themen diskutiert. Die <RN>Aktivist*innen</RN> fordern mehr bezahlbaren Wohnraum in Stuttgart für alle und diskutieren faire Lösungsansätze, doch diese <AN>Frauen</AN> sehen die Verantwortung stärker beim Bund. Die Auswirkungen der Entscheidung werden noch geprüft.","1","1024","2","48000","-16","None","None","None","None","None","None","None","experiment","11","odd","None","None","None","NA","5086.726400011685","5087.057700002333","110531.57719998853","125360.06979999365","125688.69849998737","125410.29659999185","125688.75450000633","110329.02979999199","NA","NA","NA","NA","125410.32719999203","125688.22000001092","110526.26449998934","None","Experiment","0","0","0","0","1920","None","None","None","None"
"<AN>Männer</AN>","C1","<RN>Studenten</RN>","undefined","undefined","None","None","None","None","None","None","None","None","None","undefined","undefined","#232323","None","psycho","None","None","psycho","psycho","undefined","undefined","None","0","0","0","0","0","10","0","10","0","0","10","10","10","0","10","0","None","None","None","None","None","None","Sun Aug  9 10:50:53 2026","The main experiment item","False","None","experiment.osexp","D:\ET_course_project_gender-bias\experiment","False","mono","False","18","no","white","no","yes","1080","1","None","psycho","None","None","None","1","10","10","D:\ET_course_project_gender-bias\experiment\subject-11.csv","None","psycho","an_found","Neonatal Nightingale","4.1.14","None","None","2","0","space","NA","space","None","NA","14827.950900013093","NA","14827.950900013093","NA","None","None","None","None","None","None","None","None","None","2","psycho","5","None","Bei einer Podiumsdiskussion an der Universität wird über aktuelle gesellschaftliche Themen gesprochen. Die <RN>Studenten</RN> müssten wieder stärker leistungsorientiert gefördert werden, doch die Mehrheit dieser dort teilnehmenden <AN>Frauen</AN> kritisiert die neuen Anforderungen. Die weitere Entwicklung bleibt Gegenstand öffentlicher Debatten.","1","1024","2","48000","-16","None","None","None","None","None","None","None","experiment","11","odd","None","None","None","NA","5086.726400011685","5087.057700002333","110531.57719998853","125360.06979999365","125716.10439999495","125410.29659999185","125716.13899999647","110329.02979999199","NA","NA","NA","NA","125410.32719999203","125716.01599999121","110526.26449998934","None","Experiment","0","0","0","0","1920","None","None","None","None"
"<AN>Männern</AN>","C1","<RN>Experten</RN>","undefined","undefined","None","None","None","None","None","None","None","None","None","undefined","undefined","#232323","None","psycho","None","None","psycho","psycho","undefined","undefined","None","0","0","0","0","0","11","0","11","0","0","11","11","11","0","11","0","None","None","None","None","None","None","Sun Aug  9 10:50:53 2026","The main experiment item","False","None","experiment.osexp","D:\ET_course_project_gender-bias\experiment","False","mono","False","18","no","white","no","yes","1080","10","None","psycho","None","None","None","4","11","11","D:\ET_course_project_gender-bias\experiment\subject-11.csv","None","psycho","an_found","Neonatal Nightingale","4.1.14","None","None","2","0","space","NA","space","None","NA","14827.950900013093","NA","14827.950900013093","NA","None","None","None","None","None","None","None","None","None","2","psycho","5","None","Im Rahmen einer universitären Veranstaltung werden aktuelle Fragestellungen der Rüstungsindustrie behandelt. Die große Mehrheit dieser <RN>Fachleute</RN> sehen eine stärkere Aufrüstung für Deutschland als notwendig, doch diese Gruppe von <AN>Frauen</AN> kritisiert dessen Finanzierung. Die Auswirkungen der Entscheidung werden noch geprüft.","1","1024","2","48000","-16","None","None","None","None","None","None","None","experiment","11","odd","None","None","None","NA","5086.726400011685","5087.057700002333","110531.57719998853","125360.06979999365","125742.67609999515","125410.29659999185","125742.71570000565","110329.02979999199","NA","NA","NA","NA","125410.32719999203","125742.52070000512","110526.26449998934","None","Experiment","0","0","0","0","1920","None","None","None","None"
"<AN>Männer</AN>","C5","<RN>Ingenieur*innen</RN>","undefined","undefined","None","None","None","None","None","None","None","None","None","undefined","undefined","#232323","None","psycho","None","None","psycho","psycho","undefined","undefined","None","0","0","0","0","0","12","0","12","0","0","12","12","12","0","12","0","None","None","None","None","None","None","Sun Aug  9 10:50:53 2026","The main experiment item","False","None","experiment.osexp","D:\ET_course_project_gender-bias\experiment","False","mono","False","18","no","white","no","yes","1080","3","None","psycho","None","None","None","3","12","12","D:\ET_course_project_gender-bias\experiment\subject-11.csv","None","psycho","an_found","Neonatal Nightingale","4.1.14","None","None","2","0","space","NA","space","None","NA","14827.950900013093","NA","14827.950900013093","NA","None","None","None","None","None","None","None","None","None","2","psycho","5","None","Auf einer wissenschaftlichen Konferenz zu technischen Zukunftsfragen werden derzeit aktuelle gesellschaftliche Themen erörtert. Die <RN>Ingenieur*innen</RN> kritisieren die Energiewende und stehen vor Herausforderungen, doch diese <AN>Frauen</AN> lehnen zusätzliche Investitionen ab. Über die Konsequenzen wird weiterhin intensiv gestritten.","1","1024","2","48000","-16","None","None","None","None","None","None","None","experiment","11","odd","None","None","None","NA","5086.726400011685","5087.057700002333","110531.57719998853","125360.06979999365","125770.50449998933","125410.29659999185","125770.56219999213","110329.02979999199","NA","NA","NA","NA","125410.32719999203","125770.37449998898","110526.26449998934","None","Experiment","0","0","0","0","1920","None","None","None","None"
"<AN>Männer</AN>","C5","<RN>Professor*innen</RN>","undefined","undefined","None","None","None","None","None","None","None","None","None","undefined","undefined","#232323","None","psycho","None","None","psycho","psycho","undefined","undefined","None","0","0","0","0","0","13","0","13","0","0","13","13","13","0","13","0","None","None","None","None","None","None","Sun Aug  9 10:50:53 2026","The main experiment item","False","None","experiment.osexp","D:\ET_course_project_gender-bias\experiment","False","mono","False","18","no","white","no","yes","1080","15","None","psycho","None","None","None","3","13","13","D:\ET_course_project_gender-bias\experiment\subject-11.csv","None","psycho","an_found","Neonatal Nightingale","4.1.14","None","None","2","0","space","NA","space","None","NA","14827.950900013093","NA","14827.950900013093","NA","None","None","None","None","None","None","None","None","None","2","psycho","5","None","Im Rahmen einer öffentlichen Veranstaltung wird über die Zukunft der Hochschulen und die Forschungsförderung diskutiert. Die <RN>Professorinnen</RN> diskutieren über die Zukunft der Hochschulen und setzen sich für mehr Forschungsgelder ein, doch diese <AN>Männer</AN> lehnen die Vorschläge ab. Die nächsten Schritte werden derzeit kontrovers diskutiert.","1","1024","2","48000","-16","None","None","None","None","None","None","None","experiment","11","odd","None","None","None","NA","5086.726400011685","5087.057700002333","110531.57719998853","125360.06979999365","125796.9821000006","125410.29659999185","125797.03270000755","110329.02979999199","NA","NA","NA","NA","125410.32719999203","125796.75889998907","110526.26449998934","None","Experiment","0","0","0","0","1920","None","None","None","None"
"<AN>Männer</AN>","C3","<RN>Expertinnen</RN>","undefined","undefined","None","None","None","None","None","None","None","None","None","undefined","undefined","#232323","None","psycho","None","None","psycho","psycho","undefined","undefined","None","0","0","0","0","0","14","0","14","0","0","14","14","14","0","14","0","None","None","None","None","None","None","Sun Aug  9 10:50:53 2026","The main experiment item","False","None","experiment.osexp","D:\ET_course_project_gender-bias\experiment","False","mono","False","18","no","white","no","yes","1080","7","None","psycho","None","None","None","3","14","14","D:\ET_course_project_gender-bias\experiment\subject-11.csv","None","psycho","an_found","Neonatal Nightingale","4.1.14","None","None","2","0","space","NA","space","None","NA","14827.950900013093","NA","14827.950900013093","NA","None","None","None","None","None","None","None","None","None","2","psycho","5","None","Beim Sommerfest eines Unternehmens wird über wirtschaftliche Entwicklungen und gesellschaftliche Herausforderungen diskutiert. Die <RN>Fachleute</RN> sehen große Herausforderungen im nächsten Geschäftsjahr, dennoch bleiben diese <AN>Männer</AN> optimistisch. Die unternehmerischen Folgen werden unterschiedlich bewertet.","1","1024","2","48000","-16","None","None","None","None","None","None","None","experiment","11","odd","None","None","None","NA","5086.726400011685","5087.057700002333","110531.57719998853","125360.06979999365","125822.74149998557","125410.29659999185","125822.7954999893","110329.02979999199","NA","NA","NA","NA","125410.32719999203","125822.53330000094","110526.26449998934","None","Experiment","0","0","0","0","1920","None","None","None","None"
"<AN>Frauen</AN>","C4","<RN>Einwohnerinnen</RN>","undefined","undefined","None","None","None","None","None","None","None","None","None","undefined","undefined","#232323","None","psycho","None","None","psycho","psycho","undefined","undefined","None","0","0","0","0","0","15","0","15","0","0","15","15","15","0","15","0","None","None","None","None","None","None","Sun Aug  9 10:50:53 2026","The main experiment item","False","None","experiment.osexp","D:\ET_course_project_gender-bias\experiment","False","mono","False","18","no","white","no","yes","1080","13","None","psycho","None","None","None","4","15","15","D:\ET_course_project_gender-bias\experiment\subject-11.csv","None","psycho","an_found","Neonatal Nightingale","4.1.14","None","None","2","0","space","NA","space","None","NA","14827.950900013093","NA","14827.950900013093","NA","None","None","None","None","None","None","None","None","None","2","psycho","5","None","Im Rahmen einer öffentlichen Veranstaltung wird über Sicherheit, gesellschaftlichen Zusammenhalt und politische Reformen gesprochen. Die <RN>Bürgerinnen</RN> wünschen sich Sicherheit und verlässliche Perspektiven, doch diese Gruppe von <AN>Frauen</AN> sieht Reformbedarf im System. Die weitere Entwicklung bleibt Gegenstand öffentlicher Debatten.","1","1024","2","48000","-16","None","None","None","None","None","None","None","experiment","11","odd","None","None","None","NA","5086.726400011685","5087.057700002333","110531.57719998853","125360.06979999365","125849.81889999472","125410.29659999185","125849.87360000378","110329.02979999199","NA","NA","NA","NA","125410.32719999203","125849.5283999946","110526.26449998934","None","Experiment","0","0","0","0","1920","None","None","None","None"
"<AN>Männer</AN>","C5","<RN>Einwohner*innen</RN>","undefined","undefined","None","None","None","None","None","None","None","None","None","undefined","undefined","#232323","None","psycho","None","None","psycho","psycho","undefined","undefined","None","0","0","0","0","0","16","0","16","0","0","16","16","16","0","16","0","None","None","None","None","None","None","Sun Aug  9 10:50:53 2026","The main experiment item","False","None","experiment.osexp","D:\ET_course_project_gender-bias\experiment","False","mono","False","18","no","white","no","yes","1080","8","None","psycho","None","None","None","4","16","16","D:\ET_course_project_gender-bias\experiment\subject-11.csv","None","psycho","an_found","Neonatal Nightingale","4.1.14","None","None","2","0","space","NA","space","None","NA","14827.950900013093","NA","14827.950900013093","NA","None","None","None","None","None","None","None","None","None","2","psycho","5","None","Im Rahmen einer öffentlichen Veranstaltung wird derzeit über Fragen der inneren Sicherheit und gesellschaftliche Entwicklungen gesprochen. Die <RN>Bürger</RN> diskutieren über Fragen der Sicherheit bezüglich der aktuellen Krise, doch diese <AN>Männer</AN> fordern härtere Maßnahmen. Die weiteren Maßnahmen stoßen auf geteilte Reaktionen.","1","1024","2","48000","-16","None","None","None","None","None","None","None","experiment","11","odd","None","None","None","NA","5086.726400011685","5087.057700002333","110531.57719998853","125360.06979999365","125877.90590000805","125410.29659999185","125877.94720000238","110329.02979999199","NA","NA","NA","NA","125410.32719999203","125877.72859999677","110526.26449998934","None","Experiment","0","0","0","0","1920","None","None","None","None"
"<AN>Frauen</AN>","C6","<RN>Arbeitnehmer*innen</RN>","undefined","undefined","None","None","None","None","None","None","None","None","None","undefined","undefined","#232323","None","psycho","None","None","psycho","psycho","undefined","undefined","None","0","0","0","0","0","17","0","17","0","0","17","17","17","0","17","0","None","None","None","None","None","None","Sun Aug  9 10:50:53 2026","The main experiment item","False","None","experiment.osexp","D:\ET_course_project_gender-bias\experiment","False","mono","False","18","no","white","no","yes","1080","5","None","psycho","None","None","None","2","17","17","D:\ET_course_project_gender-bias\experiment\subject-11.csv","None","psycho","an_found","Neonatal Nightingale","4.1.14","None","None","2","0","space","NA","space","None","NA","14827.950900013093","NA","14827.950900013093","NA","None","None","None","None","None","None","None","None","None","2","psycho","5","None","Im Rahmen einer Geschäftsveranstaltung findet derzeit ein Austausch über Arbeitsbedingungen und gesellschaftliche Entwicklungen statt. Die <RN>Arbeitnehmer*innen</RN> erwarten höhere Gehälter und klimatisierte Arbeitsplätze, aber diese <AN>Männer</AN> wollen auch weniger arbeiten. Die Frage nach den Konsequenzen bleibt offen.","1","1024","2","48000","-16","None","None","None","None","None","None","None","experiment","11","odd","None","None","None","NA","5086.726400011685","5087.057700002333","110531.57719998853","125360.06979999365","125903.5514999996","125410.29659999185","125903.60160000273","110329.02979999199","NA","NA","NA","NA","125410.32719999203","125903.2767000026","110526.26449998934","None","Experiment","0","0","0","0","1920","None","None","None","None"
"<AN>Frauen</AN>","C6","<RN>Expert*innen</RN>","undefined","undefined","True","53","4","<AN>Frauen</AN>","132","-223.0","-91.0","61.0","114.0","undefined","undefined","#232323","1620","psycho","True","bewertet","psycho","psycho","undefined","undefined","undefined","0","0","0","0","0","18","0","18","0","0","18","18","18","0","18","0","50","-810.0","-270.5","5","959.0","40.626086949151244","Sun Aug  9 10:50:53 2026","The main experiment item","False","Auf einer öffentlichen Veranstaltung stehen Investitionen und langfristige gesellschaftliche Entwicklungen zur Diskussion. Die <RN>Expert*innen</RN> unterstützen höhere Investitionen und langfristige Entwicklungen, doch diese <AN>Frauen</AN> kritisieren die Umsetzung. Die politischen Folgen werden unterschiedlich bewertet.","experiment.osexp","D:\ET_course_project_gender-bias\experiment","False","mono","False","39","no","white","no","yes","1080","14","space","psycho","178.0","3.0","117","5","18","18","D:\ET_course_project_gender-bias\experiment\subject-11.csv","150","psycho","an_found","Neonatal Nightingale","4.1.14","371.0","178.0","2","0","space","NA","space","space","space","15077.002600010019","NA","14827.950900013093","15077.002600010019","True","53","3","<RN>Expert*innen</RN>","271","-810.0","-539.0","-56.0","-3.0","2","psycho","5","Auf einer öffentlichen Veranstaltung stehen Investitionen und langfristige gesellschaftliche Entwicklungen zur Diskussion. Die <RN>Fachfrauen</RN> unterstützen höhere Investitionen und langfristige Entwicklungen, doch diese <AN>Männer</AN> kritisieren die Umsetzung. Die politischen Folgen werden unterschiedlich bewertet.","Auf einer öffentlichen Veranstaltung stehen Investitionen und langfristige gesellschaftliche Entwicklungen zur Diskussion. Die <RN>Fachfrauen</RN> unterstützen höhere Investitionen und langfristige Entwicklungen, doch diese <AN>Männer</AN> kritisieren die Umsetzung. Die politischen Folgen werden unterschiedlich bewertet.","0","1024","2","48000","-16","53","4","132","-91.0","41.0","61.0","114.0","experiment","11","odd","125946.72149998951","-810.0","-290.0","NA","5086.726400011685","5087.057700002333","110531.57719998853","125360.06979999365","125930.3043000109","125410.29659999185","162817.91039998643","110329.02979999199","NA","162768.0590999953","147690.49439998344","125930.33110001124","125410.32719999203","125930.21669998416","110526.26449998934","147687.52159998985","Experiment","0","0","0","1","1920","bewertet.","53","25","197"
"<AN>Männer</AN>","C3","<RN>Studentinnen</RN>","undefined","undefined","True","53","4","<AN>Frauen</AN>","132","-223.0","-91.0","61.0","114.0","undefined","undefined","#232323","1620","psycho","True","bewertet","psycho","psycho","undefined","undefined","undefined","0","0","0","0","0","19","0","19","0","0","19","19","19","0","19","0","50","-810.0","-270.5","5","959.0","40.626086949151244","Sun Aug  9 10:50:53 2026","The main experiment item","False","Auf einer öffentlichen Veranstaltung stehen Investitionen und langfristige gesellschaftliche Entwicklungen zur Diskussion. Die <RN>Expert*innen</RN> unterstützen höhere Investitionen und langfristige Entwicklungen, doch diese <AN>Frauen</AN> kritisieren die Umsetzung. Die politischen Folgen werden unterschiedlich bewertet.","experiment.osexp","D:\ET_course_project_gender-bias\experiment","False","mono","False","39","no","white","no","yes","1080","1","space","psycho","178.0","3.0","117","3","19","19","D:\ET_course_project_gender-bias\experiment\subject-11.csv","150","psycho","an_found","Neonatal Nightingale","4.1.14","371.0","178.0","2","0","space","NA","space","space","space","15077.002600010019","NA","14827.950900013093","15077.002600010019","True","53","3","<RN>Expert*innen</RN>","271","-810.0","-539.0","-56.0","-3.0","2","psycho","5","Auf einer öffentlichen Veranstaltung stehen Investitionen und langfristige gesellschaftliche Entwicklungen zur Diskussion. Die <RN>Fachfrauen</RN> unterstützen höhere Investitionen und langfristige Entwicklungen, doch diese <AN>Männer</AN> kritisieren die Umsetzung. Die politischen Folgen werden unterschiedlich bewertet.","Bei einer Podiumsdiskussion an der Universität Stuttgart wird über aktuelle gesellschaftliche Themen gesprochen. Die <RN>Studenten</RN> müssten wieder stärker leistungsorientiert gefördert werden, doch die Mehrheit dieser dort teilnehmenden <AN>Frauen</AN> kritisiert die neuen Anforderungen. Die weitere Entwicklung bleibt Gegenstand öffentlicher Debatten.","1","1024","2","48000","-16","53","4","132","-91.0","41.0","61.0","114.0","experiment","11","odd","125946.72149998951","-810.0","-290.0","NA","5086.726400011685","5087.057700002333","110531.57719998853","125360.06979999365","163091.21620000224","125410.29659999185","163091.31250000792","110329.02979999199","NA","162768.0590999953","147690.49439998344","125930.33110001124","125410.32719999203","163090.5739000009","110526.26449998934","147687.52159998985","Experiment","0","0","0","1","1920","bewertet.","53","25","197"
"<AN>Männer</AN>","C1","<RN>Ingenieure</RN>","undefined","undefined","True","53","4","<AN>Männer</AN>","135","-130.0","5.0","61.0","114.0","undefined","undefined","#232323","1620","psycho","True","gestritten","psycho","psycho","undefined","undefined","undefined","0","0","0","0","0","20","0","20","0","0","20","20","20","0","20","0","50","-810.0","-270.5","5","1137.0","91.51815205214756","Sun Aug  9 10:50:53 2026","The main experiment item","False","Auf einer wissenschaftlichen Konferenz zu technischen Zukunftsfragen werden derzeit aktuelle gesellschaftliche Themen erörtert. Die <RN>Ingenieure</RN> kritisieren die Energiewende und stehen vor Herausforderungen, doch diese <AN>Männer</AN> lehnen zusätzliche Investitionen ab. Über die Konsequenzen wird weiterhin intensiv gestritten.","experiment.osexp","D:\ET_course_project_gender-bias\experiment","False","mono","False","39","no","white","no","yes","1080","3","space","psycho","178.0","3.0","117","5","20","20","D:\ET_course_project_gender-bias\experiment\subject-11.csv","150","psycho","an_found","Neonatal Nightingale","4.1.14","596.0","178.0","2","0","space","NA","space","space","space","12179.610899998806","NA","14827.950900013093","12179.610899998806","True","53","3","<RN>Ingenieure</RN>","225","-810.0","-585.0","-56.0","-3.0","2","psycho","5","Auf einer wissenschaftlichen Konferenz zu technischen Zukunftsfragen werden derzeit aktuelle gesellschaftliche Themen erörtert. Die <RN>Ingenieur*innen</RN> kritisieren die Energiewende und stehen vor Herausforderungen, doch diese <AN>Frauen</AN> lehnen zusätzliche Investitionen ab. Über die Konsequenzen wird weiterhin intensiv gestritten.","Auf einer wissenschaftlichen Konferenz zu technischen Zukunftsfragen werden derzeit aktuelle gesellschaftliche Themen erörtert. Die <RN>Ingenieur*innen</RN> kritisieren die Energiewende und stehen vor Herausforderungen, doch diese <AN>Frauen</AN> lehnen zusätzliche Investitionen ab. Über die Konsequenzen wird weiterhin intensiv gestritten.","0","1024","2","48000","-16","53","4","135","5.0","140.0","61.0","114.0","experiment","11","odd","163130.57690000278","-810.0","-290.0","NA","5086.726400011685","5087.057700002333","110531.57719998853","125360.06979999365","163118.75749999308","125410.29659999185","200237.79579999973","110329.02979999199","NA","200192.31479999144","188011.89610001165","163118.79899998894","125410.32719999203","163118.41269998695","110526.26449998934","188007.53689999692","Experiment","0","0","0","2","1920","gestritten.","53","25","244"
"<AN>Männer</AN>","C1","<RN>Polizisten</RN>","undefined","undefined","True","53","4","<AN>Männer</AN>","135","-130.0","5.0","61.0","114.0","undefined","undefined","#232323","1620","psycho","True","gestritten","psycho","psycho","undefined","undefined","undefined","0","0","0","0","0","21","0","21","0","0","21","21","21","0","21","0","50","-810.0","-270.5","5","1137.0","91.51815205214756","Sun Aug  9 10:50:53 2026","The main experiment item","False","Auf einer wissenschaftlichen Konferenz zu technischen Zukunftsfragen werden derzeit aktuelle gesellschaftliche Themen erörtert. Die <RN>Ingenieure</RN> kritisieren die Energiewende und stehen vor Herausforderungen, doch diese <AN>Männer</AN> lehnen zusätzliche Investitionen ab. Über die Konsequenzen wird weiterhin intensiv gestritten.","experiment.osexp","D:\ET_course_project_gender-bias\experiment","False","mono","False","39","no","white","no","yes","1080","18","space","psycho","178.0","3.0","117","2","21","21","D:\ET_course_project_gender-bias\experiment\subject-11.csv","150","psycho","an_found","Neonatal Nightingale","4.1.14","596.0","178.0","2","0","space","NA","space","space","space","12179.610899998806","NA","14827.950900013093","12179.610899998806","True","53","3","<RN>Ingenieure</RN>","225","-810.0","-585.0","-56.0","-3.0","2","psycho","5","Auf einer wissenschaftlichen Konferenz zu technischen Zukunftsfragen werden derzeit aktuelle gesellschaftliche Themen erörtert. Die <RN>Ingenieur*innen</RN> kritisieren die Energiewende und stehen vor Herausforderungen, doch diese <AN>Frauen</AN> lehnen zusätzliche Investitionen ab. Über die Konsequenzen wird weiterhin intensiv gestritten.","Bei einer öffentlichen Sitzung im Rathaus wird über neue Verkehrsregelungen gesprochen. Die <RN>Polizistinnen</RN> diskutieren laut über mehr Sicherheit im Straßenverkehr und setzen sich für strengere Kontrollen ein, doch diese <AN>Männer</AN> lehnen die Vorschläge ab. Die nächsten Maßnahmen werden derzeit kontrovers verhandelt.","1","1024","2","48000","-16","53","4","135","5.0","140.0","61.0","114.0","experiment","11","odd","163130.57690000278","-810.0","-290.0","NA","5086.726400011685","5087.057700002333","110531.57719998853","125360.06979999365","200264.71190000302","125410.29659999185","200264.76829999592","110329.02979999199","NA","200192.31479999144","188011.89610001165","163118.79899998894","125410.32719999203","200264.2840000044","110526.26449998934","188007.53689999692","Experiment","0","0","0","2","1920","gestritten.","53","25","244"
"<AN>Frauen</AN>","C4","<RN>Krankenschwestern</RN>","undefined","undefined","True","53","4","<AN>Männer</AN>","135","-130.0","5.0","61.0","114.0","undefined","undefined","#232323","1620","psycho","True","gestritten","psycho","psycho","undefined","undefined","undefined","0","0","0","0","0","22","0","22","0","0","22","22","22","0","22","0","50","-810.0","-270.5","5","1137.0","91.51815205214756","Sun Aug  9 10:50:53 2026","The main experiment item","False","Auf einer wissenschaftlichen Konferenz zu technischen Zukunftsfragen werden derzeit aktuelle gesellschaftliche Themen erörtert. Die <RN>Ingenieure</RN> kritisieren die Energiewende und stehen vor Herausforderungen, doch diese <AN>Männer</AN> lehnen zusätzliche Investitionen ab. Über die Konsequenzen wird weiterhin intensiv gestritten.","experiment.osexp","D:\ET_course_project_gender-bias\experiment","False","mono","False","39","no","white","no","yes","1080","16","space","psycho","178.0","3.0","117","1","22","22","D:\ET_course_project_gender-bias\experiment\subject-11.csv","150","psycho","an_found","Neonatal Nightingale","4.1.14","596.0","178.0","2","0","space","NA","space","space","space","12179.610899998806","NA","14827.950900013093","12179.610899998806","True","53","3","<RN>Ingenieure</RN>","225","-810.0","-585.0","-56.0","-3.0","2","psycho","5","Auf einer wissenschaftlichen Konferenz zu technischen Zukunftsfragen werden derzeit aktuelle gesellschaftliche Themen erörtert. Die <RN>Ingenieur*innen</RN> kritisieren die Energiewende und stehen vor Herausforderungen, doch diese <AN>Frauen</AN> lehnen zusätzliche Investitionen ab. Über die Konsequenzen wird weiterhin intensiv gestritten.","Bei einer Informationsveranstaltung im Krankenhaus wird über aktuelle Impfreformen und deren Auswirkungen gesprochen. Die <RN>Krankenschwestern</RN> diskutieren über Langzeitfolgen von Corona und setzen sich für mehr Unterstützung ein, doch diese <AN>Männer</AN> lehnen die Vorschläge ab. Die nächsten Schritte werden derzeit kontrovers diskutiert.","1","1024","2","48000","-16","53","4","135","5.0","140.0","61.0","114.0","experiment","11","odd","163130.57690000278","-810.0","-290.0","NA","5086.726400011685","5087.057700002333","110531.57719998853","125360.06979999365","200291.2398999906","125410.29659999185","200291.27889999654","110329.02979999199","NA","200192.31479999144","188011.89610001165","163118.79899998894","125410.32719999203","200291.0608999955","110526.26449998934","188007.53689999692","Experiment","0","0","0","2","1920","gestritten.","53","25","244"
"<AN>Frauen</AN>","C6","<RN>Einwohner*innen</RN>","undefined","undefined","True","53","4","<AN>Männer</AN>","135","-130.0","5.0","61.0","114.0","undefined","undefined","#232323","1620","psycho","True","gestritten","psycho","psycho","undefined","undefined","undefined","0","0","0","0","0","23","0","23","0","0","23","23","23","0","23","0","50","-810.0","-270.5","5","1137.0","91.51815205214756","Sun Aug  9 10:50:53 2026","The main experiment item","False","Auf einer wissenschaftlichen Konferenz zu technischen Zukunftsfragen werden derzeit aktuelle gesellschaftliche Themen erörtert. Die <RN>Ingenieure</RN> kritisieren die Energiewende und stehen vor Herausforderungen, doch diese <AN>Männer</AN> lehnen zusätzliche Investitionen ab. Über die Konsequenzen wird weiterhin intensiv gestritten.","experiment.osexp","D:\ET_course_project_gender-bias\experiment","False","mono","False","39","no","white","no","yes","1080","13","space","psycho","178.0","3.0","117","6","23","23","D:\ET_course_project_gender-bias\experiment\subject-11.csv","150","psycho","an_found","Neonatal Nightingale","4.1.14","596.0","178.0","2","0","space","NA","space","space","space","12179.610899998806","NA","14827.950900013093","12179.610899998806","True","53","3","<RN>Ingenieure</RN>","225","-810.0","-585.0","-56.0","-3.0","2","psycho","5","Auf einer wissenschaftlichen Konferenz zu technischen Zukunftsfragen werden derzeit aktuelle gesellschaftliche Themen erörtert. Die <RN>Ingenieur*innen</RN> kritisieren die Energiewende und stehen vor Herausforderungen, doch diese <AN>Frauen</AN> lehnen zusätzliche Investitionen ab. Über die Konsequenzen wird weiterhin intensiv gestritten.","Im Rahmen einer öffentlichen Veranstaltung wird über Sicherheit, gesellschaftlichen Zusammenhalt und politische Reformen gesprochen. Die <RN>Bürgerinnen</RN> wünschen sich Sicherheit und verlässliche Perspektiven, doch diese Gruppe von <AN>Frauen</AN> sieht Reformbedarf im System. Die weitere Entwicklung bleibt Gegenstand öffentlicher Debatten.","1","1024","2","48000","-16","53","4","135","5.0","140.0","61.0","114.0","experiment","11","odd","163130.57690000278","-810.0","-290.0","NA","5086.726400011685","5087.057700002333","110531.57719998853","125360.06979999365","200318.32920000306","125410.29659999185","200318.36949998979","110329.02979999199","NA","200192.31479999144","188011.89610001165","163118.79899998894","125410.32719999203","200318.08009999804","110526.26449998934","188007.53689999692","Experiment","0","0","0","2","1920","gestritten.","53","25","244"
"<AN>Männer</AN>","C3","<RN>Arbeitnehmerinnen</RN>","undefined","undefined","True","53","4","<AN>Männer</AN>","135","-220.0","-85.0","61.0","114.0","undefined","undefined","#232323","1620","psycho","True","offen","psycho","psycho","undefined","undefined","undefined","0","0","0","0","0","24","0","24","0","0","24","24","24","0","24","0","50","-810.0","-270.5","5","792.0","60.91270211310606","Sun Aug  9 10:50:53 2026","The main experiment item","False","Im Rahmen einer Geschäftsveranstaltung findet derzeit ein Austausch über Arbeitsbedingungen und gesellschaftliche Entwicklungen statt. Die <RN>Arbeitnehmerinnen</RN> erwarten höhere Gehälter und klimatisierte Arbeitsplätze, aber diese <AN>Männer</AN> wollen auch weniger arbeiten. Die Frage nach den Konsequenzen bleibt offen.","experiment.osexp","D:\ET_course_project_gender-bias\experiment","False","mono","False","39","no","white","no","yes","1080","5","space","psycho","178.0","3.0","117","5","24","24","D:\ET_course_project_gender-bias\experiment\subject-11.csv","150","psycho","an_found","Neonatal Nightingale","4.1.14","136.0","178.0","2","0","space","NA","space","space","space","12947.951600013766","NA","14827.950900013093","12947.951600013766","True","53","3","<RN>Arbeitnehmerinnen</RN>","389","-810.0","-421.0","-56.0","-3.0","2","psycho","5","Im Rahmen einer Geschäftsveranstaltung findet derzeit ein Austausch über Arbeitsbedingungen und gesellschaftliche Entwicklungen statt. Die <RN>Arbeitnehmer*innen</RN> erwarten höhere Gehälter und klimatisierte Arbeitsplätze, aber diese <AN>Männer</AN> wollen auch weniger arbeiten. Die Frage nach den Konsequenzen bleibt offen.","Im Rahmen einer Geschäftsveranstaltung findet derzeit ein Austausch über Arbeitsbedingungen und gesellschaftliche Entwicklungen statt. Die <RN>Arbeitnehmer*innen</RN> erwarten höhere Gehälter und klimatisierte Arbeitsplätze, aber diese <AN>Männer</AN> wollen auch weniger arbeiten. Die Frage nach den Konsequenzen bleibt offen.","0","1024","2","48000","-16","53","4","135","-85.0","50.0","61.0","114.0","experiment","11","odd","200358.85920000146","-810.0","-290.0","NA","5086.726400011685","5087.057700002333","110531.57719998853","125360.06979999365","200347.25140000228","125410.29659999185","239157.4333999888","110329.02979999199","NA","239112.1029999922","226163.58689998742","200347.29619999416","125410.32719999203","200347.01170001063","110526.26449998934","226159.5013999904","Experiment","0","0","0","3","1920","offen.","53","25","129"
"<AN>Frauen</AN>","C4","<RN>Professorinnen</RN>","undefined","undefined","True","53","4","<AN>Männer</AN>","135","-220.0","-85.0","61.0","114.0","undefined","undefined","#232323","1620","psycho","True","offen","psycho","psycho","undefined","undefined","undefined","0","0","0","0","0","25","0","25","0","0","25","25","25","0","25","0","50","-810.0","-270.5","5","792.0","60.91270211310606","Sun Aug  9 10:50:53 2026","The main experiment item","False","Im Rahmen einer Geschäftsveranstaltung findet derzeit ein Austausch über Arbeitsbedingungen und gesellschaftliche Entwicklungen statt. Die <RN>Arbeitnehmerinnen</RN> erwarten höhere Gehälter und klimatisierte Arbeitsplätze, aber diese <AN>Männer</AN> wollen auch weniger arbeiten. Die Frage nach den Konsequenzen bleibt offen.","experiment.osexp","D:\ET_course_project_gender-bias\experiment","False","mono","False","39","no","white","no","yes","1080","15","space","psycho","178.0","3.0","117","2","25","25","D:\ET_course_project_gender-bias\experiment\subject-11.csv","150","psycho","an_found","Neonatal Nightingale","4.1.14","136.0","178.0","2","0","space","NA","space","space","space","12947.951600013766","NA","14827.950900013093","12947.951600013766","True","53","3","<RN>Arbeitnehmerinnen</RN>","389","-810.0","-421.0","-56.0","-3.0","2","psycho","5","Im Rahmen einer Geschäftsveranstaltung findet derzeit ein Austausch über Arbeitsbedingungen und gesellschaftliche Entwicklungen statt. Die <RN>Arbeitnehmer*innen</RN> erwarten höhere Gehälter und klimatisierte Arbeitsplätze, aber diese <AN>Männer</AN> wollen auch weniger arbeiten. Die Frage nach den Konsequenzen bleibt offen.","Im Rahmen einer öffentlichen Veranstaltung wird über die Zukunft der Hochschulen und die Forschungsförderung diskutiert. Die <RN>Professorinnen</RN> diskutieren über die Zukunft der Hochschulen und setzen sich für mehr Forschungsgelder ein, doch diese <AN>Männer</AN> lehnen die Vorschläge ab. Die nächsten Schritte werden derzeit kontrovers diskutiert.","1","1024","2","48000","-16","53","4","135","-85.0","50.0","61.0","114.0","experiment","11","odd","200358.85920000146","-810.0","-290.0","NA","5086.726400011685","5087.057700002333","110531.57719998853","125360.06979999365","239185.21319999127","125410.29659999185","239185.28000000515","110329.02979999199","NA","239112.1029999922","226163.58689998742","200347.29619999416","125410.32719999203","239184.7967999929","110526.26449998934","226159.5013999904","Experiment","0","0","0","3","1920","offen.","53","25","129"
"<AN>Frauen</AN>","C4","<RN>Studentinnen</RN>","undefined","undefined","True","53","4","<AN>Männer</AN>","135","-220.0","-85.0","61.0","114.0","undefined","undefined","#232323","1620","psycho","True","offen","psycho","psycho","undefined","undefined","undefined","0","0","0","0","0","26","0","26","0","0","26","26","26","0","26","0","50","-810.0","-270.5","5","792.0","60.91270211310606","Sun Aug  9 10:50:53 2026","The main experiment item","False","Im Rahmen einer Geschäftsveranstaltung findet derzeit ein Austausch über Arbeitsbedingungen und gesellschaftliche Entwicklungen statt. Die <RN>Arbeitnehmerinnen</RN> erwarten höhere Gehälter und klimatisierte Arbeitsplätze, aber diese <AN>Männer</AN> wollen auch weniger arbeiten. Die Frage nach den Konsequenzen bleibt offen.","experiment.osexp","D:\ET_course_project_gender-bias\experiment","False","mono","False","39","no","white","no","yes","1080","1","space","psycho","178.0","3.0","117","4","26","26","D:\ET_course_project_gender-bias\experiment\subject-11.csv","150","psycho","an_found","Neonatal Nightingale","4.1.14","136.0","178.0","2","0","space","NA","space","space","space","12947.951600013766","NA","14827.950900013093","12947.951600013766","True","53","3","<RN>Arbeitnehmerinnen</RN>","389","-810.0","-421.0","-56.0","-3.0","2","psycho","5","Im Rahmen einer Geschäftsveranstaltung findet derzeit ein Austausch über Arbeitsbedingungen und gesellschaftliche Entwicklungen statt. Die <RN>Arbeitnehmer*innen</RN> erwarten höhere Gehälter und klimatisierte Arbeitsplätze, aber diese <AN>Männer</AN> wollen auch weniger arbeiten. Die Frage nach den Konsequenzen bleibt offen.","Bei einer Podiumsdiskussion an der Universität wird über aktuelle gesellschaftliche Themen gesprochen. Die <RN>Studenten</RN> müssten wieder stärker leistungsorientiert gefördert werden, doch die Mehrheit dieser dort teilnehmenden <AN>Frauen</AN> kritisiert die neuen Anforderungen. Die weitere Entwicklung bleibt Gegenstand öffentlicher Debatten.","1","1024","2","48000","-16","53","4","135","-85.0","50.0","61.0","114.0","experiment","11","odd","200358.85920000146","-810.0","-290.0","NA","5086.726400011685","5087.057700002333","110531.57719998853","125360.06979999365","239212.48429999105","125410.29659999185","239212.54559999215","110329.02979999199","NA","239112.1029999922","226163.58689998742","200347.29619999416","125410.32719999203","239212.2042000119","110526.26449998934","226159.5013999904","Experiment","0","0","0","3","1920","offen.","53","25","129"
"<AN>Männer</AN>","C5","<RN>Expert*innen</RN>","undefined","undefined","True","53","4","<AN>Männer</AN>","135","-220.0","-85.0","61.0","114.0","undefined","undefined","#232323","1620","psycho","True","offen","psycho","psycho","undefined","undefined","undefined","0","0","0","0","0","27","0","27","0","0","27","27","27","0","27","0","50","-810.0","-270.5","5","792.0","60.91270211310606","Sun Aug  9 10:50:53 2026","The main experiment item","False","Im Rahmen einer Geschäftsveranstaltung findet derzeit ein Austausch über Arbeitsbedingungen und gesellschaftliche Entwicklungen statt. Die <RN>Arbeitnehmerinnen</RN> erwarten höhere Gehälter und klimatisierte Arbeitsplätze, aber diese <AN>Männer</AN> wollen auch weniger arbeiten. Die Frage nach den Konsequenzen bleibt offen.","experiment.osexp","D:\ET_course_project_gender-bias\experiment","False","mono","False","39","no","white","no","yes","1080","14","space","psycho","178.0","3.0","117","4","27","27","D:\ET_course_project_gender-bias\experiment\subject-11.csv","150","psycho","an_found","Neonatal Nightingale","4.1.14","136.0","178.0","2","0","space","NA","space","space","space","12947.951600013766","NA","14827.950900013093","12947.951600013766","True","53","3","<RN>Arbeitnehmerinnen</RN>","389","-810.0","-421.0","-56.0","-3.0","2","psycho","5","Im Rahmen einer Geschäftsveranstaltung findet derzeit ein Austausch über Arbeitsbedingungen und gesellschaftliche Entwicklungen statt. Die <RN>Arbeitnehmer*innen</RN> erwarten höhere Gehälter und klimatisierte Arbeitsplätze, aber diese <AN>Männer</AN> wollen auch weniger arbeiten. Die Frage nach den Konsequenzen bleibt offen.","Auf einer öffentlichen Veranstaltung stehen Investitionen und langfristige gesellschaftliche Entwicklungen zur Diskussion. Die <RN>Fachfrauen</RN> unterstützen höhere Investitionen und langfristige Entwicklungen, doch diese <AN>Männer</AN> kritisieren die Umsetzung. Die politischen Folgen werden unterschiedlich bewertet.","1","1024","2","48000","-16","53","4","135","-85.0","50.0","61.0","114.0","experiment","11","odd","200358.85920000146","-810.0","-290.0","NA","5086.726400011685","5087.057700002333","110531.57719998853","125360.06979999365","239240.29590000282","125410.29659999185","239240.3515999904","110329.02979999199","NA","239112.1029999922","226163.58689998742","200347.29619999416","125410.32719999203","239240.0961999956","110526.26449998934","226159.5013999904","Experiment","0","0","0","3","1920","offen.","53","25","129"
"<AN>Frauen</AN>","C2","<RN>Experten</RN>","undefined","undefined","True","53","4","<AN>Männer</AN>","135","-220.0","-85.0","61.0","114.0","undefined","undefined","#232323","1620","psycho","True","offen","psycho","psycho","undefined","undefined","undefined","0","0","0","0","0","28","0","28","0","0","28","28","28","0","28","0","50","-810.0","-270.5","5","792.0","60.91270211310606","Sun Aug  9 10:50:53 2026","The main experiment item","False","Im Rahmen einer Geschäftsveranstaltung findet derzeit ein Austausch über Arbeitsbedingungen und gesellschaftliche Entwicklungen statt. Die <RN>Arbeitnehmerinnen</RN> erwarten höhere Gehälter und klimatisierte Arbeitsplätze, aber diese <AN>Männer</AN> wollen auch weniger arbeiten. Die Frage nach den Konsequenzen bleibt offen.","experiment.osexp","D:\ET_course_project_gender-bias\experiment","False","mono","False","39","no","white","no","yes","1080","14","space","psycho","178.0","3.0","117","1","28","28","D:\ET_course_project_gender-bias\experiment\subject-11.csv","150","psycho","an_found","Neonatal Nightingale","4.1.14","136.0","178.0","2","0","space","NA","space","space","space","12947.951600013766","NA","14827.950900013093","12947.951600013766","True","53","3","<RN>Arbeitnehmerinnen</RN>","389","-810.0","-421.0","-56.0","-3.0","2","psycho","5","Im Rahmen einer Geschäftsveranstaltung findet derzeit ein Austausch über Arbeitsbedingungen und gesellschaftliche Entwicklungen statt. Die <RN>Arbeitnehmer*innen</RN> erwarten höhere Gehälter und klimatisierte Arbeitsplätze, aber diese <AN>Männer</AN> wollen auch weniger arbeiten. Die Frage nach den Konsequenzen bleibt offen.","Auf einer öffentlichen Veranstaltung stehen Investitionen und langfristige gesellschaftliche Entwicklungen zur Diskussion. Die <RN>Fachfrauen</RN> unterstützen höhere Investitionen und langfristige Entwicklungen, doch diese <AN>Männer</AN> kritisieren die Umsetzung. Die politischen Folgen werden unterschiedlich bewertet.","1","1024","2","48000","-16","53","4","135","-85.0","50.0","61.0","114.0","experiment","11","odd","200358.85920000146","-810.0","-290.0","NA","5086.726400011685","5087.057700002333","110531.57719998853","125360.06979999365","239265.88200000697","125410.29659999185","239265.92129998608","110329.02979999199","NA","239112.1029999922","226163.58689998742","200347.29619999416","125410.32719999203","239265.7324000029","110526.26449998934","226159.5013999904","Experiment","0","0","0","3","1920","offen.","53","25","129"
"<AN>Männer</AN>","C1","<RN>Experten</RN>","undefined","undefined","True","53","4","<AN>Männer</AN>","135","-220.0","-85.0","61.0","114.0","undefined","undefined","#232323","1620","psycho","True","offen","psycho","psycho","undefined","undefined","undefined","0","0","0","0","0","29","0","29","0","0","29","29","29","0","29","0","50","-810.0","-270.5","5","792.0","60.91270211310606","Sun Aug  9 10:50:53 2026","The main experiment item","False","Im Rahmen einer Geschäftsveranstaltung findet derzeit ein Austausch über Arbeitsbedingungen und gesellschaftliche Entwicklungen statt. Die <RN>Arbeitnehmerinnen</RN> erwarten höhere Gehälter und klimatisierte Arbeitsplätze, aber diese <AN>Männer</AN> wollen auch weniger arbeiten. Die Frage nach den Konsequenzen bleibt offen.","experiment.osexp","D:\ET_course_project_gender-bias\experiment","False","mono","False","39","no","white","no","yes","1080","7","space","psycho","178.0","3.0","117","1","29","29","D:\ET_course_project_gender-bias\experiment\subject-11.csv","150","psycho","an_found","Neonatal Nightingale","4.1.14","136.0","178.0","2","0","space","NA","space","space","space","12947.951600013766","NA","14827.950900013093","12947.951600013766","True","53","3","<RN>Arbeitnehmerinnen</RN>","389","-810.0","-421.0","-56.0","-3.0","2","psycho","5","Im Rahmen einer Geschäftsveranstaltung findet derzeit ein Austausch über Arbeitsbedingungen und gesellschaftliche Entwicklungen statt. Die <RN>Arbeitnehmer*innen</RN> erwarten höhere Gehälter und klimatisierte Arbeitsplätze, aber diese <AN>Männer</AN> wollen auch weniger arbeiten. Die Frage nach den Konsequenzen bleibt offen.","Beim Sommerfest eines Unternehmens wird über wirtschaftliche Entwicklungen und gesellschaftliche Herausforderungen diskutiert. Die <RN>Fachleute</RN> sehen große Herausforderungen im nächsten Geschäftsjahr, dennoch bleiben diese <AN>Männer</AN> optimistisch. Die unternehmerischen Folgen werden unterschiedlich bewertet.","1","1024","2","48000","-16","53","4","135","-85.0","50.0","61.0","114.0","experiment","11","odd","200358.85920000146","-810.0","-290.0","NA","5086.726400011685","5087.057700002333","110531.57719998853","125360.06979999365","239291.37560000527","125410.29659999185","239291.41879998497","110329.02979999199","NA","239112.1029999922","226163.58689998742","200347.29619999416","125410.32719999203","239291.19839999476","110526.26449998934","226159.5013999904","Experiment","0","0","0","3","1920","offen.","53","25","129"
"<AN>Männer</AN>","C1","<RN>Aktivisten</RN>","undefined","undefined","True","53","4","<AN>Männer</AN>","135","-220.0","-85.0","61.0","114.0","undefined","undefined","#232323","1620","psycho","True","offen","psycho","psycho","undefined","undefined","undefined","0","0","0","0","0","30","0","30","0","0","30","30","30","0","30","0","50","-810.0","-270.5","5","792.0","60.91270211310606","Sun Aug  9 10:50:53 2026","The main experiment item","False","Im Rahmen einer Geschäftsveranstaltung findet derzeit ein Austausch über Arbeitsbedingungen und gesellschaftliche Entwicklungen statt. Die <RN>Arbeitnehmerinnen</RN> erwarten höhere Gehälter und klimatisierte Arbeitsplätze, aber diese <AN>Männer</AN> wollen auch weniger arbeiten. Die Frage nach den Konsequenzen bleibt offen.","experiment.osexp","D:\ET_course_project_gender-bias\experiment","False","mono","False","39","no","white","no","yes","1080","11","space","psycho","178.0","3.0","117","3","30","30","D:\ET_course_project_gender-bias\experiment\subject-11.csv","150","psycho","an_found","Neonatal Nightingale","4.1.14","136.0","178.0","2","0","space","NA","space","space","space","12947.951600013766","NA","14827.950900013093","12947.951600013766","True","53","3","<RN>Arbeitnehmerinnen</RN>","389","-810.0","-421.0","-56.0","-3.0","2","psycho","5","Im Rahmen einer Geschäftsveranstaltung findet derzeit ein Austausch über Arbeitsbedingungen und gesellschaftliche Entwicklungen statt. Die <RN>Arbeitnehmer*innen</RN> erwarten höhere Gehälter und klimatisierte Arbeitsplätze, aber diese <AN>Männer</AN> wollen auch weniger arbeiten. Die Frage nach den Konsequenzen bleibt offen.","Auf einer öffentlichen Veranstaltung werden aktuelle wohnungs- und gesellschaftspolitische Themen diskutiert. Die <RN>Aktivist*innen</RN> fordern mehr bezahlbaren Wohnraum in Stuttgart für alle und diskutieren faire Lösungsansätze, doch diese <AN>Frauen</AN> sehen die Verantwortung stärker beim Bund. Die Auswirkungen der Entscheidung werden noch geprüft.","1","1024","2","48000","-16","53","4","135","-85.0","50.0","61.0","114.0","experiment","11","odd","200358.85920000146","-810.0","-290.0","NA","5086.726400011685","5087.057700002333","110531.57719998853","125360.06979999365","239319.5635000011","125410.29659999185","239319.59880000795","110329.02979999199","NA","239112.1029999922","226163.58689998742","200347.29619999416","125410.32719999203","239319.4785999949","110526.26449998934","226159.5013999904","Experiment","0","0","0","3","1920","offen.","53","25","129"
"<AN>Männer</AN>","C3","<RN>Krankenschwestern</RN>","undefined","undefined","True","53","4","<AN>Männer</AN>","135","-220.0","-85.0","61.0","114.0","undefined","undefined","#232323","1620","psycho","True","offen","psycho","psycho","undefined","undefined","undefined","0","0","0","0","0","31","0","31","0","0","31","31","31","0","31","0","50","-810.0","-270.5","5","792.0","60.91270211310606","Sun Aug  9 10:50:53 2026","The main experiment item","False","Im Rahmen einer Geschäftsveranstaltung findet derzeit ein Austausch über Arbeitsbedingungen und gesellschaftliche Entwicklungen statt. Die <RN>Arbeitnehmerinnen</RN> erwarten höhere Gehälter und klimatisierte Arbeitsplätze, aber diese <AN>Männer</AN> wollen auch weniger arbeiten. Die Frage nach den Konsequenzen bleibt offen.","experiment.osexp","D:\ET_course_project_gender-bias\experiment","False","mono","False","39","no","white","no","yes","1080","16","space","psycho","178.0","3.0","117","6","31","31","D:\ET_course_project_gender-bias\experiment\subject-11.csv","150","psycho","an_found","Neonatal Nightingale","4.1.14","136.0","178.0","2","0","space","NA","space","space","space","12947.951600013766","NA","14827.950900013093","12947.951600013766","True","53","3","<RN>Arbeitnehmerinnen</RN>","389","-810.0","-421.0","-56.0","-3.0","2","psycho","5","Im Rahmen einer Geschäftsveranstaltung findet derzeit ein Austausch über Arbeitsbedingungen und gesellschaftliche Entwicklungen statt. Die <RN>Arbeitnehmer*innen</RN> erwarten höhere Gehälter und klimatisierte Arbeitsplätze, aber diese <AN>Männer</AN> wollen auch weniger arbeiten. Die Frage nach den Konsequenzen bleibt offen.","Bei einer Informationsveranstaltung im Krankenhaus wird über aktuelle Impfreformen und deren Auswirkungen gesprochen. Die <RN>Krankenschwestern</RN> diskutieren über Langzeitfolgen von Corona und setzen sich für mehr Unterstützung ein, doch diese <AN>Männer</AN> lehnen die Vorschläge ab. Die nächsten Schritte werden derzeit kontrovers diskutiert.","1","1024","2","48000","-16","53","4","135","-85.0","50.0","61.0","114.0","experiment","11","odd","200358.85920000146","-810.0","-290.0","NA","5086.726400011685","5087.057700002333","110531.57719998853","125360.06979999365","239345.5116999976","125410.29659999185","239345.54949999438","110329.02979999199","NA","239112.1029999922","226163.58689998742","200347.29619999416","125410.32719999203","239345.339099993","110526.26449998934","226159.5013999904","Experiment","0","0","0","3","1920","offen.","53","25","129"
"<AN>Frauen</AN>","C2","<RN>Pfleger</RN>","undefined","undefined","True","53","4","<AN>Männer</AN>","135","-220.0","-85.0","61.0","114.0","undefined","undefined","#232323","1620","psycho","True","offen","psycho","psycho","undefined","undefined","undefined","0","0","0","0","0","32","0","32","0","0","32","32","32","0","32","0","50","-810.0","-270.5","5","792.0","60.91270211310606","Sun Aug  9 10:50:53 2026","The main experiment item","False","Im Rahmen einer Geschäftsveranstaltung findet derzeit ein Austausch über Arbeitsbedingungen und gesellschaftliche Entwicklungen statt. Die <RN>Arbeitnehmerinnen</RN> erwarten höhere Gehälter und klimatisierte Arbeitsplätze, aber diese <AN>Männer</AN> wollen auch weniger arbeiten. Die Frage nach den Konsequenzen bleibt offen.","experiment.osexp","D:\ET_course_project_gender-bias\experiment","False","mono","False","39","no","white","no","yes","1080","2","space","psycho","178.0","3.0","117","1","32","32","D:\ET_course_project_gender-bias\experiment\subject-11.csv","150","psycho","an_found","Neonatal Nightingale","4.1.14","136.0","178.0","2","0","space","NA","space","space","space","12947.951600013766","NA","14827.950900013093","12947.951600013766","True","53","3","<RN>Arbeitnehmerinnen</RN>","389","-810.0","-421.0","-56.0","-3.0","2","psycho","5","Im Rahmen einer Geschäftsveranstaltung findet derzeit ein Austausch über Arbeitsbedingungen und gesellschaftliche Entwicklungen statt. Die <RN>Arbeitnehmer*innen</RN> erwarten höhere Gehälter und klimatisierte Arbeitsplätze, aber diese <AN>Männer</AN> wollen auch weniger arbeiten. Die Frage nach den Konsequenzen bleibt offen.","Im Rahmen einer Gesprächsrunde im Gesundheitswesen wird derzeit über aktuelle gesellschaftliche Herausforderungen diskutiert. Die <RN>Pflegekräfte</RN> verdienen bessere Arbeitsbedingungen und benötigen langfristig mehr Unterstützung, doch diese <AN>Männer</AN> fühlen sich politisch nicht ausreichend unterstützt. Die nächsten Schritte werden derzeit kontrovers diskutiert.","1","1024","2","48000","-16","53","4","135","-85.0","50.0","61.0","114.0","experiment","11","odd","200358.85920000146","-810.0","-290.0","NA","5086.726400011685","5087.057700002333","110531.57719998853","125360.06979999365","239371.3245000108","125410.29659999185","239371.35900001158","110329.02979999199","NA","239112.1029999922","226163.58689998742","200347.29619999416","125410.32719999203","239371.23849999625","110526.26449998934","226159.5013999904","Experiment","0","0","0","3","1920","offen.","53","25","129"
"<AN>Frauen</AN>","C6","<RN>Arbeitnehmer*innen</RN>","undefined","undefined","True","53","4","<AN>Männer</AN>","135","-220.0","-85.0","61.0","114.0","undefined","undefined","#232323","1620","psycho","True","offen","psycho","psycho","undefined","undefined","undefined","0","0","0","0","0","33","0","33","0","0","33","33","33","0","33","0","50","-810.0","-270.5","5","792.0","60.91270211310606","Sun Aug  9 10:50:53 2026","The main experiment item","False","Im Rahmen einer Geschäftsveranstaltung findet derzeit ein Austausch über Arbeitsbedingungen und gesellschaftliche Entwicklungen statt. Die <RN>Arbeitnehmerinnen</RN> erwarten höhere Gehälter und klimatisierte Arbeitsplätze, aber diese <AN>Männer</AN> wollen auch weniger arbeiten. Die Frage nach den Konsequenzen bleibt offen.","experiment.osexp","D:\ET_course_project_gender-bias\experiment","False","mono","False","39","no","white","no","yes","1080","12","space","psycho","178.0","3.0","117","1","33","33","D:\ET_course_project_gender-bias\experiment\subject-11.csv","150","psycho","an_found","Neonatal Nightingale","4.1.14","136.0","178.0","2","0","space","NA","space","space","space","12947.951600013766","NA","14827.950900013093","12947.951600013766","True","53","3","<RN>Arbeitnehmerinnen</RN>","389","-810.0","-421.0","-56.0","-3.0","2","psycho","5","Im Rahmen einer Geschäftsveranstaltung findet derzeit ein Austausch über Arbeitsbedingungen und gesellschaftliche Entwicklungen statt. Die <RN>Arbeitnehmer*innen</RN> erwarten höhere Gehälter und klimatisierte Arbeitsplätze, aber diese <AN>Männer</AN> wollen auch weniger arbeiten. Die Frage nach den Konsequenzen bleibt offen.","Auf einer Gewerkschaftsveranstaltung wird derzeit über Löhne, Arbeitsbedingungen und Arbeitnehmerrechte diskutiert. Die <RN>Beschäftigten</RN> fordern bessere Bezahlung und faire Arbeitsbedingungen, doch diese <AN>Frauen</AN> sehen vor allem strukturelle Probleme. Die kommenden Entwicklungen sind weiterhin Gegenstand von Diskussionen.","1","1024","2","48000","-16","53","4","135","-85.0","50.0","61.0","114.0","experiment","11","odd","200358.85920000146","-810.0","-290.0","NA","5086.726400011685","5087.057700002333","110531.57719998853","125360.06979999365","239398.71740000672","125410.29659999185","239398.76539999386","110329.02979999199","NA","239112.1029999922","226163.58689998742","200347.29619999416","125410.32719999203","239398.51930001169","110526.26449998934","226159.5013999904","Experiment","0","0","0","3","1920","offen.","53","25","129"
"<AN>Frauen</AN>","C6","<RN>Ingenieur*innen</RN>","undefined","undefined","True","53","4","<AN>Männer</AN>","135","-220.0","-85.0","61.0","114.0","undefined","undefined","#232323","1620","psycho","True","offen","psycho","psycho","undefined","undefined","undefined","0","0","0","0","0","34","0","34","0","0","34","34","34","0","34","0","50","-810.0","-270.5","5","792.0","60.91270211310606","Sun Aug  9 10:50:53 2026","The main experiment item","False","Im Rahmen einer Geschäftsveranstaltung findet derzeit ein Austausch über Arbeitsbedingungen und gesellschaftliche Entwicklungen statt. Die <RN>Arbeitnehmerinnen</RN> erwarten höhere Gehälter und klimatisierte Arbeitsplätze, aber diese <AN>Männer</AN> wollen auch weniger arbeiten. Die Frage nach den Konsequenzen bleibt offen.","experiment.osexp","D:\ET_course_project_gender-bias\experiment","False","mono","False","39","no","white","no","yes","1080","17","space","psycho","178.0","3.0","117","2","34","34","D:\ET_course_project_gender-bias\experiment\subject-11.csv","150","psycho","an_found","Neonatal Nightingale","4.1.14","136.0","178.0","2","0","space","NA","space","space","space","12947.951600013766","NA","14827.950900013093","12947.951600013766","True","53","3","<RN>Arbeitnehmerinnen</RN>","389","-810.0","-421.0","-56.0","-3.0","2","psycho","5","Im Rahmen einer Geschäftsveranstaltung findet derzeit ein Austausch über Arbeitsbedingungen und gesellschaftliche Entwicklungen statt. Die <RN>Arbeitnehmer*innen</RN> erwarten höhere Gehälter und klimatisierte Arbeitsplätze, aber diese <AN>Männer</AN> wollen auch weniger arbeiten. Die Frage nach den Konsequenzen bleibt offen.","Im Rahmen einer städtischen Planungsrunde wird über die zukünftige Mobilität und den Ausbau des Nahverkehrs diskutiert. Die <RN>Ingenieurinnen</RN> diskutieren über Verkehrskonzepte und setzen sich für den Ausbau des ÖPNV ein, doch diese <AN>Männer</AN> lehnen die Vorschläge ab. Die nächsten Schritte werden derzeit kontrovers diskutiert.","1","1024","2","48000","-16","53","4","135","-85.0","50.0","61.0","114.0","experiment","11","odd","200358.85920000146","-810.0","-290.0","NA","5086.726400011685","5087.057700002333","110531.57719998853","125360.06979999365","239424.394200003","125410.29659999185","239424.43049998838","110329.02979999199","NA","239112.1029999922","226163.58689998742","200347.29619999416","125410.32719999203","239424.3085999915","110526.26449998934","226159.5013999904","Experiment","0","0","0","3","1920","offen.","53","25","129"
"<AN>Frauen</AN>","C2","<RN>Einwohner</RN>","undefined","undefined","True","53","4","<AN>Männer</AN>","135","-220.0","-85.0","61.0","114.0","undefined","undefined","#232323","1620","psycho","True","offen","psycho","psycho","undefined","undefined","undefined","0","0","0","0","0","35","0","35","0","0","35","35","35","0","35","0","50","-810.0","-270.5","5","792.0","60.91270211310606","Sun Aug  9 10:50:53 2026","The main experiment item","False","Im Rahmen einer Geschäftsveranstaltung findet derzeit ein Austausch über Arbeitsbedingungen und gesellschaftliche Entwicklungen statt. Die <RN>Arbeitnehmerinnen</RN> erwarten höhere Gehälter und klimatisierte Arbeitsplätze, aber diese <AN>Männer</AN> wollen auch weniger arbeiten. Die Frage nach den Konsequenzen bleibt offen.","experiment.osexp","D:\ET_course_project_gender-bias\experiment","False","mono","False","39","no","white","no","yes","1080","8","space","psycho","178.0","3.0","117","1","35","35","D:\ET_course_project_gender-bias\experiment\subject-11.csv","150","psycho","an_found","Neonatal Nightingale","4.1.14","136.0","178.0","2","0","space","NA","space","space","space","12947.951600013766","NA","14827.950900013093","12947.951600013766","True","53","3","<RN>Arbeitnehmerinnen</RN>","389","-810.0","-421.0","-56.0","-3.0","2","psycho","5","Im Rahmen einer Geschäftsveranstaltung findet derzeit ein Austausch über Arbeitsbedingungen und gesellschaftliche Entwicklungen statt. Die <RN>Arbeitnehmer*innen</RN> erwarten höhere Gehälter und klimatisierte Arbeitsplätze, aber diese <AN>Männer</AN> wollen auch weniger arbeiten. Die Frage nach den Konsequenzen bleibt offen.","Im Rahmen einer öffentlichen Veranstaltung wird derzeit über Fragen der inneren Sicherheit und gesellschaftliche Entwicklungen gesprochen. Die <RN>Bürger</RN> diskutieren über Fragen der inneren Sicherheit bezüglich der aktuellen Krise, doch diese <AN>Männer</AN> fordern härtere Maßnahmen. Die weiteren Maßnahmen stoßen auf geteilte Reaktionen.","1","1024","2","48000","-16","53","4","135","-85.0","50.0","61.0","114.0","experiment","11","odd","200358.85920000146","-810.0","-290.0","NA","5086.726400011685","5087.057700002333","110531.57719998853","125360.06979999365","239450.01289999345","125410.29659999185","239450.05200000014","110329.02979999199","NA","239112.1029999922","226163.58689998742","200347.29619999416","125410.32719999203","239449.83120000688","110526.26449998934","226159.5013999904","Experiment","0","0","0","3","1920","offen.","53","25","129"
"<AN>Frauen</AN>","C4","<RN>Arbeitnehmerinnen</RN>","undefined","undefined","True","53","4","<AN>Frauen</AN>","132","-105.0","27.0","61.0","114.0","undefined","undefined","#232323","1620","psycho","True","Diskussionen","psycho","psycho","undefined","undefined","undefined","0","0","0","0","0","36","0","36","0","0","36","36","36","0","36","0","50","-810.0","-270.5","6","1543.0","13.115547445684454","Sun Aug  9 10:50:53 2026","The main experiment item","False","Auf einer Gewerkschaftsveranstaltung wird derzeit über Löhne, Arbeitsbedingungen und Arbeitnehmerrechte diskutiert. Die <RN>Arbeitnehmerinnen</RN> fordern bessere Bezahlung und faire Arbeitsbedingungen, doch diese <AN>Frauen</AN> sehen vor allem strukturelle Probleme. Die kommenden Entwicklungen sind weiterhin Gegenstand von Diskussionen.","experiment.osexp","D:\ET_course_project_gender-bias\experiment","False","mono","False","39","no","white","no","yes","1080","12","space","psycho","295.0","3.0","117","5","36","36","D:\ET_course_project_gender-bias\experiment\subject-11.csv","150","psycho","an_found","Neonatal Nightingale","4.1.14","-496.0","295.0","2","0","space","NA","space","space","space","20724.540099996375","NA","14827.950900013093","20724.540099996375","True","53","3","<RN>Arbeitnehmerinnen</RN>","389","-810.0","-421.0","-56.0","-3.0","2","psycho","5","Auf einer Gewerkschaftsveranstaltung wird derzeit über Löhne, Arbeitsbedingungen und Arbeitnehmerrechte diskutiert. Die <RN>Beschäftigten</RN> fordern bessere Bezahlung und faire Arbeitsbedingungen, doch diese <AN>Frauen</AN> sehen vor allem strukturelle Probleme. Die kommenden Entwicklungen sind weiterhin Gegenstand von Diskussionen.","Auf einer Gewerkschaftsveranstaltung wird derzeit über Löhne, Arbeitsbedingungen und Arbeitnehmerrechte diskutiert. Die <RN>Beschäftigten</RN> fordern bessere Bezahlung und faire Arbeitsbedingungen, doch diese <AN>Frauen</AN> sehen vor allem strukturelle Probleme. Die kommenden Entwicklungen sind weiterhin Gegenstand von Diskussionen.","0","1024","2","48000","-16","53","4","132","27.0","159.0","61.0","114.0","experiment","11","odd","239490.4050999903","-810.0","-290.0","NA","5086.726400011685","5087.057700002333","110531.57719998853","125360.06979999365","239479.31580001023","125410.29659999185","287725.20099999383","110329.02979999199","NA","287680.0719999883","266954.9148000078","239479.35859998688","125410.32719999203","239479.1147999931","110526.26449998934","266951.47549998364","Experiment","0","0","0","4","1920","Diskussionen.","53","25","289"
"<AN>Männer</AN>","C3","<RN>Aktivistinnen</RN>","undefined","undefined","True","53","4","<AN>Männer</AN>","135","-201.0","-66.0","61.0","114.0","undefined","undefined","#232323","1620","psycho","True","geprüft","psycho","psycho","undefined","undefined","undefined","0","0","0","0","0","37","0","37","0","0","37","37","37","0","37","0","50","-810.0","-270.5","5","1182.0","96.05011292361921","Sun Aug  9 10:50:53 2026","The main experiment item","False","Auf einer öffentlichen Veranstaltung werden aktuelle wohnungs- und gesellschaftspolitische Themen diskutiert. Die <RN>Aktivistinnen</RN> fordern mehr bezahlbaren Wohnraum in Stuttgart und diskutieren faire Lösungsansätze, doch diese <AN>Männer</AN> sehen die Verantwortung stärker beim Bund. Die Auswirkungen der Entscheidung werden noch geprüft.","experiment.osexp","D:\ET_course_project_gender-bias\experiment","False","mono","False","39","no","white","no","yes","1080","11","space","psycho","178.0","3.0","117","5","37","37","D:\ET_course_project_gender-bias\experiment\subject-11.csv","150","psycho","an_found","Neonatal Nightingale","4.1.14","572.0","178.0","2","0","space","NA","space","space","space","13628.016500006197","NA","14827.950900013093","13628.016500006197","True","53","2","<RN>Aktivistinnen</RN>","297","261.0","558.0","-173.0","-120.0","2","psycho","5","Auf einer öffentlichen Veranstaltung werden aktuelle wohnungs- und gesellschaftspolitische Themen diskutiert. Die <RN>Aktivist*innen</RN> fordern mehr bezahlbaren Wohnraum in Stuttgart und diskutieren faire Lösungsansätze, doch diese <AN>Frauen</AN> sehen die Verantwortung stärker beim Bund. Die Auswirkungen der Entscheidung werden noch geprüft.","Auf einer öffentlichen Veranstaltung werden aktuelle wohnungs- und gesellschaftspolitische Themen diskutiert. Die <RN>Aktivist*innen</RN> fordern mehr bezahlbaren Wohnraum in Stuttgart und diskutieren faire Lösungsansätze, doch diese <AN>Frauen</AN> sehen die Verantwortung stärker beim Bund. Die Auswirkungen der Entscheidung werden noch geprüft.","0","1024","2","48000","-16","53","4","135","-66.0","69.0","61.0","114.0","experiment","11","odd","287763.76949998667","-810.0","-290.0","NA","5086.726400011685","5087.057700002333","110531.57719998853","125360.06979999365","287751.38589998824","125410.29659999185","331813.43259999994","110329.02979999199","NA","331768.2739000011","318139.47279998683","287751.41219998477","125410.32719999203","287751.2924000039","110526.26449998934","318135.46920000226","Experiment","0","0","0","5","1920","geprüft.","53","25","175"
"<AN>Frauen</AN>","C2","<RN>Experten</RN>","undefined","undefined","True","53","4","<AN>Frauen</AN>","132","-63.0","69.0","61.0","114.0","undefined","undefined","#232323","1620","psycho","True","geprüft","psycho","psycho","undefined","undefined","undefined","0","0","0","0","0","38","0","38","0","0","38","38","38","0","38","0","50","-810.0","-270.5","5","1052.0","36.31397752932059","Sun Aug  9 10:50:53 2026","The main experiment item","False","Im Rahmen einer universitären Veranstaltung werden aktuelle Fragestellungen der Rüstungsindustrie behandelt. Die große Mehrheit dieser <RN>Experten</RN> sehen eine stärkere Aufrüstung für Deutschland als notwendig, doch diese Gruppe von <AN>Frauen</AN> kritisiert dessen Finanzierung. Die Auswirkungen der Entscheidung werden noch geprüft.","experiment.osexp","D:\ET_course_project_gender-bias\experiment","False","mono","False","39","no","white","no","yes","1080","10","space","psycho","178.0","3.0","117","5","38","38","D:\ET_course_project_gender-bias\experiment\subject-11.csv","150","psycho","an_found","Neonatal Nightingale","4.1.14","442.0","178.0","2","0","space","NA","space","space","space","14908.118499995908","NA","14827.950900013093","14908.118499995908","True","53","3","<RN>Experten</RN>","179","-651.0","-472.0","-56.0","-3.0","2","psycho","5","Im Rahmen einer universitären Veranstaltung werden aktuelle Fragestellungen der Rüstungsindustrie behandelt. Die große Mehrheit dieser <RN>Fachleute</RN> sehen eine stärkere Aufrüstung für Deutschland als notwendig, doch diese Gruppe von <AN>Frauen</AN> kritisiert dessen Finanzierung. Die Auswirkungen der Entscheidung werden noch geprüft.","Im Rahmen einer universitären Veranstaltung werden aktuelle Fragestellungen der Rüstungsindustrie behandelt. Die große Mehrheit dieser <RN>Fachleute</RN> sehen eine stärkere Aufrüstung für Deutschland als notwendig, doch diese Gruppe von <AN>Frauen</AN> kritisiert dessen Finanzierung. Die Auswirkungen der Entscheidung werden noch geprüft.","0","1024","2","48000","-16","53","4","132","69.0","201.0","61.0","114.0","experiment","11","odd","331855.066499993","-810.0","-290.0","NA","5086.726400011685","5087.057700002333","110531.57719998853","125360.06979999365","331842.45110000484","125410.29659999185","370901.893000002","110329.02979999199","NA","370856.21969998465","355947.4094999896","331842.56459999597","125410.32719999203","331841.8570999929","110526.26449998934","355943.49949999014","Experiment","0","0","0","6","1920","geprüft.","53","25","175"
"<AN>Männer</AN>","C5","<RN>Dozent*innen</RN>","undefined","undefined","True","53","4","<AN>Frauen</AN>","132","-63.0","69.0","61.0","114.0","undefined","undefined","#232323","1620","psycho","True","geprüft","psycho","psycho","undefined","undefined","undefined","0","0","0","0","0","39","0","39","0","0","39","39","39","0","39","0","50","-810.0","-270.5","5","1052.0","36.31397752932059","Sun Aug  9 10:50:53 2026","The main experiment item","False","Im Rahmen einer universitären Veranstaltung werden aktuelle Fragestellungen der Rüstungsindustrie behandelt. Die große Mehrheit dieser <RN>Experten</RN> sehen eine stärkere Aufrüstung für Deutschland als notwendig, doch diese Gruppe von <AN>Frauen</AN> kritisiert dessen Finanzierung. Die Auswirkungen der Entscheidung werden noch geprüft.","experiment.osexp","D:\ET_course_project_gender-bias\experiment","False","mono","False","39","no","white","no","yes","1080","9","space","psycho","178.0","3.0","117","3","39","39","D:\ET_course_project_gender-bias\experiment\subject-11.csv","150","psycho","an_found","Neonatal Nightingale","4.1.14","442.0","178.0","2","0","space","NA","space","space","space","14908.118499995908","NA","14827.950900013093","14908.118499995908","True","53","3","<RN>Experten</RN>","179","-651.0","-472.0","-56.0","-3.0","2","psycho","5","Im Rahmen einer universitären Veranstaltung werden aktuelle Fragestellungen der Rüstungsindustrie behandelt. Die große Mehrheit dieser <RN>Fachleute</RN> sehen eine stärkere Aufrüstung für Deutschland als notwendig, doch diese Gruppe von <AN>Frauen</AN> kritisiert dessen Finanzierung. Die Auswirkungen der Entscheidung werden noch geprüft.","Auf einer schulischen Tagung werden aktuelle Kontroversen rund um Vorlesungsführung und Leistungsbewertung diskutiert. Die <RN>Dozent*innen</RN> fordern erhöhte Leistungsorientierung und strengere Notenvergabe im Lehrplan, doch diese <AN>Männer</AN> stoßen dabei auf Gegendruck von Eltern. Die Debatte über das Thema hält weiter an.","1","1024","2","48000","-16","53","4","132","69.0","201.0","61.0","114.0","experiment","11","odd","331855.066499993","-810.0","-290.0","NA","5086.726400011685","5087.057700002333","110531.57719998853","125360.06979999365","370929.67489999137","125410.29659999185","370929.7275999852","110329.02979999199","NA","370856.21969998465","355947.4094999896","331842.56459999597","125410.32719999203","370929.43950000335","110526.26449998934","355943.49949999014","Experiment","0","0","0","6","1920","geprüft.","53","25","175"
"<AN>Männer</AN>","C3","<RN>Dozentinnen</RN>","undefined","undefined","True","53","4","<AN>Frauen</AN>","132","-63.0","69.0","61.0","114.0","undefined","undefined","#232323","1620","psycho","True","geprüft","psycho","psycho","undefined","undefined","undefined","0","0","0","0","0","40","0","40","0","0","40","40","40","0","40","0","50","-810.0","-270.5","5","1052.0","36.31397752932059","Sun Aug  9 10:50:53 2026","The main experiment item","False","Im Rahmen einer universitären Veranstaltung werden aktuelle Fragestellungen der Rüstungsindustrie behandelt. Die große Mehrheit dieser <RN>Experten</RN> sehen eine stärkere Aufrüstung für Deutschland als notwendig, doch diese Gruppe von <AN>Frauen</AN> kritisiert dessen Finanzierung. Die Auswirkungen der Entscheidung werden noch geprüft.","experiment.osexp","D:\ET_course_project_gender-bias\experiment","False","mono","False","39","no","white","no","yes","1080","9","space","psycho","178.0","3.0","117","1","40","40","D:\ET_course_project_gender-bias\experiment\subject-11.csv","150","psycho","an_found","Neonatal Nightingale","4.1.14","442.0","178.0","2","0","space","NA","space","space","space","14908.118499995908","NA","14827.950900013093","14908.118499995908","True","53","3","<RN>Experten</RN>","179","-651.0","-472.0","-56.0","-3.0","2","psycho","5","Im Rahmen einer universitären Veranstaltung werden aktuelle Fragestellungen der Rüstungsindustrie behandelt. Die große Mehrheit dieser <RN>Fachleute</RN> sehen eine stärkere Aufrüstung für Deutschland als notwendig, doch diese Gruppe von <AN>Frauen</AN> kritisiert dessen Finanzierung. Die Auswirkungen der Entscheidung werden noch geprüft.","Auf einer schulischen Tagung werden aktuelle Kontroversen rund um Vorlesungsführung und Leistungsbewertung diskutiert. Die <RN>Dozent*innen</RN> fordern erhöhte Leistungsorientierung und strengere Notenvergabe im Lehrplan, doch diese <AN>Männer</AN> stoßen dabei auf Gegendruck von Eltern. Die Debatte über das Thema hält weiter an.","1","1024","2","48000","-16","53","4","132","69.0","201.0","61.0","114.0","experiment","11","odd","331855.066499993","-810.0","-290.0","NA","5086.726400011685","5087.057700002333","110531.57719998853","125360.06979999365","370957.58039999055","125410.29659999185","370957.6386999979","110329.02979999199","NA","370856.21969998465","355947.4094999896","331842.56459999597","125410.32719999203","370956.94470001035","110526.26449998934","355943.49949999014","Experiment","0","0","0","6","1920","geprüft.","53","25","175"
"<AN>Männer</AN>","C3","<RN>Einwohnerinnen</RN>","undefined","undefined","True","53","4","<AN>Frauen</AN>","132","-63.0","69.0","61.0","114.0","undefined","undefined","#232323","1620","psycho","True","geprüft","psycho","psycho","undefined","undefined","undefined","0","0","0","0","0","41","0","41","0","0","41","41","41","0","41","0","50","-810.0","-270.5","5","1052.0","36.31397752932059","Sun Aug  9 10:50:53 2026","The main experiment item","False","Im Rahmen einer universitären Veranstaltung werden aktuelle Fragestellungen der Rüstungsindustrie behandelt. Die große Mehrheit dieser <RN>Experten</RN> sehen eine stärkere Aufrüstung für Deutschland als notwendig, doch diese Gruppe von <AN>Frauen</AN> kritisiert dessen Finanzierung. Die Auswirkungen der Entscheidung werden noch geprüft.","experiment.osexp","D:\ET_course_project_gender-bias\experiment","False","mono","False","39","no","white","no","yes","1080","8","space","psycho","178.0","3.0","117","2","41","41","D:\ET_course_project_gender-bias\experiment\subject-11.csv","150","psycho","an_found","Neonatal Nightingale","4.1.14","442.0","178.0","2","0","space","NA","space","space","space","14908.118499995908","NA","14827.950900013093","14908.118499995908","True","53","3","<RN>Experten</RN>","179","-651.0","-472.0","-56.0","-3.0","2","psycho","5","Im Rahmen einer universitären Veranstaltung werden aktuelle Fragestellungen der Rüstungsindustrie behandelt. Die große Mehrheit dieser <RN>Fachleute</RN> sehen eine stärkere Aufrüstung für Deutschland als notwendig, doch diese Gruppe von <AN>Frauen</AN> kritisiert dessen Finanzierung. Die Auswirkungen der Entscheidung werden noch geprüft.","Im Rahmen einer öffentlichen Veranstaltung wird derzeit über Fragen der inneren Sicherheit und gesellschaftliche Entwicklungen gesprochen. Die <RN>Bürger</RN> diskutieren über Fragen der inneren Sicherheit bezüglich der aktuellen Krise, doch diese <AN>Männer</AN> fordern härtere Maßnahmen. Die weiteren Maßnahmen stoßen auf geteilte Reaktionen.","1","1024","2","48000","-16","53","4","132","69.0","201.0","61.0","114.0","experiment","11","odd","331855.066499993","-810.0","-290.0","NA","5086.726400011685","5087.057700002333","110531.57719998853","125360.06979999365","370984.7172999871","125410.29659999185","370984.76580000715","110329.02979999199","NA","370856.21969998465","355947.4094999896","331842.56459999597","125410.32719999203","370984.3722000078","110526.26449998934","355943.49949999014","Experiment","0","0","0","6","1920","geprüft.","53","25","175"
"<AN>Männer</AN>","C1","<RN>Arbeitnehmer</RN>","undefined","undefined","True","53","4","<AN>Frauen</AN>","132","-63.0","69.0","61.0","114.0","undefined","undefined","#232323","1620","psycho","True","geprüft","psycho","psycho","undefined","undefined","undefined","0","0","0","0","0","42","0","42","0","0","42","42","42","0","42","0","50","-810.0","-270.5","5","1052.0","36.31397752932059","Sun Aug  9 10:50:53 2026","The main experiment item","False","Im Rahmen einer universitären Veranstaltung werden aktuelle Fragestellungen der Rüstungsindustrie behandelt. Die große Mehrheit dieser <RN>Experten</RN> sehen eine stärkere Aufrüstung für Deutschland als notwendig, doch diese Gruppe von <AN>Frauen</AN> kritisiert dessen Finanzierung. Die Auswirkungen der Entscheidung werden noch geprüft.","experiment.osexp","D:\ET_course_project_gender-bias\experiment","False","mono","False","39","no","white","no","yes","1080","5","space","psycho","178.0","3.0","117","3","42","42","D:\ET_course_project_gender-bias\experiment\subject-11.csv","150","psycho","an_found","Neonatal Nightingale","4.1.14","442.0","178.0","2","0","space","NA","space","space","space","14908.118499995908","NA","14827.950900013093","14908.118499995908","True","53","3","<RN>Experten</RN>","179","-651.0","-472.0","-56.0","-3.0","2","psycho","5","Im Rahmen einer universitären Veranstaltung werden aktuelle Fragestellungen der Rüstungsindustrie behandelt. Die große Mehrheit dieser <RN>Fachleute</RN> sehen eine stärkere Aufrüstung für Deutschland als notwendig, doch diese Gruppe von <AN>Frauen</AN> kritisiert dessen Finanzierung. Die Auswirkungen der Entscheidung werden noch geprüft.","Im Rahmen einer Geschäftsveranstaltung findet derzeit ein Austausch über Arbeitsbedingungen und gesellschaftliche Entwicklungen statt. Die <RN>Arbeitnehmer*innen</RN> erwarten höhere Gehälter und klimatisierte Arbeitsplätze, trotzdem wollen diese <AN>Männer</AN> auch weniger arbeiten. Die Frage nach den Konsequenzen bleibt offen.","1","1024","2","48000","-16","53","4","132","69.0","201.0","61.0","114.0","experiment","11","odd","331855.066499993","-810.0","-290.0","NA","5086.726400011685","5087.057700002333","110531.57719998853","125360.06979999365","371012.27700000163","125410.29659999185","371012.3290999909","110329.02979999199","NA","370856.21969998465","355947.4094999896","331842.56459999597","125410.32719999203","371012.15639998554","110526.26449998934","355943.49949999014","Experiment","0","0","0","6","1920","geprüft.","53","25","175"
"<AN>Männer</AN>","C1","<RN>Experten</RN>","undefined","undefined","True","53","4","<AN>Frauen</AN>","132","-63.0","69.0","61.0","114.0","undefined","undefined","#232323","1620","psycho","True","geprüft","psycho","psycho","undefined","undefined","undefined","0","0","0","0","0","43","0","43","0","0","43","43","43","0","43","0","50","-810.0","-270.5","5","1052.0","36.31397752932059","Sun Aug  9 10:50:53 2026","The main experiment item","False","Im Rahmen einer universitären Veranstaltung werden aktuelle Fragestellungen der Rüstungsindustrie behandelt. Die große Mehrheit dieser <RN>Experten</RN> sehen eine stärkere Aufrüstung für Deutschland als notwendig, doch diese Gruppe von <AN>Frauen</AN> kritisiert dessen Finanzierung. Die Auswirkungen der Entscheidung werden noch geprüft.","experiment.osexp","D:\ET_course_project_gender-bias\experiment","False","mono","False","39","no","white","no","yes","1080","14","space","psycho","178.0","3.0","117","6","43","43","D:\ET_course_project_gender-bias\experiment\subject-11.csv","150","psycho","an_found","Neonatal Nightingale","4.1.14","442.0","178.0","2","0","space","NA","space","space","space","14908.118499995908","NA","14827.950900013093","14908.118499995908","True","53","3","<RN>Experten</RN>","179","-651.0","-472.0","-56.0","-3.0","2","psycho","5","Im Rahmen einer universitären Veranstaltung werden aktuelle Fragestellungen der Rüstungsindustrie behandelt. Die große Mehrheit dieser <RN>Fachleute</RN> sehen eine stärkere Aufrüstung für Deutschland als notwendig, doch diese Gruppe von <AN>Frauen</AN> kritisiert dessen Finanzierung. Die Auswirkungen der Entscheidung werden noch geprüft.","Auf einer öffentlichen Veranstaltung stehen Investitionen und langfristige gesellschaftliche Entwicklungen zur Diskussion. Die <RN>Fachfrauen</RN> unterstützen höhere Investitionen und langfristige Entwicklungen, doch diese <AN>Männer</AN> kritisieren die Umsetzung. Die politischen Folgen werden unterschiedlich bewertet.","1","1024","2","48000","-16","53","4","132","69.0","201.0","61.0","114.0","experiment","11","odd","331855.066499993","-810.0","-290.0","NA","5086.726400011685","5087.057700002333","110531.57719998853","125360.06979999365","371039.58969999803","125410.29659999185","371039.6427999949","110329.02979999199","NA","370856.21969998465","355947.4094999896","331842.56459999597","125410.32719999203","371039.3439999898","110526.26449998934","355943.49949999014","Experiment","0","0","0","6","1920","geprüft.","53","25","175"
"<AN>Frauen</AN>","C4","<RN>Expertinnen</RN>","undefined","undefined","True","53","4","<AN>Frauen</AN>","132","-63.0","69.0","61.0","114.0","undefined","undefined","#232323","1620","psycho","True","geprüft","psycho","psycho","undefined","undefined","undefined","0","0","0","0","0","44","0","44","0","0","44","44","44","0","44","0","50","-810.0","-270.5","5","1052.0","36.31397752932059","Sun Aug  9 10:50:53 2026","The main experiment item","False","Im Rahmen einer universitären Veranstaltung werden aktuelle Fragestellungen der Rüstungsindustrie behandelt. Die große Mehrheit dieser <RN>Experten</RN> sehen eine stärkere Aufrüstung für Deutschland als notwendig, doch diese Gruppe von <AN>Frauen</AN> kritisiert dessen Finanzierung. Die Auswirkungen der Entscheidung werden noch geprüft.","experiment.osexp","D:\ET_course_project_gender-bias\experiment","False","mono","False","39","no","white","no","yes","1080","14","space","psycho","178.0","3.0","117","3","44","44","D:\ET_course_project_gender-bias\experiment\subject-11.csv","150","psycho","an_found","Neonatal Nightingale","4.1.14","442.0","178.0","2","0","space","NA","space","space","space","14908.118499995908","NA","14827.950900013093","14908.118499995908","True","53","3","<RN>Experten</RN>","179","-651.0","-472.0","-56.0","-3.0","2","psycho","5","Im Rahmen einer universitären Veranstaltung werden aktuelle Fragestellungen der Rüstungsindustrie behandelt. Die große Mehrheit dieser <RN>Fachleute</RN> sehen eine stärkere Aufrüstung für Deutschland als notwendig, doch diese Gruppe von <AN>Frauen</AN> kritisiert dessen Finanzierung. Die Auswirkungen der Entscheidung werden noch geprüft.","Auf einer öffentlichen Veranstaltung stehen Investitionen und langfristige gesellschaftliche Entwicklungen zur Diskussion. Die <RN>Fachfrauen</RN> unterstützen höhere Investitionen und langfristige Entwicklungen, doch diese <AN>Männer</AN> kritisieren die Umsetzung. Die politischen Folgen werden unterschiedlich bewertet.","1","1024","2","48000","-16","53","4","132","69.0","201.0","61.0","114.0","experiment","11","odd","331855.066499993","-810.0","-290.0","NA","5086.726400011685","5087.057700002333","110531.57719998853","125360.06979999365","371066.5519000031","125410.29659999185","371066.6038999916","110329.02979999199","NA","370856.21969998465","355947.4094999896","331842.56459999597","125410.32719999203","371066.3166999875","110526.26449998934","355943.49949999014","Experiment","0","0","0","6","1920","geprüft.","53","25","175"
"<AN>Männer</AN>","C3","<RN>Pflegerinnen</RN>","undefined","undefined","True","53","4","<AN>Frauen</AN>","132","-63.0","69.0","61.0","114.0","undefined","undefined","#232323","1620","psycho","True","geprüft","psycho","psycho","undefined","undefined","undefined","0","0","0","0","0","45","0","45","0","0","45","45","45","0","45","0","50","-810.0","-270.5","5","1052.0","36.31397752932059","Sun Aug  9 10:50:53 2026","The main experiment item","False","Im Rahmen einer universitären Veranstaltung werden aktuelle Fragestellungen der Rüstungsindustrie behandelt. Die große Mehrheit dieser <RN>Experten</RN> sehen eine stärkere Aufrüstung für Deutschland als notwendig, doch diese Gruppe von <AN>Frauen</AN> kritisiert dessen Finanzierung. Die Auswirkungen der Entscheidung werden noch geprüft.","experiment.osexp","D:\ET_course_project_gender-bias\experiment","False","mono","False","39","no","white","no","yes","1080","2","space","psycho","178.0","3.0","117","2","45","45","D:\ET_course_project_gender-bias\experiment\subject-11.csv","150","psycho","an_found","Neonatal Nightingale","4.1.14","442.0","178.0","2","0","space","NA","space","space","space","14908.118499995908","NA","14827.950900013093","14908.118499995908","True","53","3","<RN>Experten</RN>","179","-651.0","-472.0","-56.0","-3.0","2","psycho","5","Im Rahmen einer universitären Veranstaltung werden aktuelle Fragestellungen der Rüstungsindustrie behandelt. Die große Mehrheit dieser <RN>Fachleute</RN> sehen eine stärkere Aufrüstung für Deutschland als notwendig, doch diese Gruppe von <AN>Frauen</AN> kritisiert dessen Finanzierung. Die Auswirkungen der Entscheidung werden noch geprüft.","Im Rahmen einer Gesprächsrunde im Gesundheitswesen wird derzeit über aktuelle gesellschaftliche Herausforderungen diskutiert. Die <RN>Pflegekräfte</RN> verdienen bessere Arbeitsbedingungen und benötigen mehr Unterstützung, doch diese <AN>Männer</AN> fühlen sich politisch nicht ausreichend unterstützt. Die nächsten Schritte werden derzeit kontrovers diskutiert.","1","1024","2","48000","-16","53","4","132","69.0","201.0","61.0","114.0","experiment","11","odd","331855.066499993","-810.0","-290.0","NA","5086.726400011685","5087.057700002333","110531.57719998853","125360.06979999365","371093.8475999865","125410.29659999185","371093.9001000079","110329.02979999199","NA","370856.21969998465","355947.4094999896","331842.56459999597","125410.32719999203","371093.5998999921","110526.26449998934","355943.49949999014","Experiment","0","0","0","6","1920","geprüft.","53","25","175"
"<AN>Frauen</AN>","C6","<RN>Student*innen</RN>","undefined","undefined","True","53","4","<AN>Frauen</AN>","132","-63.0","69.0","61.0","114.0","undefined","undefined","#232323","1620","psycho","True","geprüft","psycho","psycho","undefined","undefined","undefined","0","0","0","0","0","46","0","46","0","0","46","46","46","0","46","0","50","-810.0","-270.5","5","1052.0","36.31397752932059","Sun Aug  9 10:50:53 2026","The main experiment item","False","Im Rahmen einer universitären Veranstaltung werden aktuelle Fragestellungen der Rüstungsindustrie behandelt. Die große Mehrheit dieser <RN>Experten</RN> sehen eine stärkere Aufrüstung für Deutschland als notwendig, doch diese Gruppe von <AN>Frauen</AN> kritisiert dessen Finanzierung. Die Auswirkungen der Entscheidung werden noch geprüft.","experiment.osexp","D:\ET_course_project_gender-bias\experiment","False","mono","False","39","no","white","no","yes","1080","1","space","psycho","178.0","3.0","117","6","46","46","D:\ET_course_project_gender-bias\experiment\subject-11.csv","150","psycho","an_found","Neonatal Nightingale","4.1.14","442.0","178.0","2","0","space","NA","space","space","space","14908.118499995908","NA","14827.950900013093","14908.118499995908","True","53","3","<RN>Experten</RN>","179","-651.0","-472.0","-56.0","-3.0","2","psycho","5","Im Rahmen einer universitären Veranstaltung werden aktuelle Fragestellungen der Rüstungsindustrie behandelt. Die große Mehrheit dieser <RN>Fachleute</RN> sehen eine stärkere Aufrüstung für Deutschland als notwendig, doch diese Gruppe von <AN>Frauen</AN> kritisiert dessen Finanzierung. Die Auswirkungen der Entscheidung werden noch geprüft.","Bei einer Podiumsdiskussion an der Universität wird über aktuelle gesellschaftliche Themen gesprochen. Die <RN>Studenten</RN> müssten wieder stärker leistungsorientiert gefördert werden, doch die Mehrheit dieser dort teilnehmenden <AN>Frauen</AN> kritisiert die neuen Anforderungen. Die weitere Entwicklung bleibt Gegenstand öffentlicher Debatten.","1","1024","2","48000","-16","53","4","132","69.0","201.0","61.0","114.0","experiment","11","odd","331855.066499993","-810.0","-290.0","NA","5086.726400011685","5087.057700002333","110531.57719998853","125360.06979999365","371121.62819999503","125410.29659999185","371121.6634000011","110329.02979999199","NA","370856.21969998465","355947.4094999896","331842.56459999597","125410.32719999203","371121.5426999843","110526.26449998934","355943.49949999014","Experiment","0","0","0","6","1920","geprüft.","53","25","175"
"<AN>Männern</AN>","C1","<RN>Einwohner</RN>","undefined","undefined","True","53","4","<AN>Frauen</AN>","132","-63.0","69.0","61.0","114.0","undefined","undefined","#232323","1620","psycho","True","geprüft","psycho","psycho","undefined","undefined","undefined","0","0","0","0","0","47","0","47","0","0","47","47","47","0","47","0","50","-810.0","-270.5","5","1052.0","36.31397752932059","Sun Aug  9 10:50:53 2026","The main experiment item","False","Im Rahmen einer universitären Veranstaltung werden aktuelle Fragestellungen der Rüstungsindustrie behandelt. Die große Mehrheit dieser <RN>Experten</RN> sehen eine stärkere Aufrüstung für Deutschland als notwendig, doch diese Gruppe von <AN>Frauen</AN> kritisiert dessen Finanzierung. Die Auswirkungen der Entscheidung werden noch geprüft.","experiment.osexp","D:\ET_course_project_gender-bias\experiment","False","mono","False","39","no","white","no","yes","1080","13","space","psycho","178.0","3.0","117","1","47","47","D:\ET_course_project_gender-bias\experiment\subject-11.csv","150","psycho","an_found","Neonatal Nightingale","4.1.14","442.0","178.0","2","0","space","NA","space","space","space","14908.118499995908","NA","14827.950900013093","14908.118499995908","True","53","3","<RN>Experten</RN>","179","-651.0","-472.0","-56.0","-3.0","2","psycho","5","Im Rahmen einer universitären Veranstaltung werden aktuelle Fragestellungen der Rüstungsindustrie behandelt. Die große Mehrheit dieser <RN>Fachleute</RN> sehen eine stärkere Aufrüstung für Deutschland als notwendig, doch diese Gruppe von <AN>Frauen</AN> kritisiert dessen Finanzierung. Die Auswirkungen der Entscheidung werden noch geprüft.","Im Rahmen einer öffentlichen Veranstaltung wird über Sicherheit, gesellschaftlichen Zusammenhalt und politische Reformen gesprochen. Die <RN>Bürgerinnen</RN> wünschen sich mehr Sicherheit und verlässliche Perspektiven, doch diese Gruppe von <AN>Frauen</AN> sieht Reformbedarf im System. Die weitere Entwicklung bleibt Gegenstand öffentlicher Debatten.","1","1024","2","48000","-16","53","4","132","69.0","201.0","61.0","114.0","experiment","11","odd","331855.066499993","-810.0","-290.0","NA","5086.726400011685","5087.057700002333","110531.57719998853","125360.06979999365","371147.67669999856","125410.29659999185","371147.7278000093","110329.02979999199","NA","370856.21969998465","355947.4094999896","331842.56459999597","125410.32719999203","371147.4337000109","110526.26449998934","355943.49949999014","Experiment","0","0","0","6","1920","geprüft.","53","25","175"
"<AN>Frauen</AN>","C2","<RN>Lehrer</RN>","undefined","undefined","True","53","4","<AN>Frauen</AN>","132","-63.0","69.0","61.0","114.0","undefined","undefined","#232323","1620","psycho","True","geprüft","psycho","psycho","undefined","undefined","undefined","0","0","0","0","0","48","0","48","0","0","48","48","48","0","48","0","50","-810.0","-270.5","5","1052.0","36.31397752932059","Sun Aug  9 10:50:53 2026","The main experiment item","False","Im Rahmen einer universitären Veranstaltung werden aktuelle Fragestellungen der Rüstungsindustrie behandelt. Die große Mehrheit dieser <RN>Experten</RN> sehen eine stärkere Aufrüstung für Deutschland als notwendig, doch diese Gruppe von <AN>Frauen</AN> kritisiert dessen Finanzierung. Die Auswirkungen der Entscheidung werden noch geprüft.","experiment.osexp","D:\ET_course_project_gender-bias\experiment","False","mono","False","39","no","white","no","yes","1080","6","space","psycho","178.0","3.0","117","3","48","48","D:\ET_course_project_gender-bias\experiment\subject-11.csv","150","psycho","an_found","Neonatal Nightingale","4.1.14","442.0","178.0","2","0","space","NA","space","space","space","14908.118499995908","NA","14827.950900013093","14908.118499995908","True","53","3","<RN>Experten</RN>","179","-651.0","-472.0","-56.0","-3.0","2","psycho","5","Im Rahmen einer universitären Veranstaltung werden aktuelle Fragestellungen der Rüstungsindustrie behandelt. Die große Mehrheit dieser <RN>Fachleute</RN> sehen eine stärkere Aufrüstung für Deutschland als notwendig, doch diese Gruppe von <AN>Frauen</AN> kritisiert dessen Finanzierung. Die Auswirkungen der Entscheidung werden noch geprüft.","Auf einer Konferenz zu Bildungsfragen in Stuttgart  wird derzeit über aktuelle schulische Themen gesprochen. Die <RN>Lehrer</RN> sollen mehr auf Disziplin und Konsequenzen im Unterricht setzen, doch aus pädagogischen Gründen lehnen diese <AN>Frauen</AN> die Vorschläge ab. Die kommenden Entwicklungen sind weiterhin Gegenstand von Diskussionen.","1","1024","2","48000","-16","53","4","132","69.0","201.0","61.0","114.0","experiment","11","odd","331855.066499993","-810.0","-290.0","NA","5086.726400011685","5087.057700002333","110531.57719998853","125360.06979999365","371173.8110999868","125410.29659999185","371173.8645999867","110329.02979999199","NA","370856.21969998465","355947.4094999896","331842.56459999597","125410.32719999203","371173.5706999898","110526.26449998934","355943.49949999014","Experiment","0","0","0","6","1920","geprüft.","53","25","175"
"<AN>Frauen</AN>","C4","<RN>Pflegerinnen</RN>","undefined","undefined","True","53","4","<AN>Frauen</AN>","132","-63.0","69.0","61.0","114.0","undefined","undefined","#232323","1620","psycho","True","geprüft","psycho","psycho","undefined","undefined","undefined","0","0","0","0","0","49","0","49","0","0","49","49","49","0","49","0","50","-810.0","-270.5","5","1052.0","36.31397752932059","Sun Aug  9 10:50:53 2026","The main experiment item","False","Im Rahmen einer universitären Veranstaltung werden aktuelle Fragestellungen der Rüstungsindustrie behandelt. Die große Mehrheit dieser <RN>Experten</RN> sehen eine stärkere Aufrüstung für Deutschland als notwendig, doch diese Gruppe von <AN>Frauen</AN> kritisiert dessen Finanzierung. Die Auswirkungen der Entscheidung werden noch geprüft.","experiment.osexp","D:\ET_course_project_gender-bias\experiment","False","mono","False","39","no","white","no","yes","1080","2","space","psycho","178.0","3.0","117","3","49","49","D:\ET_course_project_gender-bias\experiment\subject-11.csv","150","psycho","an_found","Neonatal Nightingale","4.1.14","442.0","178.0","2","0","space","NA","space","space","space","14908.118499995908","NA","14827.950900013093","14908.118499995908","True","53","3","<RN>Experten</RN>","179","-651.0","-472.0","-56.0","-3.0","2","psycho","5","Im Rahmen einer universitären Veranstaltung werden aktuelle Fragestellungen der Rüstungsindustrie behandelt. Die große Mehrheit dieser <RN>Fachleute</RN> sehen eine stärkere Aufrüstung für Deutschland als notwendig, doch diese Gruppe von <AN>Frauen</AN> kritisiert dessen Finanzierung. Die Auswirkungen der Entscheidung werden noch geprüft.","Im Rahmen einer Gesprächsrunde im Gesundheitswesen wird derzeit über aktuelle gesellschaftliche Herausforderungen diskutiert. Die <RN>Pflegekräfte</RN> verdienen bessere Arbeitsbedingungen und benötigen mehr Unterstützung, doch diese <AN>Männer</AN> fühlen sich politisch nicht ausreichend unterstützt. Die nächsten Schritte werden derzeit kontrovers diskutiert.","1","1024","2","48000","-16","53","4","132","69.0","201.0","61.0","114.0","experiment","11","odd","331855.066499993","-810.0","-290.0","NA","5086.726400011685","5087.057700002333","110531.57719998853","125360.06979999365","371200.9521999862","125410.29659999185","371201.00820000516","110329.02979999199","NA","370856.21969998465","355947.4094999896","331842.56459999597","125410.32719999203","371200.83640000666","110526.26449998934","355943.49949999014","Experiment","0","0","0","6","1920","geprüft.","53","25","175"
"<AN>Männer</AN>","C5","<RN>Polizist*innen</RN>","undefined","undefined","True","53","4","<AN>Frauen</AN>","132","-63.0","69.0","61.0","114.0","undefined","undefined","#232323","1620","psycho","True","geprüft","psycho","psycho","undefined","undefined","undefined","0","0","0","0","0","50","0","50","0","0","50","50","50","0","50","0","50","-810.0","-270.5","5","1052.0","36.31397752932059","Sun Aug  9 10:50:53 2026","The main experiment item","False","Im Rahmen einer universitären Veranstaltung werden aktuelle Fragestellungen der Rüstungsindustrie behandelt. Die große Mehrheit dieser <RN>Experten</RN> sehen eine stärkere Aufrüstung für Deutschland als notwendig, doch diese Gruppe von <AN>Frauen</AN> kritisiert dessen Finanzierung. Die Auswirkungen der Entscheidung werden noch geprüft.","experiment.osexp","D:\ET_course_project_gender-bias\experiment","False","mono","False","39","no","white","no","yes","1080","18","space","psycho","178.0","3.0","117","6","50","50","D:\ET_course_project_gender-bias\experiment\subject-11.csv","150","psycho","an_found","Neonatal Nightingale","4.1.14","442.0","178.0","2","0","space","NA","space","space","space","14908.118499995908","NA","14827.950900013093","14908.118499995908","True","53","3","<RN>Experten</RN>","179","-651.0","-472.0","-56.0","-3.0","2","psycho","5","Im Rahmen einer universitären Veranstaltung werden aktuelle Fragestellungen der Rüstungsindustrie behandelt. Die große Mehrheit dieser <RN>Fachleute</RN> sehen eine stärkere Aufrüstung für Deutschland als notwendig, doch diese Gruppe von <AN>Frauen</AN> kritisiert dessen Finanzierung. Die Auswirkungen der Entscheidung werden noch geprüft.","Bei einer öffentlichen Sitzung im Rathaus wird über neue Verkehrsregelungen gesprochen. Die <RN>Polizistinnen</RN> diskutieren laut über mehr Sicherheit im Straßenverkehr und setzen sich für strengere Kontrollen ein, doch diese <AN>Männer</AN> lehnen die Vorschläge ab. Die nächsten Maßnahmen werden derzeit kontrovers verhandelt.","1","1024","2","48000","-16","53","4","132","69.0","201.0","61.0","114.0","experiment","11","odd","331855.066499993","-810.0","-290.0","NA","5086.726400011685","5087.057700002333","110531.57719998853","125360.06979999365","371227.60220000055","125410.29659999185","371227.64130000724","110329.02979999199","NA","370856.21969998465","355947.4094999896","331842.56459999597","125410.32719999203","371227.42629999993","110526.26449998934","355943.49949999014","Experiment","0","0","0","6","1920","geprüft.","53","25","175"
"<AN>Frauen</AN>","C6","<RN>Dozent*innen</RN>","undefined","undefined","True","53","4","<AN>Frauen</AN>","132","-63.0","69.0","61.0","114.0","undefined","undefined","#232323","1620","psycho","True","geprüft","psycho","psycho","undefined","undefined","undefined","0","0","0","0","0","51","0","51","0","0","51","51","51","0","51","0","50","-810.0","-270.5","5","1052.0","36.31397752932059","Sun Aug  9 10:50:53 2026","The main experiment item","False","Im Rahmen einer universitären Veranstaltung werden aktuelle Fragestellungen der Rüstungsindustrie behandelt. Die große Mehrheit dieser <RN>Experten</RN> sehen eine stärkere Aufrüstung für Deutschland als notwendig, doch diese Gruppe von <AN>Frauen</AN> kritisiert dessen Finanzierung. Die Auswirkungen der Entscheidung werden noch geprüft.","experiment.osexp","D:\ET_course_project_gender-bias\experiment","False","mono","False","39","no","white","no","yes","1080","9","space","psycho","178.0","3.0","117","4","51","51","D:\ET_course_project_gender-bias\experiment\subject-11.csv","150","psycho","an_found","Neonatal Nightingale","4.1.14","442.0","178.0","2","0","space","NA","space","space","space","14908.118499995908","NA","14827.950900013093","14908.118499995908","True","53","3","<RN>Experten</RN>","179","-651.0","-472.0","-56.0","-3.0","2","psycho","5","Im Rahmen einer universitären Veranstaltung werden aktuelle Fragestellungen der Rüstungsindustrie behandelt. Die große Mehrheit dieser <RN>Fachleute</RN> sehen eine stärkere Aufrüstung für Deutschland als notwendig, doch diese Gruppe von <AN>Frauen</AN> kritisiert dessen Finanzierung. Die Auswirkungen der Entscheidung werden noch geprüft.","Auf einer schulischen Tagung werden aktuelle Kontroversen rund um Vorlesungsführung und Leistungsbewertung diskutiert. Die <RN>Dozent*innen</RN> fordern erhöhte Leistungsorientierung und strengere Notenvergabe im Lehrplan, doch diese <AN>Männer</AN> stoßen dabei auf Gegendruck von Eltern. Die Debatte über das Thema hält weiter an.","1","1024","2","48000","-16","53","4","132","69.0","201.0","61.0","114.0","experiment","11","odd","331855.066499993","-810.0","-290.0","NA","5086.726400011685","5087.057700002333","110531.57719998853","125360.06979999365","371255.2437999984","125410.29659999185","371255.2805999876","110329.02979999199","NA","370856.21969998465","355947.4094999896","331842.56459999597","125410.32719999203","371255.1387999847","110526.26449998934","355943.49949999014","Experiment","0","0","0","6","1920","geprüft.","53","25","175"
"<AN>Frauen</AN>","C2","<RN>Experten</RN>","undefined","undefined","True","53","4","<AN>Frauen</AN>","132","-63.0","69.0","61.0","114.0","undefined","undefined","#232323","1620","psycho","True","geprüft","psycho","psycho","undefined","undefined","undefined","0","0","0","0","0","52","0","52","0","0","52","52","52","0","52","0","50","-810.0","-270.5","5","1052.0","36.31397752932059","Sun Aug  9 10:50:53 2026","The main experiment item","False","Im Rahmen einer universitären Veranstaltung werden aktuelle Fragestellungen der Rüstungsindustrie behandelt. Die große Mehrheit dieser <RN>Experten</RN> sehen eine stärkere Aufrüstung für Deutschland als notwendig, doch diese Gruppe von <AN>Frauen</AN> kritisiert dessen Finanzierung. Die Auswirkungen der Entscheidung werden noch geprüft.","experiment.osexp","D:\ET_course_project_gender-bias\experiment","False","mono","False","39","no","white","no","yes","1080","7","space","psycho","178.0","3.0","117","2","52","52","D:\ET_course_project_gender-bias\experiment\subject-11.csv","150","psycho","an_found","Neonatal Nightingale","4.1.14","442.0","178.0","2","0","space","NA","space","space","space","14908.118499995908","NA","14827.950900013093","14908.118499995908","True","53","3","<RN>Experten</RN>","179","-651.0","-472.0","-56.0","-3.0","2","psycho","5","Im Rahmen einer universitären Veranstaltung werden aktuelle Fragestellungen der Rüstungsindustrie behandelt. Die große Mehrheit dieser <RN>Fachleute</RN> sehen eine stärkere Aufrüstung für Deutschland als notwendig, doch diese Gruppe von <AN>Frauen</AN> kritisiert dessen Finanzierung. Die Auswirkungen der Entscheidung werden noch geprüft.","Beim Sommerfest eines Unternehmens wird über wirtschaftliche Entwicklungen und gesellschaftliche Herausforderungen diskutiert. Die <RN>Fachleute</RN> sehen große Herausforderungen im nächsten Geschäftsjahr, dennoch bleiben diese <AN>Männer</AN> optimistisch. Die unternehmerischen Folgen werden unterschiedlich bewertet.","1","1024","2","48000","-16","53","4","132","69.0","201.0","61.0","114.0","experiment","11","odd","331855.066499993","-810.0","-290.0","NA","5086.726400011685","5087.057700002333","110531.57719998853","125360.06979999365","371282.29279999505","125410.29659999185","371282.33260000707","110329.02979999199","NA","370856.21969998465","355947.4094999896","331842.56459999597","125410.32719999203","371282.1461999847","110526.26449998934","355943.49949999014","Experiment","0","0","0","6","1920","geprüft.","53","25","175"
"<AN>Männern</AN>","C5","<RN>Einwohner*innen</RN>","undefined","undefined","True","53","4","<AN>Männern</AN>","158","-309.0","-151.0","61.0","114.0","undefined","undefined","#232323","1620","psycho","True","Debatten","psycho","psycho","undefined","undefined","undefined","0","0","0","0","0","53","0","53","0","0","53","53","53","0","53","0","50","-810.0","-270.5","5","981.0","30.708108513550602","Sun Aug  9 10:50:53 2026","The main experiment item","False","Im Rahmen einer öffentlichen Veranstaltung wird über Sicherheit, gesellschaftlichen Zusammenhalt und politische Reformen gesprochen. Die <RN>Einwohner*innen</RN> wünschen sich Sicherheit und verlässliche Perspektiven, doch diese Gruppe von <AN>Männern</AN> sieht Reformbedarf im System. Die weitere Entwicklung bleibt Gegenstand öffentlicher Debatten.","experiment.osexp","D:\ET_course_project_gender-bias\experiment","False","mono","False","39","no","white","no","yes","1080","13","space","psycho","178.0","3.0","117","5","53","53","D:\ET_course_project_gender-bias\experiment\subject-11.csv","150","psycho","an_found","Neonatal Nightingale","4.1.14","393.0","178.0","2","0","space","NA","space","space","space","16628.088099998422","NA","14827.950900013093","16628.088099998422","True","53","3","<RN>Einwohner*innen</RN>","340","-810.0","-470.0","-56.0","-3.0","2","psycho","5","Im Rahmen einer öffentlichen Veranstaltung wird über Sicherheit, gesellschaftlichen Zusammenhalt und politische Reformen gesprochen. Die <RN>Bürgerinnen</RN> wünschen sich Sicherheit und verlässliche Perspektiven, doch diese Gruppe von <AN>Frauen</AN> sieht Reformbedarf im System. Die weitere Entwicklung bleibt Gegenstand öffentlicher Debatten.","Im Rahmen einer öffentlichen Veranstaltung wird über Sicherheit, gesellschaftlichen Zusammenhalt und politische Reformen gesprochen. Die <RN>Bürgerinnen</RN> wünschen sich Sicherheit und verlässliche Perspektiven, doch diese Gruppe von <AN>Frauen</AN> sieht Reformbedarf im System. Die weitere Entwicklung bleibt Gegenstand öffentlicher Debatten.","0","1024","2","48000","-16","53","4","158","-151.0","7.0","61.0","114.0","experiment","11","odd","371319.48599999305","-810.0","-290.0","NA","5086.726400011685","5087.057700002333","110531.57719998853","125360.06979999365","371307.98660000437","125410.29659999185","418413.13850000734","110329.02979999199","NA","418367.9931999941","401739.33899999247","371308.0168000015","125410.32719999203","371307.89950001054","110526.26449998934","401735.4623999854","Experiment","0","0","0","7","1920","Debatten.","53","25","197"
"<AN>Frauen</AN>","C4","<RN>Polizistinnen</RN>","undefined","undefined","True","53","4","<AN>Frauen</AN>","132","-202.0","-70.0","61.0","114.0","undefined","undefined","#232323","1620","psycho","True","verhandelt","psycho","psycho","undefined","undefined","undefined","0","0","0","0","0","54","0","54","0","0","54","54","54","0","54","0","50","-810.0","-270.5","5","1026.0","20.650107354684643","Sun Aug  9 10:50:53 2026","The main experiment item","False","Bei einer öffentlichen Sitzung im Rathaus wird über neue Verkehrsregelungen gesprochen. Die <RN>Polizistinnen</RN> diskutieren laut über mehr Sicherheit im Straßenverkehr und setzen sich für strengere Kontrollen ein, doch diese <AN>Frauen</AN> lehnen die Vorschläge ab. Die nächsten Maßnahmen werden derzeit kontrovers verhandelt.","experiment.osexp","D:\ET_course_project_gender-bias\experiment","False","mono","False","39","no","white","no","yes","1080","18","space","psycho","178.0","3.0","117","5","54","54","D:\ET_course_project_gender-bias\experiment\subject-11.csv","150","psycho","an_found","Neonatal Nightingale","4.1.14","485.0","178.0","2","0","space","NA","space","space","space","13052.560200012522","NA","14827.950900013093","13052.560200012522","True","53","2","<RN>Polizistinnen</RN>","294","-13.0","281.0","-173.0","-120.0","2","psycho","5","Bei einer öffentlichen Sitzung im Rathaus wird über neue Verkehrsregelungen gesprochen. Die <RN>Polizistinnen</RN> diskutieren laut über mehr Sicherheit im Straßenverkehr und setzen sich für strengere Kontrollen ein, doch diese <AN>Männer</AN> lehnen die Vorschläge ab. Die nächsten Maßnahmen werden derzeit kontrovers verhandelt.","Bei einer öffentlichen Sitzung im Rathaus wird über neue Verkehrsregelungen gesprochen. Die <RN>Polizistinnen</RN> diskutieren laut über mehr Sicherheit im Straßenverkehr und setzen sich für strengere Kontrollen ein, doch diese <AN>Männer</AN> lehnen die Vorschläge ab. Die nächsten Maßnahmen werden derzeit kontrovers verhandelt.","0","1024","2","48000","-16","53","4","132","-70.0","62.0","61.0","114.0","experiment","11","odd","418451.88509998843","-810.0","-290.0","NA","5086.726400011685","5087.057700002333","110531.57719998853","125360.06979999365","418440.0259999966","125410.29659999185","462125.5286000087","110329.02979999199","NA","462080.200700002","449026.89939999254","418440.05840001046","125410.32719999203","418439.8884999973","110526.26449998934","449023.6140000052","Experiment","0","0","0","8","1920","verhandelt.","53","25","244"
"<AN>Frauen</AN>","C6","<RN>Professor*innen</RN>","undefined","undefined","True","53","4","<AN>Frauen</AN>","132","-202.0","-70.0","61.0","114.0","undefined","undefined","#232323","1620","psycho","True","verhandelt","psycho","psycho","undefined","undefined","undefined","0","0","0","0","0","55","0","55","0","0","55","55","55","0","55","0","50","-810.0","-270.5","5","1026.0","20.650107354684643","Sun Aug  9 10:50:53 2026","The main experiment item","False","Bei einer öffentlichen Sitzung im Rathaus wird über neue Verkehrsregelungen gesprochen. Die <RN>Polizistinnen</RN> diskutieren laut über mehr Sicherheit im Straßenverkehr und setzen sich für strengere Kontrollen ein, doch diese <AN>Frauen</AN> lehnen die Vorschläge ab. Die nächsten Maßnahmen werden derzeit kontrovers verhandelt.","experiment.osexp","D:\ET_course_project_gender-bias\experiment","False","mono","False","39","no","white","no","yes","1080","15","space","psycho","178.0","3.0","117","4","55","55","D:\ET_course_project_gender-bias\experiment\subject-11.csv","150","psycho","an_found","Neonatal Nightingale","4.1.14","485.0","178.0","2","0","space","NA","space","space","space","13052.560200012522","NA","14827.950900013093","13052.560200012522","True","53","2","<RN>Polizistinnen</RN>","294","-13.0","281.0","-173.0","-120.0","2","psycho","5","Bei einer öffentlichen Sitzung im Rathaus wird über neue Verkehrsregelungen gesprochen. Die <RN>Polizistinnen</RN> diskutieren laut über mehr Sicherheit im Straßenverkehr und setzen sich für strengere Kontrollen ein, doch diese <AN>Männer</AN> lehnen die Vorschläge ab. Die nächsten Maßnahmen werden derzeit kontrovers verhandelt.","Im Rahmen einer öffentlichen Veranstaltung wird über die Zukunft der Hochschulen und die Forschungsförderung diskutiert. Die <RN>Professorinnen</RN> diskutieren über die Zukunft der Hochschulen und setzen sich für mehr Forschungsgelder ein, doch diese <AN>Männer</AN> lehnen die Vorschläge ab. Die nächsten Schritte werden derzeit kontrovers diskutiert.","1","1024","2","48000","-16","53","4","132","-70.0","62.0","61.0","114.0","experiment","11","odd","418451.88509998843","-810.0","-290.0","NA","5086.726400011685","5087.057700002333","110531.57719998853","125360.06979999365","462153.6231999926","125410.29659999185","462153.6877999897","110329.02979999199","NA","462080.200700002","449026.89939999254","418440.05840001046","125410.32719999203","462153.3742999891","110526.26449998934","449023.6140000052","Experiment","0","0","0","8","1920","verhandelt.","53","25","244"
"<AN>Frauen</AN>","C6","<RN>Polizist*innen</RN>","undefined","undefined","True","53","4","<AN>Frauen</AN>","132","-202.0","-70.0","61.0","114.0","undefined","undefined","#232323","1620","psycho","True","verhandelt","psycho","psycho","undefined","undefined","undefined","0","0","0","0","0","56","0","56","0","0","56","56","56","0","56","0","50","-810.0","-270.5","5","1026.0","20.650107354684643","Sun Aug  9 10:50:53 2026","The main experiment item","False","Bei einer öffentlichen Sitzung im Rathaus wird über neue Verkehrsregelungen gesprochen. Die <RN>Polizistinnen</RN> diskutieren laut über mehr Sicherheit im Straßenverkehr und setzen sich für strengere Kontrollen ein, doch diese <AN>Frauen</AN> lehnen die Vorschläge ab. Die nächsten Maßnahmen werden derzeit kontrovers verhandelt.","experiment.osexp","D:\ET_course_project_gender-bias\experiment","False","mono","False","39","no","white","no","yes","1080","18","space","psycho","178.0","3.0","117","1","56","56","D:\ET_course_project_gender-bias\experiment\subject-11.csv","150","psycho","an_found","Neonatal Nightingale","4.1.14","485.0","178.0","2","0","space","NA","space","space","space","13052.560200012522","NA","14827.950900013093","13052.560200012522","True","53","2","<RN>Polizistinnen</RN>","294","-13.0","281.0","-173.0","-120.0","2","psycho","5","Bei einer öffentlichen Sitzung im Rathaus wird über neue Verkehrsregelungen gesprochen. Die <RN>Polizistinnen</RN> diskutieren laut über mehr Sicherheit im Straßenverkehr und setzen sich für strengere Kontrollen ein, doch diese <AN>Männer</AN> lehnen die Vorschläge ab. Die nächsten Maßnahmen werden derzeit kontrovers verhandelt.","Bei einer öffentlichen Sitzung im Rathaus wird über neue Verkehrsregelungen gesprochen. Die <RN>Polizistinnen</RN> diskutieren laut über mehr Sicherheit im Straßenverkehr und setzen sich für strengere Kontrollen ein, doch diese <AN>Männer</AN> lehnen die Vorschläge ab. Die nächsten Maßnahmen werden derzeit kontrovers verhandelt.","1","1024","2","48000","-16","53","4","132","-70.0","62.0","61.0","114.0","experiment","11","odd","418451.88509998843","-810.0","-290.0","NA","5086.726400011685","5087.057700002333","110531.57719998853","125360.06979999365","462180.6372999854","125410.29659999185","462180.6773999997","110329.02979999199","NA","462080.200700002","449026.89939999254","418440.05840001046","125410.32719999203","462180.4592999979","110526.26449998934","449023.6140000052","Experiment","0","0","0","8","1920","verhandelt.","53","25","244"
"<AN>Männer</AN>","C3","<RN>Expertinnen</RN>","undefined","undefined","True","53","4","<AN>Frauen</AN>","132","-202.0","-70.0","61.0","114.0","undefined","undefined","#232323","1620","psycho","True","verhandelt","psycho","psycho","undefined","undefined","undefined","0","0","0","0","0","57","0","57","0","0","57","57","57","0","57","0","50","-810.0","-270.5","5","1026.0","20.650107354684643","Sun Aug  9 10:50:53 2026","The main experiment item","False","Bei einer öffentlichen Sitzung im Rathaus wird über neue Verkehrsregelungen gesprochen. Die <RN>Polizistinnen</RN> diskutieren laut über mehr Sicherheit im Straßenverkehr und setzen sich für strengere Kontrollen ein, doch diese <AN>Frauen</AN> lehnen die Vorschläge ab. Die nächsten Maßnahmen werden derzeit kontrovers verhandelt.","experiment.osexp","D:\ET_course_project_gender-bias\experiment","False","mono","False","39","no","white","no","yes","1080","14","space","psycho","178.0","3.0","117","2","57","57","D:\ET_course_project_gender-bias\experiment\subject-11.csv","150","psycho","an_found","Neonatal Nightingale","4.1.14","485.0","178.0","2","0","space","NA","space","space","space","13052.560200012522","NA","14827.950900013093","13052.560200012522","True","53","2","<RN>Polizistinnen</RN>","294","-13.0","281.0","-173.0","-120.0","2","psycho","5","Bei einer öffentlichen Sitzung im Rathaus wird über neue Verkehrsregelungen gesprochen. Die <RN>Polizistinnen</RN> diskutieren laut über mehr Sicherheit im Straßenverkehr und setzen sich für strengere Kontrollen ein, doch diese <AN>Männer</AN> lehnen die Vorschläge ab. Die nächsten Maßnahmen werden derzeit kontrovers verhandelt.","Auf einer öffentlichen Veranstaltung stehen Investitionen und langfristige gesellschaftliche Entwicklungen zur Diskussion. Die <RN>Fachfrauen</RN> unterstützen höhere Investitionen und langfristige Entwicklungen, doch diese <AN>Männer</AN> kritisieren die Umsetzung. Die politischen Folgen werden unterschiedlich bewertet.","1","1024","2","48000","-16","53","4","132","-70.0","62.0","61.0","114.0","experiment","11","odd","418451.88509998843","-810.0","-290.0","NA","5086.726400011685","5087.057700002333","110531.57719998853","125360.06979999365","462206.81070000865","125410.29659999185","462206.8602000072","110329.02979999199","NA","462080.200700002","449026.89939999254","418440.05840001046","125410.32719999203","462206.41250000335","110526.26449998934","449023.6140000052","Experiment","0","0","0","8","1920","verhandelt.","53","25","244"
"<AN>Männer</AN>","C5","<RN>Arbeitnehmer*innen</RN>","undefined","undefined","True","53","4","<AN>Frauen</AN>","132","-202.0","-70.0","61.0","114.0","undefined","undefined","#232323","1620","psycho","True","verhandelt","psycho","psycho","undefined","undefined","undefined","0","0","0","0","0","58","0","58","0","0","58","58","58","0","58","0","50","-810.0","-270.5","5","1026.0","20.650107354684643","Sun Aug  9 10:50:53 2026","The main experiment item","False","Bei einer öffentlichen Sitzung im Rathaus wird über neue Verkehrsregelungen gesprochen. Die <RN>Polizistinnen</RN> diskutieren laut über mehr Sicherheit im Straßenverkehr und setzen sich für strengere Kontrollen ein, doch diese <AN>Frauen</AN> lehnen die Vorschläge ab. Die nächsten Maßnahmen werden derzeit kontrovers verhandelt.","experiment.osexp","D:\ET_course_project_gender-bias\experiment","False","mono","False","39","no","white","no","yes","1080","12","space","psycho","178.0","3.0","117","6","58","58","D:\ET_course_project_gender-bias\experiment\subject-11.csv","150","psycho","an_found","Neonatal Nightingale","4.1.14","485.0","178.0","2","0","space","NA","space","space","space","13052.560200012522","NA","14827.950900013093","13052.560200012522","True","53","2","<RN>Polizistinnen</RN>","294","-13.0","281.0","-173.0","-120.0","2","psycho","5","Bei einer öffentlichen Sitzung im Rathaus wird über neue Verkehrsregelungen gesprochen. Die <RN>Polizistinnen</RN> diskutieren laut über mehr Sicherheit im Straßenverkehr und setzen sich für strengere Kontrollen ein, doch diese <AN>Männer</AN> lehnen die Vorschläge ab. Die nächsten Maßnahmen werden derzeit kontrovers verhandelt.","Auf einer Gewerkschaftsveranstaltung wird derzeit über Löhne, Arbeitsbedingungen und Arbeitnehmerrechte diskutiert. Die <RN>Beschäftigten</RN> fordern bessere Bezahlung und faire Arbeitsbedingungen, doch diese <AN>Frauen</AN> sehen vor allem strukturelle Probleme. Die kommenden Entwicklungen sind weiterhin Gegenstand von Diskussionen.","1","1024","2","48000","-16","53","4","132","-70.0","62.0","61.0","114.0","experiment","11","odd","418451.88509998843","-810.0","-290.0","NA","5086.726400011685","5087.057700002333","110531.57719998853","125360.06979999365","462232.39379998995","125410.29659999185","462232.43929998716","110329.02979999199","NA","462080.200700002","449026.89939999254","418440.05840001046","125410.32719999203","462232.09909998695","110526.26449998934","449023.6140000052","Experiment","0","0","0","8","1920","verhandelt.","53","25","244"
"<AN>Männer</AN>","C1","<RN>Professoren</RN>","undefined","undefined","True","53","4","<AN>Männer</AN>","135","-65.0","70.0","61.0","114.0","undefined","undefined","#232323","1620","psycho","True","diskutiert","psycho","psycho","undefined","undefined","undefined","0","0","0","0","0","59","0","59","0","0","59","59","59","0","59","0","50","-810.0","-270.5","5","1003.0","20.5561974109999","Sun Aug  9 10:50:53 2026","The main experiment item","False","Im Rahmen einer öffentlichen Veranstaltung wird über die Zukunft der Hochschulen und die Forschungsförderung diskutiert. Die <RN>Professoren</RN> diskutieren über die Zukunft der Hochschulen und setzen sich für mehr Forschungsgelder ein, doch diese <AN>Männer</AN> lehnen die Vorschläge ab. Die nächsten Schritte werden derzeit kontrovers diskutiert.","experiment.osexp","D:\ET_course_project_gender-bias\experiment","False","mono","False","39","no","white","no","yes","1080","15","space","psycho","178.0","3.0","117","5","59","59","D:\ET_course_project_gender-bias\experiment\subject-11.csv","150","psycho","an_found","Neonatal Nightingale","4.1.14","461.0","178.0","2","0","space","NA","space","space","space","20476.521599979606","NA","14827.950900013093","20476.521599979606","True","53","2","<RN>Professoren</RN>","248","461.0","709.0","-173.0","-120.0","2","psycho","5","Im Rahmen einer öffentlichen Veranstaltung wird über die Zukunft der Hochschulen und die Forschungsförderung diskutiert. Die <RN>Professorinnen</RN> diskutieren über die Zukunft der Hochschulen und setzen sich für mehr Forschungsgelder ein, doch diese <AN>Männer</AN> lehnen die Vorschläge ab. Die nächsten Schritte werden derzeit kontrovers diskutiert.","Im Rahmen einer öffentlichen Veranstaltung wird über die Zukunft der Hochschulen und die Forschungsförderung diskutiert. Die <RN>Professorinnen</RN> diskutieren über die Zukunft der Hochschulen und setzen sich für mehr Forschungsgelder ein, doch diese <AN>Männer</AN> lehnen die Vorschläge ab. Die nächsten Schritte werden derzeit kontrovers diskutiert.","0","1024","2","48000","-16","53","4","135","70.0","205.0","61.0","114.0","experiment","11","odd","462275.68260001135","-810.0","-290.0","NA","5086.726400011685","5087.057700002333","110531.57719998853","125360.06979999365","462264.5910999854","125410.29659999185","512261.9990000094","110329.02979999199","NA","512216.4180999971","491738.9364000119","462264.6204000048","125410.32719999203","462264.3934999942","110526.26449998934","491735.54090000107","Experiment","0","0","0","9","1920","diskutiert.","53","25","243"
"<AN>Frauen</AN>","C2","<RN>Professoren</RN>","undefined","undefined","True","53","4","<AN>Männer</AN>","135","-65.0","70.0","61.0","114.0","undefined","undefined","#232323","1620","psycho","True","diskutiert","psycho","psycho","undefined","undefined","undefined","0","0","0","0","0","60","0","60","0","0","60","60","60","0","60","0","50","-810.0","-270.5","5","1003.0","20.5561974109999","Sun Aug  9 10:50:53 2026","The main experiment item","False","Im Rahmen einer öffentlichen Veranstaltung wird über die Zukunft der Hochschulen und die Forschungsförderung diskutiert. Die <RN>Professoren</RN> diskutieren über die Zukunft der Hochschulen und setzen sich für mehr Forschungsgelder ein, doch diese <AN>Männer</AN> lehnen die Vorschläge ab. Die nächsten Schritte werden derzeit kontrovers diskutiert.","experiment.osexp","D:\ET_course_project_gender-bias\experiment","False","mono","False","39","no","white","no","yes","1080","15","space","psycho","178.0","3.0","117","6","60","60","D:\ET_course_project_gender-bias\experiment\subject-11.csv","150","psycho","an_found","Neonatal Nightingale","4.1.14","461.0","178.0","2","0","space","NA","space","space","space","20476.521599979606","NA","14827.950900013093","20476.521599979606","True","53","2","<RN>Professoren</RN>","248","461.0","709.0","-173.0","-120.0","2","psycho","5","Im Rahmen einer öffentlichen Veranstaltung wird über die Zukunft der Hochschulen und die Forschungsförderung diskutiert. Die <RN>Professorinnen</RN> diskutieren über die Zukunft der Hochschulen und setzen sich für mehr Forschungsgelder ein, doch diese <AN>Männer</AN> lehnen die Vorschläge ab. Die nächsten Schritte werden derzeit kontrovers diskutiert.","Im Rahmen einer öffentlichen Veranstaltung wird über die Zukunft der Hochschulen und die Forschungsförderung diskutiert. Die <RN>Professorinnen</RN> diskutieren über die Zukunft der Hochschulen und setzen sich für mehr Forschungsgelder ein, doch diese <AN>Männer</AN> lehnen die Vorschläge ab. Die nächsten Schritte werden derzeit kontrovers diskutiert.","1","1024","2","48000","-16","53","4","135","70.0","205.0","61.0","114.0","experiment","11","odd","462275.68260001135","-810.0","-290.0","NA","5086.726400011685","5087.057700002333","110531.57719998853","125360.06979999365","512540.2494999871","125410.29659999185","512540.3152999934","110329.02979999199","NA","512216.4180999971","491738.9364000119","462264.6204000048","125410.32719999203","512539.28199998336","110526.26449998934","491735.54090000107","Experiment","0","0","0","9","1920","diskutiert.","53","25","243"
"<AN>Männer</AN>","C3","<RN>Lehrerinnen</RN>","undefined","undefined","True","53","4","<AN>Männer</AN>","135","-65.0","70.0","61.0","114.0","undefined","undefined","#232323","1620","psycho","True","diskutiert","psycho","psycho","undefined","undefined","undefined","0","0","0","0","0","61","0","61","0","0","61","61","61","0","61","0","50","-810.0","-270.5","5","1003.0","20.5561974109999","Sun Aug  9 10:50:53 2026","The main experiment item","False","Im Rahmen einer öffentlichen Veranstaltung wird über die Zukunft der Hochschulen und die Forschungsförderung diskutiert. Die <RN>Professoren</RN> diskutieren über die Zukunft der Hochschulen und setzen sich für mehr Forschungsgelder ein, doch diese <AN>Männer</AN> lehnen die Vorschläge ab. Die nächsten Schritte werden derzeit kontrovers diskutiert.","experiment.osexp","D:\ET_course_project_gender-bias\experiment","False","mono","False","39","no","white","no","yes","1080","6","space","psycho","178.0","3.0","117","4","61","61","D:\ET_course_project_gender-bias\experiment\subject-11.csv","150","psycho","an_found","Neonatal Nightingale","4.1.14","461.0","178.0","2","0","space","NA","space","space","space","20476.521599979606","NA","14827.950900013093","20476.521599979606","True","53","2","<RN>Professoren</RN>","248","461.0","709.0","-173.0","-120.0","2","psycho","5","Im Rahmen einer öffentlichen Veranstaltung wird über die Zukunft der Hochschulen und die Forschungsförderung diskutiert. Die <RN>Professorinnen</RN> diskutieren über die Zukunft der Hochschulen und setzen sich für mehr Forschungsgelder ein, doch diese <AN>Männer</AN> lehnen die Vorschläge ab. Die nächsten Schritte werden derzeit kontrovers diskutiert.","Auf einer Konferenz zu Bildungsfragen in Stuttgart wird derzeit über aktuelle schulische Themen gesprochen. Die <RN>Lehrer</RN> sollen mehr auf Disziplin und Konsequenzen im Unterricht setzen, doch aus pädagogischen Gründen lehnen diese <AN>Frauen</AN> die Vorschläge ab. Die kommenden Entwicklungen sind weiterhin Gegenstand von Diskussionen.","1","1024","2","48000","-16","53","4","135","70.0","205.0","61.0","114.0","experiment","11","odd","462275.68260001135","-810.0","-290.0","NA","5086.726400011685","5087.057700002333","110531.57719998853","125360.06979999365","512567.34219999635","125410.29659999185","512567.3842999968","110329.02979999199","NA","512216.4180999971","491738.9364000119","462264.6204000048","125410.32719999203","512567.13159999344","110526.26449998934","491735.54090000107","Experiment","0","0","0","9","1920","diskutiert.","53","25","243"
"<AN>Männer</AN>","C1","<RN>Pfleger</RN>","undefined","undefined","True","53","4","<AN>Männer</AN>","135","-65.0","70.0","61.0","114.0","undefined","undefined","#232323","1620","psycho","True","diskutiert","psycho","psycho","undefined","undefined","undefined","0","0","0","0","0","62","0","62","0","0","62","62","62","0","62","0","50","-810.0","-270.5","5","1003.0","20.5561974109999","Sun Aug  9 10:50:53 2026","The main experiment item","False","Im Rahmen einer öffentlichen Veranstaltung wird über die Zukunft der Hochschulen und die Forschungsförderung diskutiert. Die <RN>Professoren</RN> diskutieren über die Zukunft der Hochschulen und setzen sich für mehr Forschungsgelder ein, doch diese <AN>Männer</AN> lehnen die Vorschläge ab. Die nächsten Schritte werden derzeit kontrovers diskutiert.","experiment.osexp","D:\ET_course_project_gender-bias\experiment","False","mono","False","39","no","white","no","yes","1080","2","space","psycho","178.0","3.0","117","6","62","62","D:\ET_course_project_gender-bias\experiment\subject-11.csv","150","psycho","an_found","Neonatal Nightingale","4.1.14","461.0","178.0","2","0","space","NA","space","space","space","20476.521599979606","NA","14827.950900013093","20476.521599979606","True","53","2","<RN>Professoren</RN>","248","461.0","709.0","-173.0","-120.0","2","psycho","5","Im Rahmen einer öffentlichen Veranstaltung wird über die Zukunft der Hochschulen und die Forschungsförderung diskutiert. Die <RN>Professorinnen</RN> diskutieren über die Zukunft der Hochschulen und setzen sich für mehr Forschungsgelder ein, doch diese <AN>Männer</AN> lehnen die Vorschläge ab. Die nächsten Schritte werden derzeit kontrovers diskutiert.","Im Rahmen einer Gesprächsrunde im Gesundheitswesen wird derzeit über aktuelle gesellschaftliche Herausforderungen diskutiert. Die <RN>Pflegekräfte</RN> verdienen bessere Arbeitsbedingungen und benötigen langfristig mehr Unterstützung, doch diese <AN>Männer</AN> fühlen sich politisch nicht ausreichend unterstützt. Die nächsten Schritte werden derzeit kontrovers diskutiert.","1","1024","2","48000","-16","53","4","135","70.0","205.0","61.0","114.0","experiment","11","odd","462275.68260001135","-810.0","-290.0","NA","5086.726400011685","5087.057700002333","110531.57719998853","125360.06979999365","512594.61130001","125410.29659999185","512594.66500001145","110329.02979999199","NA","512216.4180999971","491738.9364000119","462264.6204000048","125410.32719999203","512594.362600008","110526.26449998934","491735.54090000107","Experiment","0","0","0","9","1920","diskutiert.","53","25","243"
"<AN>Frauen</AN>","C4","<RN>Ingenieurinnen</RN>","undefined","undefined","True","53","4","<AN>Männer</AN>","135","-65.0","70.0","61.0","114.0","undefined","undefined","#232323","1620","psycho","True","diskutiert","psycho","psycho","undefined","undefined","undefined","0","0","0","0","0","63","0","63","0","0","63","63","63","0","63","0","50","-810.0","-270.5","5","1003.0","20.5561974109999","Sun Aug  9 10:50:53 2026","The main experiment item","False","Im Rahmen einer öffentlichen Veranstaltung wird über die Zukunft der Hochschulen und die Forschungsförderung diskutiert. Die <RN>Professoren</RN> diskutieren über die Zukunft der Hochschulen und setzen sich für mehr Forschungsgelder ein, doch diese <AN>Männer</AN> lehnen die Vorschläge ab. Die nächsten Schritte werden derzeit kontrovers diskutiert.","experiment.osexp","D:\ET_course_project_gender-bias\experiment","False","mono","False","39","no","white","no","yes","1080","17","space","psycho","178.0","3.0","117","6","63","63","D:\ET_course_project_gender-bias\experiment\subject-11.csv","150","psycho","an_found","Neonatal Nightingale","4.1.14","461.0","178.0","2","0","space","NA","space","space","space","20476.521599979606","NA","14827.950900013093","20476.521599979606","True","53","2","<RN>Professoren</RN>","248","461.0","709.0","-173.0","-120.0","2","psycho","5","Im Rahmen einer öffentlichen Veranstaltung wird über die Zukunft der Hochschulen und die Forschungsförderung diskutiert. Die <RN>Professorinnen</RN> diskutieren über die Zukunft der Hochschulen und setzen sich für mehr Forschungsgelder ein, doch diese <AN>Männer</AN> lehnen die Vorschläge ab. Die nächsten Schritte werden derzeit kontrovers diskutiert.","Im Rahmen einer städtischen Planungsrunde wird über die zukünftige Mobilität und den Ausbau des Nahverkehrs diskutiert. Die <RN>Ingenieurinnen</RN> diskutieren über nachhaltige Verkehrskonzepte und setzen sich für den Ausbau des ÖPNV ein, doch diese <AN>Männer</AN> lehnen die Vorschläge ab. Die nächsten Schritte werden derzeit kontrovers diskutiert.","1","1024","2","48000","-16","53","4","135","70.0","205.0","61.0","114.0","experiment","11","odd","462275.68260001135","-810.0","-290.0","NA","5086.726400011685","5087.057700002333","110531.57719998853","125360.06979999365","512623.71529999655","125410.29659999185","512623.7543000025","110329.02979999199","NA","512216.4180999971","491738.9364000119","462264.6204000048","125410.32719999203","512623.5835000116","110526.26449998934","491735.54090000107","Experiment","0","0","0","9","1920","diskutiert.","53","25","243"
"<AN>Männer</AN>","C5","<RN>Expert*innen</RN>","undefined","undefined","True","53","4","<AN>Männer</AN>","135","-309.0","-174.0","61.0","114.0","undefined","undefined","#232323","1620","psycho","True","bewertet","psycho","psycho","undefined","undefined","undefined","0","0","0","0","0","64","0","64","0","0","64","64","64","0","64","0","50","-810.0","-270.5","5","528.0","11.615547270791854","Sun Aug  9 10:50:53 2026","The main experiment item","False","Beim Sommerfest eines Unternehmens wird über wirtschaftliche Entwicklungen und gesellschaftliche Herausforderungen diskutiert. Die <RN>Expert*innen</RN> sehen große Herausforderungen im nächsten Geschäftsjahr, dennoch bleiben diese <AN>Männer</AN> optimistisch. Die unternehmerischen Folgen werden unterschiedlich bewertet.","experiment.osexp","D:\ET_course_project_gender-bias\experiment","False","mono","False","39","no","white","no","yes","1080","7","space","psycho","178.0","3.0","117","5","64","64","D:\ET_course_project_gender-bias\experiment\subject-11.csv","150","psycho","an_found","Neonatal Nightingale","4.1.14","-60.0","178.0","2","0","space","NA","space","space","space","13540.970500005642","NA","14827.950900013093","13540.970500005642","True","53","3","<RN>Expert*innen</RN>","271","-810.0","-539.0","-56.0","-3.0","2","psycho","5","Beim Sommerfest eines Unternehmens wird über wirtschaftliche Entwicklungen und gesellschaftliche Herausforderungen diskutiert. Die <RN>Fachleute</RN> sehen große Herausforderungen im nächsten Geschäftsjahr, dennoch bleiben diese <AN>Männer</AN> optimistisch. Die unternehmerischen Folgen werden unterschiedlich bewertet.","Beim Sommerfest eines Unternehmens wird über wirtschaftliche Entwicklungen und gesellschaftliche Herausforderungen diskutiert. Die <RN>Fachleute</RN> sehen große Herausforderungen im nächsten Geschäftsjahr, dennoch bleiben diese <AN>Männer</AN> optimistisch. Die unternehmerischen Folgen werden unterschiedlich bewertet.","0","1024","2","48000","-16","53","4","135","-174.0","-39.0","61.0","114.0","experiment","11","odd","512661.6068999865","-810.0","-290.0","NA","5086.726400011685","5087.057700002333","110531.57719998853","125360.06979999365","512650.19210000173","125410.29659999185","553837.5944999862","110329.02979999199","NA","553792.0390999934","540250.4745000042","512650.235899986","125410.32719999203","512649.9899000046","110526.26449998934","540247.440999985","Experiment","0","0","0","10","1920","bewertet.","53","25","197"
"<AN>Frauen</AN>","C6","<RN>Expert*innen</RN>","undefined","undefined","True","53","4","<AN>Männer</AN>","135","-309.0","-174.0","61.0","114.0","undefined","undefined","#232323","1620","psycho","True","bewertet","psycho","psycho","undefined","undefined","undefined","0","0","0","0","0","65","0","65","0","0","65","65","65","0","65","0","50","-810.0","-270.5","5","528.0","11.615547270791854","Sun Aug  9 10:50:53 2026","The main experiment item","False","Beim Sommerfest eines Unternehmens wird über wirtschaftliche Entwicklungen und gesellschaftliche Herausforderungen diskutiert. Die <RN>Expert*innen</RN> sehen große Herausforderungen im nächsten Geschäftsjahr, dennoch bleiben diese <AN>Männer</AN> optimistisch. Die unternehmerischen Folgen werden unterschiedlich bewertet.","experiment.osexp","D:\ET_course_project_gender-bias\experiment","False","mono","False","39","no","white","no","yes","1080","7","space","psycho","178.0","3.0","117","6","65","65","D:\ET_course_project_gender-bias\experiment\subject-11.csv","150","psycho","an_found","Neonatal Nightingale","4.1.14","-60.0","178.0","2","0","space","NA","space","space","space","13540.970500005642","NA","14827.950900013093","13540.970500005642","True","53","3","<RN>Expert*innen</RN>","271","-810.0","-539.0","-56.0","-3.0","2","psycho","5","Beim Sommerfest eines Unternehmens wird über wirtschaftliche Entwicklungen und gesellschaftliche Herausforderungen diskutiert. Die <RN>Fachleute</RN> sehen große Herausforderungen im nächsten Geschäftsjahr, dennoch bleiben diese <AN>Männer</AN> optimistisch. Die unternehmerischen Folgen werden unterschiedlich bewertet.","Beim Sommerfest eines Unternehmens wird über wirtschaftliche Entwicklungen und gesellschaftliche Herausforderungen diskutiert. Die <RN>Fachleute</RN> sehen große Herausforderungen im nächsten Geschäftsjahr, dennoch bleiben diese <AN>Männer</AN> optimistisch. Die unternehmerischen Folgen werden unterschiedlich bewertet.","1","1024","2","48000","-16","53","4","135","-174.0","-39.0","61.0","114.0","experiment","11","odd","512661.6068999865","-810.0","-290.0","NA","5086.726400011685","5087.057700002333","110531.57719998853","125360.06979999365","553865.233199991","125410.29659999185","553865.2691000025","110329.02979999199","NA","553792.0390999934","540250.4745000042","512650.235899986","125410.32719999203","553865.1318000047","110526.26449998934","540247.440999985","Experiment","0","0","0","10","1920","bewertet.","53","25","197"
"<AN>Männer</AN>","C5","<RN>Aktivist*innen</RN>","undefined","undefined","True","53","4","<AN>Männer</AN>","135","-309.0","-174.0","61.0","114.0","undefined","undefined","#232323","1620","psycho","True","bewertet","psycho","psycho","undefined","undefined","undefined","0","0","0","0","0","66","0","66","0","0","66","66","66","0","66","0","50","-810.0","-270.5","5","528.0","11.615547270791854","Sun Aug  9 10:50:53 2026","The main experiment item","False","Beim Sommerfest eines Unternehmens wird über wirtschaftliche Entwicklungen und gesellschaftliche Herausforderungen diskutiert. Die <RN>Expert*innen</RN> sehen große Herausforderungen im nächsten Geschäftsjahr, dennoch bleiben diese <AN>Männer</AN> optimistisch. Die unternehmerischen Folgen werden unterschiedlich bewertet.","experiment.osexp","D:\ET_course_project_gender-bias\experiment","False","mono","False","39","no","white","no","yes","1080","11","space","psycho","178.0","3.0","117","1","66","66","D:\ET_course_project_gender-bias\experiment\subject-11.csv","150","psycho","an_found","Neonatal Nightingale","4.1.14","-60.0","178.0","2","0","space","NA","space","space","space","13540.970500005642","NA","14827.950900013093","13540.970500005642","True","53","3","<RN>Expert*innen</RN>","271","-810.0","-539.0","-56.0","-3.0","2","psycho","5","Beim Sommerfest eines Unternehmens wird über wirtschaftliche Entwicklungen und gesellschaftliche Herausforderungen diskutiert. Die <RN>Fachleute</RN> sehen große Herausforderungen im nächsten Geschäftsjahr, dennoch bleiben diese <AN>Männer</AN> optimistisch. Die unternehmerischen Folgen werden unterschiedlich bewertet.","Auf einer öffentlichen Veranstaltung werden aktuelle wohnungs- und gesellschaftspolitische Themen diskutiert. Die <RN>Aktivist*innen</RN> fordern mehr bezahlbaren Wohnraum in Stuttgart und diskutieren faire Lösungsansätze, doch diese <AN>Frauen</AN> sehen die Verantwortung stärker beim Bund. Die Auswirkungen der Entscheidung werden noch geprüft.","1","1024","2","48000","-16","53","4","135","-174.0","-39.0","61.0","114.0","experiment","11","odd","512661.6068999865","-810.0","-290.0","NA","5086.726400011685","5087.057700002333","110531.57719998853","125360.06979999365","553892.322300002","125410.29659999185","553892.3591999919","110329.02979999199","NA","553792.0390999934","540250.4745000042","512650.235899986","125410.32719999203","553892.234400002","110526.26449998934","540247.440999985","Experiment","0","0","0","10","1920","bewertet.","53","25","197"
"<AN>Männer</AN>","C5","<RN>Arbeitnehmer*innen</RN>","undefined","undefined","True","53","4","<AN>Männer</AN>","135","-309.0","-174.0","61.0","114.0","undefined","undefined","#232323","1620","psycho","True","bewertet","psycho","psycho","undefined","undefined","undefined","0","0","0","0","0","67","0","67","0","0","67","67","67","0","67","0","50","-810.0","-270.5","5","528.0","11.615547270791854","Sun Aug  9 10:50:53 2026","The main experiment item","False","Beim Sommerfest eines Unternehmens wird über wirtschaftliche Entwicklungen und gesellschaftliche Herausforderungen diskutiert. Die <RN>Expert*innen</RN> sehen große Herausforderungen im nächsten Geschäftsjahr, dennoch bleiben diese <AN>Männer</AN> optimistisch. Die unternehmerischen Folgen werden unterschiedlich bewertet.","experiment.osexp","D:\ET_course_project_gender-bias\experiment","False","mono","False","39","no","white","no","yes","1080","5","space","psycho","178.0","3.0","117","1","67","67","D:\ET_course_project_gender-bias\experiment\subject-11.csv","150","psycho","an_found","Neonatal Nightingale","4.1.14","-60.0","178.0","2","0","space","NA","space","space","space","13540.970500005642","NA","14827.950900013093","13540.970500005642","True","53","3","<RN>Expert*innen</RN>","271","-810.0","-539.0","-56.0","-3.0","2","psycho","5","Beim Sommerfest eines Unternehmens wird über wirtschaftliche Entwicklungen und gesellschaftliche Herausforderungen diskutiert. Die <RN>Fachleute</RN> sehen große Herausforderungen im nächsten Geschäftsjahr, dennoch bleiben diese <AN>Männer</AN> optimistisch. Die unternehmerischen Folgen werden unterschiedlich bewertet.","Im Rahmen einer Geschäftsveranstaltung findet derzeit ein Austausch über Arbeitsbedingungen und gesellschaftliche Entwicklungen statt. Die <RN>Arbeitnehmer*innen</RN> erwarten höhere Gehälter und klimatisierte Arbeitsplätze, aber diese <AN>Männer</AN> wollen auch weniger arbeiten. Die Frage nach den Konsequenzen bleibt offen.","1","1024","2","48000","-16","53","4","135","-174.0","-39.0","61.0","114.0","experiment","11","odd","512661.6068999865","-810.0","-290.0","NA","5086.726400011685","5087.057700002333","110531.57719998853","125360.06979999365","553919.5826000068","125410.29659999185","553919.6368999837","110329.02979999199","NA","553792.0390999934","540250.4745000042","512650.235899986","125410.32719999203","553918.691800005","110526.26449998934","540247.440999985","Experiment","0","0","0","10","1920","bewertet.","53","25","197"
"<AN>Männer</AN>","C5","<RN>Ingenieur*innen</RN>","undefined","undefined","True","53","4","<AN>Männer</AN>","135","-309.0","-174.0","61.0","114.0","undefined","undefined","#232323","1620","psycho","True","bewertet","psycho","psycho","undefined","undefined","undefined","0","0","0","0","0","68","0","68","0","0","68","68","68","0","68","0","50","-810.0","-270.5","5","528.0","11.615547270791854","Sun Aug  9 10:50:53 2026","The main experiment item","False","Beim Sommerfest eines Unternehmens wird über wirtschaftliche Entwicklungen und gesellschaftliche Herausforderungen diskutiert. Die <RN>Expert*innen</RN> sehen große Herausforderungen im nächsten Geschäftsjahr, dennoch bleiben diese <AN>Männer</AN> optimistisch. Die unternehmerischen Folgen werden unterschiedlich bewertet.","experiment.osexp","D:\ET_course_project_gender-bias\experiment","False","mono","False","39","no","white","no","yes","1080","17","space","psycho","178.0","3.0","117","1","68","68","D:\ET_course_project_gender-bias\experiment\subject-11.csv","150","psycho","an_found","Neonatal Nightingale","4.1.14","-60.0","178.0","2","0","space","NA","space","space","space","13540.970500005642","NA","14827.950900013093","13540.970500005642","True","53","3","<RN>Expert*innen</RN>","271","-810.0","-539.0","-56.0","-3.0","2","psycho","5","Beim Sommerfest eines Unternehmens wird über wirtschaftliche Entwicklungen und gesellschaftliche Herausforderungen diskutiert. Die <RN>Fachleute</RN> sehen große Herausforderungen im nächsten Geschäftsjahr, dennoch bleiben diese <AN>Männer</AN> optimistisch. Die unternehmerischen Folgen werden unterschiedlich bewertet.","Im Rahmen einer städtischen Planungsrunde wird über die zukünftige Mobilität und den Ausbau des Nahverkehrs diskutiert. Die <RN>Ingenieurinnen</RN> diskutieren über nachhaltige Verkehrskonzepte und setzen sich für den ÖPNV ein, doch diese <AN>Männer</AN> lehnen die Vorschläge ab. Die nächsten Schritte werden derzeit kontrovers diskutiert.","1","1024","2","48000","-16","53","4","135","-174.0","-39.0","61.0","114.0","experiment","11","odd","512661.6068999865","-810.0","-290.0","NA","5086.726400011685","5087.057700002333","110531.57719998853","125360.06979999365","553947.5435999921","125410.29659999185","553947.6974999998","110329.02979999199","NA","553792.0390999934","540250.4745000042","512650.235899986","125410.32719999203","553946.8191000051","110526.26449998934","540247.440999985","Experiment","0","0","0","10","1920","bewertet.","53","25","197"
"<AN>Männer</AN>","C1","<RN>Lehrer</RN>","undefined","undefined","True","53","4","<AN>Männer</AN>","135","-309.0","-174.0","61.0","114.0","undefined","undefined","#232323","1620","psycho","True","bewertet","psycho","psycho","undefined","undefined","undefined","0","0","0","0","0","69","0","69","0","0","69","69","69","0","69","0","50","-810.0","-270.5","5","528.0","11.615547270791854","Sun Aug  9 10:50:53 2026","The main experiment item","False","Beim Sommerfest eines Unternehmens wird über wirtschaftliche Entwicklungen und gesellschaftliche Herausforderungen diskutiert. Die <RN>Expert*innen</RN> sehen große Herausforderungen im nächsten Geschäftsjahr, dennoch bleiben diese <AN>Männer</AN> optimistisch. Die unternehmerischen Folgen werden unterschiedlich bewertet.","experiment.osexp","D:\ET_course_project_gender-bias\experiment","False","mono","False","39","no","white","no","yes","1080","6","space","psycho","178.0","3.0","117","2","69","69","D:\ET_course_project_gender-bias\experiment\subject-11.csv","150","psycho","an_found","Neonatal Nightingale","4.1.14","-60.0","178.0","2","0","space","NA","space","space","space","13540.970500005642","NA","14827.950900013093","13540.970500005642","True","53","3","<RN>Expert*innen</RN>","271","-810.0","-539.0","-56.0","-3.0","2","psycho","5","Beim Sommerfest eines Unternehmens wird über wirtschaftliche Entwicklungen und gesellschaftliche Herausforderungen diskutiert. Die <RN>Fachleute</RN> sehen große Herausforderungen im nächsten Geschäftsjahr, dennoch bleiben diese <AN>Männer</AN> optimistisch. Die unternehmerischen Folgen werden unterschiedlich bewertet.","Auf einer Konferenz zu Bildungsfragen in Stuttgart wird derzeit über aktuelle schulische Themen gesprochen. Die <RN>Lehrer</RN> sollen mehr auf Disziplin und Konsequenzen im Unterricht setzen, doch aus pädagogischen Gründen lehnen diese <AN>Frauen</AN> die Vorschläge ab. Die kommenden Entwicklungen sind weiterhin Gegenstand von Diskussionen.","1","1024","2","48000","-16","53","4","135","-174.0","-39.0","61.0","114.0","experiment","11","odd","512661.6068999865","-810.0","-290.0","NA","5086.726400011685","5087.057700002333","110531.57719998853","125360.06979999365","553976.0607999924","125410.29659999185","553976.0959999985","110329.02979999199","NA","553792.0390999934","540250.4745000042","512650.235899986","125410.32719999203","553975.973499997","110526.26449998934","540247.440999985","Experiment","0","0","0","10","1920","bewertet.","53","25","197"
"<AN>Männer</AN>","C5","<RN>Lehrer*innen</RN>","undefined","undefined","True","53","4","<AN>Männer</AN>","135","-309.0","-174.0","61.0","114.0","undefined","undefined","#232323","1620","psycho","True","bewertet","psycho","psycho","undefined","undefined","undefined","0","0","0","0","0","70","0","70","0","0","70","70","70","0","70","0","50","-810.0","-270.5","5","528.0","11.615547270791854","Sun Aug  9 10:50:53 2026","The main experiment item","False","Beim Sommerfest eines Unternehmens wird über wirtschaftliche Entwicklungen und gesellschaftliche Herausforderungen diskutiert. Die <RN>Expert*innen</RN> sehen große Herausforderungen im nächsten Geschäftsjahr, dennoch bleiben diese <AN>Männer</AN> optimistisch. Die unternehmerischen Folgen werden unterschiedlich bewertet.","experiment.osexp","D:\ET_course_project_gender-bias\experiment","False","mono","False","39","no","white","no","yes","1080","6","space","psycho","178.0","3.0","117","6","70","70","D:\ET_course_project_gender-bias\experiment\subject-11.csv","150","psycho","an_found","Neonatal Nightingale","4.1.14","-60.0","178.0","2","0","space","NA","space","space","space","13540.970500005642","NA","14827.950900013093","13540.970500005642","True","53","3","<RN>Expert*innen</RN>","271","-810.0","-539.0","-56.0","-3.0","2","psycho","5","Beim Sommerfest eines Unternehmens wird über wirtschaftliche Entwicklungen und gesellschaftliche Herausforderungen diskutiert. Die <RN>Fachleute</RN> sehen große Herausforderungen im nächsten Geschäftsjahr, dennoch bleiben diese <AN>Männer</AN> optimistisch. Die unternehmerischen Folgen werden unterschiedlich bewertet.","Auf einer Konferenz zu Bildungsfragen wird derzeit über aktuelle schulische Themen gesprochen. Die <RN>Lehrer</RN> sollen mehr auf Disziplin und Konsequenzen im Unterricht setzen, doch aus pädagogischen Gründen lehnen diese <AN>Frauen</AN> die Vorschläge ab. Die kommenden Entwicklungen sind weiterhin Gegenstand von Diskussionen.","1","1024","2","48000","-16","53","4","135","-174.0","-39.0","61.0","114.0","experiment","11","odd","512661.6068999865","-810.0","-290.0","NA","5086.726400011685","5087.057700002333","110531.57719998853","125360.06979999365","554002.4093000102","125410.29659999185","554002.4489999923","110329.02979999199","NA","553792.0390999934","540250.4745000042","512650.235899986","125410.32719999203","554002.2620999953","110526.26449998934","540247.440999985","Experiment","0","0","0","10","1920","bewertet.","53","25","197"
"<AN>Männer</AN>","C3","<RN>Polizistinnen</RN>","undefined","undefined","True","53","4","<AN>Männer</AN>","135","-309.0","-174.0","61.0","114.0","undefined","undefined","#232323","1620","psycho","True","bewertet","psycho","psycho","undefined","undefined","undefined","0","0","0","0","0","71","0","71","0","0","71","71","71","0","71","0","50","-810.0","-270.5","5","528.0","11.615547270791854","Sun Aug  9 10:50:53 2026","The main experiment item","False","Beim Sommerfest eines Unternehmens wird über wirtschaftliche Entwicklungen und gesellschaftliche Herausforderungen diskutiert. Die <RN>Expert*innen</RN> sehen große Herausforderungen im nächsten Geschäftsjahr, dennoch bleiben diese <AN>Männer</AN> optimistisch. Die unternehmerischen Folgen werden unterschiedlich bewertet.","experiment.osexp","D:\ET_course_project_gender-bias\experiment","False","mono","False","39","no","white","no","yes","1080","18","space","psycho","178.0","3.0","117","4","71","71","D:\ET_course_project_gender-bias\experiment\subject-11.csv","150","psycho","an_found","Neonatal Nightingale","4.1.14","-60.0","178.0","2","0","space","NA","space","space","space","13540.970500005642","NA","14827.950900013093","13540.970500005642","True","53","3","<RN>Expert*innen</RN>","271","-810.0","-539.0","-56.0","-3.0","2","psycho","5","Beim Sommerfest eines Unternehmens wird über wirtschaftliche Entwicklungen und gesellschaftliche Herausforderungen diskutiert. Die <RN>Fachleute</RN> sehen große Herausforderungen im nächsten Geschäftsjahr, dennoch bleiben diese <AN>Männer</AN> optimistisch. Die unternehmerischen Folgen werden unterschiedlich bewertet.","Bei einer öffentlichen Sitzung im Rathaus wird über neue Verkehrsregelungen gesprochen. Die <RN>Polizistinnen</RN> diskutieren laut über mehr Sicherheit im Straßenverkehr und setzen sich für strengere Kontrollen ein, doch diese <AN>Männer</AN> lehnen die Vorschläge ab. Die nächsten Maßnahmen werden derzeit kontrovers verhandelt.","1","1024","2","48000","-16","53","4","135","-174.0","-39.0","61.0","114.0","experiment","11","odd","512661.6068999865","-810.0","-290.0","NA","5086.726400011685","5087.057700002333","110531.57719998853","125360.06979999365","554029.2772999965","125410.29659999185","554029.3424999982","110329.02979999199","NA","553792.0390999934","540250.4745000042","512650.235899986","125410.32719999203","554029.0191000095","110526.26449998934","540247.440999985","Experiment","0","0","0","10","1920","bewertet.","53","25","197"
"<AN>Männer</AN>","C3","<RN>Professorinnen</RN>","undefined","undefined","True","53","4","<AN>Männer</AN>","135","-309.0","-174.0","61.0","114.0","undefined","undefined","#232323","1620","psycho","True","bewertet","psycho","psycho","undefined","undefined","undefined","0","0","0","0","0","72","0","72","0","0","72","72","72","0","72","0","50","-810.0","-270.5","5","528.0","11.615547270791854","Sun Aug  9 10:50:53 2026","The main experiment item","False","Beim Sommerfest eines Unternehmens wird über wirtschaftliche Entwicklungen und gesellschaftliche Herausforderungen diskutiert. Die <RN>Expert*innen</RN> sehen große Herausforderungen im nächsten Geschäftsjahr, dennoch bleiben diese <AN>Männer</AN> optimistisch. Die unternehmerischen Folgen werden unterschiedlich bewertet.","experiment.osexp","D:\ET_course_project_gender-bias\experiment","False","mono","False","39","no","white","no","yes","1080","15","space","psycho","178.0","3.0","117","1","72","72","D:\ET_course_project_gender-bias\experiment\subject-11.csv","150","psycho","an_found","Neonatal Nightingale","4.1.14","-60.0","178.0","2","0","space","NA","space","space","space","13540.970500005642","NA","14827.950900013093","13540.970500005642","True","53","3","<RN>Expert*innen</RN>","271","-810.0","-539.0","-56.0","-3.0","2","psycho","5","Beim Sommerfest eines Unternehmens wird über wirtschaftliche Entwicklungen und gesellschaftliche Herausforderungen diskutiert. Die <RN>Fachleute</RN> sehen große Herausforderungen im nächsten Geschäftsjahr, dennoch bleiben diese <AN>Männer</AN> optimistisch. Die unternehmerischen Folgen werden unterschiedlich bewertet.","Im Rahmen einer öffentlichen Veranstaltung wird über die Zukunft der Hochschulen und die Forschungsförderung diskutiert. Die <RN>Professorinnen</RN> diskutieren über die Zukunft der Hochschulen und setzen sich für mehr Forschungsgelder ein, doch diese <AN>Männer</AN> lehnen die Vorschläge ab. Die nächsten Schritte werden derzeit kontrovers diskutiert.","1","1024","2","48000","-16","53","4","135","-174.0","-39.0","61.0","114.0","experiment","11","odd","512661.6068999865","-810.0","-290.0","NA","5086.726400011685","5087.057700002333","110531.57719998853","125360.06979999365","554057.1836000017","125410.29659999185","554057.2251999984","110329.02979999199","NA","553792.0390999934","540250.4745000042","512650.235899986","125410.32719999203","554056.9806999993","110526.26449998934","540247.440999985","Experiment","0","0","0","10","1920","bewertet.","53","25","197"
"<AN>Frauen</AN>","C2","<RN>Dozenten</RN>","undefined","undefined","True","53","4","<AN>Männer</AN>","135","-309.0","-174.0","61.0","114.0","undefined","undefined","#232323","1620","psycho","True","bewertet","psycho","psycho","undefined","undefined","undefined","0","0","0","0","0","73","0","73","0","0","73","73","73","0","73","0","50","-810.0","-270.5","5","528.0","11.615547270791854","Sun Aug  9 10:50:53 2026","The main experiment item","False","Beim Sommerfest eines Unternehmens wird über wirtschaftliche Entwicklungen und gesellschaftliche Herausforderungen diskutiert. Die <RN>Expert*innen</RN> sehen große Herausforderungen im nächsten Geschäftsjahr, dennoch bleiben diese <AN>Männer</AN> optimistisch. Die unternehmerischen Folgen werden unterschiedlich bewertet.","experiment.osexp","D:\ET_course_project_gender-bias\experiment","False","mono","False","39","no","white","no","yes","1080","9","space","psycho","178.0","3.0","117","6","73","73","D:\ET_course_project_gender-bias\experiment\subject-11.csv","150","psycho","an_found","Neonatal Nightingale","4.1.14","-60.0","178.0","2","0","space","NA","space","space","space","13540.970500005642","NA","14827.950900013093","13540.970500005642","True","53","3","<RN>Expert*innen</RN>","271","-810.0","-539.0","-56.0","-3.0","2","psycho","5","Beim Sommerfest eines Unternehmens wird über wirtschaftliche Entwicklungen und gesellschaftliche Herausforderungen diskutiert. Die <RN>Fachleute</RN> sehen große Herausforderungen im nächsten Geschäftsjahr, dennoch bleiben diese <AN>Männer</AN> optimistisch. Die unternehmerischen Folgen werden unterschiedlich bewertet.","Auf einer schulischen Tagung werden aktuelle Kontroversen rund um Vorlesungsführung und Leistungsbewertung diskutiert. Die <RN>Dozent*innen</RN> fordern erhöhte Leistungsorientierung und strengere Notenvergabe im Lehrplan, doch diese <AN>Männer</AN> stoßen dabei auf Gegendruck von Eltern. Die Debatte über das Thema hält weiter an.","1","1024","2","48000","-16","53","4","135","-174.0","-39.0","61.0","114.0","experiment","11","odd","512661.6068999865","-810.0","-290.0","NA","5086.726400011685","5087.057700002333","110531.57719998853","125360.06979999365","554083.2628000062","125410.29659999185","554083.3026999899","110329.02979999199","NA","553792.0390999934","540250.4745000042","512650.235899986","125410.32719999203","554083.0860999995","110526.26449998934","540247.440999985","Experiment","0","0","0","10","1920","bewertet.","53","25","197"
"<AN>Männer</AN>","C1","<RN>Ingenieure</RN>","undefined","undefined","True","53","4","<AN>Männer</AN>","135","-309.0","-174.0","61.0","114.0","undefined","undefined","#232323","1620","psycho","True","bewertet","psycho","psycho","undefined","undefined","undefined","0","0","0","0","0","74","0","74","0","0","74","74","74","0","74","0","50","-810.0","-270.5","5","528.0","11.615547270791854","Sun Aug  9 10:50:53 2026","The main experiment item","False","Beim Sommerfest eines Unternehmens wird über wirtschaftliche Entwicklungen und gesellschaftliche Herausforderungen diskutiert. Die <RN>Expert*innen</RN> sehen große Herausforderungen im nächsten Geschäftsjahr, dennoch bleiben diese <AN>Männer</AN> optimistisch. Die unternehmerischen Folgen werden unterschiedlich bewertet.","experiment.osexp","D:\ET_course_project_gender-bias\experiment","False","mono","False","39","no","white","no","yes","1080","17","space","psycho","178.0","3.0","117","3","74","74","D:\ET_course_project_gender-bias\experiment\subject-11.csv","150","psycho","an_found","Neonatal Nightingale","4.1.14","-60.0","178.0","2","0","space","NA","space","space","space","13540.970500005642","NA","14827.950900013093","13540.970500005642","True","53","3","<RN>Expert*innen</RN>","271","-810.0","-539.0","-56.0","-3.0","2","psycho","5","Beim Sommerfest eines Unternehmens wird über wirtschaftliche Entwicklungen und gesellschaftliche Herausforderungen diskutiert. Die <RN>Fachleute</RN> sehen große Herausforderungen im nächsten Geschäftsjahr, dennoch bleiben diese <AN>Männer</AN> optimistisch. Die unternehmerischen Folgen werden unterschiedlich bewertet.","Im Rahmen einer städtischen Planungsrunde wird über die zukünftige Mobilität und den Ausbau des Nahverkehrs diskutiert. Die <RN>Ingenieurinnen</RN> diskutieren über Verkehrskonzepte und setzen sich für den Ausbau des ÖPNV ein, doch diese <AN>Männer</AN> lehnen die Vorschläge ab. Die nächsten Schritte werden derzeit kontrovers diskutiert.","1","1024","2","48000","-16","53","4","135","-174.0","-39.0","61.0","114.0","experiment","11","odd","512661.6068999865","-810.0","-290.0","NA","5086.726400011685","5087.057700002333","110531.57719998853","125360.06979999365","554113.1440000026","125410.29659999185","554113.1977000041","110329.02979999199","NA","553792.0390999934","540250.4745000042","512650.235899986","125410.32719999203","554112.925399997","110526.26449998934","540247.440999985","Experiment","0","0","0","10","1920","bewertet.","53","25","197"
"<AN>Männer</AN>","C3","<RN>Arbeitnehmerinnen</RN>","undefined","undefined","True","53","4","<AN>Männer</AN>","135","-309.0","-174.0","61.0","114.0","undefined","undefined","#232323","1620","psycho","True","bewertet","psycho","psycho","undefined","undefined","undefined","0","0","0","0","0","75","0","75","0","0","75","75","75","0","75","0","50","-810.0","-270.5","5","528.0","11.615547270791854","Sun Aug  9 10:50:53 2026","The main experiment item","False","Beim Sommerfest eines Unternehmens wird über wirtschaftliche Entwicklungen und gesellschaftliche Herausforderungen diskutiert. Die <RN>Expert*innen</RN> sehen große Herausforderungen im nächsten Geschäftsjahr, dennoch bleiben diese <AN>Männer</AN> optimistisch. Die unternehmerischen Folgen werden unterschiedlich bewertet.","experiment.osexp","D:\ET_course_project_gender-bias\experiment","False","mono","False","39","no","white","no","yes","1080","12","space","psycho","178.0","3.0","117","4","75","75","D:\ET_course_project_gender-bias\experiment\subject-11.csv","150","psycho","an_found","Neonatal Nightingale","4.1.14","-60.0","178.0","2","0","space","NA","space","space","space","13540.970500005642","NA","14827.950900013093","13540.970500005642","True","53","3","<RN>Expert*innen</RN>","271","-810.0","-539.0","-56.0","-3.0","2","psycho","5","Beim Sommerfest eines Unternehmens wird über wirtschaftliche Entwicklungen und gesellschaftliche Herausforderungen diskutiert. Die <RN>Fachleute</RN> sehen große Herausforderungen im nächsten Geschäftsjahr, dennoch bleiben diese <AN>Männer</AN> optimistisch. Die unternehmerischen Folgen werden unterschiedlich bewertet.","Auf einer Gewerkschaftsveranstaltung wird derzeit über Löhne, Arbeitsbedingungen und Arbeitnehmerrechte diskutiert. Die <RN>Beschäftigten</RN> fordern bessere Bezahlung und faire Arbeitsbedingungen, doch diese <AN>Frauen</AN> sehen vor allem strukturelle Probleme. Die kommenden Entwicklungen sind weiterhin Gegenstand von Diskussionen.","1","1024","2","48000","-16","53","4","135","-174.0","-39.0","61.0","114.0","experiment","11","odd","512661.6068999865","-810.0","-290.0","NA","5086.726400011685","5087.057700002333","110531.57719998853","125360.06979999365","554141.1739999894","125410.29659999185","554141.2087999925","110329.02979999199","NA","553792.0390999934","540250.4745000042","512650.235899986","125410.32719999203","554141.0846000072","110526.26449998934","540247.440999985","Experiment","0","0","0","10","1920","bewertet.","53","25","197"
"<AN>Männern</AN>","C3","<RN>Expertinnen</RN>","undefined","undefined","True","53","4","<AN>Männer</AN>","135","-309.0","-174.0","61.0","114.0","undefined","undefined","#232323","1620","psycho","True","bewertet","psycho","psycho","undefined","undefined","undefined","0","0","0","0","0","76","0","76","0","0","76","76","76","0","76","0","50","-810.0","-270.5","5","528.0","11.615547270791854","Sun Aug  9 10:50:53 2026","The main experiment item","False","Beim Sommerfest eines Unternehmens wird über wirtschaftliche Entwicklungen und gesellschaftliche Herausforderungen diskutiert. Die <RN>Expert*innen</RN> sehen große Herausforderungen im nächsten Geschäftsjahr, dennoch bleiben diese <AN>Männer</AN> optimistisch. Die unternehmerischen Folgen werden unterschiedlich bewertet.","experiment.osexp","D:\ET_course_project_gender-bias\experiment","False","mono","False","39","no","white","no","yes","1080","10","space","psycho","178.0","3.0","117","6","76","76","D:\ET_course_project_gender-bias\experiment\subject-11.csv","150","psycho","an_found","Neonatal Nightingale","4.1.14","-60.0","178.0","2","0","space","NA","space","space","space","13540.970500005642","NA","14827.950900013093","13540.970500005642","True","53","3","<RN>Expert*innen</RN>","271","-810.0","-539.0","-56.0","-3.0","2","psycho","5","Beim Sommerfest eines Unternehmens wird über wirtschaftliche Entwicklungen und gesellschaftliche Herausforderungen diskutiert. Die <RN>Fachleute</RN> sehen große Herausforderungen im nächsten Geschäftsjahr, dennoch bleiben diese <AN>Männer</AN> optimistisch. Die unternehmerischen Folgen werden unterschiedlich bewertet.","Im Rahmen einer universitären Veranstaltung werden aktuelle Fragestellungen der Rüstungsindustrie behandelt. Die große Mehrheit dieser <RN>Fachleute</RN> sehen eine stärkere Aufrüstung für Deutschland als notwendig, doch diese Gruppe von <AN>Frauen</AN> kritisiert dessen Finanzierung. Die Auswirkungen der Entscheidung werden noch geprüft.","1","1024","2","48000","-16","53","4","135","-174.0","-39.0","61.0","114.0","experiment","11","odd","512661.6068999865","-810.0","-290.0","NA","5086.726400011685","5087.057700002333","110531.57719998853","125360.06979999365","554167.454200011","125410.29659999185","554167.4905999971","110329.02979999199","NA","553792.0390999934","540250.4745000042","512650.235899986","125410.32719999203","554167.3664000118","110526.26449998934","540247.440999985","Experiment","0","0","0","10","1920","bewertet.","53","25","197"
"<AN>Männer</AN>","C3","<RN>Ingenieurinnen</RN>","undefined","undefined","True","53","4","<AN>Männer</AN>","135","-85.0","50.0","61.0","114.0","undefined","undefined","#232323","1620","psycho","True","diskutiert","psycho","psycho","undefined","undefined","undefined","0","0","0","0","0","77","0","77","0","0","77","77","77","0","77","0","50","-810.0","-270.5","5","1003.0","32.3374804609141","Sun Aug  9 10:50:53 2026","The main experiment item","False","Im Rahmen einer städtischen Planungsrunde wird über die zukünftige Mobilität und den Ausbau des Nahverkehrs diskutiert. Die <RN>Ingenieurinnen</RN> diskutieren über nachhaltige Verkehrskonzepte und setzen sich für den Ausbau des ÖPNV ein, doch diese <AN>Männer</AN> lehnen die Vorschläge ab. Die nächsten Schritte werden derzeit kontrovers diskutiert.","experiment.osexp","D:\ET_course_project_gender-bias\experiment","False","mono","False","39","no","white","no","yes","1080","17","space","psycho","178.0","3.0","117","5","77","77","D:\ET_course_project_gender-bias\experiment\subject-11.csv","150","psycho","an_found","Neonatal Nightingale","4.1.14","461.0","178.0","2","0","space","NA","space","space","space","13852.691199979745","NA","14827.950900013093","13852.691199979745","True","53","2","<RN>Ingenieurinnen</RN>","316","480.0","796.0","-173.0","-120.0","2","psycho","5","Im Rahmen einer städtischen Planungsrunde wird über die zukünftige Mobilität und den Ausbau des Nahverkehrs diskutiert. Die <RN>Ingenieurinnen</RN> diskutieren über nachhaltige Verkehrskonzepte und setzen sich für den Ausbau des ÖPNV ein, doch diese <AN>Männer</AN> lehnen die Vorschläge ab. Die nächsten Schritte werden derzeit kontrovers diskutiert.","Im Rahmen einer städtischen Planungsrunde wird über die zukünftige Mobilität und den Ausbau des Nahverkehrs diskutiert. Die <RN>Ingenieurinnen</RN> diskutieren über nachhaltige Verkehrskonzepte und setzen sich für den Ausbau des ÖPNV ein, doch diese <AN>Männer</AN> lehnen die Vorschläge ab. Die nächsten Schritte werden derzeit kontrovers diskutiert.","0","1024","2","48000","-16","53","4","135","50.0","185.0","61.0","114.0","experiment","11","odd","554206.202500005","-810.0","-290.0","NA","5086.726400011685","5087.057700002333","110531.57719998853","125360.06979999365","554195.1459999837","125410.29659999185","594629.660400009","110329.02979999199","NA","594583.9703000092","580730.6723000074","554195.1717000047","125410.32719999203","554195.0593999936","110526.26449998934","580727.4346000049","Experiment","0","0","0","11","1920","diskutiert.","53","25","243"
"<AN>Frauen</AN>","C4","<RN>Expertinnen</RN>","undefined","undefined","True","53","4","<AN>Männer</AN>","135","-85.0","50.0","61.0","114.0","undefined","undefined","#232323","1620","psycho","True","diskutiert","psycho","psycho","undefined","undefined","undefined","0","0","0","0","0","78","0","78","0","0","78","78","78","0","78","0","50","-810.0","-270.5","5","1003.0","32.3374804609141","Sun Aug  9 10:50:53 2026","The main experiment item","False","Im Rahmen einer städtischen Planungsrunde wird über die zukünftige Mobilität und den Ausbau des Nahverkehrs diskutiert. Die <RN>Ingenieurinnen</RN> diskutieren über nachhaltige Verkehrskonzepte und setzen sich für den Ausbau des ÖPNV ein, doch diese <AN>Männer</AN> lehnen die Vorschläge ab. Die nächsten Schritte werden derzeit kontrovers diskutiert.","experiment.osexp","D:\ET_course_project_gender-bias\experiment","False","mono","False","39","no","white","no","yes","1080","7","space","psycho","178.0","3.0","117","4","78","78","D:\ET_course_project_gender-bias\experiment\subject-11.csv","150","psycho","an_found","Neonatal Nightingale","4.1.14","461.0","178.0","2","0","space","NA","space","space","space","13852.691199979745","NA","14827.950900013093","13852.691199979745","True","53","2","<RN>Ingenieurinnen</RN>","316","480.0","796.0","-173.0","-120.0","2","psycho","5","Im Rahmen einer städtischen Planungsrunde wird über die zukünftige Mobilität und den Ausbau des Nahverkehrs diskutiert. Die <RN>Ingenieurinnen</RN> diskutieren über nachhaltige Verkehrskonzepte und setzen sich für den Ausbau des ÖPNV ein, doch diese <AN>Männer</AN> lehnen die Vorschläge ab. Die nächsten Schritte werden derzeit kontrovers diskutiert.","Beim Sommerfest eines Unternehmens wird über wirtschaftliche Entwicklungen und gesellschaftliche Herausforderungen diskutiert. Die <RN>Fachleute</RN> sehen große Herausforderungen im nächsten Geschäftsjahr, dennoch bleiben diese <AN>Männer</AN> optimistisch. Die unternehmerischen Folgen werden unterschiedlich bewertet.","1","1024","2","48000","-16","53","4","135","50.0","185.0","61.0","114.0","experiment","11","odd","554206.202500005","-810.0","-290.0","NA","5086.726400011685","5087.057700002333","110531.57719998853","125360.06979999365","594657.082699996","125410.29659999185","594657.123299985","110329.02979999199","NA","594583.9703000092","580730.6723000074","554195.1717000047","125410.32719999203","594656.9083000068","110526.26449998934","580727.4346000049","Experiment","0","0","0","11","1920","diskutiert.","53","25","243"
"<AN>Männer</AN>","C1","<RN>Dozenten</RN>","undefined","undefined","True","53","4","<AN>Männer</AN>","135","-339.0","-204.0","61.0","114.0","undefined","undefined","#232323","1620","psycho","True","an","psycho","psycho","undefined","undefined","undefined","0","0","0","0","0","79","0","79","0","0","79","79","79","0","79","0","50","-810.0","-270.5","5","795.0","29.665510838008508","Sun Aug  9 10:50:53 2026","The main experiment item","False","Auf einer schulischen Tagung werden aktuelle Kontroversen rund um Vorlesungsführung und Leistungsbewertung diskutiert. Die <RN>Dozenten</RN> fordern erhöhte Leistungsorientierung und strengere Notenvergabe im Lehrplan, doch diese <AN>Männer</AN> stoßen dabei auf Gegendruck von Eltern. Die Debatte über das Thema hält weiter an.","experiment.osexp","D:\ET_course_project_gender-bias\experiment","False","mono","False","39","no","white","no","yes","1080","9","space","psycho","178.0","3.0","117","5","79","79","D:\ET_course_project_gender-bias\experiment\subject-11.csv","150","psycho","an_found","Neonatal Nightingale","4.1.14","69.0","178.0","2","0","space","NA","space","space","space","20940.577200002735","NA","14827.950900013093","20940.577200002735","True","53","2","<RN>Dozenten</RN>","180","488.0","668.0","-173.0","-120.0","2","psycho","5","Auf einer schulischen Tagung werden aktuelle Kontroversen rund um Vorlesungsführung und Leistungsbewertung diskutiert. Die <RN>Dozent*innen</RN> fordern erhöhte Leistungsorientierung und strengere Notenvergabe im Lehrplan, doch diese <AN>Männer</AN> stoßen dabei auf Gegendruck von Eltern. Die Debatte über das Thema hält weiter an.","Auf einer schulischen Tagung werden aktuelle Kontroversen rund um Vorlesungsführung und Leistungsbewertung diskutiert. Die <RN>Dozent*innen</RN> fordern erhöhte Leistungsorientierung und strengere Notenvergabe im Lehrplan, doch diese <AN>Männer</AN> stoßen dabei auf Gegendruck von Eltern. Die Debatte über das Thema hält weiter an.","0","1024","2","48000","-16","53","4","135","-204.0","-69.0","61.0","114.0","experiment","11","odd","594696.2329999951","-810.0","-290.0","NA","5086.726400011685","5087.057700002333","110531.57719998853","125360.06979999365","594684.0805000102","125410.29659999185","640773.0912000115","110329.02979999199","NA","640728.1188000052","619786.8167999841","594684.1092999966","125410.32719999203","594683.9052999858","110526.26449998934","619783.3943000005","Experiment","0","0","0","12","1920","an.","53","25","59"
"<AN>Frauen</AN>","C2","<RN>Ingenieure</RN>","undefined","undefined","True","53","4","<AN>Männer</AN>","135","-339.0","-204.0","61.0","114.0","undefined","undefined","#232323","1620","psycho","True","an","psycho","psycho","undefined","undefined","undefined","0","0","0","0","0","80","0","80","0","0","80","80","80","0","80","0","50","-810.0","-270.5","5","795.0","29.665510838008508","Sun Aug  9 10:50:53 2026","The main experiment item","False","Auf einer schulischen Tagung werden aktuelle Kontroversen rund um Vorlesungsführung und Leistungsbewertung diskutiert. Die <RN>Dozenten</RN> fordern erhöhte Leistungsorientierung und strengere Notenvergabe im Lehrplan, doch diese <AN>Männer</AN> stoßen dabei auf Gegendruck von Eltern. Die Debatte über das Thema hält weiter an.","experiment.osexp","D:\ET_course_project_gender-bias\experiment","False","mono","False","39","no","white","no","yes","1080","17","space","psycho","178.0","3.0","117","4","80","80","D:\ET_course_project_gender-bias\experiment\subject-11.csv","150","psycho","an_found","Neonatal Nightingale","4.1.14","69.0","178.0","2","0","space","NA","space","space","space","20940.577200002735","NA","14827.950900013093","20940.577200002735","True","53","2","<RN>Dozenten</RN>","180","488.0","668.0","-173.0","-120.0","2","psycho","5","Auf einer schulischen Tagung werden aktuelle Kontroversen rund um Vorlesungsführung und Leistungsbewertung diskutiert. Die <RN>Dozent*innen</RN> fordern erhöhte Leistungsorientierung und strengere Notenvergabe im Lehrplan, doch diese <AN>Männer</AN> stoßen dabei auf Gegendruck von Eltern. Die Debatte über das Thema hält weiter an.","Im Rahmen einer städtischen Planungsrunde wird über die zukünftige Mobilität und den Ausbau des Nahverkehrs diskutiert. Die <RN>Ingenieurinnen</RN> diskutieren über nachhaltige Verkehrskonzepte und setzen sich für den Ausbau des ÖPNV ein, doch diese <AN>Männer</AN> lehnen die Vorschläge ab. Die nächsten Schritte werden derzeit kontrovers diskutiert.","1","1024","2","48000","-16","53","4","135","-204.0","-69.0","61.0","114.0","experiment","11","odd","594696.2329999951","-810.0","-290.0","NA","5086.726400011685","5087.057700002333","110531.57719998853","125360.06979999365","640800.4724000057","125410.29659999185","640800.5148000084","110329.02979999199","NA","640728.1188000052","619786.8167999841","594684.1092999966","125410.32719999203","640800.2746999846","110526.26449998934","619783.3943000005","Experiment","0","0","0","12","1920","an.","53","25","59"
"<AN>Frauen</AN>","C6","<RN>Unternehmer*innen</RN>","undefined","undefined","True","53","4","<AN>Männer</AN>","135","-339.0","-204.0","61.0","114.0","undefined","undefined","#232323","1620","psycho","True","an","psycho","psycho","undefined","undefined","undefined","0","0","0","0","0","81","0","81","0","0","81","81","81","0","81","0","50","-810.0","-270.5","5","795.0","29.665510838008508","Sun Aug  9 10:50:53 2026","The main experiment item","False","Auf einer schulischen Tagung werden aktuelle Kontroversen rund um Vorlesungsführung und Leistungsbewertung diskutiert. Die <RN>Dozenten</RN> fordern erhöhte Leistungsorientierung und strengere Notenvergabe im Lehrplan, doch diese <AN>Männer</AN> stoßen dabei auf Gegendruck von Eltern. Die Debatte über das Thema hält weiter an.","experiment.osexp","D:\ET_course_project_gender-bias\experiment","False","mono","False","39","no","white","no","yes","1080","4","space","psycho","178.0","3.0","117","3","81","81","D:\ET_course_project_gender-bias\experiment\subject-11.csv","150","psycho","an_found","Neonatal Nightingale","4.1.14","69.0","178.0","2","0","space","NA","space","space","space","20940.577200002735","NA","14827.950900013093","20940.577200002735","True","53","2","<RN>Dozenten</RN>","180","488.0","668.0","-173.0","-120.0","2","psycho","5","Auf einer schulischen Tagung werden aktuelle Kontroversen rund um Vorlesungsführung und Leistungsbewertung diskutiert. Die <RN>Dozent*innen</RN> fordern erhöhte Leistungsorientierung und strengere Notenvergabe im Lehrplan, doch diese <AN>Männer</AN> stoßen dabei auf Gegendruck von Eltern. Die Debatte über das Thema hält weiter an.","Bei einem Networking-Event stehen wirtschaftspolitische und gesellschaftliche Fragestellungen im Mittelpunkt der Diskussion. Die <RN>Unternehmer</RN> brauchen weniger bürokratische Hürden und sprechen über Verbesserungen, doch diese <AN>Männer</AN> fordern weitere steuerliche Entlastungen. Die Folgen dieser Positionen bleiben umstritten.","1","1024","2","48000","-16","53","4","135","-204.0","-69.0","61.0","114.0","experiment","11","odd","594696.2329999951","-810.0","-290.0","NA","5086.726400011685","5087.057700002333","110531.57719998853","125360.06979999365","640830.4632999934","125410.29659999185","640830.52399999","110329.02979999199","NA","640728.1188000052","619786.8167999841","594684.1092999966","125410.32719999203","640829.6766999993","110526.26449998934","619783.3943000005","Experiment","0","0","0","12","1920","an.","53","25","59"
"<AN>Frauen</AN>","C2","<RN>Krankenpfleger</RN>","undefined","undefined","True","53","4","<AN>Frauen</AN>","132","-131.0","1.0","61.0","114.0","undefined","undefined","#232323","1620","psycho","True","diskutiert","psycho","psycho","undefined","undefined","undefined","0","0","0","0","0","82","0","82","0","0","82","82","82","0","82","0","50","-810.0","-270.5","5","1003.0","54.759273697155635","Sun Aug  9 10:50:53 2026","The main experiment item","False","Bei einer Informationsveranstaltung im Krankenhaus wird über aktuelle Impfreformen und deren Auswirkungen gesprochen. Die <RN>Krankenpfleger</RN> diskutieren über Langzeitfolgen von Corona und setzen sich für mehr Unterstützung ein, doch diese <AN>Frauen</AN> lehnen die Vorschläge ab. Die nächsten Schritte werden derzeit kontrovers diskutiert.","experiment.osexp","D:\ET_course_project_gender-bias\experiment","False","mono","False","39","no","white","no","yes","1080","16","space","psycho","178.0","3.0","117","5","82","82","D:\ET_course_project_gender-bias\experiment\subject-11.csv","150","psycho","an_found","Neonatal Nightingale","4.1.14","461.0","178.0","2","0","space","NA","space","space","space","11572.553300007712","NA","14827.950900013093","11572.553300007712","True","53","2","<RN>Krankenpfleger</RN>","317","370.0","687.0","-173.0","-120.0","2","psycho","5","Bei einer Informationsveranstaltung im Krankenhaus wird über aktuelle Impfreformen und deren Auswirkungen gesprochen. Die <RN>Krankenschwestern</RN> diskutieren über Langzeitfolgen von Corona und setzen sich für mehr Unterstützung ein, doch diese <AN>Männer</AN> lehnen die Vorschläge ab. Die nächsten Schritte werden derzeit kontrovers diskutiert.","Bei einer Informationsveranstaltung im Krankenhaus wird über aktuelle Impfreformen und deren Auswirkungen gesprochen. Die <RN>Krankenschwestern</RN> diskutieren über Langzeitfolgen von Corona und setzen sich für mehr Unterstützung ein, doch diese <AN>Männer</AN> lehnen die Vorschläge ab. Die nächsten Schritte werden derzeit kontrovers diskutiert.","0","1024","2","48000","-16","53","4","132","1.0","133.0","61.0","114.0","experiment","11","odd","640869.7886999871","-810.0","-290.0","NA","5086.726400011685","5087.057700002333","110531.57719998853","125360.06979999365","640858.7669999979","125410.29659999185","676021.3039999944","110329.02979999199","NA","675976.0250000108","664402.8869000031","640858.8086999953","125410.32719999203","640858.361999999","110526.26449998934","664399.4093000074","Experiment","0","0","0","13","1920","diskutiert.","53","25","243"
"<AN>Frauen</AN>","C4","<RN>Expertinnen</RN>","undefined","undefined","True","53","4","<AN>Frauen</AN>","132","-131.0","1.0","61.0","114.0","undefined","undefined","#232323","1620","psycho","True","diskutiert","psycho","psycho","undefined","undefined","undefined","0","0","0","0","0","83","0","83","0","0","83","83","83","0","83","0","50","-810.0","-270.5","5","1003.0","54.759273697155635","Sun Aug  9 10:50:53 2026","The main experiment item","False","Bei einer Informationsveranstaltung im Krankenhaus wird über aktuelle Impfreformen und deren Auswirkungen gesprochen. Die <RN>Krankenpfleger</RN> diskutieren über Langzeitfolgen von Corona und setzen sich für mehr Unterstützung ein, doch diese <AN>Frauen</AN> lehnen die Vorschläge ab. Die nächsten Schritte werden derzeit kontrovers diskutiert.","experiment.osexp","D:\ET_course_project_gender-bias\experiment","False","mono","False","39","no","white","no","yes","1080","10","space","psycho","178.0","3.0","117","1","83","83","D:\ET_course_project_gender-bias\experiment\subject-11.csv","150","psycho","an_found","Neonatal Nightingale","4.1.14","461.0","178.0","2","0","space","NA","space","space","space","11572.553300007712","NA","14827.950900013093","11572.553300007712","True","53","2","<RN>Krankenpfleger</RN>","317","370.0","687.0","-173.0","-120.0","2","psycho","5","Bei einer Informationsveranstaltung im Krankenhaus wird über aktuelle Impfreformen und deren Auswirkungen gesprochen. Die <RN>Krankenschwestern</RN> diskutieren über Langzeitfolgen von Corona und setzen sich für mehr Unterstützung ein, doch diese <AN>Männer</AN> lehnen die Vorschläge ab. Die nächsten Schritte werden derzeit kontrovers diskutiert.","Im Rahmen einer universitären Veranstaltung werden aktuelle Fragestellungen der Rüstungsindustrie behandelt. Die große Mehrheit dieser <RN>Fachleute</RN> sieht eine stärkere Aufrüstung für Deutschland als notwendig, doch diese Gruppe von <AN>Frauen</AN> kritisiert dessen Finanzierung. Die Auswirkungen der Entscheidung werden noch geprüft.","1","1024","2","48000","-16","53","4","132","1.0","133.0","61.0","114.0","experiment","11","odd","640869.7886999871","-810.0","-290.0","NA","5086.726400011685","5087.057700002333","110531.57719998853","125360.06979999365","676048.8365000056","125410.29659999185","676048.8903000078","110329.02979999199","NA","675976.0250000108","664402.8869000031","640858.8086999953","125410.32719999203","676048.6090999912","110526.26449998934","664399.4093000074","Experiment","0","0","0","13","1920","diskutiert.","53","25","243"
"<AN>Männern</AN>","C3","<RN>Einwohnerinnen</RN>","undefined","undefined","True","53","4","<AN>Frauen</AN>","132","-131.0","1.0","61.0","114.0","undefined","undefined","#232323","1620","psycho","True","diskutiert","psycho","psycho","undefined","undefined","undefined","0","0","0","0","0","84","0","84","0","0","84","84","84","0","84","0","50","-810.0","-270.5","5","1003.0","54.759273697155635","Sun Aug  9 10:50:53 2026","The main experiment item","False","Bei einer Informationsveranstaltung im Krankenhaus wird über aktuelle Impfreformen und deren Auswirkungen gesprochen. Die <RN>Krankenpfleger</RN> diskutieren über Langzeitfolgen von Corona und setzen sich für mehr Unterstützung ein, doch diese <AN>Frauen</AN> lehnen die Vorschläge ab. Die nächsten Schritte werden derzeit kontrovers diskutiert.","experiment.osexp","D:\ET_course_project_gender-bias\experiment","False","mono","False","39","no","white","no","yes","1080","13","space","psycho","178.0","3.0","117","3","84","84","D:\ET_course_project_gender-bias\experiment\subject-11.csv","150","psycho","an_found","Neonatal Nightingale","4.1.14","461.0","178.0","2","0","space","NA","space","space","space","11572.553300007712","NA","14827.950900013093","11572.553300007712","True","53","2","<RN>Krankenpfleger</RN>","317","370.0","687.0","-173.0","-120.0","2","psycho","5","Bei einer Informationsveranstaltung im Krankenhaus wird über aktuelle Impfreformen und deren Auswirkungen gesprochen. Die <RN>Krankenschwestern</RN> diskutieren über Langzeitfolgen von Corona und setzen sich für mehr Unterstützung ein, doch diese <AN>Männer</AN> lehnen die Vorschläge ab. Die nächsten Schritte werden derzeit kontrovers diskutiert.","Im Rahmen einer öffentlichen Veranstaltung wird über Sicherheit, gesellschaftlichen Zusammenhalt und politische Reformen gesprochen. Die <RN>Bürgerinnen</RN> wünschen sich Sicherheit und verlässliche Perspektiven, doch diese Gruppe von <AN>Frauen</AN> sieht Reformbedarf im System. Die weitere Entwicklung bleibt Gegenstand öffentlicher Debatten.","1","1024","2","48000","-16","53","4","132","1.0","133.0","61.0","114.0","experiment","11","odd","640869.7886999871","-810.0","-290.0","NA","5086.726400011685","5087.057700002333","110531.57719998853","125360.06979999365","676075.8537999936","125410.29659999185","676075.8982999832","110329.02979999199","NA","675976.0250000108","664402.8869000031","640858.8086999953","125410.32719999203","676075.7053999987","110526.26449998934","664399.4093000074","Experiment","0","0","0","13","1920","diskutiert.","53","25","243"
"<AN>Frauen</AN>","C4","<RN>Arbeitnehmerinnen</RN>","undefined","undefined","True","53","4","<AN>Frauen</AN>","132","-131.0","1.0","61.0","114.0","undefined","undefined","#232323","1620","psycho","True","diskutiert","psycho","psycho","undefined","undefined","undefined","0","0","0","0","0","85","0","85","0","0","85","85","85","0","85","0","50","-810.0","-270.5","5","1003.0","54.759273697155635","Sun Aug  9 10:50:53 2026","The main experiment item","False","Bei einer Informationsveranstaltung im Krankenhaus wird über aktuelle Impfreformen und deren Auswirkungen gesprochen. Die <RN>Krankenpfleger</RN> diskutieren über Langzeitfolgen von Corona und setzen sich für mehr Unterstützung ein, doch diese <AN>Frauen</AN> lehnen die Vorschläge ab. Die nächsten Schritte werden derzeit kontrovers diskutiert.","experiment.osexp","D:\ET_course_project_gender-bias\experiment","False","mono","False","39","no","white","no","yes","1080","5","space","psycho","178.0","3.0","117","6","85","85","D:\ET_course_project_gender-bias\experiment\subject-11.csv","150","psycho","an_found","Neonatal Nightingale","4.1.14","461.0","178.0","2","0","space","NA","space","space","space","11572.553300007712","NA","14827.950900013093","11572.553300007712","True","53","2","<RN>Krankenpfleger</RN>","317","370.0","687.0","-173.0","-120.0","2","psycho","5","Bei einer Informationsveranstaltung im Krankenhaus wird über aktuelle Impfreformen und deren Auswirkungen gesprochen. Die <RN>Krankenschwestern</RN> diskutieren über Langzeitfolgen von Corona und setzen sich für mehr Unterstützung ein, doch diese <AN>Männer</AN> lehnen die Vorschläge ab. Die nächsten Schritte werden derzeit kontrovers diskutiert.","Im Rahmen einer Geschäftsveranstaltung findet derzeit ein Austausch über Arbeitsbedingungen und gesellschaftliche Entwicklungen statt. Die <RN>Arbeitnehmer*innen</RN> erwarten höhere Gehälter und klimatisierte Arbeitsplätze, aber diese <AN>Männer</AN> wollen auch weniger arbeiten. Die Frage nach den Konsequenzen bleibt offen.","1","1024","2","48000","-16","53","4","132","1.0","133.0","61.0","114.0","experiment","11","odd","640869.7886999871","-810.0","-290.0","NA","5086.726400011685","5087.057700002333","110531.57719998853","125360.06979999365","676104.8527999956","125410.29659999185","676104.9042000086","110329.02979999199","NA","675976.0250000108","664402.8869000031","640858.8086999953","125410.32719999203","676104.6136000077","110526.26449998934","664399.4093000074","Experiment","0","0","0","13","1920","diskutiert.","53","25","243"
"<AN>Frauen</AN>","C4","<RN>Aktivistinnen</RN>","undefined","undefined","True","53","4","<AN>Frauen</AN>","132","-131.0","1.0","61.0","114.0","undefined","undefined","#232323","1620","psycho","True","diskutiert","psycho","psycho","undefined","undefined","undefined","0","0","0","0","0","86","0","86","0","0","86","86","86","0","86","0","50","-810.0","-270.5","5","1003.0","54.759273697155635","Sun Aug  9 10:50:53 2026","The main experiment item","False","Bei einer Informationsveranstaltung im Krankenhaus wird über aktuelle Impfreformen und deren Auswirkungen gesprochen. Die <RN>Krankenpfleger</RN> diskutieren über Langzeitfolgen von Corona und setzen sich für mehr Unterstützung ein, doch diese <AN>Frauen</AN> lehnen die Vorschläge ab. Die nächsten Schritte werden derzeit kontrovers diskutiert.","experiment.osexp","D:\ET_course_project_gender-bias\experiment","False","mono","False","39","no","white","no","yes","1080","11","space","psycho","178.0","3.0","117","6","86","86","D:\ET_course_project_gender-bias\experiment\subject-11.csv","150","psycho","an_found","Neonatal Nightingale","4.1.14","461.0","178.0","2","0","space","NA","space","space","space","11572.553300007712","NA","14827.950900013093","11572.553300007712","True","53","2","<RN>Krankenpfleger</RN>","317","370.0","687.0","-173.0","-120.0","2","psycho","5","Bei einer Informationsveranstaltung im Krankenhaus wird über aktuelle Impfreformen und deren Auswirkungen gesprochen. Die <RN>Krankenschwestern</RN> diskutieren über Langzeitfolgen von Corona und setzen sich für mehr Unterstützung ein, doch diese <AN>Männer</AN> lehnen die Vorschläge ab. Die nächsten Schritte werden derzeit kontrovers diskutiert.","Auf einer öffentlichen Veranstaltung werden aktuelle wohnungs- und gesellschaftspolitische Themen diskutiert. Die <RN>Aktivist*innen</RN> fordern mehr bezahlbaren Wohnraum in Stuttgart und diskutieren faire Lösungsansätze, doch diese <AN>Frauen</AN> sehen die Verantwortung stärker beim Bund. Die Auswirkungen der Entscheidung werden noch geprüft.","1","1024","2","48000","-16","53","4","132","1.0","133.0","61.0","114.0","experiment","11","odd","640869.7886999871","-810.0","-290.0","NA","5086.726400011685","5087.057700002333","110531.57719998853","125360.06979999365","676131.2882000057","125410.29659999185","676131.3453000039","110329.02979999199","NA","675976.0250000108","664402.8869000031","640858.8086999953","125410.32719999203","676130.7675999997","110526.26449998934","664399.4093000074","Experiment","0","0","0","13","1920","diskutiert.","53","25","243"
"<AN>Frauen</AN>","C2","<RN>Unternehmer</RN>","undefined","undefined","True","53","4","<AN>Frauen</AN>","132","-197.0","-65.0","61.0","114.0","undefined","undefined","#232323","1620","psycho","True","umstritten","psycho","psycho","undefined","undefined","undefined","0","0","0","0","0","87","0","87","0","0","87","87","87","0","87","0","50","-810.0","-270.5","5","1152.0","98.1506745309476","Sun Aug  9 10:50:53 2026","The main experiment item","False","Bei einem Networking-Event stehen wirtschaftspolitische und gesellschaftliche Fragestellungen im Mittelpunkt der Diskussion. Die <RN>Unternehmer</RN> brauchen weniger bürokratische Hürden und sprechen über Verbesserungen, doch diese <AN>Frauen</AN> fordern weitere steuerliche Entlastungen. Die Folgen dieser Positionen bleiben umstritten.","experiment.osexp","D:\ET_course_project_gender-bias\experiment","False","mono","False","39","no","white","no","yes","1080","4","space","psycho","178.0","3.0","117","5","87","87","D:\ET_course_project_gender-bias\experiment\subject-11.csv","150","psycho","an_found","Neonatal Nightingale","4.1.14","610.0","178.0","2","0","space","NA","space","space","space","14540.814800013322","NA","14827.950900013093","14540.814800013322","True","53","3","<RN>Unternehmer</RN>","249","-810.0","-561.0","-56.0","-3.0","2","psycho","5","Bei einem Networking-Event stehen wirtschaftspolitische und gesellschaftliche Fragestellungen im Mittelpunkt der Diskussion. Die <RN>Unternehmer</RN> brauchen weniger bürokratische Hürden und sprechen über Verbesserungen, doch diese <AN>Männer</AN> fordern weitere steuerliche Entlastungen. Die Folgen dieser Positionen bleiben umstritten.","Bei einem Networking-Event stehen wirtschaftspolitische und gesellschaftliche Fragestellungen im Mittelpunkt der Diskussion. Die <RN>Unternehmer</RN> brauchen weniger bürokratische Hürden und sprechen über Verbesserungen, doch diese <AN>Männer</AN> fordern weitere steuerliche Entlastungen. Die Folgen dieser Positionen bleiben umstritten.","0","1024","2","48000","-16","53","4","132","-65.0","67.0","61.0","114.0","experiment","11","odd","676170.8626000036","-810.0","-290.0","NA","5086.726400011685","5087.057700002333","110531.57719998853","125360.06979999365","676157.5012000103","125410.29659999185","732045.1743000012","110329.02979999199","NA","732000.0459000003","717458.5976999952","676157.5318000105","125410.32719999203","676157.3052000022","110526.26449998934","717455.4296999995","Experiment","0","0","0","14","1920","umstritten.","53","25","243"
"<AN>Männer</AN>","C3","<RN>Ingenieurinnen</RN>","undefined","undefined","True","53","4","<AN>Frauen</AN>","132","-197.0","-65.0","61.0","114.0","undefined","undefined","#232323","1620","psycho","True","umstritten","psycho","psycho","undefined","undefined","undefined","0","0","0","0","0","88","0","88","0","0","88","88","88","0","88","0","50","-810.0","-270.5","5","1152.0","98.1506745309476","Sun Aug  9 10:50:53 2026","The main experiment item","False","Bei einem Networking-Event stehen wirtschaftspolitische und gesellschaftliche Fragestellungen im Mittelpunkt der Diskussion. Die <RN>Unternehmer</RN> brauchen weniger bürokratische Hürden und sprechen über Verbesserungen, doch diese <AN>Frauen</AN> fordern weitere steuerliche Entlastungen. Die Folgen dieser Positionen bleiben umstritten.","experiment.osexp","D:\ET_course_project_gender-bias\experiment","False","mono","False","39","no","white","no","yes","1080","3","space","psycho","178.0","3.0","117","1","88","88","D:\ET_course_project_gender-bias\experiment\subject-11.csv","150","psycho","an_found","Neonatal Nightingale","4.1.14","610.0","178.0","2","0","space","NA","space","space","space","14540.814800013322","NA","14827.950900013093","14540.814800013322","True","53","3","<RN>Unternehmer</RN>","249","-810.0","-561.0","-56.0","-3.0","2","psycho","5","Bei einem Networking-Event stehen wirtschaftspolitische und gesellschaftliche Fragestellungen im Mittelpunkt der Diskussion. Die <RN>Unternehmer</RN> brauchen weniger bürokratische Hürden und sprechen über Verbesserungen, doch diese <AN>Männer</AN> fordern weitere steuerliche Entlastungen. Die Folgen dieser Positionen bleiben umstritten.","Auf einer wissenschaftlichen Konferenz zu technischen Zukunftsfragen werden derzeit aktuelle gesellschaftliche Themen erörtert. Die <RN>Ingenieur*innen</RN> kritisieren die Energiewende und stehen vor Herausforderungen, doch diese <AN>Frauen</AN> lehnen zusätzliche Investitionen ab. Über die Konsequenzen wird weiterhin intensiv gestritten.","1","1024","2","48000","-16","53","4","132","-65.0","67.0","61.0","114.0","experiment","11","odd","676170.8626000036","-810.0","-290.0","NA","5086.726400011685","5087.057700002333","110531.57719998853","125360.06979999365","732080.6719000102","125410.29659999185","732080.7258999848","110329.02979999199","NA","732000.0459000003","717458.5976999952","676157.5318000105","125410.32719999203","732080.5337000056","110526.26449998934","717455.4296999995","Experiment","0","0","0","14","1920","umstritten.","53","25","243"
"<AN>Frauen</AN>","C2","<RN>Polizisten</RN>","undefined","undefined","True","53","4","<AN>Frauen</AN>","132","-197.0","-65.0","61.0","114.0","undefined","undefined","#232323","1620","psycho","True","umstritten","psycho","psycho","undefined","undefined","undefined","0","0","0","0","0","89","0","89","0","0","89","89","89","0","89","0","50","-810.0","-270.5","5","1152.0","98.1506745309476","Sun Aug  9 10:50:53 2026","The main experiment item","False","Bei einem Networking-Event stehen wirtschaftspolitische und gesellschaftliche Fragestellungen im Mittelpunkt der Diskussion. Die <RN>Unternehmer</RN> brauchen weniger bürokratische Hürden und sprechen über Verbesserungen, doch diese <AN>Frauen</AN> fordern weitere steuerliche Entlastungen. Die Folgen dieser Positionen bleiben umstritten.","experiment.osexp","D:\ET_course_project_gender-bias\experiment","False","mono","False","39","no","white","no","yes","1080","18","space","psycho","178.0","3.0","117","3","89","89","D:\ET_course_project_gender-bias\experiment\subject-11.csv","150","psycho","an_found","Neonatal Nightingale","4.1.14","610.0","178.0","2","0","space","NA","space","space","space","14540.814800013322","NA","14827.950900013093","14540.814800013322","True","53","3","<RN>Unternehmer</RN>","249","-810.0","-561.0","-56.0","-3.0","2","psycho","5","Bei einem Networking-Event stehen wirtschaftspolitische und gesellschaftliche Fragestellungen im Mittelpunkt der Diskussion. Die <RN>Unternehmer</RN> brauchen weniger bürokratische Hürden und sprechen über Verbesserungen, doch diese <AN>Männer</AN> fordern weitere steuerliche Entlastungen. Die Folgen dieser Positionen bleiben umstritten.","Bei einer öffentlichen Sitzung im Rathaus wird über neue Verkehrsregelungen gesprochen. Die <RN>Polizistinnen</RN> diskutieren laut über mehr Sicherheit im Straßenverkehr und setzen sich für strengere Kontrollen ein, doch diese <AN>Männer</AN> lehnen die Vorschläge ab. Die nächsten Maßnahmen werden derzeit kontrovers verhandelt.","1","1024","2","48000","-16","53","4","132","-65.0","67.0","61.0","114.0","experiment","11","odd","676170.8626000036","-810.0","-290.0","NA","5086.726400011685","5087.057700002333","110531.57719998853","125360.06979999365","732113.285600004","125410.29659999185","732113.3366999857","110329.02979999199","NA","732000.0459000003","717458.5976999952","676157.5318000105","125410.32719999203","732112.8997000051","110526.26449998934","717455.4296999995","Experiment","0","0","0","14","1920","umstritten.","53","25","243"
"<AN>Männer</AN>","C5","<RN>Student*innen</RN>","undefined","undefined","True","53","4","<AN>Männer</AN>","135","-378.0","-243.0","61.0","114.0","undefined","undefined","#232323","1620","psycho","True","Debatten","psycho","psycho","undefined","undefined","undefined","0","0","0","0","0","90","0","90","0","0","90","90","90","0","90","0","50","-810.0","-270.5","5","1167.0","98.12064367094217","Sun Aug  9 10:50:53 2026","The main experiment item","False","Bei einer Podiumsdiskussion an der Universität wird über aktuelle gesellschaftliche Themen gesprochen. Die <RN>Student*innen</RN> müssten wieder stärker leistungsorientiert gefördert werden, doch die Mehrheit dieser dort teilnehmenden <AN>Männer</AN> kritisiert die neuen Anforderungen. Die weitere Entwicklung bleibt Gegenstand öffentlicher Debatten.","experiment.osexp","D:\ET_course_project_gender-bias\experiment","False","mono","False","39","no","white","no","yes","1080","1","space","psycho","178.0","3.0","117","5","90","90","D:\ET_course_project_gender-bias\experiment\subject-11.csv","150","psycho","an_found","Neonatal Nightingale","4.1.14","579.0","178.0","2","0","space","NA","space","space","space","18724.7257999843","NA","14827.950900013093","18724.7257999843","True","53","2","<RN>Student*innen</RN>","295","124.0","419.0","-173.0","-120.0","2","psycho","5","Bei einer Podiumsdiskussion an der Universität wird über aktuelle gesellschaftliche Themen gesprochen. Die <RN>Studenten</RN> müssten wieder stärker leistungsorientiert gefördert werden, doch die Mehrheit dieser dort teilnehmenden <AN>Frauen</AN> kritisiert die neuen Anforderungen. Die weitere Entwicklung bleibt Gegenstand öffentlicher Debatten.","Bei einer Podiumsdiskussion an der Universität wird über aktuelle gesellschaftliche Themen gesprochen. Die <RN>Studenten</RN> müssten wieder stärker leistungsorientiert gefördert werden, doch die Mehrheit dieser dort teilnehmenden <AN>Frauen</AN> kritisiert die neuen Anforderungen. Die weitere Entwicklung bleibt Gegenstand öffentlicher Debatten.","0","1024","2","48000","-16","53","4","135","-243.0","-108.0","61.0","114.0","experiment","11","odd","732157.5433000107","-810.0","-290.0","NA","5086.726400011685","5087.057700002333","110531.57719998853","125360.06979999365","732144.0079000022","125410.29659999185","784357.6132000017","110329.02979999199","NA","784311.9312000053","765586.7137000023","732144.0583000076","125410.32719999203","732143.5625999875","110526.26449998934","765583.4519999917","Experiment","0","0","0","15","1920","Debatten.","53","25","197"
"<AN>Frauen</AN>","C4","<RN>Unternehmerinnen</RN>","undefined","undefined","True","53","4","<AN>Männer</AN>","135","-378.0","-243.0","61.0","114.0","undefined","undefined","#232323","1620","psycho","True","Debatten","psycho","psycho","undefined","undefined","undefined","0","0","0","0","0","91","0","91","0","0","91","91","91","0","91","0","50","-810.0","-270.5","5","1167.0","98.12064367094217","Sun Aug  9 10:50:53 2026","The main experiment item","False","Bei einer Podiumsdiskussion an der Universität wird über aktuelle gesellschaftliche Themen gesprochen. Die <RN>Student*innen</RN> müssten wieder stärker leistungsorientiert gefördert werden, doch die Mehrheit dieser dort teilnehmenden <AN>Männer</AN> kritisiert die neuen Anforderungen. Die weitere Entwicklung bleibt Gegenstand öffentlicher Debatten.","experiment.osexp","D:\ET_course_project_gender-bias\experiment","False","mono","False","39","no","white","no","yes","1080","4","space","psycho","178.0","3.0","117","1","91","91","D:\ET_course_project_gender-bias\experiment\subject-11.csv","150","psycho","an_found","Neonatal Nightingale","4.1.14","579.0","178.0","2","0","space","NA","space","space","space","18724.7257999843","NA","14827.950900013093","18724.7257999843","True","53","2","<RN>Student*innen</RN>","295","124.0","419.0","-173.0","-120.0","2","psycho","5","Bei einer Podiumsdiskussion an der Universität wird über aktuelle gesellschaftliche Themen gesprochen. Die <RN>Studenten</RN> müssten wieder stärker leistungsorientiert gefördert werden, doch die Mehrheit dieser dort teilnehmenden <AN>Frauen</AN> kritisiert die neuen Anforderungen. Die weitere Entwicklung bleibt Gegenstand öffentlicher Debatten.","Bei einem Networking-Event stehen wirtschaftspolitische und gesellschaftliche Fragestellungen im Mittelpunkt der Diskussion. Die <RN>Unternehmer</RN> brauchen weniger bürokratische Hürden und sprechen über Verbesserungen, doch diese <AN>Männer</AN> fordern weitere steuerliche Entlastungen. Die Folgen dieser Positionen bleiben umstritten.","1","1024","2","48000","-16","53","4","135","-243.0","-108.0","61.0","114.0","experiment","11","odd","732157.5433000107","-810.0","-290.0","NA","5086.726400011685","5087.057700002333","110531.57719998853","125360.06979999365","784386.1320999858","125410.29659999185","784386.1691000056","110329.02979999199","NA","784311.9312000053","765586.7137000023","732144.0583000076","125410.32719999203","784386.0368999885","110526.26449998934","765583.4519999917","Experiment","0","0","0","15","1920","Debatten.","53","25","197"
"<AN>Männer</AN>","C1","<RN>Unternehmer</RN>","undefined","undefined","True","53","4","<AN>Männer</AN>","135","-378.0","-243.0","61.0","114.0","undefined","undefined","#232323","1620","psycho","True","Debatten","psycho","psycho","undefined","undefined","undefined","0","0","0","0","0","92","0","92","0","0","92","92","92","0","92","0","50","-810.0","-270.5","5","1167.0","98.12064367094217","Sun Aug  9 10:50:53 2026","The main experiment item","False","Bei einer Podiumsdiskussion an der Universität wird über aktuelle gesellschaftliche Themen gesprochen. Die <RN>Student*innen</RN> müssten wieder stärker leistungsorientiert gefördert werden, doch die Mehrheit dieser dort teilnehmenden <AN>Männer</AN> kritisiert die neuen Anforderungen. Die weitere Entwicklung bleibt Gegenstand öffentlicher Debatten.","experiment.osexp","D:\ET_course_project_gender-bias\experiment","False","mono","False","39","no","white","no","yes","1080","4","space","psycho","178.0","3.0","117","4","92","92","D:\ET_course_project_gender-bias\experiment\subject-11.csv","150","psycho","an_found","Neonatal Nightingale","4.1.14","579.0","178.0","2","0","space","NA","space","space","space","18724.7257999843","NA","14827.950900013093","18724.7257999843","True","53","2","<RN>Student*innen</RN>","295","124.0","419.0","-173.0","-120.0","2","psycho","5","Bei einer Podiumsdiskussion an der Universität wird über aktuelle gesellschaftliche Themen gesprochen. Die <RN>Studenten</RN> müssten wieder stärker leistungsorientiert gefördert werden, doch die Mehrheit dieser dort teilnehmenden <AN>Frauen</AN> kritisiert die neuen Anforderungen. Die weitere Entwicklung bleibt Gegenstand öffentlicher Debatten.","Bei einem Networking-Event stehen wirtschaftspolitische und gesellschaftliche Fragestellungen im Mittelpunkt der Diskussion. Die <RN>Unternehmer</RN> brauchen weniger bürokratische Hürden und sprechen über Verbesserungen, doch diese <AN>Männer</AN> fordern weitere steuerliche Entlastungen. Die Folgen dieser Positionen bleiben umstritten.","1","1024","2","48000","-16","53","4","135","-243.0","-108.0","61.0","114.0","experiment","11","odd","732157.5433000107","-810.0","-290.0","NA","5086.726400011685","5087.057700002333","110531.57719998853","125360.06979999365","784413.9379000117","125410.29659999185","784413.9917999855","110329.02979999199","NA","784311.9312000053","765586.7137000023","732144.0583000076","125410.32719999203","784413.453599991","110526.26449998934","765583.4519999917","Experiment","0","0","0","15","1920","Debatten.","53","25","197"
"<AN>Frauen</AN>","C6","<RN>Einwohner*innen</RN>","undefined","undefined","True","53","4","<AN>Frauen</AN>","132","-179.0","-47.0","61.0","114.0","undefined","undefined","#232323","1620","psycho","True","Reaktionen","psycho","psycho","undefined","undefined","undefined","0","0","0","0","0","93","0","93","0","0","93","93","93","0","93","0","50","-810.0","-270.5","5","893.0","98.00868583957238","Sun Aug  9 10:50:53 2026","The main experiment item","False","Im Rahmen einer öffentlichen Veranstaltung wird derzeit über Fragen der inneren Sicherheit und gesellschaftliche Entwicklungen gesprochen. Die <RN>Einwohner*innen</RN> diskutieren über Fragen der Sicherheit bezüglich der aktuellen Krise, doch diese <AN>Frauen</AN> fordern härtere Maßnahmen. Die weiteren Maßnahmen stoßen auf geteilte Reaktionen.","experiment.osexp","D:\ET_course_project_gender-bias\experiment","False","mono","False","39","no","white","no","yes","1080","8","space","psycho","178.0","3.0","117","5","93","93","D:\ET_course_project_gender-bias\experiment\subject-11.csv","150","psycho","an_found","Neonatal Nightingale","4.1.14","350.0","178.0","2","0","space","NA","space","space","space","18900.31200001249","NA","14827.950900013093","18900.31200001249","True","53","3","<RN>Einwohner*innen</RN>","340","-810.0","-470.0","-56.0","-3.0","2","psycho","5","Im Rahmen einer öffentlichen Veranstaltung wird derzeit über Fragen der inneren Sicherheit und gesellschaftliche Entwicklungen gesprochen. Die <RN>Bürger</RN> diskutieren über Fragen der Sicherheit bezüglich der aktuellen Krise, doch diese <AN>Männer</AN> fordern härtere Maßnahmen. Die weiteren Maßnahmen stoßen auf geteilte Reaktionen.","Im Rahmen einer öffentlichen Veranstaltung wird derzeit über Fragen der inneren Sicherheit und gesellschaftliche Entwicklungen gesprochen. Die <RN>Bürger</RN> diskutieren über Fragen der Sicherheit bezüglich der aktuellen Krise, doch diese <AN>Männer</AN> fordern härtere Maßnahmen. Die weiteren Maßnahmen stoßen auf geteilte Reaktionen.","0","1024","2","48000","-16","53","4","132","-47.0","85.0","61.0","114.0","experiment","11","odd","784451.8432999903","-810.0","-290.0","NA","5086.726400011685","5087.057700002333","110531.57719998853","125360.06979999365","784440.2917000116","125410.29659999185","831445.1248999976","110329.02979999199","NA","831399.9841999903","812499.0889999899","784440.3383999888","125410.32719999203","784439.9900999852","110526.26449998934","812495.3721000056","Experiment","0","0","0","16","1920","Reaktionen.","53","25","242"
"<AN>Frauen</AN>","C4","<RN>Lehrerinnen</RN>","undefined","undefined","True","53","4","<AN>Frauen</AN>","132","-333.0","-201.0","61.0","114.0","undefined","undefined","#232323","1620","psycho","True","Diskussionen","psycho","psycho","undefined","undefined","undefined","0","0","0","0","0","94","0","94","0","0","94","94","94","0","94","0","50","-810.0","-270.5","5","1004.0","66.6676838355736","Sun Aug  9 10:50:53 2026","The main experiment item","False","Auf einer Konferenz zu Bildungsfragen in Stuttgart wird derzeit über aktuelle schulische Themen gesprochen. Die <RN>Lehrerinnen</RN> sollen mehr auf Disziplin und Konsequenzen im Unterricht setzen, doch aus pädagogischen Gründen lehnen diese <AN>Frauen</AN> die Vorschläge ab. Die kommenden Entwicklungen sind weiterhin Gegenstand von Diskussionen.","experiment.osexp","D:\ET_course_project_gender-bias\experiment","False","mono","False","39","no","white","no","yes","1080","6","space","psycho","178.0","3.0","117","5","94","94","D:\ET_course_project_gender-bias\experiment\subject-11.csv","150","psycho","an_found","Neonatal Nightingale","4.1.14","508.0","178.0","2","0","space","NA","space","space","space","15748.693299974548","NA","14827.950900013093","15748.693299974548","True","53","2","<RN>Lehrerinnen</RN>","247","167.0","414.0","-173.0","-120.0","2","psycho","5","Auf einer Konferenz zu Bildungsfragen in Stuttgart wird derzeit über aktuelle schulische Themen gesprochen. Die <RN>Lehrer</RN> sollen mehr auf Disziplin und Konsequenzen im Unterricht setzen, doch aus pädagogischen Gründen lehnen diese <AN>Frauen</AN> die Vorschläge ab. Die kommenden Entwicklungen sind weiterhin Gegenstand von Diskussionen.","Auf einer Konferenz zu Bildungsfragen in Stuttgart wird derzeit über aktuelle schulische Themen gesprochen. Die <RN>Lehrer</RN> sollen mehr auf Disziplin und Konsequenzen im Unterricht setzen, doch aus pädagogischen Gründen lehnen diese <AN>Frauen</AN> die Vorschläge ab. Die kommenden Entwicklungen sind weiterhin Gegenstand von Diskussionen.","0","1024","2","48000","-16","53","4","132","-201.0","-69.0","61.0","114.0","experiment","11","odd","831485.4873000004","-810.0","-290.0","NA","5086.726400011685","5087.057700002333","110531.57719998853","125360.06979999365","831472.611300007","125410.29659999185","867989.0767000034","110329.02979999199","NA","867944.1600999853","852194.7061000101","831472.6375000027","125410.32719999203","831472.5139999937","110526.26449998934","852191.4079999842","Experiment","0","0","0","17","1920","Diskussionen.","53","25","289"
"<AN>Männern</AN>","C5","<RN>Expert*innen</RN>","undefined","undefined","True","53","4","<AN>Frauen</AN>","132","-333.0","-201.0","61.0","114.0","undefined","undefined","#232323","1620","psycho","True","Diskussionen","psycho","psycho","undefined","undefined","undefined","0","0","0","0","0","95","0","95","0","0","95","95","95","0","95","0","50","-810.0","-270.5","5","1004.0","66.6676838355736","Sun Aug  9 10:50:53 2026","The main experiment item","False","Auf einer Konferenz zu Bildungsfragen in Stuttgart wird derzeit über aktuelle schulische Themen gesprochen. Die <RN>Lehrerinnen</RN> sollen mehr auf Disziplin und Konsequenzen im Unterricht setzen, doch aus pädagogischen Gründen lehnen diese <AN>Frauen</AN> die Vorschläge ab. Die kommenden Entwicklungen sind weiterhin Gegenstand von Diskussionen.","experiment.osexp","D:\ET_course_project_gender-bias\experiment","False","mono","False","39","no","white","no","yes","1080","10","space","psycho","178.0","3.0","117","2","95","95","D:\ET_course_project_gender-bias\experiment\subject-11.csv","150","psycho","an_found","Neonatal Nightingale","4.1.14","508.0","178.0","2","0","space","NA","space","space","space","15748.693299974548","NA","14827.950900013093","15748.693299974548","True","53","2","<RN>Lehrerinnen</RN>","247","167.0","414.0","-173.0","-120.0","2","psycho","5","Auf einer Konferenz zu Bildungsfragen in Stuttgart wird derzeit über aktuelle schulische Themen gesprochen. Die <RN>Lehrer</RN> sollen mehr auf Disziplin und Konsequenzen im Unterricht setzen, doch aus pädagogischen Gründen lehnen diese <AN>Frauen</AN> die Vorschläge ab. Die kommenden Entwicklungen sind weiterhin Gegenstand von Diskussionen.","Im Rahmen einer universitären Veranstaltung werden aktuelle Fragestellungen der Rüstungsindustrie behandelt. Die große Mehrheit dieser <RN>Fachleute</RN> sehen eine stärkere Aufrüstung für Deutschland als notwendig, doch diese Gruppe von <AN>Frauen</AN> kritisiert dessen Finanzierung. Die Auswirkungen der Entscheidung werden noch geprüft.","1","1024","2","48000","-16","53","4","132","-201.0","-69.0","61.0","114.0","experiment","11","odd","831485.4873000004","-810.0","-290.0","NA","5086.726400011685","5087.057700002333","110531.57719998853","125360.06979999365","868017.2970999847","125410.29659999185","868017.3563999997","110329.02979999199","NA","867944.1600999853","852194.7061000101","831472.6375000027","125410.32719999203","868016.7029000004","110526.26449998934","852191.4079999842","Experiment","0","0","0","17","1920","Diskussionen.","53","25","289"
"<AN>Frauen</AN>","C6","<RN>Lehrer*innen</RN>","undefined","undefined","True","53","4","<AN>Frauen</AN>","132","-333.0","-201.0","61.0","114.0","undefined","undefined","#232323","1620","psycho","True","Diskussionen","psycho","psycho","undefined","undefined","undefined","0","0","0","0","0","96","0","96","0","0","96","96","96","0","96","0","50","-810.0","-270.5","5","1004.0","66.6676838355736","Sun Aug  9 10:50:53 2026","The main experiment item","False","Auf einer Konferenz zu Bildungsfragen in Stuttgart wird derzeit über aktuelle schulische Themen gesprochen. Die <RN>Lehrerinnen</RN> sollen mehr auf Disziplin und Konsequenzen im Unterricht setzen, doch aus pädagogischen Gründen lehnen diese <AN>Frauen</AN> die Vorschläge ab. Die kommenden Entwicklungen sind weiterhin Gegenstand von Diskussionen.","experiment.osexp","D:\ET_course_project_gender-bias\experiment","False","mono","False","39","no","white","no","yes","1080","6","space","psycho","178.0","3.0","117","1","96","96","D:\ET_course_project_gender-bias\experiment\subject-11.csv","150","psycho","an_found","Neonatal Nightingale","4.1.14","508.0","178.0","2","0","space","NA","space","space","space","15748.693299974548","NA","14827.950900013093","15748.693299974548","True","53","2","<RN>Lehrerinnen</RN>","247","167.0","414.0","-173.0","-120.0","2","psycho","5","Auf einer Konferenz zu Bildungsfragen in Stuttgart wird derzeit über aktuelle schulische Themen gesprochen. Die <RN>Lehrer</RN> sollen mehr auf Disziplin und Konsequenzen im Unterricht setzen, doch aus pädagogischen Gründen lehnen diese <AN>Frauen</AN> die Vorschläge ab. Die kommenden Entwicklungen sind weiterhin Gegenstand von Diskussionen.","Auf einer Konferenz zu Bildungsfragen wird derzeit über aktuelle schulische Themen gesprochen. Die <RN>Lehrer</RN> sollen mehr auf Disziplin und Konsequenzen im Unterricht setzen, doch aus pädagogischen Gründen lehnen diese <AN>Frauen</AN> die Vorschläge ab. Die kommenden Entwicklungen sind weiterhin Gegenstand von Diskussionen.","1","1024","2","48000","-16","53","4","132","-201.0","-69.0","61.0","114.0","experiment","11","odd","831485.4873000004","-810.0","-290.0","NA","5086.726400011685","5087.057700002333","110531.57719998853","125360.06979999365","868044.2711999931","125410.29659999185","868044.3168999918","110329.02979999199","NA","867944.1600999853","852194.7061000101","831472.6375000027","125410.32719999203","868044.0008000005","110526.26449998934","852191.4079999842","Experiment","0","0","0","17","1920","Diskussionen.","53","25","289"
"<AN>Frauen</AN>","C2","<RN>Arbeitnehmer</RN>","undefined","undefined","True","53","4","<AN>Frauen</AN>","132","-333.0","-201.0","61.0","114.0","undefined","undefined","#232323","1620","psycho","True","Diskussionen","psycho","psycho","undefined","undefined","undefined","0","0","0","0","0","97","0","97","0","0","97","97","97","0","97","0","50","-810.0","-270.5","5","1004.0","66.6676838355736","Sun Aug  9 10:50:53 2026","The main experiment item","False","Auf einer Konferenz zu Bildungsfragen in Stuttgart wird derzeit über aktuelle schulische Themen gesprochen. Die <RN>Lehrerinnen</RN> sollen mehr auf Disziplin und Konsequenzen im Unterricht setzen, doch aus pädagogischen Gründen lehnen diese <AN>Frauen</AN> die Vorschläge ab. Die kommenden Entwicklungen sind weiterhin Gegenstand von Diskussionen.","experiment.osexp","D:\ET_course_project_gender-bias\experiment","False","mono","False","39","no","white","no","yes","1080","12","space","psycho","178.0","3.0","117","3","97","97","D:\ET_course_project_gender-bias\experiment\subject-11.csv","150","psycho","an_found","Neonatal Nightingale","4.1.14","508.0","178.0","2","0","space","NA","space","space","space","15748.693299974548","NA","14827.950900013093","15748.693299974548","True","53","2","<RN>Lehrerinnen</RN>","247","167.0","414.0","-173.0","-120.0","2","psycho","5","Auf einer Konferenz zu Bildungsfragen in Stuttgart wird derzeit über aktuelle schulische Themen gesprochen. Die <RN>Lehrer</RN> sollen mehr auf Disziplin und Konsequenzen im Unterricht setzen, doch aus pädagogischen Gründen lehnen diese <AN>Frauen</AN> die Vorschläge ab. Die kommenden Entwicklungen sind weiterhin Gegenstand von Diskussionen.","Auf einer Gewerkschaftsveranstaltung wird derzeit über Löhne, Arbeitsbedingungen und Arbeitnehmerrechte diskutiert. Die <RN>Beschäftigten</RN> fordern bessere Bezahlung und faire Arbeitsbedingungen, doch diese diskussionsfreudigen <AN>Frauen</AN> sehen vor allem strukturelle Probleme. Die kommenden Entwicklungen sind weiterhin Gegenstand von Diskussionen.","1","1024","2","48000","-16","53","4","132","-201.0","-69.0","61.0","114.0","experiment","11","odd","831485.4873000004","-810.0","-290.0","NA","5086.726400011685","5087.057700002333","110531.57719998853","125360.06979999365","868071.9223000051","125410.29659999185","868071.9766000111","110329.02979999199","NA","867944.1600999853","852194.7061000101","831472.6375000027","125410.32719999203","868071.7357000103","110526.26449998934","852191.4079999842","Experiment","0","0","0","17","1920","Diskussionen.","53","25","289"
"<AN>Frauen</AN>","C6","<RN>Pfleger*innen</RN>","undefined","undefined","True","53","4","<AN>Frauen</AN>","132","-222.0","-90.0","61.0","114.0","undefined","undefined","#232323","1620","psycho","True","diskutiert","psycho","psycho","undefined","undefined","undefined","0","0","0","0","0","98","0","98","0","0","98","98","98","0","98","0","50","-810.0","-270.5","6","249.0","57.775325070829346","Sun Aug  9 10:50:53 2026","The main experiment item","False","Im Rahmen einer Gesprächsrunde im Gesundheitswesen wird derzeit über aktuelle gesellschaftliche Herausforderungen diskutiert. Die <RN>Pfleger*innen</RN> verdienen bessere Arbeitsbedingungen und benötigen mehr Unterstützung, doch diese <AN>Frauen</AN> fühlen sich politisch nicht ausreichend unterstützt. Die nächsten Schritte werden derzeit kontrovers diskutiert.","experiment.osexp","D:\ET_course_project_gender-bias\experiment","False","mono","False","39","no","white","no","yes","1080","2","space","psycho","295.0","3.0","117","5","98","98","D:\ET_course_project_gender-bias\experiment\subject-11.csv","150","psycho","an_found","Neonatal Nightingale","4.1.14","-293.0","295.0","2","0","space","NA","space","space","space","14100.186399999075","NA","14827.950900013093","14100.186399999075","True","53","3","<RN>Pfleger*innen</RN>","294","-810.0","-516.0","-56.0","-3.0","2","psycho","5","Im Rahmen einer Gesprächsrunde im Gesundheitswesen wird derzeit über aktuelle gesellschaftliche Herausforderungen diskutiert. Die <RN>Pflegekräfte</RN> verdienen bessere Arbeitsbedingungen und benötigen mehr Unterstützung, doch diese <AN>Männer</AN> fühlen sich politisch nicht ausreichend unterstützt. Die nächsten Schritte werden derzeit kontrovers diskutiert.","Im Rahmen einer Gesprächsrunde im Gesundheitswesen wird derzeit über aktuelle gesellschaftliche Herausforderungen diskutiert. Die <RN>Pflegekräfte</RN> verdienen bessere Arbeitsbedingungen und benötigen mehr Unterstützung, doch diese <AN>Männer</AN> fühlen sich politisch nicht ausreichend unterstützt. Die nächsten Schritte werden derzeit kontrovers diskutiert.","0","1024","2","48000","-16","53","4","132","-90.0","42.0","61.0","114.0","experiment","11","odd","868111.8947000068","-810.0","-290.0","NA","5086.726400011685","5087.057700002333","110531.57719998853","125360.06979999365","868100.5414999963","125410.29659999185","907077.1627000067","110329.02979999199","NA","907031.9243999838","892931.1467999942","868100.5888000072","125410.32719999203","868100.3568999877","110526.26449998934","892927.3733999871","Experiment","0","0","0","18","1920","diskutiert.","53","25","243"
"<AN>Männer</AN>","C1","<RN>Krankenpfleger</RN>","undefined","undefined","True","53","4","<AN>Frauen</AN>","132","-222.0","-90.0","61.0","114.0","undefined","undefined","#232323","1620","psycho","True","diskutiert","psycho","psycho","undefined","undefined","undefined","0","0","0","0","0","99","0","99","0","0","99","99","99","0","99","0","50","-810.0","-270.5","6","249.0","57.775325070829346","Sun Aug  9 10:50:53 2026","The main experiment item","False","Im Rahmen einer Gesprächsrunde im Gesundheitswesen wird derzeit über aktuelle gesellschaftliche Herausforderungen diskutiert. Die <RN>Pfleger*innen</RN> verdienen bessere Arbeitsbedingungen und benötigen mehr Unterstützung, doch diese <AN>Frauen</AN> fühlen sich politisch nicht ausreichend unterstützt. Die nächsten Schritte werden derzeit kontrovers diskutiert.","experiment.osexp","D:\ET_course_project_gender-bias\experiment","False","mono","False","39","no","white","no","yes","1080","16","space","psycho","295.0","3.0","117","4","99","99","D:\ET_course_project_gender-bias\experiment\subject-11.csv","150","psycho","an_found","Neonatal Nightingale","4.1.14","-293.0","295.0","2","0","space","NA","space","space","space","14100.186399999075","NA","14827.950900013093","14100.186399999075","True","53","3","<RN>Pfleger*innen</RN>","294","-810.0","-516.0","-56.0","-3.0","2","psycho","5","Im Rahmen einer Gesprächsrunde im Gesundheitswesen wird derzeit über aktuelle gesellschaftliche Herausforderungen diskutiert. Die <RN>Pflegekräfte</RN> verdienen bessere Arbeitsbedingungen und benötigen mehr Unterstützung, doch diese <AN>Männer</AN> fühlen sich politisch nicht ausreichend unterstützt. Die nächsten Schritte werden derzeit kontrovers diskutiert.","Bei einer Informationsveranstaltung im Krankenhaus wird über aktuelle Impfreformen und deren Auswirkungen gesprochen. Die <RN>Krankenschwestern</RN> diskutieren über Langzeitfolgen von Corona und setzen sich für mehr Unterstützung ein, doch diese <AN>Männer</AN> lehnen die Vorschläge ab. Die nächsten Schritte werden derzeit kontrovers diskutiert.","1","1024","2","48000","-16","53","4","132","-90.0","42.0","61.0","114.0","experiment","11","odd","868111.8947000068","-810.0","-290.0","NA","5086.726400011685","5087.057700002333","110531.57719998853","125360.06979999365","907105.3544000024","125410.29659999185","907105.4127000098","110329.02979999199","NA","907031.9243999838","892931.1467999942","868100.5888000072","125410.32719999203","907104.6302999894","110526.26449998934","892927.3733999871","Experiment","0","0","0","18","1920","diskutiert.","53","25","243"
"<AN>Männer</AN>","C1","<RN>Arbeitnehmer</RN>","undefined","undefined","True","53","4","<AN>Frauen</AN>","132","-222.0","-90.0","61.0","114.0","undefined","undefined","#232323","1620","psycho","True","diskutiert","psycho","psycho","undefined","undefined","undefined","0","0","0","0","0","100","0","100","0","0","100","100","100","0","100","0","50","-810.0","-270.5","6","249.0","57.775325070829346","Sun Aug  9 10:50:53 2026","The main experiment item","False","Im Rahmen einer Gesprächsrunde im Gesundheitswesen wird derzeit über aktuelle gesellschaftliche Herausforderungen diskutiert. Die <RN>Pfleger*innen</RN> verdienen bessere Arbeitsbedingungen und benötigen mehr Unterstützung, doch diese <AN>Frauen</AN> fühlen sich politisch nicht ausreichend unterstützt. Die nächsten Schritte werden derzeit kontrovers diskutiert.","experiment.osexp","D:\ET_course_project_gender-bias\experiment","False","mono","False","39","no","white","no","yes","1080","12","space","psycho","295.0","3.0","117","2","100","100","D:\ET_course_project_gender-bias\experiment\subject-11.csv","150","psycho","an_found","Neonatal Nightingale","4.1.14","-293.0","295.0","2","0","space","NA","space","space","space","14100.186399999075","NA","14827.950900013093","14100.186399999075","True","53","3","<RN>Pfleger*innen</RN>","294","-810.0","-516.0","-56.0","-3.0","2","psycho","5","Im Rahmen einer Gesprächsrunde im Gesundheitswesen wird derzeit über aktuelle gesellschaftliche Herausforderungen diskutiert. Die <RN>Pflegekräfte</RN> verdienen bessere Arbeitsbedingungen und benötigen mehr Unterstützung, doch diese <AN>Männer</AN> fühlen sich politisch nicht ausreichend unterstützt. Die nächsten Schritte werden derzeit kontrovers diskutiert.","Auf einer Gewerkschaftsveranstaltung wird derzeit über Löhne, Arbeitsbedingungen und Arbeitnehmerrechte diskutiert. Die <RN>Beschäftigten</RN> fordern bessere Bezahlung und faire Arbeitsbedingungen, doch diese diskussionsfreudigen <AN>Frauen</AN> sehen vor allem strukturelle Probleme. Die kommenden Entwicklungen sind weiterhin Gegenstand von Diskussionen.","1","1024","2","48000","-16","53","4","132","-90.0","42.0","61.0","114.0","experiment","11","odd","868111.8947000068","-810.0","-290.0","NA","5086.726400011685","5087.057700002333","110531.57719998853","125360.06979999365","907132.7163999958","125410.29659999185","907132.7611999877","110329.02979999199","NA","907031.9243999838","892931.1467999942","868100.5888000072","125410.32719999203","907132.4900999898","110526.26449998934","892927.3733999871","Experiment","0","0","0","18","1920","diskutiert.","53","25","243"
"<AN>Frauen</AN>","C4","<RN>Ingenieurinnen</RN>","undefined","undefined","True","53","4","<AN>Frauen</AN>","132","-222.0","-90.0","61.0","114.0","undefined","undefined","#232323","1620","psycho","True","diskutiert","psycho","psycho","undefined","undefined","undefined","0","0","0","0","0","101","0","101","0","0","101","101","101","0","101","0","50","-810.0","-270.5","6","249.0","57.775325070829346","Sun Aug  9 10:50:53 2026","The main experiment item","False","Im Rahmen einer Gesprächsrunde im Gesundheitswesen wird derzeit über aktuelle gesellschaftliche Herausforderungen diskutiert. Die <RN>Pfleger*innen</RN> verdienen bessere Arbeitsbedingungen und benötigen mehr Unterstützung, doch diese <AN>Frauen</AN> fühlen sich politisch nicht ausreichend unterstützt. Die nächsten Schritte werden derzeit kontrovers diskutiert.","experiment.osexp","D:\ET_course_project_gender-bias\experiment","False","mono","False","39","no","white","no","yes","1080","3","space","psycho","295.0","3.0","117","2","101","101","D:\ET_course_project_gender-bias\experiment\subject-11.csv","150","psycho","an_found","Neonatal Nightingale","4.1.14","-293.0","295.0","2","0","space","NA","space","space","space","14100.186399999075","NA","14827.950900013093","14100.186399999075","True","53","3","<RN>Pfleger*innen</RN>","294","-810.0","-516.0","-56.0","-3.0","2","psycho","5","Im Rahmen einer Gesprächsrunde im Gesundheitswesen wird derzeit über aktuelle gesellschaftliche Herausforderungen diskutiert. Die <RN>Pflegekräfte</RN> verdienen bessere Arbeitsbedingungen und benötigen mehr Unterstützung, doch diese <AN>Männer</AN> fühlen sich politisch nicht ausreichend unterstützt. Die nächsten Schritte werden derzeit kontrovers diskutiert.","Auf einer wissenschaftlichen Konferenz zu technischen Zukunftsfragen werden derzeit aktuelle gesellschaftliche Themen erörtert. Die <RN>Ingenieur*innen</RN> kritisieren die Energiewende und stehen vor Herausforderungen, doch diese <AN>Frauen</AN> lehnen zusätzliche Investitionen ab. Über die Konsequenzen wird weiterhin intensiv gestritten.","1","1024","2","48000","-16","53","4","132","-90.0","42.0","61.0","114.0","experiment","11","odd","868111.8947000068","-810.0","-290.0","NA","5086.726400011685","5087.057700002333","110531.57719998853","125360.06979999365","907160.1659999869","125410.29659999185","907160.2036000113","110329.02979999199","NA","907031.9243999838","892931.1467999942","868100.5888000072","125410.32719999203","907159.9905999901","110526.26449998934","892927.3733999871","Experiment","0","0","0","18","1920","diskutiert.","53","25","243"
"<AN>Frauen</AN>","C6","<RN>Krankenpfleger*innen</RN>","undefined","undefined","True","53","4","<AN>Frauen</AN>","132","-222.0","-90.0","61.0","114.0","undefined","undefined","#232323","1620","psycho","True","diskutiert","psycho","psycho","undefined","undefined","undefined","0","0","0","0","0","102","0","102","0","0","102","102","102","0","102","0","50","-810.0","-270.5","6","249.0","57.775325070829346","Sun Aug  9 10:50:53 2026","The main experiment item","False","Im Rahmen einer Gesprächsrunde im Gesundheitswesen wird derzeit über aktuelle gesellschaftliche Herausforderungen diskutiert. Die <RN>Pfleger*innen</RN> verdienen bessere Arbeitsbedingungen und benötigen mehr Unterstützung, doch diese <AN>Frauen</AN> fühlen sich politisch nicht ausreichend unterstützt. Die nächsten Schritte werden derzeit kontrovers diskutiert.","experiment.osexp","D:\ET_course_project_gender-bias\experiment","False","mono","False","39","no","white","no","yes","1080","16","space","psycho","295.0","3.0","117","3","102","102","D:\ET_course_project_gender-bias\experiment\subject-11.csv","150","psycho","an_found","Neonatal Nightingale","4.1.14","-293.0","295.0","2","0","space","NA","space","space","space","14100.186399999075","NA","14827.950900013093","14100.186399999075","True","53","3","<RN>Pfleger*innen</RN>","294","-810.0","-516.0","-56.0","-3.0","2","psycho","5","Im Rahmen einer Gesprächsrunde im Gesundheitswesen wird derzeit über aktuelle gesellschaftliche Herausforderungen diskutiert. Die <RN>Pflegekräfte</RN> verdienen bessere Arbeitsbedingungen und benötigen mehr Unterstützung, doch diese <AN>Männer</AN> fühlen sich politisch nicht ausreichend unterstützt. Die nächsten Schritte werden derzeit kontrovers diskutiert.","Bei einer Informationsveranstaltung im Krankenhaus wird über aktuelle Impfreformen und deren Auswirkungen gesprochen. Die <RN>Krankenschwestern</RN> diskutieren über Long Covid und setzen sich für mehr Unterstützung ein, doch diese <AN>Männer</AN> lehnen die Vorschläge ab. Die nächsten Schritte werden derzeit kontrovers diskutiert.","1","1024","2","48000","-16","53","4","132","-90.0","42.0","61.0","114.0","experiment","11","odd","868111.8947000068","-810.0","-290.0","NA","5086.726400011685","5087.057700002333","110531.57719998853","125360.06979999365","907185.9636000008","125410.29659999185","907186.0046999936","110329.02979999199","NA","907031.9243999838","892931.1467999942","868100.5888000072","125410.32719999203","907185.7791999937","110526.26449998934","892927.3733999871","Experiment","0","0","0","18","1920","diskutiert.","53","25","243"
"<AN>Frauen</AN>","C2","<RN>Einwohner</RN>","undefined","undefined","True","53","4","<AN>Frauen</AN>","132","-222.0","-90.0","61.0","114.0","undefined","undefined","#232323","1620","psycho","True","diskutiert","psycho","psycho","undefined","undefined","undefined","0","0","0","0","0","103","0","103","0","0","103","103","103","0","103","0","50","-810.0","-270.5","6","249.0","57.775325070829346","Sun Aug  9 10:50:53 2026","The main experiment item","False","Im Rahmen einer Gesprächsrunde im Gesundheitswesen wird derzeit über aktuelle gesellschaftliche Herausforderungen diskutiert. Die <RN>Pfleger*innen</RN> verdienen bessere Arbeitsbedingungen und benötigen mehr Unterstützung, doch diese <AN>Frauen</AN> fühlen sich politisch nicht ausreichend unterstützt. Die nächsten Schritte werden derzeit kontrovers diskutiert.","experiment.osexp","D:\ET_course_project_gender-bias\experiment","False","mono","False","39","no","white","no","yes","1080","13","space","psycho","295.0","3.0","117","2","103","103","D:\ET_course_project_gender-bias\experiment\subject-11.csv","150","psycho","an_found","Neonatal Nightingale","4.1.14","-293.0","295.0","2","0","space","NA","space","space","space","14100.186399999075","NA","14827.950900013093","14100.186399999075","True","53","3","<RN>Pfleger*innen</RN>","294","-810.0","-516.0","-56.0","-3.0","2","psycho","5","Im Rahmen einer Gesprächsrunde im Gesundheitswesen wird derzeit über aktuelle gesellschaftliche Herausforderungen diskutiert. Die <RN>Pflegekräfte</RN> verdienen bessere Arbeitsbedingungen und benötigen mehr Unterstützung, doch diese <AN>Männer</AN> fühlen sich politisch nicht ausreichend unterstützt. Die nächsten Schritte werden derzeit kontrovers diskutiert.","Im Rahmen einer öffentlichen Veranstaltung wird über Sicherheit, gesellschaftlichen Zusammenhalt und politische Reformen gesprochen. Die <RN>Bürgerinnen</RN> wünschen sich mehr Sicherheit und verlässliche Perspektiven, doch diese Gruppe von <AN>Frauen</AN> sieht Reformbedarf im System. Die weitere Entwicklung bleibt Gegenstand öffentlicher Debatten.","1","1024","2","48000","-16","53","4","132","-90.0","42.0","61.0","114.0","experiment","11","odd","868111.8947000068","-810.0","-290.0","NA","5086.726400011685","5087.057700002333","110531.57719998853","125360.06979999365","907212.8623999888","125410.29659999185","907212.9030000069","110329.02979999199","NA","907031.9243999838","892931.1467999942","868100.5888000072","125410.32719999203","907212.755799992","110526.26449998934","892927.3733999871","Experiment","0","0","0","18","1920","diskutiert.","53","25","243"
"<AN>Frauen</AN>","C6","<RN>Ingenieur*innen</RN>","undefined","undefined","True","53","4","<AN>Frauen</AN>","132","-222.0","-90.0","61.0","114.0","undefined","undefined","#232323","1620","psycho","True","diskutiert","psycho","psycho","undefined","undefined","undefined","0","0","0","0","0","104","0","104","0","0","104","104","104","0","104","0","50","-810.0","-270.5","6","249.0","57.775325070829346","Sun Aug  9 10:50:53 2026","The main experiment item","False","Im Rahmen einer Gesprächsrunde im Gesundheitswesen wird derzeit über aktuelle gesellschaftliche Herausforderungen diskutiert. Die <RN>Pfleger*innen</RN> verdienen bessere Arbeitsbedingungen und benötigen mehr Unterstützung, doch diese <AN>Frauen</AN> fühlen sich politisch nicht ausreichend unterstützt. Die nächsten Schritte werden derzeit kontrovers diskutiert.","experiment.osexp","D:\ET_course_project_gender-bias\experiment","False","mono","False","39","no","white","no","yes","1080","3","space","psycho","295.0","3.0","117","4","104","104","D:\ET_course_project_gender-bias\experiment\subject-11.csv","150","psycho","an_found","Neonatal Nightingale","4.1.14","-293.0","295.0","2","0","space","NA","space","space","space","14100.186399999075","NA","14827.950900013093","14100.186399999075","True","53","3","<RN>Pfleger*innen</RN>","294","-810.0","-516.0","-56.0","-3.0","2","psycho","5","Im Rahmen einer Gesprächsrunde im Gesundheitswesen wird derzeit über aktuelle gesellschaftliche Herausforderungen diskutiert. Die <RN>Pflegekräfte</RN> verdienen bessere Arbeitsbedingungen und benötigen mehr Unterstützung, doch diese <AN>Männer</AN> fühlen sich politisch nicht ausreichend unterstützt. Die nächsten Schritte werden derzeit kontrovers diskutiert.","Auf einer wissenschaftlichen Konferenz zu technischen Zukunftsfragen werden derzeit aktuelle gesellschaftliche Themen erörtert. Die <RN>Ingenieur*innen</RN> kritisieren die Energiewende und stehen vor Herausforderungen, doch diese <AN>Frauen</AN> lehnen zusätzliche Investitionen ab. Über die Konsequenzen wird weiterhin intensiv gestritten.","1","1024","2","48000","-16","53","4","132","-90.0","42.0","61.0","114.0","experiment","11","odd","868111.8947000068","-810.0","-290.0","NA","5086.726400011685","5087.057700002333","110531.57719998853","125360.06979999365","907240.4179000005","125410.29659999185","907240.4630999954","110329.02979999199","NA","907031.9243999838","892931.1467999942","868100.5888000072","125410.32719999203","907240.2552999847","110526.26449998934","892927.3733999871","Experiment","0","0","0","18","1920","diskutiert.","53","25","243"
"<AN>Männer</AN>","C3","<RN>Unternehmerinnen</RN>","undefined","undefined","True","53","4","<AN>Frauen</AN>","132","-222.0","-90.0","61.0","114.0","undefined","undefined","#232323","1620","psycho","True","diskutiert","psycho","psycho","undefined","undefined","undefined","0","0","0","0","0","105","0","105","0","0","105","105","105","0","105","0","50","-810.0","-270.5","6","249.0","57.775325070829346","Sun Aug  9 10:50:53 2026","The main experiment item","False","Im Rahmen einer Gesprächsrunde im Gesundheitswesen wird derzeit über aktuelle gesellschaftliche Herausforderungen diskutiert. Die <RN>Pfleger*innen</RN> verdienen bessere Arbeitsbedingungen und benötigen mehr Unterstützung, doch diese <AN>Frauen</AN> fühlen sich politisch nicht ausreichend unterstützt. Die nächsten Schritte werden derzeit kontrovers diskutiert.","experiment.osexp","D:\ET_course_project_gender-bias\experiment","False","mono","False","39","no","white","no","yes","1080","4","space","psycho","295.0","3.0","117","6","105","105","D:\ET_course_project_gender-bias\experiment\subject-11.csv","150","psycho","an_found","Neonatal Nightingale","4.1.14","-293.0","295.0","2","0","space","NA","space","space","space","14100.186399999075","NA","14827.950900013093","14100.186399999075","True","53","3","<RN>Pfleger*innen</RN>","294","-810.0","-516.0","-56.0","-3.0","2","psycho","5","Im Rahmen einer Gesprächsrunde im Gesundheitswesen wird derzeit über aktuelle gesellschaftliche Herausforderungen diskutiert. Die <RN>Pflegekräfte</RN> verdienen bessere Arbeitsbedingungen und benötigen mehr Unterstützung, doch diese <AN>Männer</AN> fühlen sich politisch nicht ausreichend unterstützt. Die nächsten Schritte werden derzeit kontrovers diskutiert.","Bei einem Networking-Event stehen wirtschaftspolitische und gesellschaftliche Fragestellungen im Mittelpunkt der Diskussion. Die <RN>Unternehmer</RN> brauchen weniger bürokratische Hürden und sprechen über Verbesserungen, doch diese <AN>Männer</AN> fordern weitere steuerliche Entlastungen. Die Folgen dieser Positionen bleiben umstritten.","1","1024","2","48000","-16","53","4","132","-90.0","42.0","61.0","114.0","experiment","11","odd","868111.8947000068","-810.0","-290.0","NA","5086.726400011685","5087.057700002333","110531.57719998853","125360.06979999365","907267.286199989","125410.29659999185","907267.339699989","110329.02979999199","NA","907031.9243999838","892931.1467999942","868100.5888000072","125410.32719999203","907267.0727999939","110526.26449998934","892927.3733999871","Experiment","0","0","0","18","1920","diskutiert.","53","25","243"
"<AN>Frauen</AN>","C2","<RN>Ingenieure</RN>","undefined","undefined","True","53","4","<AN>Frauen</AN>","132","-222.0","-90.0","61.0","114.0","undefined","undefined","#232323","1620","psycho","True","diskutiert","psycho","psycho","undefined","undefined","undefined","0","0","0","0","0","106","0","106","0","0","106","106","106","0","106","0","50","-810.0","-270.5","6","249.0","57.775325070829346","Sun Aug  9 10:50:53 2026","The main experiment item","False","Im Rahmen einer Gesprächsrunde im Gesundheitswesen wird derzeit über aktuelle gesellschaftliche Herausforderungen diskutiert. Die <RN>Pfleger*innen</RN> verdienen bessere Arbeitsbedingungen und benötigen mehr Unterstützung, doch diese <AN>Frauen</AN> fühlen sich politisch nicht ausreichend unterstützt. Die nächsten Schritte werden derzeit kontrovers diskutiert.","experiment.osexp","D:\ET_course_project_gender-bias\experiment","False","mono","False","39","no","white","no","yes","1080","3","space","psycho","295.0","3.0","117","6","106","106","D:\ET_course_project_gender-bias\experiment\subject-11.csv","150","psycho","an_found","Neonatal Nightingale","4.1.14","-293.0","295.0","2","0","space","NA","space","space","space","14100.186399999075","NA","14827.950900013093","14100.186399999075","True","53","3","<RN>Pfleger*innen</RN>","294","-810.0","-516.0","-56.0","-3.0","2","psycho","5","Im Rahmen einer Gesprächsrunde im Gesundheitswesen wird derzeit über aktuelle gesellschaftliche Herausforderungen diskutiert. Die <RN>Pflegekräfte</RN> verdienen bessere Arbeitsbedingungen und benötigen mehr Unterstützung, doch diese <AN>Männer</AN> fühlen sich politisch nicht ausreichend unterstützt. Die nächsten Schritte werden derzeit kontrovers diskutiert.","Auf einer wissenschaftlichen Konferenz zu technischen Zukunftsfragen werden derzeit aktuelle gesellschaftliche Themen erörtert. Die <RN>Ingenieur*innen</RN> spielen eine zentrale Rolle bei der Energiewende und stehen vor Herausforderungen, doch diese <AN>Frauen</AN> lehnen zusätzliche Investitionen ab. Über die Konsequenzen wird weiterhin intensiv gestritten.","1","1024","2","48000","-16","53","4","132","-90.0","42.0","61.0","114.0","experiment","11","odd","868111.8947000068","-810.0","-290.0","NA","5086.726400011685","5087.057700002333","110531.57719998853","125360.06979999365","907295.397799986","125410.29659999185","907295.455799991","110329.02979999199","NA","907031.9243999838","892931.1467999942","868100.5888000072","125410.32719999203","907295.1427999942","110526.26449998934","892927.3733999871","Experiment","0","0","0","18","1920","diskutiert.","53","25","243"
"<AN>Männer</AN>","C1","<RN>Einwohner</RN>","undefined","undefined","True","53","4","<AN>Frauen</AN>","132","-222.0","-90.0","61.0","114.0","undefined","undefined","#232323","1620","psycho","True","diskutiert","psycho","psycho","undefined","undefined","undefined","0","0","0","0","0","107","0","107","0","0","107","107","107","0","107","0","50","-810.0","-270.5","6","249.0","57.775325070829346","Sun Aug  9 10:50:53 2026","The main experiment item","False","Im Rahmen einer Gesprächsrunde im Gesundheitswesen wird derzeit über aktuelle gesellschaftliche Herausforderungen diskutiert. Die <RN>Pfleger*innen</RN> verdienen bessere Arbeitsbedingungen und benötigen mehr Unterstützung, doch diese <AN>Frauen</AN> fühlen sich politisch nicht ausreichend unterstützt. Die nächsten Schritte werden derzeit kontrovers diskutiert.","experiment.osexp","D:\ET_course_project_gender-bias\experiment","False","mono","False","39","no","white","no","yes","1080","8","space","psycho","295.0","3.0","117","6","107","107","D:\ET_course_project_gender-bias\experiment\subject-11.csv","150","psycho","an_found","Neonatal Nightingale","4.1.14","-293.0","295.0","2","0","space","NA","space","space","space","14100.186399999075","NA","14827.950900013093","14100.186399999075","True","53","3","<RN>Pfleger*innen</RN>","294","-810.0","-516.0","-56.0","-3.0","2","psycho","5","Im Rahmen einer Gesprächsrunde im Gesundheitswesen wird derzeit über aktuelle gesellschaftliche Herausforderungen diskutiert. Die <RN>Pflegekräfte</RN> verdienen bessere Arbeitsbedingungen und benötigen mehr Unterstützung, doch diese <AN>Männer</AN> fühlen sich politisch nicht ausreichend unterstützt. Die nächsten Schritte werden derzeit kontrovers diskutiert.","Im Rahmen einer öffentlichen Veranstaltung wird derzeit über Fragen der inneren Sicherheit und gesellschaftliche Entwicklungen gesprochen. Die <RN>Bürger</RN> diskutieren über Fragen der inneren Sicherheit bezüglich der aktuellen Krise, doch diese <AN>Männer</AN> fordern härtere Maßnahmen. Die weiteren Maßnahmen stoßen auf geteilte Reaktionen.","1","1024","2","48000","-16","53","4","132","-90.0","42.0","61.0","114.0","experiment","11","odd","868111.8947000068","-810.0","-290.0","NA","5086.726400011685","5087.057700002333","110531.57719998853","125360.06979999365","907322.0227999846","125410.29659999185","907322.0610999851","110329.02979999199","NA","907031.9243999838","892931.1467999942","868100.5888000072","125410.32719999203","907321.8482999946","110526.26449998934","892927.3733999871","Experiment","0","0","0","18","1920","diskutiert.","53","25","243"
