"AN","Code","RN","acc","accuracy","an_found","an_height","an_line","an_text","an_width","an_x1","an_x2","an_y1","an_y2","average_response_time","avg_rt","background","box_width","canvas_backend","central_fixation","clean_word","clock_backend","color_backend","correct","correct_instruction","correct_question_sketchpad","count_ending_sketchpad","count_experiment","count_eyetracker_calibration","count_instruction","count_instruction_pygaze_log","count_list_filter","count_liste_auswahl","count_logger","count_pygaze_start_recording","count_pygaze_stop_recording","count_question_pygaze_log","count_question_sketchpad","count_sentence_script","count_trial_loop","count_trial_sequence","count_var_init_inline_script","cross_size","cross_x","cross_y","current_line","current_line_width","d","datetime","description","disable_garbage_collection","display_sentence","experiment_file","experiment_path","font_bold","font_family","font_italic","font_size","font_underline","foreground","form_clicks","fullscreen","height","item","key","keyboard_backend","last_line_y","line_height_factor","line_spacing","list","live_row","live_row_trial_loop","logfile","margin","mouse_backend","name","opensesame_codename","opensesame_version","position_x","position_y","psychopy_screen","repeat_cycle","response","response_ending_sketchpad","response_instruction","response_key","response_question_sketchpad","response_time","response_time_ending_sketchpad","response_time_instruction","response_time_question_sketchpad","rn_found","rn_height","rn_line","rn_text","rn_width","rn_x1","rn_x2","rn_y1","rn_y2","round_decimals","sampler_backend","selected_list","sentence","sentence_text","skip_trial","sound_buf_size","sound_channels","sound_freq","sound_sample_size","spill_height","spill_line","spill_width","spill_x1","spill_x2","spill_y1","spill_y2","start","subject_nr","subject_parity","t0","text_start_x","text_start_y","time_ending_sketchpad","time_experiment","time_eyetracker_calibration","time_instruction","time_instruction_pygaze_log","time_list_filter","time_liste_auswahl","time_logger","time_pygaze_start_recording","time_pygaze_stop_recording","time_question_pygaze_log","time_question_sketchpad","time_sentence_script","time_trial_loop","time_trial_sequence","time_var_init_inline_script","timestamp","title","total_correct","total_response_time","total_responses","trial_counter","width","word","word_height","word_spacing","word_width"
"<AN>Frauen</AN>","C4","<RN>Pflegerinnen</RN>","undefined","undefined","True","53","4","<AN>Frauen</AN>","132","-222.0","-90.0","61.0","114.0","undefined","undefined","#232323","1620","psycho","True","diskutiert","psycho","psycho","undefined","undefined","undefined","0","0","0","0","0","0","0","0","0","0","0","0","0","0","0","0","50","-810.0","-270.5","6","249.0","50.48749673810339","Sun Aug  9 09:43:58 2026","The main experiment item","False","Im Rahmen einer Gesprächsrunde im Gesundheitswesen wird derzeit über aktuelle gesellschaftliche Herausforderungen diskutiert. Die <RN>Pflegerinnen</RN> verdienen bessere Arbeitsbedingungen und benötigen mehr Unterstützung, doch diese <AN>Frauen</AN> fühlen sich politisch nicht ausreichend unterstützt. Die nächsten Schritte werden derzeit kontrovers diskutiert.","experiment.osexp","D:\ET_course_project_gender-bias\experiment","False","mono","False","39","no","white","no","yes","1080","2","space","psycho","295.0","3.0","117","3","0","0","D:\ET_course_project_gender-bias\experiment\subject-9.csv","150","psycho","an_found","Neonatal Nightingale","4.1.14","-293.0","295.0","2","0","space","NA","space","space","space","26907.8584999952","NA","7817.446100001689","26907.8584999952","True","53","3","<RN>Pflegerinnen</RN>","271","-810.0","-539.0","-56.0","-3.0","2","psycho","3","Im Rahmen einer Gesprächsrunde im Gesundheitswesen wird derzeit über aktuelle gesellschaftliche Herausforderungen diskutiert. Die <RN>Pflegekräfte</RN> verdienen bessere Arbeitsbedingungen und benötigen mehr Unterstützung, doch diese <AN>Männer</AN> fühlen sich politisch nicht ausreichend unterstützt. Die nächsten Schritte werden derzeit kontrovers diskutiert.","Im Rahmen einer Gesprächsrunde im Gesundheitswesen wird derzeit über aktuelle gesellschaftliche Herausforderungen diskutiert. Die <RN>Pflegekräfte</RN> verdienen bessere Arbeitsbedingungen und benötigen mehr Unterstützung, doch diese <AN>Männer</AN> fühlen sich politisch nicht ausreichend unterstützt. Die nächsten Schritte werden derzeit kontrovers diskutiert.","0","1024","2","48000","-16","53","4","132","-90.0","42.0","61.0","114.0","experiment","9","odd","43541.86179998214","-810.0","-290.0","NA","4261.814299999969","4262.242799974047","35626.78279998363","43444.81759998598","43523.441799974535","43496.23709998559","87407.20979997423","35429.388499993365","NA","87356.94599998533","60448.304499994265","43523.48729997175","43496.26989997341","43523.237799992785","35620.54669999634","60444.24329997855","Experiment","0","0","0","1","1920","diskutiert.","53","25","243"
"<AN>Männer</AN>","C5","<RN>Lehrer*innen</RN>","undefined","undefined","True","53","4","<AN>Frauen</AN>","132","-222.0","-90.0","61.0","114.0","undefined","undefined","#232323","1620","psycho","True","diskutiert","psycho","psycho","undefined","undefined","undefined","0","0","0","0","0","1","0","1","0","0","1","1","1","0","1","0","50","-810.0","-270.5","6","249.0","50.48749673810339","Sun Aug  9 09:43:58 2026","The main experiment item","False","Im Rahmen einer Gesprächsrunde im Gesundheitswesen wird derzeit über aktuelle gesellschaftliche Herausforderungen diskutiert. Die <RN>Pflegerinnen</RN> verdienen bessere Arbeitsbedingungen und benötigen mehr Unterstützung, doch diese <AN>Frauen</AN> fühlen sich politisch nicht ausreichend unterstützt. Die nächsten Schritte werden derzeit kontrovers diskutiert.","experiment.osexp","D:\ET_course_project_gender-bias\experiment","False","mono","False","39","no","white","no","yes","1080","6","space","psycho","295.0","3.0","117","6","1","1","D:\ET_course_project_gender-bias\experiment\subject-9.csv","150","psycho","an_found","Neonatal Nightingale","4.1.14","-293.0","295.0","2","0","space","NA","space","space","space","26907.8584999952","NA","7817.446100001689","26907.8584999952","True","53","3","<RN>Pflegerinnen</RN>","271","-810.0","-539.0","-56.0","-3.0","2","psycho","3","Im Rahmen einer Gesprächsrunde im Gesundheitswesen wird derzeit über aktuelle gesellschaftliche Herausforderungen diskutiert. Die <RN>Pflegekräfte</RN> verdienen bessere Arbeitsbedingungen und benötigen mehr Unterstützung, doch diese <AN>Männer</AN> fühlen sich politisch nicht ausreichend unterstützt. Die nächsten Schritte werden derzeit kontrovers diskutiert.","Auf einer Konferenz zu Bildungsfragen wird derzeit über aktuelle schulische Themen gesprochen. Die <RN>Lehrer</RN> sollen mehr auf Disziplin und Konsequenzen im Unterricht setzen, doch aus pädagogischen Gründen lehnen diese <AN>Frauen</AN> die Vorschläge ab. Die kommenden Entwicklungen sind weiterhin Gegenstand von Diskussionen.","1","1024","2","48000","-16","53","4","132","-90.0","42.0","61.0","114.0","experiment","9","odd","43541.86179998214","-810.0","-290.0","NA","4261.814299999969","4262.242799974047","35626.78279998363","43444.81759998598","87442.28949997341","43496.23709998559","87442.34239999787","35429.388499993365","NA","87356.94599998533","60448.304499994265","43523.48729997175","43496.26989997341","87441.96849997388","35620.54669999634","60444.24329997855","Experiment","0","0","0","1","1920","diskutiert.","53","25","243"
"<AN>Männer</AN>","C3","<RN>Einwohnerinnen</RN>","undefined","undefined","True","53","4","<AN>Frauen</AN>","132","-222.0","-90.0","61.0","114.0","undefined","undefined","#232323","1620","psycho","True","diskutiert","psycho","psycho","undefined","undefined","undefined","0","0","0","0","0","2","0","2","0","0","2","2","2","0","2","0","50","-810.0","-270.5","6","249.0","50.48749673810339","Sun Aug  9 09:43:58 2026","The main experiment item","False","Im Rahmen einer Gesprächsrunde im Gesundheitswesen wird derzeit über aktuelle gesellschaftliche Herausforderungen diskutiert. Die <RN>Pflegerinnen</RN> verdienen bessere Arbeitsbedingungen und benötigen mehr Unterstützung, doch diese <AN>Frauen</AN> fühlen sich politisch nicht ausreichend unterstützt. Die nächsten Schritte werden derzeit kontrovers diskutiert.","experiment.osexp","D:\ET_course_project_gender-bias\experiment","False","mono","False","39","no","white","no","yes","1080","8","space","psycho","295.0","3.0","117","2","2","2","D:\ET_course_project_gender-bias\experiment\subject-9.csv","150","psycho","an_found","Neonatal Nightingale","4.1.14","-293.0","295.0","2","0","space","NA","space","space","space","26907.8584999952","NA","7817.446100001689","26907.8584999952","True","53","3","<RN>Pflegerinnen</RN>","271","-810.0","-539.0","-56.0","-3.0","2","psycho","3","Im Rahmen einer Gesprächsrunde im Gesundheitswesen wird derzeit über aktuelle gesellschaftliche Herausforderungen diskutiert. Die <RN>Pflegekräfte</RN> verdienen bessere Arbeitsbedingungen und benötigen mehr Unterstützung, doch diese <AN>Männer</AN> fühlen sich politisch nicht ausreichend unterstützt. Die nächsten Schritte werden derzeit kontrovers diskutiert.","Im Rahmen einer öffentlichen Veranstaltung wird derzeit über Fragen der inneren Sicherheit und gesellschaftliche Entwicklungen gesprochen. Die <RN>Bürger</RN> diskutieren über Fragen der inneren Sicherheit bezüglich der aktuellen Krise, doch diese <AN>Männer</AN> fordern härtere Maßnahmen. Die weiteren Maßnahmen stoßen auf geteilte Reaktionen.","1","1024","2","48000","-16","53","4","132","-90.0","42.0","61.0","114.0","experiment","9","odd","43541.86179998214","-810.0","-290.0","NA","4261.814299999969","4262.242799974047","35626.78279998363","43444.81759998598","87469.10939997179","43496.23709998559","87469.16089998558","35429.388499993365","NA","87356.94599998533","60448.304499994265","43523.48729997175","43496.26989997341","87468.63879999728","35620.54669999634","60444.24329997855","Experiment","0","0","0","1","1920","diskutiert.","53","25","243"
"<AN>Frauen</AN>","C6","<RN>Student*innen</RN>","undefined","undefined","True","53","4","<AN>Frauen</AN>","132","-222.0","-90.0","61.0","114.0","undefined","undefined","#232323","1620","psycho","True","diskutiert","psycho","psycho","undefined","undefined","undefined","0","0","0","0","0","3","0","3","0","0","3","3","3","0","3","0","50","-810.0","-270.5","6","249.0","50.48749673810339","Sun Aug  9 09:43:58 2026","The main experiment item","False","Im Rahmen einer Gesprächsrunde im Gesundheitswesen wird derzeit über aktuelle gesellschaftliche Herausforderungen diskutiert. Die <RN>Pflegerinnen</RN> verdienen bessere Arbeitsbedingungen und benötigen mehr Unterstützung, doch diese <AN>Frauen</AN> fühlen sich politisch nicht ausreichend unterstützt. Die nächsten Schritte werden derzeit kontrovers diskutiert.","experiment.osexp","D:\ET_course_project_gender-bias\experiment","False","mono","False","39","no","white","no","yes","1080","1","space","psycho","295.0","3.0","117","6","3","3","D:\ET_course_project_gender-bias\experiment\subject-9.csv","150","psycho","an_found","Neonatal Nightingale","4.1.14","-293.0","295.0","2","0","space","NA","space","space","space","26907.8584999952","NA","7817.446100001689","26907.8584999952","True","53","3","<RN>Pflegerinnen</RN>","271","-810.0","-539.0","-56.0","-3.0","2","psycho","3","Im Rahmen einer Gesprächsrunde im Gesundheitswesen wird derzeit über aktuelle gesellschaftliche Herausforderungen diskutiert. Die <RN>Pflegekräfte</RN> verdienen bessere Arbeitsbedingungen und benötigen mehr Unterstützung, doch diese <AN>Männer</AN> fühlen sich politisch nicht ausreichend unterstützt. Die nächsten Schritte werden derzeit kontrovers diskutiert.","Bei einer Podiumsdiskussion an der Universität wird über aktuelle gesellschaftliche Themen gesprochen. Die <RN>Studenten</RN> müssten wieder stärker leistungsorientiert gefördert werden, doch die Mehrheit dieser dort teilnehmenden <AN>Frauen</AN> kritisiert die neuen Anforderungen. Die weitere Entwicklung bleibt Gegenstand öffentlicher Debatten.","1","1024","2","48000","-16","53","4","132","-90.0","42.0","61.0","114.0","experiment","9","odd","43541.86179998214","-810.0","-290.0","NA","4261.814299999969","4262.242799974047","35626.78279998363","43444.81759998598","87501.51489998098","43496.23709998559","87501.56179998885","35429.388499993365","NA","87356.94599998533","60448.304499994265","43523.48729997175","43496.26989997341","87501.3357999851","35620.54669999634","60444.24329997855","Experiment","0","0","0","1","1920","diskutiert.","53","25","243"
"<AN>Frauen</AN>","C4","<RN>Lehrerinnen</RN>","undefined","undefined","True","53","4","<AN>Frauen</AN>","132","-222.0","-90.0","61.0","114.0","undefined","undefined","#232323","1620","psycho","True","diskutiert","psycho","psycho","undefined","undefined","undefined","0","0","0","0","0","4","0","4","0","0","4","4","4","0","4","0","50","-810.0","-270.5","6","249.0","50.48749673810339","Sun Aug  9 09:43:58 2026","The main experiment item","False","Im Rahmen einer Gesprächsrunde im Gesundheitswesen wird derzeit über aktuelle gesellschaftliche Herausforderungen diskutiert. Die <RN>Pflegerinnen</RN> verdienen bessere Arbeitsbedingungen und benötigen mehr Unterstützung, doch diese <AN>Frauen</AN> fühlen sich politisch nicht ausreichend unterstützt. Die nächsten Schritte werden derzeit kontrovers diskutiert.","experiment.osexp","D:\ET_course_project_gender-bias\experiment","False","mono","False","39","no","white","no","yes","1080","6","space","psycho","295.0","3.0","117","5","4","4","D:\ET_course_project_gender-bias\experiment\subject-9.csv","150","psycho","an_found","Neonatal Nightingale","4.1.14","-293.0","295.0","2","0","space","NA","space","space","space","26907.8584999952","NA","7817.446100001689","26907.8584999952","True","53","3","<RN>Pflegerinnen</RN>","271","-810.0","-539.0","-56.0","-3.0","2","psycho","3","Im Rahmen einer Gesprächsrunde im Gesundheitswesen wird derzeit über aktuelle gesellschaftliche Herausforderungen diskutiert. Die <RN>Pflegekräfte</RN> verdienen bessere Arbeitsbedingungen und benötigen mehr Unterstützung, doch diese <AN>Männer</AN> fühlen sich politisch nicht ausreichend unterstützt. Die nächsten Schritte werden derzeit kontrovers diskutiert.","Auf einer Konferenz zu Bildungsfragen in Stuttgart wird derzeit über aktuelle schulische Themen gesprochen. Die <RN>Lehrer</RN> sollen mehr auf Disziplin und Konsequenzen im Unterricht setzen, doch aus pädagogischen Gründen lehnen diese <AN>Frauen</AN> die Vorschläge ab. Die kommenden Entwicklungen sind weiterhin Gegenstand von Diskussionen.","1","1024","2","48000","-16","53","4","132","-90.0","42.0","61.0","114.0","experiment","9","odd","43541.86179998214","-810.0","-290.0","NA","4261.814299999969","4262.242799974047","35626.78279998363","43444.81759998598","87527.36809998169","43496.23709998559","87527.4091999745","35429.388499993365","NA","87356.94599998533","60448.304499994265","43523.48729997175","43496.26989997341","87527.1752999979","35620.54669999634","60444.24329997855","Experiment","0","0","0","1","1920","diskutiert.","53","25","243"
"<AN>Frauen</AN>","C2","<RN>Experten</RN>","undefined","undefined","True","53","4","<AN>Frauen</AN>","132","-222.0","-90.0","61.0","114.0","undefined","undefined","#232323","1620","psycho","True","diskutiert","psycho","psycho","undefined","undefined","undefined","0","0","0","0","0","5","0","5","0","0","5","5","5","0","5","0","50","-810.0","-270.5","6","249.0","50.48749673810339","Sun Aug  9 09:43:58 2026","The main experiment item","False","Im Rahmen einer Gesprächsrunde im Gesundheitswesen wird derzeit über aktuelle gesellschaftliche Herausforderungen diskutiert. Die <RN>Pflegerinnen</RN> verdienen bessere Arbeitsbedingungen und benötigen mehr Unterstützung, doch diese <AN>Frauen</AN> fühlen sich politisch nicht ausreichend unterstützt. Die nächsten Schritte werden derzeit kontrovers diskutiert.","experiment.osexp","D:\ET_course_project_gender-bias\experiment","False","mono","False","39","no","white","no","yes","1080","10","space","psycho","295.0","3.0","117","5","5","5","D:\ET_course_project_gender-bias\experiment\subject-9.csv","150","psycho","an_found","Neonatal Nightingale","4.1.14","-293.0","295.0","2","0","space","NA","space","space","space","26907.8584999952","NA","7817.446100001689","26907.8584999952","True","53","3","<RN>Pflegerinnen</RN>","271","-810.0","-539.0","-56.0","-3.0","2","psycho","3","Im Rahmen einer Gesprächsrunde im Gesundheitswesen wird derzeit über aktuelle gesellschaftliche Herausforderungen diskutiert. Die <RN>Pflegekräfte</RN> verdienen bessere Arbeitsbedingungen und benötigen mehr Unterstützung, doch diese <AN>Männer</AN> fühlen sich politisch nicht ausreichend unterstützt. Die nächsten Schritte werden derzeit kontrovers diskutiert.","Im Rahmen einer universitären Veranstaltung werden aktuelle Fragestellungen der Rüstungsindustrie behandelt. Die große Mehrheit dieser <RN>Fachleute</RN> sehen eine stärkere Aufrüstung für Deutschland als notwendig, doch diese Gruppe von <AN>Frauen</AN> kritisiert dessen Finanzierung. Die Auswirkungen der Entscheidung werden noch geprüft.","1","1024","2","48000","-16","53","4","132","-90.0","42.0","61.0","114.0","experiment","9","odd","43541.86179998214","-810.0","-290.0","NA","4261.814299999969","4262.242799974047","35626.78279998363","43444.81759998598","87553.9063999895","43496.23709998559","87553.95019997377","35429.388499993365","NA","87356.94599998533","60448.304499994265","43523.48729997175","43496.26989997341","87553.6737999937","35620.54669999634","60444.24329997855","Experiment","0","0","0","1","1920","diskutiert.","53","25","243"
"<AN>Männer</AN>","C3","<RN>Aktivistinnen</RN>","undefined","undefined","True","53","4","<AN>Frauen</AN>","132","-222.0","-90.0","61.0","114.0","undefined","undefined","#232323","1620","psycho","True","diskutiert","psycho","psycho","undefined","undefined","undefined","0","0","0","0","0","6","0","6","0","0","6","6","6","0","6","0","50","-810.0","-270.5","6","249.0","50.48749673810339","Sun Aug  9 09:43:58 2026","The main experiment item","False","Im Rahmen einer Gesprächsrunde im Gesundheitswesen wird derzeit über aktuelle gesellschaftliche Herausforderungen diskutiert. Die <RN>Pflegerinnen</RN> verdienen bessere Arbeitsbedingungen und benötigen mehr Unterstützung, doch diese <AN>Frauen</AN> fühlen sich politisch nicht ausreichend unterstützt. Die nächsten Schritte werden derzeit kontrovers diskutiert.","experiment.osexp","D:\ET_course_project_gender-bias\experiment","False","mono","False","39","no","white","no","yes","1080","11","space","psycho","295.0","3.0","117","5","6","6","D:\ET_course_project_gender-bias\experiment\subject-9.csv","150","psycho","an_found","Neonatal Nightingale","4.1.14","-293.0","295.0","2","0","space","NA","space","space","space","26907.8584999952","NA","7817.446100001689","26907.8584999952","True","53","3","<RN>Pflegerinnen</RN>","271","-810.0","-539.0","-56.0","-3.0","2","psycho","3","Im Rahmen einer Gesprächsrunde im Gesundheitswesen wird derzeit über aktuelle gesellschaftliche Herausforderungen diskutiert. Die <RN>Pflegekräfte</RN> verdienen bessere Arbeitsbedingungen und benötigen mehr Unterstützung, doch diese <AN>Männer</AN> fühlen sich politisch nicht ausreichend unterstützt. Die nächsten Schritte werden derzeit kontrovers diskutiert.","Auf einer öffentlichen Veranstaltung werden aktuelle wohnungs- und gesellschaftspolitische Themen diskutiert. Die <RN>Aktivist*innen</RN> fordern mehr bezahlbaren Wohnraum in Stuttgart und diskutieren faire Lösungsansätze, doch diese <AN>Frauen</AN> sehen die Verantwortung stärker beim Bund. Die Auswirkungen der Entscheidung werden noch geprüft.","1","1024","2","48000","-16","53","4","132","-90.0","42.0","61.0","114.0","experiment","9","odd","43541.86179998214","-810.0","-290.0","NA","4261.814299999969","4262.242799974047","35626.78279998363","43444.81759998598","87580.71519999066","43496.23709998559","87580.75659998576","35429.388499993365","NA","87356.94599998533","60448.304499994265","43523.48729997175","43496.26989997341","87580.52219997626","35620.54669999634","60444.24329997855","Experiment","0","0","0","1","1920","diskutiert.","53","25","243"
"<AN>Männer</AN>","C1","<RN>Lehrer</RN>","undefined","undefined","True","53","4","<AN>Frauen</AN>","132","-222.0","-90.0","61.0","114.0","undefined","undefined","#232323","1620","psycho","True","diskutiert","psycho","psycho","undefined","undefined","undefined","0","0","0","0","0","7","0","7","0","0","7","7","7","0","7","0","50","-810.0","-270.5","6","249.0","50.48749673810339","Sun Aug  9 09:43:58 2026","The main experiment item","False","Im Rahmen einer Gesprächsrunde im Gesundheitswesen wird derzeit über aktuelle gesellschaftliche Herausforderungen diskutiert. Die <RN>Pflegerinnen</RN> verdienen bessere Arbeitsbedingungen und benötigen mehr Unterstützung, doch diese <AN>Frauen</AN> fühlen sich politisch nicht ausreichend unterstützt. Die nächsten Schritte werden derzeit kontrovers diskutiert.","experiment.osexp","D:\ET_course_project_gender-bias\experiment","False","mono","False","39","no","white","no","yes","1080","6","space","psycho","295.0","3.0","117","2","7","7","D:\ET_course_project_gender-bias\experiment\subject-9.csv","150","psycho","an_found","Neonatal Nightingale","4.1.14","-293.0","295.0","2","0","space","NA","space","space","space","26907.8584999952","NA","7817.446100001689","26907.8584999952","True","53","3","<RN>Pflegerinnen</RN>","271","-810.0","-539.0","-56.0","-3.0","2","psycho","3","Im Rahmen einer Gesprächsrunde im Gesundheitswesen wird derzeit über aktuelle gesellschaftliche Herausforderungen diskutiert. Die <RN>Pflegekräfte</RN> verdienen bessere Arbeitsbedingungen und benötigen mehr Unterstützung, doch diese <AN>Männer</AN> fühlen sich politisch nicht ausreichend unterstützt. Die nächsten Schritte werden derzeit kontrovers diskutiert.","Auf einer Konferenz zu Bildungsfragen in Stuttgart wird derzeit über aktuelle schulische Themen gesprochen. Die <RN>Lehrer</RN> sollen mehr auf Disziplin und Konsequenzen im Unterricht setzen, doch aus pädagogischen Gründen lehnen diese <AN>Frauen</AN> die Vorschläge ab. Die kommenden Entwicklungen sind weiterhin Gegenstand von Diskussionen.","1","1024","2","48000","-16","53","4","132","-90.0","42.0","61.0","114.0","experiment","9","odd","43541.86179998214","-810.0","-290.0","NA","4261.814299999969","4262.242799974047","35626.78279998363","43444.81759998598","87606.76369999419","43496.23709998559","87606.8003999826","35429.388499993365","NA","87356.94599998533","60448.304499994265","43523.48729997175","43496.26989997341","87606.65439997683","35620.54669999634","60444.24329997855","Experiment","0","0","0","1","1920","diskutiert.","53","25","243"
"<AN>Frauen</AN>","C2","<RN>Einwohner</RN>","undefined","undefined","True","53","4","<AN>Frauen</AN>","132","-222.0","-90.0","61.0","114.0","undefined","undefined","#232323","1620","psycho","True","diskutiert","psycho","psycho","undefined","undefined","undefined","0","0","0","0","0","8","0","8","0","0","8","8","8","0","8","0","50","-810.0","-270.5","6","249.0","50.48749673810339","Sun Aug  9 09:43:58 2026","The main experiment item","False","Im Rahmen einer Gesprächsrunde im Gesundheitswesen wird derzeit über aktuelle gesellschaftliche Herausforderungen diskutiert. Die <RN>Pflegerinnen</RN> verdienen bessere Arbeitsbedingungen und benötigen mehr Unterstützung, doch diese <AN>Frauen</AN> fühlen sich politisch nicht ausreichend unterstützt. Die nächsten Schritte werden derzeit kontrovers diskutiert.","experiment.osexp","D:\ET_course_project_gender-bias\experiment","False","mono","False","39","no","white","no","yes","1080","13","space","psycho","295.0","3.0","117","2","8","8","D:\ET_course_project_gender-bias\experiment\subject-9.csv","150","psycho","an_found","Neonatal Nightingale","4.1.14","-293.0","295.0","2","0","space","NA","space","space","space","26907.8584999952","NA","7817.446100001689","26907.8584999952","True","53","3","<RN>Pflegerinnen</RN>","271","-810.0","-539.0","-56.0","-3.0","2","psycho","3","Im Rahmen einer Gesprächsrunde im Gesundheitswesen wird derzeit über aktuelle gesellschaftliche Herausforderungen diskutiert. Die <RN>Pflegekräfte</RN> verdienen bessere Arbeitsbedingungen und benötigen mehr Unterstützung, doch diese <AN>Männer</AN> fühlen sich politisch nicht ausreichend unterstützt. Die nächsten Schritte werden derzeit kontrovers diskutiert.","Im Rahmen einer öffentlichen Veranstaltung wird über Sicherheit, gesellschaftlichen Zusammenhalt und politische Reformen gesprochen. Die <RN>Bürgerinnen</RN> wünschen sich mehr Sicherheit und verlässliche Perspektiven, doch diese Gruppe von <AN>Frauen</AN> sieht Reformbedarf im System. Die weitere Entwicklung bleibt Gegenstand öffentlicher Debatten.","1","1024","2","48000","-16","53","4","132","-90.0","42.0","61.0","114.0","experiment","9","odd","43541.86179998214","-810.0","-290.0","NA","4261.814299999969","4262.242799974047","35626.78279998363","43444.81759998598","87886.83949998813","43496.23709998559","87886.89249998424","35429.388499993365","NA","87356.94599998533","60448.304499994265","43523.48729997175","43496.26989997341","87886.57149998471","35620.54669999634","60444.24329997855","Experiment","0","0","0","1","1920","diskutiert.","53","25","243"
"<AN>Frauen</AN>","C4","<RN>Studentinnen</RN>","undefined","undefined","True","53","4","<AN>Frauen</AN>","132","-222.0","-90.0","61.0","114.0","undefined","undefined","#232323","1620","psycho","True","diskutiert","psycho","psycho","undefined","undefined","undefined","0","0","0","0","0","9","0","9","0","0","9","9","9","0","9","0","50","-810.0","-270.5","6","249.0","50.48749673810339","Sun Aug  9 09:43:58 2026","The main experiment item","False","Im Rahmen einer Gesprächsrunde im Gesundheitswesen wird derzeit über aktuelle gesellschaftliche Herausforderungen diskutiert. Die <RN>Pflegerinnen</RN> verdienen bessere Arbeitsbedingungen und benötigen mehr Unterstützung, doch diese <AN>Frauen</AN> fühlen sich politisch nicht ausreichend unterstützt. Die nächsten Schritte werden derzeit kontrovers diskutiert.","experiment.osexp","D:\ET_course_project_gender-bias\experiment","False","mono","False","39","no","white","no","yes","1080","1","space","psycho","295.0","3.0","117","4","9","9","D:\ET_course_project_gender-bias\experiment\subject-9.csv","150","psycho","an_found","Neonatal Nightingale","4.1.14","-293.0","295.0","2","0","space","NA","space","space","space","26907.8584999952","NA","7817.446100001689","26907.8584999952","True","53","3","<RN>Pflegerinnen</RN>","271","-810.0","-539.0","-56.0","-3.0","2","psycho","3","Im Rahmen einer Gesprächsrunde im Gesundheitswesen wird derzeit über aktuelle gesellschaftliche Herausforderungen diskutiert. Die <RN>Pflegekräfte</RN> verdienen bessere Arbeitsbedingungen und benötigen mehr Unterstützung, doch diese <AN>Männer</AN> fühlen sich politisch nicht ausreichend unterstützt. Die nächsten Schritte werden derzeit kontrovers diskutiert.","Bei einer Podiumsdiskussion an der Universität wird über aktuelle gesellschaftliche Themen gesprochen. Die <RN>Studenten</RN> müssten wieder stärker leistungsorientiert gefördert werden, doch die Mehrheit dieser dort teilnehmenden <AN>Frauen</AN> kritisiert die neuen Anforderungen. Die weitere Entwicklung bleibt Gegenstand öffentlicher Debatten.","1","1024","2","48000","-16","53","4","132","-90.0","42.0","61.0","114.0","experiment","9","odd","43541.86179998214","-810.0","-290.0","NA","4261.814299999969","4262.242799974047","35626.78279998363","43444.81759998598","87914.4171999942","43496.23709998559","87914.47009998956","35429.388499993365","NA","87356.94599998533","60448.304499994265","43523.48729997175","43496.26989997341","87914.16949999984","35620.54669999634","60444.24329997855","Experiment","0","0","0","1","1920","diskutiert.","53","25","243"
"<AN>Frauen</AN>","C4","<RN>Ingenieurinnen</RN>","undefined","undefined","True","53","4","<AN>Frauen</AN>","132","-222.0","-90.0","61.0","114.0","undefined","undefined","#232323","1620","psycho","True","diskutiert","psycho","psycho","undefined","undefined","undefined","0","0","0","0","0","10","0","10","0","0","10","10","10","0","10","0","50","-810.0","-270.5","6","249.0","50.48749673810339","Sun Aug  9 09:43:58 2026","The main experiment item","False","Im Rahmen einer Gesprächsrunde im Gesundheitswesen wird derzeit über aktuelle gesellschaftliche Herausforderungen diskutiert. Die <RN>Pflegerinnen</RN> verdienen bessere Arbeitsbedingungen und benötigen mehr Unterstützung, doch diese <AN>Frauen</AN> fühlen sich politisch nicht ausreichend unterstützt. Die nächsten Schritte werden derzeit kontrovers diskutiert.","experiment.osexp","D:\ET_course_project_gender-bias\experiment","False","mono","False","39","no","white","no","yes","1080","17","space","psycho","295.0","3.0","117","6","10","10","D:\ET_course_project_gender-bias\experiment\subject-9.csv","150","psycho","an_found","Neonatal Nightingale","4.1.14","-293.0","295.0","2","0","space","NA","space","space","space","26907.8584999952","NA","7817.446100001689","26907.8584999952","True","53","3","<RN>Pflegerinnen</RN>","271","-810.0","-539.0","-56.0","-3.0","2","psycho","3","Im Rahmen einer Gesprächsrunde im Gesundheitswesen wird derzeit über aktuelle gesellschaftliche Herausforderungen diskutiert. Die <RN>Pflegekräfte</RN> verdienen bessere Arbeitsbedingungen und benötigen mehr Unterstützung, doch diese <AN>Männer</AN> fühlen sich politisch nicht ausreichend unterstützt. Die nächsten Schritte werden derzeit kontrovers diskutiert.","Im Rahmen einer städtischen Planungsrunde wird über die zukünftige Mobilität und den Ausbau des Nahverkehrs diskutiert. Die <RN>Ingenieurinnen</RN> diskutieren über nachhaltige Verkehrskonzepte und setzen sich für den Ausbau des ÖPNV ein, doch diese <AN>Männer</AN> lehnen die Vorschläge ab. Die nächsten Schritte werden derzeit kontrovers diskutiert.","1","1024","2","48000","-16","53","4","132","-90.0","42.0","61.0","114.0","experiment","9","odd","43541.86179998214","-810.0","-290.0","NA","4261.814299999969","4262.242799974047","35626.78279998363","43444.81759998598","87940.81129998085","43496.23709998559","87940.8486999746","35429.388499993365","NA","87356.94599998533","60448.304499994265","43523.48729997175","43496.26989997341","87940.70899998769","35620.54669999634","60444.24329997855","Experiment","0","0","0","1","1920","diskutiert.","53","25","243"
"<AN>Frauen</AN>","C4","<RN>Krankenschwestern</RN>","undefined","undefined","True","53","4","<AN>Frauen</AN>","132","-222.0","-90.0","61.0","114.0","undefined","undefined","#232323","1620","psycho","True","diskutiert","psycho","psycho","undefined","undefined","undefined","0","0","0","0","0","11","0","11","0","0","11","11","11","0","11","0","50","-810.0","-270.5","6","249.0","50.48749673810339","Sun Aug  9 09:43:58 2026","The main experiment item","False","Im Rahmen einer Gesprächsrunde im Gesundheitswesen wird derzeit über aktuelle gesellschaftliche Herausforderungen diskutiert. Die <RN>Pflegerinnen</RN> verdienen bessere Arbeitsbedingungen und benötigen mehr Unterstützung, doch diese <AN>Frauen</AN> fühlen sich politisch nicht ausreichend unterstützt. Die nächsten Schritte werden derzeit kontrovers diskutiert.","experiment.osexp","D:\ET_course_project_gender-bias\experiment","False","mono","False","39","no","white","no","yes","1080","16","space","psycho","295.0","3.0","117","1","11","11","D:\ET_course_project_gender-bias\experiment\subject-9.csv","150","psycho","an_found","Neonatal Nightingale","4.1.14","-293.0","295.0","2","0","space","NA","space","space","space","26907.8584999952","NA","7817.446100001689","26907.8584999952","True","53","3","<RN>Pflegerinnen</RN>","271","-810.0","-539.0","-56.0","-3.0","2","psycho","3","Im Rahmen einer Gesprächsrunde im Gesundheitswesen wird derzeit über aktuelle gesellschaftliche Herausforderungen diskutiert. Die <RN>Pflegekräfte</RN> verdienen bessere Arbeitsbedingungen und benötigen mehr Unterstützung, doch diese <AN>Männer</AN> fühlen sich politisch nicht ausreichend unterstützt. Die nächsten Schritte werden derzeit kontrovers diskutiert.","Bei einer Informationsveranstaltung im Krankenhaus wird über aktuelle Impfreformen und deren Auswirkungen gesprochen. Die <RN>Krankenschwestern</RN> diskutieren über Langzeitfolgen von Corona und setzen sich für mehr Unterstützung ein, doch diese <AN>Männer</AN> lehnen die Vorschläge ab. Die nächsten Schritte werden derzeit kontrovers diskutiert.","1","1024","2","48000","-16","53","4","132","-90.0","42.0","61.0","114.0","experiment","9","odd","43541.86179998214","-810.0","-290.0","NA","4261.814299999969","4262.242799974047","35626.78279998363","43444.81759998598","87967.91439998196","43496.23709998559","87967.95179997571","35429.388499993365","NA","87356.94599998533","60448.304499994265","43523.48729997175","43496.26989997341","87967.7895999921","35620.54669999634","60444.24329997855","Experiment","0","0","0","1","1920","diskutiert.","53","25","243"
"<AN>Frauen</AN>","C2","<RN>Einwohner</RN>","undefined","undefined","True","53","4","<AN>Frauen</AN>","132","-222.0","-90.0","61.0","114.0","undefined","undefined","#232323","1620","psycho","True","diskutiert","psycho","psycho","undefined","undefined","undefined","0","0","0","0","0","12","0","12","0","0","12","12","12","0","12","0","50","-810.0","-270.5","6","249.0","50.48749673810339","Sun Aug  9 09:43:58 2026","The main experiment item","False","Im Rahmen einer Gesprächsrunde im Gesundheitswesen wird derzeit über aktuelle gesellschaftliche Herausforderungen diskutiert. Die <RN>Pflegerinnen</RN> verdienen bessere Arbeitsbedingungen und benötigen mehr Unterstützung, doch diese <AN>Frauen</AN> fühlen sich politisch nicht ausreichend unterstützt. Die nächsten Schritte werden derzeit kontrovers diskutiert.","experiment.osexp","D:\ET_course_project_gender-bias\experiment","False","mono","False","39","no","white","no","yes","1080","8","space","psycho","295.0","3.0","117","1","12","12","D:\ET_course_project_gender-bias\experiment\subject-9.csv","150","psycho","an_found","Neonatal Nightingale","4.1.14","-293.0","295.0","2","0","space","NA","space","space","space","26907.8584999952","NA","7817.446100001689","26907.8584999952","True","53","3","<RN>Pflegerinnen</RN>","271","-810.0","-539.0","-56.0","-3.0","2","psycho","3","Im Rahmen einer Gesprächsrunde im Gesundheitswesen wird derzeit über aktuelle gesellschaftliche Herausforderungen diskutiert. Die <RN>Pflegekräfte</RN> verdienen bessere Arbeitsbedingungen und benötigen mehr Unterstützung, doch diese <AN>Männer</AN> fühlen sich politisch nicht ausreichend unterstützt. Die nächsten Schritte werden derzeit kontrovers diskutiert.","Im Rahmen einer öffentlichen Veranstaltung wird derzeit über Fragen der inneren Sicherheit und gesellschaftliche Entwicklungen gesprochen. Die <RN>Bürger</RN> diskutieren über Fragen der inneren Sicherheit bezüglich der aktuellen Krise, doch diese <AN>Männer</AN> fordern härtere Maßnahmen. Die weiteren Maßnahmen stoßen auf geteilte Reaktionen.","1","1024","2","48000","-16","53","4","132","-90.0","42.0","61.0","114.0","experiment","9","odd","43541.86179998214","-810.0","-290.0","NA","4261.814299999969","4262.242799974047","35626.78279998363","43444.81759998598","87997.61759999092","43496.23709998559","87997.65529998695","35429.388499993365","NA","87356.94599998533","60448.304499994265","43523.48729997175","43496.26989997341","87997.51449999167","35620.54669999634","60444.24329997855","Experiment","0","0","0","1","1920","diskutiert.","53","25","243"
"<AN>Männer</AN>","C3","<RN>Expertinnen</RN>","undefined","undefined","True","53","4","<AN>Frauen</AN>","132","-222.0","-90.0","61.0","114.0","undefined","undefined","#232323","1620","psycho","True","diskutiert","psycho","psycho","undefined","undefined","undefined","0","0","0","0","0","13","0","13","0","0","13","13","13","0","13","0","50","-810.0","-270.5","6","249.0","50.48749673810339","Sun Aug  9 09:43:58 2026","The main experiment item","False","Im Rahmen einer Gesprächsrunde im Gesundheitswesen wird derzeit über aktuelle gesellschaftliche Herausforderungen diskutiert. Die <RN>Pflegerinnen</RN> verdienen bessere Arbeitsbedingungen und benötigen mehr Unterstützung, doch diese <AN>Frauen</AN> fühlen sich politisch nicht ausreichend unterstützt. Die nächsten Schritte werden derzeit kontrovers diskutiert.","experiment.osexp","D:\ET_course_project_gender-bias\experiment","False","mono","False","39","no","white","no","yes","1080","14","space","psycho","295.0","3.0","117","2","13","13","D:\ET_course_project_gender-bias\experiment\subject-9.csv","150","psycho","an_found","Neonatal Nightingale","4.1.14","-293.0","295.0","2","0","space","NA","space","space","space","26907.8584999952","NA","7817.446100001689","26907.8584999952","True","53","3","<RN>Pflegerinnen</RN>","271","-810.0","-539.0","-56.0","-3.0","2","psycho","3","Im Rahmen einer Gesprächsrunde im Gesundheitswesen wird derzeit über aktuelle gesellschaftliche Herausforderungen diskutiert. Die <RN>Pflegekräfte</RN> verdienen bessere Arbeitsbedingungen und benötigen mehr Unterstützung, doch diese <AN>Männer</AN> fühlen sich politisch nicht ausreichend unterstützt. Die nächsten Schritte werden derzeit kontrovers diskutiert.","Auf einer öffentlichen Veranstaltung stehen Investitionen und langfristige gesellschaftliche Entwicklungen zur Diskussion. Die <RN>Fachfrauen</RN> unterstützen höhere Investitionen und langfristige Entwicklungen, doch diese <AN>Männer</AN> kritisieren die Umsetzung. Die politischen Folgen werden unterschiedlich bewertet.","1","1024","2","48000","-16","53","4","132","-90.0","42.0","61.0","114.0","experiment","9","odd","43541.86179998214","-810.0","-290.0","NA","4261.814299999969","4262.242799974047","35626.78279998363","43444.81759998598","88026.29429998342","43496.23709998559","88026.34939999552","35429.388499993365","NA","87356.94599998533","60448.304499994265","43523.48729997175","43496.26989997341","88025.99979998195","35620.54669999634","60444.24329997855","Experiment","0","0","0","1","1920","diskutiert.","53","25","243"
"<AN>Frauen</AN>","C6","<RN>Expert*innen</RN>","undefined","undefined","True","53","4","<AN>Frauen</AN>","132","-222.0","-90.0","61.0","114.0","undefined","undefined","#232323","1620","psycho","True","diskutiert","psycho","psycho","undefined","undefined","undefined","0","0","0","0","0","14","0","14","0","0","14","14","14","0","14","0","50","-810.0","-270.5","6","249.0","50.48749673810339","Sun Aug  9 09:43:58 2026","The main experiment item","False","Im Rahmen einer Gesprächsrunde im Gesundheitswesen wird derzeit über aktuelle gesellschaftliche Herausforderungen diskutiert. Die <RN>Pflegerinnen</RN> verdienen bessere Arbeitsbedingungen und benötigen mehr Unterstützung, doch diese <AN>Frauen</AN> fühlen sich politisch nicht ausreichend unterstützt. Die nächsten Schritte werden derzeit kontrovers diskutiert.","experiment.osexp","D:\ET_course_project_gender-bias\experiment","False","mono","False","39","no","white","no","yes","1080","7","space","psycho","295.0","3.0","117","6","14","14","D:\ET_course_project_gender-bias\experiment\subject-9.csv","150","psycho","an_found","Neonatal Nightingale","4.1.14","-293.0","295.0","2","0","space","NA","space","space","space","26907.8584999952","NA","7817.446100001689","26907.8584999952","True","53","3","<RN>Pflegerinnen</RN>","271","-810.0","-539.0","-56.0","-3.0","2","psycho","3","Im Rahmen einer Gesprächsrunde im Gesundheitswesen wird derzeit über aktuelle gesellschaftliche Herausforderungen diskutiert. Die <RN>Pflegekräfte</RN> verdienen bessere Arbeitsbedingungen und benötigen mehr Unterstützung, doch diese <AN>Männer</AN> fühlen sich politisch nicht ausreichend unterstützt. Die nächsten Schritte werden derzeit kontrovers diskutiert.","Beim Sommerfest eines Unternehmens wird über wirtschaftliche Entwicklungen und gesellschaftliche Herausforderungen diskutiert. Die <RN>Fachleute</RN> sehen große Herausforderungen im nächsten Geschäftsjahr, dennoch bleiben diese <AN>Männer</AN> optimistisch. Die unternehmerischen Folgen werden unterschiedlich bewertet.","1","1024","2","48000","-16","53","4","132","-90.0","42.0","61.0","114.0","experiment","9","odd","43541.86179998214","-810.0","-290.0","NA","4261.814299999969","4262.242799974047","35626.78279998363","43444.81759998598","88052.15369997313","43496.23709998559","88052.20749997534","35429.388499993365","NA","87356.94599998533","60448.304499994265","43523.48729997175","43496.26989997341","88051.94689999917","35620.54669999634","60444.24329997855","Experiment","0","0","0","1","1920","diskutiert.","53","25","243"
"<AN>Frauen</AN>","C4","<RN>Arbeitnehmerinnen</RN>","undefined","undefined","True","53","4","<AN>Frauen</AN>","132","-222.0","-90.0","61.0","114.0","undefined","undefined","#232323","1620","psycho","True","diskutiert","psycho","psycho","undefined","undefined","undefined","0","0","0","0","0","15","0","15","0","0","15","15","15","0","15","0","50","-810.0","-270.5","6","249.0","50.48749673810339","Sun Aug  9 09:43:58 2026","The main experiment item","False","Im Rahmen einer Gesprächsrunde im Gesundheitswesen wird derzeit über aktuelle gesellschaftliche Herausforderungen diskutiert. Die <RN>Pflegerinnen</RN> verdienen bessere Arbeitsbedingungen und benötigen mehr Unterstützung, doch diese <AN>Frauen</AN> fühlen sich politisch nicht ausreichend unterstützt. Die nächsten Schritte werden derzeit kontrovers diskutiert.","experiment.osexp","D:\ET_course_project_gender-bias\experiment","False","mono","False","39","no","white","no","yes","1080","12","space","psycho","295.0","3.0","117","5","15","15","D:\ET_course_project_gender-bias\experiment\subject-9.csv","150","psycho","an_found","Neonatal Nightingale","4.1.14","-293.0","295.0","2","0","space","NA","space","space","space","26907.8584999952","NA","7817.446100001689","26907.8584999952","True","53","3","<RN>Pflegerinnen</RN>","271","-810.0","-539.0","-56.0","-3.0","2","psycho","3","Im Rahmen einer Gesprächsrunde im Gesundheitswesen wird derzeit über aktuelle gesellschaftliche Herausforderungen diskutiert. Die <RN>Pflegekräfte</RN> verdienen bessere Arbeitsbedingungen und benötigen mehr Unterstützung, doch diese <AN>Männer</AN> fühlen sich politisch nicht ausreichend unterstützt. Die nächsten Schritte werden derzeit kontrovers diskutiert.","Auf einer Gewerkschaftsveranstaltung wird derzeit über Löhne, Arbeitsbedingungen und Arbeitnehmerrechte diskutiert. Die <RN>Beschäftigten</RN> fordern bessere Bezahlung und faire Arbeitsbedingungen, doch diese <AN>Frauen</AN> sehen vor allem strukturelle Probleme. Die kommenden Entwicklungen sind weiterhin Gegenstand von Diskussionen.","1","1024","2","48000","-16","53","4","132","-90.0","42.0","61.0","114.0","experiment","9","odd","43541.86179998214","-810.0","-290.0","NA","4261.814299999969","4262.242799974047","35626.78279998363","43444.81759998598","88079.04999997118","43496.23709998559","88079.10579998861","35429.388499993365","NA","87356.94599998533","60448.304499994265","43523.48729997175","43496.26989997341","88078.88169999933","35620.54669999634","60444.24329997855","Experiment","0","0","0","1","1920","diskutiert.","53","25","243"
"<AN>Frauen</AN>","C4","<RN>Einwohnerinnen</RN>","undefined","undefined","True","53","4","<AN>Frauen</AN>","132","-89.0","43.0","61.0","114.0","undefined","undefined","#232323","1620","psycho","True","Reaktionen","psycho","psycho","undefined","undefined","undefined","0","0","0","0","0","16","0","16","0","0","16","16","16","0","16","0","50","-810.0","-270.5","5","893.0","63.34384402102547","Sun Aug  9 09:43:58 2026","The main experiment item","False","Im Rahmen einer öffentlichen Veranstaltung wird derzeit über Fragen der inneren Sicherheit und gesellschaftliche Entwicklungen gesprochen. Die <RN>Einwohnerinnen</RN> diskutieren über Fragen der inneren Sicherheit bezüglich der aktuellen Krise, doch diese <AN>Frauen</AN> fordern härtere Maßnahmen. Die weiteren Maßnahmen stoßen auf geteilte Reaktionen.","experiment.osexp","D:\ET_course_project_gender-bias\experiment","False","mono","False","39","no","white","no","yes","1080","8","space","psycho","178.0","3.0","117","3","16","16","D:\ET_course_project_gender-bias\experiment\subject-9.csv","150","psycho","an_found","Neonatal Nightingale","4.1.14","350.0","178.0","2","0","space","NA","space","space","space","15252.9693999968","NA","7817.446100001689","15252.9693999968","True","53","3","<RN>Einwohnerinnen</RN>","317","-810.0","-493.0","-56.0","-3.0","2","psycho","3","Im Rahmen einer öffentlichen Veranstaltung wird derzeit über Fragen der inneren Sicherheit und gesellschaftliche Entwicklungen gesprochen. Die <RN>Bürger</RN> diskutieren über Fragen der inneren Sicherheit bezüglich der aktuellen Krise, doch diese <AN>Männer</AN> fordern härtere Maßnahmen. Die weiteren Maßnahmen stoßen auf geteilte Reaktionen.","Im Rahmen einer öffentlichen Veranstaltung wird derzeit über Fragen der inneren Sicherheit und gesellschaftliche Entwicklungen gesprochen. Die <RN>Bürger</RN> diskutieren über Fragen der inneren Sicherheit bezüglich der aktuellen Krise, doch diese <AN>Männer</AN> fordern härtere Maßnahmen. Die weiteren Maßnahmen stoßen auf geteilte Reaktionen.","0","1024","2","48000","-16","53","4","132","43.0","175.0","61.0","114.0","experiment","9","odd","88117.45079999673","-810.0","-290.0","NA","4261.814299999969","4262.242799974047","35626.78279998363","43444.81759998598","88105.95589998411","43496.23709998559","118801.70989999897","35429.388499993365","NA","118756.8176999921","103503.27359998482","88105.99919999368","43496.26989997341","88105.78419998637","35620.54669999634","103500.14079999528","Experiment","0","0","0","2","1920","Reaktionen.","53","25","242"
"<AN>Männer</AN>","C5","<RN>Expert*innen</RN>","undefined","undefined","True","53","4","<AN>Frauen</AN>","132","-89.0","43.0","61.0","114.0","undefined","undefined","#232323","1620","psycho","True","Reaktionen","psycho","psycho","undefined","undefined","undefined","0","0","0","0","0","17","0","17","0","0","17","17","17","0","17","0","50","-810.0","-270.5","5","893.0","63.34384402102547","Sun Aug  9 09:43:58 2026","The main experiment item","False","Im Rahmen einer öffentlichen Veranstaltung wird derzeit über Fragen der inneren Sicherheit und gesellschaftliche Entwicklungen gesprochen. Die <RN>Einwohnerinnen</RN> diskutieren über Fragen der inneren Sicherheit bezüglich der aktuellen Krise, doch diese <AN>Frauen</AN> fordern härtere Maßnahmen. Die weiteren Maßnahmen stoßen auf geteilte Reaktionen.","experiment.osexp","D:\ET_course_project_gender-bias\experiment","False","mono","False","39","no","white","no","yes","1080","14","space","psycho","178.0","3.0","117","4","17","17","D:\ET_course_project_gender-bias\experiment\subject-9.csv","150","psycho","an_found","Neonatal Nightingale","4.1.14","350.0","178.0","2","0","space","NA","space","space","space","15252.9693999968","NA","7817.446100001689","15252.9693999968","True","53","3","<RN>Einwohnerinnen</RN>","317","-810.0","-493.0","-56.0","-3.0","2","psycho","3","Im Rahmen einer öffentlichen Veranstaltung wird derzeit über Fragen der inneren Sicherheit und gesellschaftliche Entwicklungen gesprochen. Die <RN>Bürger</RN> diskutieren über Fragen der inneren Sicherheit bezüglich der aktuellen Krise, doch diese <AN>Männer</AN> fordern härtere Maßnahmen. Die weiteren Maßnahmen stoßen auf geteilte Reaktionen.","Auf einer öffentlichen Veranstaltung stehen Investitionen und langfristige gesellschaftliche Entwicklungen zur Diskussion. Die <RN>Fachfrauen</RN> unterstützen höhere Investitionen und langfristige Entwicklungen, doch diese <AN>Männer</AN> kritisieren die Umsetzung. Die politischen Folgen werden unterschiedlich bewertet.","1","1024","2","48000","-16","53","4","132","43.0","175.0","61.0","114.0","experiment","9","odd","88117.45079999673","-810.0","-290.0","NA","4261.814299999969","4262.242799974047","35626.78279998363","43444.81759998598","119090.3572999814","43496.23709998559","119090.43529999326","35429.388499993365","NA","118756.8176999921","103503.27359998482","88105.99919999368","43496.26989997341","119089.54009998706","35620.54669999634","103500.14079999528","Experiment","0","0","0","2","1920","Reaktionen.","53","25","242"
"<AN>Frauen</AN>","C6","<RN>Ingenieur*innen</RN>","undefined","undefined","True","53","4","<AN>Frauen</AN>","132","-89.0","43.0","61.0","114.0","undefined","undefined","#232323","1620","psycho","True","Reaktionen","psycho","psycho","undefined","undefined","undefined","0","0","0","0","0","18","0","18","0","0","18","18","18","0","18","0","50","-810.0","-270.5","5","893.0","63.34384402102547","Sun Aug  9 09:43:58 2026","The main experiment item","False","Im Rahmen einer öffentlichen Veranstaltung wird derzeit über Fragen der inneren Sicherheit und gesellschaftliche Entwicklungen gesprochen. Die <RN>Einwohnerinnen</RN> diskutieren über Fragen der inneren Sicherheit bezüglich der aktuellen Krise, doch diese <AN>Frauen</AN> fordern härtere Maßnahmen. Die weiteren Maßnahmen stoßen auf geteilte Reaktionen.","experiment.osexp","D:\ET_course_project_gender-bias\experiment","False","mono","False","39","no","white","no","yes","1080","17","space","psycho","178.0","3.0","117","2","18","18","D:\ET_course_project_gender-bias\experiment\subject-9.csv","150","psycho","an_found","Neonatal Nightingale","4.1.14","350.0","178.0","2","0","space","NA","space","space","space","15252.9693999968","NA","7817.446100001689","15252.9693999968","True","53","3","<RN>Einwohnerinnen</RN>","317","-810.0","-493.0","-56.0","-3.0","2","psycho","3","Im Rahmen einer öffentlichen Veranstaltung wird derzeit über Fragen der inneren Sicherheit und gesellschaftliche Entwicklungen gesprochen. Die <RN>Bürger</RN> diskutieren über Fragen der inneren Sicherheit bezüglich der aktuellen Krise, doch diese <AN>Männer</AN> fordern härtere Maßnahmen. Die weiteren Maßnahmen stoßen auf geteilte Reaktionen.","Im Rahmen einer städtischen Planungsrunde wird über die zukünftige Mobilität und den Ausbau des Nahverkehrs diskutiert. Die <RN>Ingenieurinnen</RN> diskutieren über Verkehrskonzepte und setzen sich für den Ausbau des ÖPNV ein, doch diese <AN>Männer</AN> lehnen die Vorschläge ab. Die nächsten Schritte werden derzeit kontrovers diskutiert.","1","1024","2","48000","-16","53","4","132","43.0","175.0","61.0","114.0","experiment","9","odd","88117.45079999673","-810.0","-290.0","NA","4261.814299999969","4262.242799974047","35626.78279998363","43444.81759998598","119118.27999999514","43496.23709998559","119118.32189999404","35429.388499993365","NA","118756.8176999921","103503.27359998482","88105.99919999368","43496.26989997341","119118.09749997337","35620.54669999634","103500.14079999528","Experiment","0","0","0","2","1920","Reaktionen.","53","25","242"
"<AN>Frauen</AN>","C6","<RN>Aktivist*innen</RN>","undefined","undefined","True","53","4","<AN>Frauen</AN>","132","-89.0","43.0","61.0","114.0","undefined","undefined","#232323","1620","psycho","True","Reaktionen","psycho","psycho","undefined","undefined","undefined","0","0","0","0","0","19","0","19","0","0","19","19","19","0","19","0","50","-810.0","-270.5","5","893.0","63.34384402102547","Sun Aug  9 09:43:58 2026","The main experiment item","False","Im Rahmen einer öffentlichen Veranstaltung wird derzeit über Fragen der inneren Sicherheit und gesellschaftliche Entwicklungen gesprochen. Die <RN>Einwohnerinnen</RN> diskutieren über Fragen der inneren Sicherheit bezüglich der aktuellen Krise, doch diese <AN>Frauen</AN> fordern härtere Maßnahmen. Die weiteren Maßnahmen stoßen auf geteilte Reaktionen.","experiment.osexp","D:\ET_course_project_gender-bias\experiment","False","mono","False","39","no","white","no","yes","1080","11","space","psycho","178.0","3.0","117","2","19","19","D:\ET_course_project_gender-bias\experiment\subject-9.csv","150","psycho","an_found","Neonatal Nightingale","4.1.14","350.0","178.0","2","0","space","NA","space","space","space","15252.9693999968","NA","7817.446100001689","15252.9693999968","True","53","3","<RN>Einwohnerinnen</RN>","317","-810.0","-493.0","-56.0","-3.0","2","psycho","3","Im Rahmen einer öffentlichen Veranstaltung wird derzeit über Fragen der inneren Sicherheit und gesellschaftliche Entwicklungen gesprochen. Die <RN>Bürger</RN> diskutieren über Fragen der inneren Sicherheit bezüglich der aktuellen Krise, doch diese <AN>Männer</AN> fordern härtere Maßnahmen. Die weiteren Maßnahmen stoßen auf geteilte Reaktionen.","Auf einer öffentlichen Veranstaltung werden aktuelle wohnungs- und gesellschaftspolitische Themen diskutiert. Die <RN>Aktivist*innen</RN> fordern mehr bezahlbaren Wohnraum in Stuttgart und diskutieren faire Lösungsansätze, doch diese <AN>Frauen</AN> sehen die Verantwortung stärker beim Bund. Die Auswirkungen der Entscheidung werden noch geprüft.","1","1024","2","48000","-16","53","4","132","43.0","175.0","61.0","114.0","experiment","9","odd","88117.45079999673","-810.0","-290.0","NA","4261.814299999969","4262.242799974047","35626.78279998363","43444.81759998598","119145.59689999442","43496.23709998559","119145.63199999975","35429.388499993365","NA","118756.8176999921","103503.27359998482","88105.99919999368","43496.26989997341","119145.49929997884","35620.54669999634","103500.14079999528","Experiment","0","0","0","2","1920","Reaktionen.","53","25","242"
"<AN>Frauen</AN>","C2","<RN>Lehrer</RN>","undefined","undefined","True","53","4","<AN>Frauen</AN>","132","-333.0","-201.0","61.0","114.0","undefined","undefined","#232323","1620","psycho","True","Diskussionen","psycho","psycho","undefined","undefined","undefined","0","0","0","0","0","20","0","20","0","0","20","20","20","0","20","0","50","-810.0","-270.5","5","1004.0","61.282340750333624","Sun Aug  9 09:43:58 2026","The main experiment item","False","Auf einer Konferenz zu Bildungsfragen in Stuttgart  wird derzeit über aktuelle schulische Themen gesprochen. Die <RN>Lehrer</RN> sollen mehr auf Disziplin und Konsequenzen im Unterricht setzen, doch aus pädagogischen Gründen lehnen diese <AN>Frauen</AN> die Vorschläge ab. Die kommenden Entwicklungen sind weiterhin Gegenstand von Diskussionen.","experiment.osexp","D:\ET_course_project_gender-bias\experiment","False","mono","False","39","no","white","no","yes","1080","6","space","psycho","178.0","3.0","117","3","20","20","D:\ET_course_project_gender-bias\experiment\subject-9.csv","150","psycho","an_found","Neonatal Nightingale","4.1.14","508.0","178.0","2","0","space","NA","space","space","space","8251.454600016586","NA","7817.446100001689","8251.454600016586","True","53","2","<RN>Lehrer</RN>","132","167.0","299.0","-173.0","-120.0","2","psycho","3","Auf einer Konferenz zu Bildungsfragen in Stuttgart  wird derzeit über aktuelle schulische Themen gesprochen. Die <RN>Lehrer</RN> sollen mehr auf Disziplin und Konsequenzen im Unterricht setzen, doch aus pädagogischen Gründen lehnen diese <AN>Frauen</AN> die Vorschläge ab. Die kommenden Entwicklungen sind weiterhin Gegenstand von Diskussionen.","Auf einer Konferenz zu Bildungsfragen in Stuttgart  wird derzeit über aktuelle schulische Themen gesprochen. Die <RN>Lehrer</RN> sollen mehr auf Disziplin und Konsequenzen im Unterricht setzen, doch aus pädagogischen Gründen lehnen diese <AN>Frauen</AN> die Vorschläge ab. Die kommenden Entwicklungen sind weiterhin Gegenstand von Diskussionen.","0","1024","2","48000","-16","53","4","132","-201.0","-69.0","61.0","114.0","experiment","9","odd","119182.45499997283","-810.0","-290.0","NA","4261.814299999969","4262.242799974047","35626.78279998363","43444.81759998598","119171.57579999184","43496.23709998559","139114.99049997656","35429.388499993365","NA","139068.90409998596","130816.78959997953","119171.61009999109","43496.26989997341","119171.47209998802","35620.54669999634","130812.23049998516","Experiment","0","0","0","3","1920","Diskussionen.","53","25","289"
"<AN>Frauen</AN>","C2","<RN>Ingenieure</RN>","undefined","undefined","True","53","4","<AN>Frauen</AN>","132","-333.0","-201.0","61.0","114.0","undefined","undefined","#232323","1620","psycho","True","Diskussionen","psycho","psycho","undefined","undefined","undefined","0","0","0","0","0","21","0","21","0","0","21","21","21","0","21","0","50","-810.0","-270.5","5","1004.0","61.282340750333624","Sun Aug  9 09:43:58 2026","The main experiment item","False","Auf einer Konferenz zu Bildungsfragen in Stuttgart  wird derzeit über aktuelle schulische Themen gesprochen. Die <RN>Lehrer</RN> sollen mehr auf Disziplin und Konsequenzen im Unterricht setzen, doch aus pädagogischen Gründen lehnen diese <AN>Frauen</AN> die Vorschläge ab. Die kommenden Entwicklungen sind weiterhin Gegenstand von Diskussionen.","experiment.osexp","D:\ET_course_project_gender-bias\experiment","False","mono","False","39","no","white","no","yes","1080","3","space","psycho","178.0","3.0","117","6","21","21","D:\ET_course_project_gender-bias\experiment\subject-9.csv","150","psycho","an_found","Neonatal Nightingale","4.1.14","508.0","178.0","2","0","space","NA","space","space","space","8251.454600016586","NA","7817.446100001689","8251.454600016586","True","53","2","<RN>Lehrer</RN>","132","167.0","299.0","-173.0","-120.0","2","psycho","3","Auf einer Konferenz zu Bildungsfragen in Stuttgart  wird derzeit über aktuelle schulische Themen gesprochen. Die <RN>Lehrer</RN> sollen mehr auf Disziplin und Konsequenzen im Unterricht setzen, doch aus pädagogischen Gründen lehnen diese <AN>Frauen</AN> die Vorschläge ab. Die kommenden Entwicklungen sind weiterhin Gegenstand von Diskussionen.","Auf einer wissenschaftlichen Konferenz zu technischen Zukunftsfragen werden derzeit aktuelle gesellschaftliche Themen erörtert. Die <RN>Ingenieur*innen</RN> spielen eine zentrale Rolle bei der Energiewende und stehen vor Herausforderungen, doch diese <AN>Frauen</AN> lehnen zusätzliche Investitionen ab. Über die Konsequenzen wird weiterhin intensiv gestritten.","1","1024","2","48000","-16","53","4","132","-201.0","-69.0","61.0","114.0","experiment","9","odd","119182.45499997283","-810.0","-290.0","NA","4261.814299999969","4262.242799974047","35626.78279998363","43444.81759998598","139141.7379999766","43496.23709998559","139141.78009997704","35429.388499993365","NA","139068.90409998596","130816.78959997953","119171.61009999109","43496.26989997341","139141.56269998057","35620.54669999634","130812.23049998516","Experiment","0","0","0","3","1920","Diskussionen.","53","25","289"
"<AN>Männer</AN>","C1","<RN>Einwohner</RN>","undefined","undefined","True","53","4","<AN>Frauen</AN>","132","-333.0","-201.0","61.0","114.0","undefined","undefined","#232323","1620","psycho","True","Diskussionen","psycho","psycho","undefined","undefined","undefined","0","0","0","0","0","22","0","22","0","0","22","22","22","0","22","0","50","-810.0","-270.5","5","1004.0","61.282340750333624","Sun Aug  9 09:43:58 2026","The main experiment item","False","Auf einer Konferenz zu Bildungsfragen in Stuttgart  wird derzeit über aktuelle schulische Themen gesprochen. Die <RN>Lehrer</RN> sollen mehr auf Disziplin und Konsequenzen im Unterricht setzen, doch aus pädagogischen Gründen lehnen diese <AN>Frauen</AN> die Vorschläge ab. Die kommenden Entwicklungen sind weiterhin Gegenstand von Diskussionen.","experiment.osexp","D:\ET_course_project_gender-bias\experiment","False","mono","False","39","no","white","no","yes","1080","8","space","psycho","178.0","3.0","117","6","22","22","D:\ET_course_project_gender-bias\experiment\subject-9.csv","150","psycho","an_found","Neonatal Nightingale","4.1.14","508.0","178.0","2","0","space","NA","space","space","space","8251.454600016586","NA","7817.446100001689","8251.454600016586","True","53","2","<RN>Lehrer</RN>","132","167.0","299.0","-173.0","-120.0","2","psycho","3","Auf einer Konferenz zu Bildungsfragen in Stuttgart  wird derzeit über aktuelle schulische Themen gesprochen. Die <RN>Lehrer</RN> sollen mehr auf Disziplin und Konsequenzen im Unterricht setzen, doch aus pädagogischen Gründen lehnen diese <AN>Frauen</AN> die Vorschläge ab. Die kommenden Entwicklungen sind weiterhin Gegenstand von Diskussionen.","Im Rahmen einer öffentlichen Veranstaltung wird derzeit über Fragen der inneren Sicherheit und gesellschaftliche Entwicklungen gesprochen. Die <RN>Bürger</RN> diskutieren über Fragen der inneren Sicherheit bezüglich der aktuellen Krise, doch diese <AN>Männer</AN> fordern härtere Maßnahmen. Die weiteren Maßnahmen stoßen auf geteilte Reaktionen.","1","1024","2","48000","-16","53","4","132","-201.0","-69.0","61.0","114.0","experiment","9","odd","119182.45499997283","-810.0","-290.0","NA","4261.814299999969","4262.242799974047","35626.78279998363","43444.81759998598","139170.84659999819","43496.23709998559","139170.8858999773","35429.388499993365","NA","139068.90409998596","130816.78959997953","119171.61009999109","43496.26989997341","139170.75169997406","35620.54669999634","130812.23049998516","Experiment","0","0","0","3","1920","Diskussionen.","53","25","289"
"<AN>Männern</AN>","C3","<RN>Expertinnen</RN>","undefined","undefined","True","53","4","<AN>Frauen</AN>","132","-333.0","-201.0","61.0","114.0","undefined","undefined","#232323","1620","psycho","True","Diskussionen","psycho","psycho","undefined","undefined","undefined","0","0","0","0","0","23","0","23","0","0","23","23","23","0","23","0","50","-810.0","-270.5","5","1004.0","61.282340750333624","Sun Aug  9 09:43:58 2026","The main experiment item","False","Auf einer Konferenz zu Bildungsfragen in Stuttgart  wird derzeit über aktuelle schulische Themen gesprochen. Die <RN>Lehrer</RN> sollen mehr auf Disziplin und Konsequenzen im Unterricht setzen, doch aus pädagogischen Gründen lehnen diese <AN>Frauen</AN> die Vorschläge ab. Die kommenden Entwicklungen sind weiterhin Gegenstand von Diskussionen.","experiment.osexp","D:\ET_course_project_gender-bias\experiment","False","mono","False","39","no","white","no","yes","1080","10","space","psycho","178.0","3.0","117","6","23","23","D:\ET_course_project_gender-bias\experiment\subject-9.csv","150","psycho","an_found","Neonatal Nightingale","4.1.14","508.0","178.0","2","0","space","NA","space","space","space","8251.454600016586","NA","7817.446100001689","8251.454600016586","True","53","2","<RN>Lehrer</RN>","132","167.0","299.0","-173.0","-120.0","2","psycho","3","Auf einer Konferenz zu Bildungsfragen in Stuttgart  wird derzeit über aktuelle schulische Themen gesprochen. Die <RN>Lehrer</RN> sollen mehr auf Disziplin und Konsequenzen im Unterricht setzen, doch aus pädagogischen Gründen lehnen diese <AN>Frauen</AN> die Vorschläge ab. Die kommenden Entwicklungen sind weiterhin Gegenstand von Diskussionen.","Im Rahmen einer universitären Veranstaltung werden aktuelle Fragestellungen der Rüstungsindustrie behandelt. Die große Mehrheit dieser <RN>Fachleute</RN> sehen eine stärkere Aufrüstung für Deutschland als notwendig, doch diese Gruppe von <AN>Frauen</AN> kritisiert dessen Finanzierung. Die Auswirkungen der Entscheidung werden noch geprüft.","1","1024","2","48000","-16","53","4","132","-201.0","-69.0","61.0","114.0","experiment","9","odd","119182.45499997283","-810.0","-290.0","NA","4261.814299999969","4262.242799974047","35626.78279998363","43444.81759998598","139199.74459998775","43496.23709998559","139199.79719998082","35429.388499993365","NA","139068.90409998596","130816.78959997953","119171.61009999109","43496.26989997341","139199.5175999764","35620.54669999634","130812.23049998516","Experiment","0","0","0","3","1920","Diskussionen.","53","25","289"
"<AN>Frauen</AN>","C6","<RN>Ingenieur*innen</RN>","undefined","undefined","True","53","4","<AN>Frauen</AN>","132","-333.0","-201.0","61.0","114.0","undefined","undefined","#232323","1620","psycho","True","Diskussionen","psycho","psycho","undefined","undefined","undefined","0","0","0","0","0","24","0","24","0","0","24","24","24","0","24","0","50","-810.0","-270.5","5","1004.0","61.282340750333624","Sun Aug  9 09:43:58 2026","The main experiment item","False","Auf einer Konferenz zu Bildungsfragen in Stuttgart  wird derzeit über aktuelle schulische Themen gesprochen. Die <RN>Lehrer</RN> sollen mehr auf Disziplin und Konsequenzen im Unterricht setzen, doch aus pädagogischen Gründen lehnen diese <AN>Frauen</AN> die Vorschläge ab. Die kommenden Entwicklungen sind weiterhin Gegenstand von Diskussionen.","experiment.osexp","D:\ET_course_project_gender-bias\experiment","False","mono","False","39","no","white","no","yes","1080","3","space","psycho","178.0","3.0","117","4","24","24","D:\ET_course_project_gender-bias\experiment\subject-9.csv","150","psycho","an_found","Neonatal Nightingale","4.1.14","508.0","178.0","2","0","space","NA","space","space","space","8251.454600016586","NA","7817.446100001689","8251.454600016586","True","53","2","<RN>Lehrer</RN>","132","167.0","299.0","-173.0","-120.0","2","psycho","3","Auf einer Konferenz zu Bildungsfragen in Stuttgart  wird derzeit über aktuelle schulische Themen gesprochen. Die <RN>Lehrer</RN> sollen mehr auf Disziplin und Konsequenzen im Unterricht setzen, doch aus pädagogischen Gründen lehnen diese <AN>Frauen</AN> die Vorschläge ab. Die kommenden Entwicklungen sind weiterhin Gegenstand von Diskussionen.","Auf einer wissenschaftlichen Konferenz zu technischen Zukunftsfragen werden derzeit aktuelle gesellschaftliche Themen erörtert. Die <RN>Ingenieur*innen</RN> kritisieren die Energiewende und stehen vor Herausforderungen, doch diese <AN>Frauen</AN> lehnen zusätzliche Investitionen ab. Über die Konsequenzen wird weiterhin intensiv gestritten.","1","1024","2","48000","-16","53","4","132","-201.0","-69.0","61.0","114.0","experiment","9","odd","119182.45499997283","-810.0","-290.0","NA","4261.814299999969","4262.242799974047","35626.78279998363","43444.81759998598","139225.6367999944","43496.23709998559","139225.67389998585","35429.388499993365","NA","139068.90409998596","130816.78959997953","119171.61009999109","43496.26989997341","139225.5435999832","35620.54669999634","130812.23049998516","Experiment","0","0","0","3","1920","Diskussionen.","53","25","289"
"<AN>Männer</AN>","C1","<RN>Unternehmer</RN>","undefined","undefined","True","53","4","<AN>Frauen</AN>","132","-333.0","-201.0","61.0","114.0","undefined","undefined","#232323","1620","psycho","True","Diskussionen","psycho","psycho","undefined","undefined","undefined","0","0","0","0","0","25","0","25","0","0","25","25","25","0","25","0","50","-810.0","-270.5","5","1004.0","61.282340750333624","Sun Aug  9 09:43:58 2026","The main experiment item","False","Auf einer Konferenz zu Bildungsfragen in Stuttgart  wird derzeit über aktuelle schulische Themen gesprochen. Die <RN>Lehrer</RN> sollen mehr auf Disziplin und Konsequenzen im Unterricht setzen, doch aus pädagogischen Gründen lehnen diese <AN>Frauen</AN> die Vorschläge ab. Die kommenden Entwicklungen sind weiterhin Gegenstand von Diskussionen.","experiment.osexp","D:\ET_course_project_gender-bias\experiment","False","mono","False","39","no","white","no","yes","1080","4","space","psycho","178.0","3.0","117","4","25","25","D:\ET_course_project_gender-bias\experiment\subject-9.csv","150","psycho","an_found","Neonatal Nightingale","4.1.14","508.0","178.0","2","0","space","NA","space","space","space","8251.454600016586","NA","7817.446100001689","8251.454600016586","True","53","2","<RN>Lehrer</RN>","132","167.0","299.0","-173.0","-120.0","2","psycho","3","Auf einer Konferenz zu Bildungsfragen in Stuttgart  wird derzeit über aktuelle schulische Themen gesprochen. Die <RN>Lehrer</RN> sollen mehr auf Disziplin und Konsequenzen im Unterricht setzen, doch aus pädagogischen Gründen lehnen diese <AN>Frauen</AN> die Vorschläge ab. Die kommenden Entwicklungen sind weiterhin Gegenstand von Diskussionen.","Bei einem Networking-Event stehen wirtschaftspolitische und gesellschaftliche Fragestellungen im Mittelpunkt der Diskussion. Die <RN>Unternehmer</RN> brauchen weniger bürokratische Hürden und sprechen über Verbesserungen, doch diese <AN>Männer</AN> fordern weitere steuerliche Entlastungen. Die Folgen dieser Positionen bleiben umstritten.","1","1024","2","48000","-16","53","4","132","-201.0","-69.0","61.0","114.0","experiment","9","odd","119182.45499997283","-810.0","-290.0","NA","4261.814299999969","4262.242799974047","35626.78279998363","43444.81759998598","139252.72509999922","43496.23709998559","139252.78139999136","35429.388499993365","NA","139068.90409998596","130816.78959997953","119171.61009999109","43496.26989997341","139252.20399998943","35620.54669999634","130812.23049998516","Experiment","0","0","0","3","1920","Diskussionen.","53","25","289"
"<AN>Männer</AN>","C1","<RN>Krankenpfleger</RN>","undefined","undefined","True","53","4","<AN>Frauen</AN>","132","-333.0","-201.0","61.0","114.0","undefined","undefined","#232323","1620","psycho","True","Diskussionen","psycho","psycho","undefined","undefined","undefined","0","0","0","0","0","26","0","26","0","0","26","26","26","0","26","0","50","-810.0","-270.5","5","1004.0","61.282340750333624","Sun Aug  9 09:43:58 2026","The main experiment item","False","Auf einer Konferenz zu Bildungsfragen in Stuttgart  wird derzeit über aktuelle schulische Themen gesprochen. Die <RN>Lehrer</RN> sollen mehr auf Disziplin und Konsequenzen im Unterricht setzen, doch aus pädagogischen Gründen lehnen diese <AN>Frauen</AN> die Vorschläge ab. Die kommenden Entwicklungen sind weiterhin Gegenstand von Diskussionen.","experiment.osexp","D:\ET_course_project_gender-bias\experiment","False","mono","False","39","no","white","no","yes","1080","16","space","psycho","178.0","3.0","117","4","26","26","D:\ET_course_project_gender-bias\experiment\subject-9.csv","150","psycho","an_found","Neonatal Nightingale","4.1.14","508.0","178.0","2","0","space","NA","space","space","space","8251.454600016586","NA","7817.446100001689","8251.454600016586","True","53","2","<RN>Lehrer</RN>","132","167.0","299.0","-173.0","-120.0","2","psycho","3","Auf einer Konferenz zu Bildungsfragen in Stuttgart  wird derzeit über aktuelle schulische Themen gesprochen. Die <RN>Lehrer</RN> sollen mehr auf Disziplin und Konsequenzen im Unterricht setzen, doch aus pädagogischen Gründen lehnen diese <AN>Frauen</AN> die Vorschläge ab. Die kommenden Entwicklungen sind weiterhin Gegenstand von Diskussionen.","Bei einer Informationsveranstaltung im Krankenhaus wird über aktuelle Impfreformen und deren Auswirkungen gesprochen. Die <RN>Krankenschwestern</RN> diskutieren über Langzeitfolgen von Corona und setzen sich für mehr Unterstützung ein, doch diese <AN>Männer</AN> lehnen die Vorschläge ab. Die nächsten Schritte werden derzeit kontrovers diskutiert.","1","1024","2","48000","-16","53","4","132","-201.0","-69.0","61.0","114.0","experiment","9","odd","119182.45499997283","-810.0","-290.0","NA","4261.814299999969","4262.242799974047","35626.78279998363","43444.81759998598","139280.1894999866","43496.23709998559","139280.23459998076","35429.388499993365","NA","139068.90409998596","130816.78959997953","119171.61009999109","43496.26989997341","139279.89779997733","35620.54669999634","130812.23049998516","Experiment","0","0","0","3","1920","Diskussionen.","53","25","289"
"<AN>Frauen</AN>","C4","<RN>Professorinnen</RN>","undefined","undefined","True","53","4","<AN>Frauen</AN>","132","-333.0","-201.0","61.0","114.0","undefined","undefined","#232323","1620","psycho","True","Diskussionen","psycho","psycho","undefined","undefined","undefined","0","0","0","0","0","27","0","27","0","0","27","27","27","0","27","0","50","-810.0","-270.5","5","1004.0","61.282340750333624","Sun Aug  9 09:43:58 2026","The main experiment item","False","Auf einer Konferenz zu Bildungsfragen in Stuttgart  wird derzeit über aktuelle schulische Themen gesprochen. Die <RN>Lehrer</RN> sollen mehr auf Disziplin und Konsequenzen im Unterricht setzen, doch aus pädagogischen Gründen lehnen diese <AN>Frauen</AN> die Vorschläge ab. Die kommenden Entwicklungen sind weiterhin Gegenstand von Diskussionen.","experiment.osexp","D:\ET_course_project_gender-bias\experiment","False","mono","False","39","no","white","no","yes","1080","15","space","psycho","178.0","3.0","117","2","27","27","D:\ET_course_project_gender-bias\experiment\subject-9.csv","150","psycho","an_found","Neonatal Nightingale","4.1.14","508.0","178.0","2","0","space","NA","space","space","space","8251.454600016586","NA","7817.446100001689","8251.454600016586","True","53","2","<RN>Lehrer</RN>","132","167.0","299.0","-173.0","-120.0","2","psycho","3","Auf einer Konferenz zu Bildungsfragen in Stuttgart  wird derzeit über aktuelle schulische Themen gesprochen. Die <RN>Lehrer</RN> sollen mehr auf Disziplin und Konsequenzen im Unterricht setzen, doch aus pädagogischen Gründen lehnen diese <AN>Frauen</AN> die Vorschläge ab. Die kommenden Entwicklungen sind weiterhin Gegenstand von Diskussionen.","Im Rahmen einer öffentlichen Veranstaltung wird über die Zukunft der Hochschulen und die Forschungsförderung diskutiert. Die <RN>Professorinnen</RN> diskutieren über die Zukunft der Hochschulen und setzen sich für mehr Forschungsgelder ein, doch diese <AN>Männer</AN> lehnen die Vorschläge ab. Die nächsten Schritte werden derzeit kontrovers diskutiert.","1","1024","2","48000","-16","53","4","132","-201.0","-69.0","61.0","114.0","experiment","9","odd","119182.45499997283","-810.0","-290.0","NA","4261.814299999969","4262.242799974047","35626.78279998363","43444.81759998598","139306.79749997216","43496.23709998559","139306.8514999759","35429.388499993365","NA","139068.90409998596","130816.78959997953","119171.61009999109","43496.26989997341","139306.5730999806","35620.54669999634","130812.23049998516","Experiment","0","0","0","3","1920","Diskussionen.","53","25","289"
"<AN>Männern</AN>","C1","<RN>Experten</RN>","undefined","undefined","True","53","4","<AN>Frauen</AN>","132","-333.0","-201.0","61.0","114.0","undefined","undefined","#232323","1620","psycho","True","Diskussionen","psycho","psycho","undefined","undefined","undefined","0","0","0","0","0","28","0","28","0","0","28","28","28","0","28","0","50","-810.0","-270.5","5","1004.0","61.282340750333624","Sun Aug  9 09:43:58 2026","The main experiment item","False","Auf einer Konferenz zu Bildungsfragen in Stuttgart  wird derzeit über aktuelle schulische Themen gesprochen. Die <RN>Lehrer</RN> sollen mehr auf Disziplin und Konsequenzen im Unterricht setzen, doch aus pädagogischen Gründen lehnen diese <AN>Frauen</AN> die Vorschläge ab. Die kommenden Entwicklungen sind weiterhin Gegenstand von Diskussionen.","experiment.osexp","D:\ET_course_project_gender-bias\experiment","False","mono","False","39","no","white","no","yes","1080","10","space","psycho","178.0","3.0","117","4","28","28","D:\ET_course_project_gender-bias\experiment\subject-9.csv","150","psycho","an_found","Neonatal Nightingale","4.1.14","508.0","178.0","2","0","space","NA","space","space","space","8251.454600016586","NA","7817.446100001689","8251.454600016586","True","53","2","<RN>Lehrer</RN>","132","167.0","299.0","-173.0","-120.0","2","psycho","3","Auf einer Konferenz zu Bildungsfragen in Stuttgart  wird derzeit über aktuelle schulische Themen gesprochen. Die <RN>Lehrer</RN> sollen mehr auf Disziplin und Konsequenzen im Unterricht setzen, doch aus pädagogischen Gründen lehnen diese <AN>Frauen</AN> die Vorschläge ab. Die kommenden Entwicklungen sind weiterhin Gegenstand von Diskussionen.","Im Rahmen einer universitären Veranstaltung werden aktuelle Fragestellungen der Rüstungsindustrie behandelt. Die große Mehrheit dieser <RN>Fachleute</RN> sehen eine stärkere Aufrüstung für Deutschland als notwendig, doch diese Gruppe von <AN>Frauen</AN> kritisiert dessen Finanzierung. Die Auswirkungen der Entscheidung werden noch geprüft.","1","1024","2","48000","-16","53","4","132","-201.0","-69.0","61.0","114.0","experiment","9","odd","119182.45499997283","-810.0","-290.0","NA","4261.814299999969","4262.242799974047","35626.78279998363","43444.81759998598","139334.171399998","43496.23709998559","139334.23859998584","35429.388499993365","NA","139068.90409998596","130816.78959997953","119171.61009999109","43496.26989997341","139333.85799999814","35620.54669999634","130812.23049998516","Experiment","0","0","0","3","1920","Diskussionen.","53","25","289"
"<AN>Frauen</AN>","C2","<RN>Unternehmer</RN>","undefined","undefined","True","53","4","<AN>Frauen</AN>","132","-333.0","-201.0","61.0","114.0","undefined","undefined","#232323","1620","psycho","True","Diskussionen","psycho","psycho","undefined","undefined","undefined","0","0","0","0","0","29","0","29","0","0","29","29","29","0","29","0","50","-810.0","-270.5","5","1004.0","61.282340750333624","Sun Aug  9 09:43:58 2026","The main experiment item","False","Auf einer Konferenz zu Bildungsfragen in Stuttgart  wird derzeit über aktuelle schulische Themen gesprochen. Die <RN>Lehrer</RN> sollen mehr auf Disziplin und Konsequenzen im Unterricht setzen, doch aus pädagogischen Gründen lehnen diese <AN>Frauen</AN> die Vorschläge ab. Die kommenden Entwicklungen sind weiterhin Gegenstand von Diskussionen.","experiment.osexp","D:\ET_course_project_gender-bias\experiment","False","mono","False","39","no","white","no","yes","1080","4","space","psycho","178.0","3.0","117","5","29","29","D:\ET_course_project_gender-bias\experiment\subject-9.csv","150","psycho","an_found","Neonatal Nightingale","4.1.14","508.0","178.0","2","0","space","NA","space","space","space","8251.454600016586","NA","7817.446100001689","8251.454600016586","True","53","2","<RN>Lehrer</RN>","132","167.0","299.0","-173.0","-120.0","2","psycho","3","Auf einer Konferenz zu Bildungsfragen in Stuttgart  wird derzeit über aktuelle schulische Themen gesprochen. Die <RN>Lehrer</RN> sollen mehr auf Disziplin und Konsequenzen im Unterricht setzen, doch aus pädagogischen Gründen lehnen diese <AN>Frauen</AN> die Vorschläge ab. Die kommenden Entwicklungen sind weiterhin Gegenstand von Diskussionen.","Bei einem Networking-Event stehen wirtschaftspolitische und gesellschaftliche Fragestellungen im Mittelpunkt der Diskussion. Die <RN>Unternehmer</RN> brauchen weniger bürokratische Hürden und sprechen über Verbesserungen, doch diese <AN>Männer</AN> fordern weitere steuerliche Entlastungen. Die Folgen dieser Positionen bleiben umstritten.","1","1024","2","48000","-16","53","4","132","-201.0","-69.0","61.0","114.0","experiment","9","odd","119182.45499997283","-810.0","-290.0","NA","4261.814299999969","4262.242799974047","35626.78279998363","43444.81759998598","139361.3808999944","43496.23709998559","139361.42029997427","35429.388499993365","NA","139068.90409998596","130816.78959997953","119171.61009999109","43496.26989997341","139361.2064999761","35620.54669999634","130812.23049998516","Experiment","0","0","0","3","1920","Diskussionen.","53","25","289"
"<AN>Frauen</AN>","C4","<RN>Expertinnen</RN>","undefined","undefined","True","53","4","<AN>Frauen</AN>","132","-223.0","-91.0","61.0","114.0","undefined","undefined","#232323","1620","psycho","True","bewertet","psycho","psycho","undefined","undefined","undefined","0","0","0","0","0","30","0","30","0","0","30","30","30","0","30","0","50","-810.0","-270.5","5","959.0","41.94469131034338","Sun Aug  9 09:43:58 2026","The main experiment item","False","Auf einer öffentlichen Veranstaltung stehen Investitionen und langfristige gesellschaftliche Entwicklungen zur Diskussion. Die <RN>Expertinnen</RN> unterstützen höhere Investitionen und langfristige Entwicklungen, doch diese <AN>Frauen</AN> kritisieren die Umsetzung. Die politischen Folgen werden unterschiedlich bewertet.","experiment.osexp","D:\ET_course_project_gender-bias\experiment","False","mono","False","39","no","white","no","yes","1080","14","space","psycho","178.0","3.0","117","3","30","30","D:\ET_course_project_gender-bias\experiment\subject-9.csv","150","psycho","an_found","Neonatal Nightingale","4.1.14","371.0","178.0","2","0","space","NA","space","space","space","11612.305599992396","NA","7817.446100001689","11612.305599992396","True","53","3","<RN>Expertinnen</RN>","248","-810.0","-562.0","-56.0","-3.0","2","psycho","3","Auf einer öffentlichen Veranstaltung stehen Investitionen und langfristige gesellschaftliche Entwicklungen zur Diskussion. Die <RN>Fachfrauen</RN> unterstützen höhere Investitionen und langfristige Entwicklungen, doch diese <AN>Männer</AN> kritisieren die Umsetzung. Die politischen Folgen werden unterschiedlich bewertet.","Auf einer öffentlichen Veranstaltung stehen Investitionen und langfristige gesellschaftliche Entwicklungen zur Diskussion. Die <RN>Fachfrauen</RN> unterstützen höhere Investitionen und langfristige Entwicklungen, doch diese <AN>Männer</AN> kritisieren die Umsetzung. Die politischen Folgen werden unterschiedlich bewertet.","0","1024","2","48000","-16","53","4","132","-91.0","41.0","61.0","114.0","experiment","9","odd","139398.24169999338","-810.0","-290.0","NA","4261.814299999969","4262.242799974047","35626.78279998363","43444.81759998598","139387.46009999886","43496.23709998559","162546.6294999933","35429.388499993365","NA","162500.88049998158","150887.89759998326","139387.48929998837","43496.26989997341","139387.28179997997","35620.54669999634","150884.15899997926","Experiment","0","0","0","4","1920","bewertet.","53","25","197"
"<AN>Männer</AN>","C1","<RN>Studenten</RN>","undefined","undefined","True","53","4","<AN>Frauen</AN>","132","-223.0","-91.0","61.0","114.0","undefined","undefined","#232323","1620","psycho","True","bewertet","psycho","psycho","undefined","undefined","undefined","0","0","0","0","0","31","0","31","0","0","31","31","31","0","31","0","50","-810.0","-270.5","5","959.0","41.94469131034338","Sun Aug  9 09:43:58 2026","The main experiment item","False","Auf einer öffentlichen Veranstaltung stehen Investitionen und langfristige gesellschaftliche Entwicklungen zur Diskussion. Die <RN>Expertinnen</RN> unterstützen höhere Investitionen und langfristige Entwicklungen, doch diese <AN>Frauen</AN> kritisieren die Umsetzung. Die politischen Folgen werden unterschiedlich bewertet.","experiment.osexp","D:\ET_course_project_gender-bias\experiment","False","mono","False","39","no","white","no","yes","1080","1","space","psycho","178.0","3.0","117","1","31","31","D:\ET_course_project_gender-bias\experiment\subject-9.csv","150","psycho","an_found","Neonatal Nightingale","4.1.14","371.0","178.0","2","0","space","NA","space","space","space","11612.305599992396","NA","7817.446100001689","11612.305599992396","True","53","3","<RN>Expertinnen</RN>","248","-810.0","-562.0","-56.0","-3.0","2","psycho","3","Auf einer öffentlichen Veranstaltung stehen Investitionen und langfristige gesellschaftliche Entwicklungen zur Diskussion. Die <RN>Fachfrauen</RN> unterstützen höhere Investitionen und langfristige Entwicklungen, doch diese <AN>Männer</AN> kritisieren die Umsetzung. Die politischen Folgen werden unterschiedlich bewertet.","Bei einer Podiumsdiskussion an der Universität wird über aktuelle gesellschaftliche Themen gesprochen. Die <RN>Studenten</RN> müssten wieder stärker leistungsorientiert gefördert werden, doch die Mehrheit dieser dort teilnehmenden <AN>Frauen</AN> kritisiert die neuen Anforderungen. Die weitere Entwicklung bleibt Gegenstand öffentlicher Debatten.","1","1024","2","48000","-16","53","4","132","-91.0","41.0","61.0","114.0","experiment","9","odd","139398.24169999338","-810.0","-290.0","NA","4261.814299999969","4262.242799974047","35626.78279998363","43444.81759998598","162574.07859998057","43496.23709998559","162574.11819999106","35429.388499993365","NA","162500.88049998158","150887.89759998326","139387.48929998837","43496.26989997341","162573.90119999764","35620.54669999634","150884.15899997926","Experiment","0","0","0","4","1920","bewertet.","53","25","197"
"<AN>Frauen</AN>","C2","<RN>Professoren</RN>","undefined","undefined","True","53","4","<AN>Frauen</AN>","132","-223.0","-91.0","61.0","114.0","undefined","undefined","#232323","1620","psycho","True","bewertet","psycho","psycho","undefined","undefined","undefined","0","0","0","0","0","32","0","32","0","0","32","32","32","0","32","0","50","-810.0","-270.5","5","959.0","41.94469131034338","Sun Aug  9 09:43:58 2026","The main experiment item","False","Auf einer öffentlichen Veranstaltung stehen Investitionen und langfristige gesellschaftliche Entwicklungen zur Diskussion. Die <RN>Expertinnen</RN> unterstützen höhere Investitionen und langfristige Entwicklungen, doch diese <AN>Frauen</AN> kritisieren die Umsetzung. Die politischen Folgen werden unterschiedlich bewertet.","experiment.osexp","D:\ET_course_project_gender-bias\experiment","False","mono","False","39","no","white","no","yes","1080","15","space","psycho","178.0","3.0","117","6","32","32","D:\ET_course_project_gender-bias\experiment\subject-9.csv","150","psycho","an_found","Neonatal Nightingale","4.1.14","371.0","178.0","2","0","space","NA","space","space","space","11612.305599992396","NA","7817.446100001689","11612.305599992396","True","53","3","<RN>Expertinnen</RN>","248","-810.0","-562.0","-56.0","-3.0","2","psycho","3","Auf einer öffentlichen Veranstaltung stehen Investitionen und langfristige gesellschaftliche Entwicklungen zur Diskussion. Die <RN>Fachfrauen</RN> unterstützen höhere Investitionen und langfristige Entwicklungen, doch diese <AN>Männer</AN> kritisieren die Umsetzung. Die politischen Folgen werden unterschiedlich bewertet.","Im Rahmen einer öffentlichen Veranstaltung wird über die Zukunft der Hochschulen und die Forschungsförderung diskutiert. Die <RN>Professorinnen</RN> diskutieren über die Zukunft der Hochschulen und setzen sich für mehr Forschungsgelder ein, doch diese <AN>Männer</AN> lehnen die Vorschläge ab. Die nächsten Schritte werden derzeit kontrovers diskutiert.","1","1024","2","48000","-16","53","4","132","-91.0","41.0","61.0","114.0","experiment","9","odd","139398.24169999338","-810.0","-290.0","NA","4261.814299999969","4262.242799974047","35626.78279998363","43444.81759998598","162601.77459998522","43496.23709998559","162601.8162999826","35429.388499993365","NA","162500.88049998158","150887.89759998326","139387.48929998837","43496.26989997341","162601.59829998156","35620.54669999634","150884.15899997926","Experiment","0","0","0","4","1920","bewertet.","53","25","197"
"<AN>Männer</AN>","C5","<RN>Pfleger*innen</RN>","undefined","undefined","True","53","4","<AN>Frauen</AN>","132","-223.0","-91.0","61.0","114.0","undefined","undefined","#232323","1620","psycho","True","bewertet","psycho","psycho","undefined","undefined","undefined","0","0","0","0","0","33","0","33","0","0","33","33","33","0","33","0","50","-810.0","-270.5","5","959.0","41.94469131034338","Sun Aug  9 09:43:58 2026","The main experiment item","False","Auf einer öffentlichen Veranstaltung stehen Investitionen und langfristige gesellschaftliche Entwicklungen zur Diskussion. Die <RN>Expertinnen</RN> unterstützen höhere Investitionen und langfristige Entwicklungen, doch diese <AN>Frauen</AN> kritisieren die Umsetzung. Die politischen Folgen werden unterschiedlich bewertet.","experiment.osexp","D:\ET_course_project_gender-bias\experiment","False","mono","False","39","no","white","no","yes","1080","2","space","psycho","178.0","3.0","117","4","33","33","D:\ET_course_project_gender-bias\experiment\subject-9.csv","150","psycho","an_found","Neonatal Nightingale","4.1.14","371.0","178.0","2","0","space","NA","space","space","space","11612.305599992396","NA","7817.446100001689","11612.305599992396","True","53","3","<RN>Expertinnen</RN>","248","-810.0","-562.0","-56.0","-3.0","2","psycho","3","Auf einer öffentlichen Veranstaltung stehen Investitionen und langfristige gesellschaftliche Entwicklungen zur Diskussion. Die <RN>Fachfrauen</RN> unterstützen höhere Investitionen und langfristige Entwicklungen, doch diese <AN>Männer</AN> kritisieren die Umsetzung. Die politischen Folgen werden unterschiedlich bewertet.","Im Rahmen einer Gesprächsrunde im Gesundheitswesen wird derzeit über aktuelle gesellschaftliche Herausforderungen diskutiert. Die <RN>Pflegekräfte</RN> verdienen bessere Arbeitsbedingungen und benötigen mehr Unterstützung, doch diese <AN>Männer</AN> fühlen sich politisch nicht ausreichend unterstützt. Die nächsten Schritte werden derzeit kontrovers diskutiert.","1","1024","2","48000","-16","53","4","132","-91.0","41.0","61.0","114.0","experiment","9","odd","139398.24169999338","-810.0","-290.0","NA","4261.814299999969","4262.242799974047","35626.78279998363","43444.81759998598","162628.3835999784","43496.23709998559","162628.42899997486","35429.388499993365","NA","162500.88049998158","150887.89759998326","139387.48929998837","43496.26989997341","162628.21019999683","35620.54669999634","150884.15899997926","Experiment","0","0","0","4","1920","bewertet.","53","25","197"
"<AN>Frauen</AN>","C2","<RN>Dozenten</RN>","undefined","undefined","True","53","4","<AN>Frauen</AN>","132","-223.0","-91.0","61.0","114.0","undefined","undefined","#232323","1620","psycho","True","bewertet","psycho","psycho","undefined","undefined","undefined","0","0","0","0","0","34","0","34","0","0","34","34","34","0","34","0","50","-810.0","-270.5","5","959.0","41.94469131034338","Sun Aug  9 09:43:58 2026","The main experiment item","False","Auf einer öffentlichen Veranstaltung stehen Investitionen und langfristige gesellschaftliche Entwicklungen zur Diskussion. Die <RN>Expertinnen</RN> unterstützen höhere Investitionen und langfristige Entwicklungen, doch diese <AN>Frauen</AN> kritisieren die Umsetzung. Die politischen Folgen werden unterschiedlich bewertet.","experiment.osexp","D:\ET_course_project_gender-bias\experiment","False","mono","False","39","no","white","no","yes","1080","9","space","psycho","178.0","3.0","117","6","34","34","D:\ET_course_project_gender-bias\experiment\subject-9.csv","150","psycho","an_found","Neonatal Nightingale","4.1.14","371.0","178.0","2","0","space","NA","space","space","space","11612.305599992396","NA","7817.446100001689","11612.305599992396","True","53","3","<RN>Expertinnen</RN>","248","-810.0","-562.0","-56.0","-3.0","2","psycho","3","Auf einer öffentlichen Veranstaltung stehen Investitionen und langfristige gesellschaftliche Entwicklungen zur Diskussion. Die <RN>Fachfrauen</RN> unterstützen höhere Investitionen und langfristige Entwicklungen, doch diese <AN>Männer</AN> kritisieren die Umsetzung. Die politischen Folgen werden unterschiedlich bewertet.","Auf einer schulischen Tagung werden aktuelle Kontroversen rund um Vorlesungsführung und Leistungsbewertung diskutiert. Die <RN>Dozent*innen</RN> fordern erhöhte Leistungsorientierung und strengere Notenvergabe im Lehrplan, doch diese <AN>Männer</AN> stoßen dabei auf Gegendruck von Eltern. Die Debatte über das Thema hält weiter an.","1","1024","2","48000","-16","53","4","132","-91.0","41.0","61.0","114.0","experiment","9","odd","139398.24169999338","-810.0","-290.0","NA","4261.814299999969","4262.242799974047","35626.78279998363","43444.81759998598","162654.98589997878","43496.23709998559","162655.04479999072","35429.388499993365","NA","162500.88049998158","150887.89759998326","139387.48929998837","43496.26989997341","162654.2882999929","35620.54669999634","150884.15899997926","Experiment","0","0","0","4","1920","bewertet.","53","25","197"
"<AN>Männern</AN>","C5","<RN>Einwohner*innen</RN>","undefined","undefined","True","53","4","<AN>Frauen</AN>","132","-223.0","-91.0","61.0","114.0","undefined","undefined","#232323","1620","psycho","True","bewertet","psycho","psycho","undefined","undefined","undefined","0","0","0","0","0","35","0","35","0","0","35","35","35","0","35","0","50","-810.0","-270.5","5","959.0","41.94469131034338","Sun Aug  9 09:43:58 2026","The main experiment item","False","Auf einer öffentlichen Veranstaltung stehen Investitionen und langfristige gesellschaftliche Entwicklungen zur Diskussion. Die <RN>Expertinnen</RN> unterstützen höhere Investitionen und langfristige Entwicklungen, doch diese <AN>Frauen</AN> kritisieren die Umsetzung. Die politischen Folgen werden unterschiedlich bewertet.","experiment.osexp","D:\ET_course_project_gender-bias\experiment","False","mono","False","39","no","white","no","yes","1080","13","space","psycho","178.0","3.0","117","5","35","35","D:\ET_course_project_gender-bias\experiment\subject-9.csv","150","psycho","an_found","Neonatal Nightingale","4.1.14","371.0","178.0","2","0","space","NA","space","space","space","11612.305599992396","NA","7817.446100001689","11612.305599992396","True","53","3","<RN>Expertinnen</RN>","248","-810.0","-562.0","-56.0","-3.0","2","psycho","3","Auf einer öffentlichen Veranstaltung stehen Investitionen und langfristige gesellschaftliche Entwicklungen zur Diskussion. Die <RN>Fachfrauen</RN> unterstützen höhere Investitionen und langfristige Entwicklungen, doch diese <AN>Männer</AN> kritisieren die Umsetzung. Die politischen Folgen werden unterschiedlich bewertet.","Im Rahmen einer öffentlichen Veranstaltung wird über Sicherheit, gesellschaftlichen Zusammenhalt und politische Reformen gesprochen. Die <RN>Bürgerinnen</RN> wünschen sich Sicherheit und verlässliche Perspektiven, doch diese Gruppe von <AN>Frauen</AN> sieht Reformbedarf im System. Die weitere Entwicklung bleibt Gegenstand öffentlicher Debatten.","1","1024","2","48000","-16","53","4","132","-91.0","41.0","61.0","114.0","experiment","9","odd","139398.24169999338","-810.0","-290.0","NA","4261.814299999969","4262.242799974047","35626.78279998363","43444.81759998598","162683.91049999627","43496.23709998559","162683.96669998765","35429.388499993365","NA","162500.88049998158","150887.89759998326","139387.48929998837","43496.26989997341","162683.5385999875","35620.54669999634","150884.15899997926","Experiment","0","0","0","4","1920","bewertet.","53","25","197"
"<AN>Männer</AN>","C5","<RN>Einwohner*innen</RN>","undefined","undefined","True","53","4","<AN>Frauen</AN>","132","-223.0","-91.0","61.0","114.0","undefined","undefined","#232323","1620","psycho","True","bewertet","psycho","psycho","undefined","undefined","undefined","0","0","0","0","0","36","0","36","0","0","36","36","36","0","36","0","50","-810.0","-270.5","5","959.0","41.94469131034338","Sun Aug  9 09:43:58 2026","The main experiment item","False","Auf einer öffentlichen Veranstaltung stehen Investitionen und langfristige gesellschaftliche Entwicklungen zur Diskussion. Die <RN>Expertinnen</RN> unterstützen höhere Investitionen und langfristige Entwicklungen, doch diese <AN>Frauen</AN> kritisieren die Umsetzung. Die politischen Folgen werden unterschiedlich bewertet.","experiment.osexp","D:\ET_course_project_gender-bias\experiment","False","mono","False","39","no","white","no","yes","1080","8","space","psycho","178.0","3.0","117","4","36","36","D:\ET_course_project_gender-bias\experiment\subject-9.csv","150","psycho","an_found","Neonatal Nightingale","4.1.14","371.0","178.0","2","0","space","NA","space","space","space","11612.305599992396","NA","7817.446100001689","11612.305599992396","True","53","3","<RN>Expertinnen</RN>","248","-810.0","-562.0","-56.0","-3.0","2","psycho","3","Auf einer öffentlichen Veranstaltung stehen Investitionen und langfristige gesellschaftliche Entwicklungen zur Diskussion. Die <RN>Fachfrauen</RN> unterstützen höhere Investitionen und langfristige Entwicklungen, doch diese <AN>Männer</AN> kritisieren die Umsetzung. Die politischen Folgen werden unterschiedlich bewertet.","Im Rahmen einer öffentlichen Veranstaltung wird derzeit über Fragen der inneren Sicherheit und gesellschaftliche Entwicklungen gesprochen. Die <RN>Bürger</RN> diskutieren über Fragen der Sicherheit bezüglich der aktuellen Krise, doch diese <AN>Männer</AN> fordern härtere Maßnahmen. Die weiteren Maßnahmen stoßen auf geteilte Reaktionen.","1","1024","2","48000","-16","53","4","132","-91.0","41.0","61.0","114.0","experiment","9","odd","139398.24169999338","-810.0","-290.0","NA","4261.814299999969","4262.242799974047","35626.78279998363","43444.81759998598","162709.83799998066","43496.23709998559","162709.87419999437","35429.388499993365","NA","162500.88049998158","150887.89759998326","139387.48929998837","43496.26989997341","162709.74129997194","35620.54669999634","150884.15899997926","Experiment","0","0","0","4","1920","bewertet.","53","25","197"
"<AN>Frauen</AN>","C6","<RN>Einwohner*innen</RN>","undefined","undefined","True","53","4","<AN>Frauen</AN>","132","-223.0","-91.0","61.0","114.0","undefined","undefined","#232323","1620","psycho","True","bewertet","psycho","psycho","undefined","undefined","undefined","0","0","0","0","0","37","0","37","0","0","37","37","37","0","37","0","50","-810.0","-270.5","5","959.0","41.94469131034338","Sun Aug  9 09:43:58 2026","The main experiment item","False","Auf einer öffentlichen Veranstaltung stehen Investitionen und langfristige gesellschaftliche Entwicklungen zur Diskussion. Die <RN>Expertinnen</RN> unterstützen höhere Investitionen und langfristige Entwicklungen, doch diese <AN>Frauen</AN> kritisieren die Umsetzung. Die politischen Folgen werden unterschiedlich bewertet.","experiment.osexp","D:\ET_course_project_gender-bias\experiment","False","mono","False","39","no","white","no","yes","1080","8","space","psycho","178.0","3.0","117","5","37","37","D:\ET_course_project_gender-bias\experiment\subject-9.csv","150","psycho","an_found","Neonatal Nightingale","4.1.14","371.0","178.0","2","0","space","NA","space","space","space","11612.305599992396","NA","7817.446100001689","11612.305599992396","True","53","3","<RN>Expertinnen</RN>","248","-810.0","-562.0","-56.0","-3.0","2","psycho","3","Auf einer öffentlichen Veranstaltung stehen Investitionen und langfristige gesellschaftliche Entwicklungen zur Diskussion. Die <RN>Fachfrauen</RN> unterstützen höhere Investitionen und langfristige Entwicklungen, doch diese <AN>Männer</AN> kritisieren die Umsetzung. Die politischen Folgen werden unterschiedlich bewertet.","Im Rahmen einer öffentlichen Veranstaltung wird derzeit über Fragen der inneren Sicherheit und gesellschaftliche Entwicklungen gesprochen. Die <RN>Bürger</RN> diskutieren über Fragen der Sicherheit bezüglich der aktuellen Krise, doch diese <AN>Männer</AN> fordern härtere Maßnahmen. Die weiteren Maßnahmen stoßen auf geteilte Reaktionen.","1","1024","2","48000","-16","53","4","132","-91.0","41.0","61.0","114.0","experiment","9","odd","139398.24169999338","-810.0","-290.0","NA","4261.814299999969","4262.242799974047","35626.78279998363","43444.81759998598","162735.32619999605","43496.23709998559","162735.3619999776","35429.388499993365","NA","162500.88049998158","150887.89759998326","139387.48929998837","43496.26989997341","162735.23329998716","35620.54669999634","150884.15899997926","Experiment","0","0","0","4","1920","bewertet.","53","25","197"
"<AN>Männer</AN>","C5","<RN>Dozent*innen</RN>","undefined","undefined","True","53","4","<AN>Männer</AN>","135","-339.0","-204.0","61.0","114.0","undefined","undefined","#232323","1620","psycho","True","an","psycho","psycho","undefined","undefined","undefined","0","0","0","0","0","38","0","38","0","0","38","38","38","0","38","0","50","-810.0","-270.5","5","795.0","97.74237100705093","Sun Aug  9 09:43:58 2026","The main experiment item","False","Auf einer schulischen Tagung werden aktuelle Kontroversen rund um Vorlesungsführung und Leistungsbewertung diskutiert. Die <RN>Dozent*innen</RN> fordern erhöhte Leistungsorientierung und strengere Notenvergabe im Lehrplan, doch diese <AN>Männer</AN> stoßen dabei auf Gegendruck von Eltern. Die Debatte über das Thema hält weiter an.","experiment.osexp","D:\ET_course_project_gender-bias\experiment","False","mono","False","39","no","white","no","yes","1080","9","space","psycho","178.0","3.0","117","3","38","38","D:\ET_course_project_gender-bias\experiment\subject-9.csv","150","psycho","an_found","Neonatal Nightingale","4.1.14","69.0","178.0","2","0","space","NA","space","space","space","12429.105199989863","NA","7817.446100001689","12429.105199989863","True","53","2","<RN>Dozent*innen</RN>","272","488.0","760.0","-173.0","-120.0","2","psycho","3","Auf einer schulischen Tagung werden aktuelle Kontroversen rund um Vorlesungsführung und Leistungsbewertung diskutiert. Die <RN>Dozent*innen</RN> fordern erhöhte Leistungsorientierung und strengere Notenvergabe im Lehrplan, doch diese <AN>Männer</AN> stoßen dabei auf Gegendruck von Eltern. Die Debatte über das Thema hält weiter an.","Auf einer schulischen Tagung werden aktuelle Kontroversen rund um Vorlesungsführung und Leistungsbewertung diskutiert. Die <RN>Dozent*innen</RN> fordern erhöhte Leistungsorientierung und strengere Notenvergabe im Lehrplan, doch diese <AN>Männer</AN> stoßen dabei auf Gegendruck von Eltern. Die Debatte über das Thema hält weiter an.","0","1024","2","48000","-16","53","4","135","-204.0","-69.0","61.0","114.0","experiment","9","odd","162775.3815999895","-810.0","-290.0","NA","4261.814299999969","4262.242799974047","35626.78279998363","43444.81759998598","162764.2291999946","43496.23709998559","195018.23119999608","35429.388499993365","NA","194972.77209997992","182543.15129999304","162764.2583999841","43496.26989997341","162764.05729999533","35620.54669999634","182540.18959999667","Experiment","0","0","0","5","1920","an.","53","25","59"
"<AN>Männer</AN>","C1","<RN>Arbeitnehmer</RN>","undefined","undefined","True","53","4","<AN>Männer</AN>","135","-305.0","-170.0","61.0","114.0","undefined","undefined","#232323","1620","psycho","True","offen","psycho","psycho","undefined","undefined","undefined","0","0","0","0","0","39","0","39","0","0","39","39","39","0","39","0","50","-810.0","-270.5","5","454.0","47.62924187513379","Sun Aug  9 09:43:58 2026","The main experiment item","False","Im Rahmen einer Geschäftsveranstaltung findet derzeit ein Austausch über Arbeitsbedingungen und gesellschaftliche Entwicklungen statt. Die <RN>Arbeitnehmer</RN> erwarten höhere Gehälter und klimatisierte Arbeitsplätze, trotzdem wollen diese <AN>Männer</AN> auch weniger arbeiten. Die Frage nach den Konsequenzen bleibt offen.","experiment.osexp","D:\ET_course_project_gender-bias\experiment","False","mono","False","39","no","white","no","yes","1080","5","space","psycho","178.0","3.0","117","3","39","39","D:\ET_course_project_gender-bias\experiment\subject-9.csv","150","psycho","an_found","Neonatal Nightingale","4.1.14","-202.0","178.0","2","0","space","NA","space","space","space","13827.891799999634","NA","7817.446100001689","13827.891799999634","True","53","3","<RN>Arbeitnehmer</RN>","274","-810.0","-536.0","-56.0","-3.0","2","psycho","3","Im Rahmen einer Geschäftsveranstaltung findet derzeit ein Austausch über Arbeitsbedingungen und gesellschaftliche Entwicklungen statt. Die <RN>Arbeitnehmer*innen</RN> erwarten höhere Gehälter und klimatisierte Arbeitsplätze, trotzdem wollen diese <AN>Männer</AN> auch weniger arbeiten. Die Frage nach den Konsequenzen bleibt offen.","Im Rahmen einer Geschäftsveranstaltung findet derzeit ein Austausch über Arbeitsbedingungen und gesellschaftliche Entwicklungen statt. Die <RN>Arbeitnehmer*innen</RN> erwarten höhere Gehälter und klimatisierte Arbeitsplätze, trotzdem wollen diese <AN>Männer</AN> auch weniger arbeiten. Die Frage nach den Konsequenzen bleibt offen.","0","1024","2","48000","-16","53","4","135","-170.0","-35.0","61.0","114.0","experiment","9","odd","195057.27249998017","-810.0","-290.0","NA","4261.814299999969","4262.242799974047","35626.78279998363","43444.81759998598","195045.43189998367","43496.23709998559","221626.48499998613","35429.388499993365","NA","221580.68209997145","207752.25639998098","195045.46239998308","43496.26989997341","195045.28579997714","35620.54669999634","207748.21489999886","Experiment","0","0","0","6","1920","offen.","53","25","129"
"<AN>Frauen</AN>","C2","<RN>Aktivisten</RN>","undefined","undefined","True","53","4","<AN>Männer</AN>","135","-305.0","-170.0","61.0","114.0","undefined","undefined","#232323","1620","psycho","True","offen","psycho","psycho","undefined","undefined","undefined","0","0","0","0","0","40","0","40","0","0","40","40","40","0","40","0","50","-810.0","-270.5","5","454.0","47.62924187513379","Sun Aug  9 09:43:58 2026","The main experiment item","False","Im Rahmen einer Geschäftsveranstaltung findet derzeit ein Austausch über Arbeitsbedingungen und gesellschaftliche Entwicklungen statt. Die <RN>Arbeitnehmer</RN> erwarten höhere Gehälter und klimatisierte Arbeitsplätze, trotzdem wollen diese <AN>Männer</AN> auch weniger arbeiten. Die Frage nach den Konsequenzen bleibt offen.","experiment.osexp","D:\ET_course_project_gender-bias\experiment","False","mono","False","39","no","white","no","yes","1080","11","space","psycho","178.0","3.0","117","4","40","40","D:\ET_course_project_gender-bias\experiment\subject-9.csv","150","psycho","an_found","Neonatal Nightingale","4.1.14","-202.0","178.0","2","0","space","NA","space","space","space","13827.891799999634","NA","7817.446100001689","13827.891799999634","True","53","3","<RN>Arbeitnehmer</RN>","274","-810.0","-536.0","-56.0","-3.0","2","psycho","3","Im Rahmen einer Geschäftsveranstaltung findet derzeit ein Austausch über Arbeitsbedingungen und gesellschaftliche Entwicklungen statt. Die <RN>Arbeitnehmer*innen</RN> erwarten höhere Gehälter und klimatisierte Arbeitsplätze, trotzdem wollen diese <AN>Männer</AN> auch weniger arbeiten. Die Frage nach den Konsequenzen bleibt offen.","Auf einer öffentlichen Veranstaltung werden aktuelle wohnungs- und gesellschaftspolitische Themen diskutiert. Die <RN>Aktivist*innen</RN> fordern mehr bezahlbaren Wohnraum in Stuttgart für alle und diskutieren faire Lösungsansätze, doch diese <AN>Frauen</AN> sehen die Verantwortung stärker beim Bund. Die Auswirkungen der Entscheidung werden noch geprüft.","1","1024","2","48000","-16","53","4","135","-170.0","-35.0","61.0","114.0","experiment","9","odd","195057.27249998017","-810.0","-290.0","NA","4261.814299999969","4262.242799974047","35626.78279998363","43444.81759998598","221653.7361999799","43496.23709998559","221653.77299999818","35429.388499993365","NA","221580.68209997145","207752.25639998098","195045.46239998308","43496.26989997341","221653.63699998125","35620.54669999634","207748.21489999886","Experiment","0","0","0","6","1920","offen.","53","25","129"
"<AN>Frauen</AN>","C4","<RN>Expertinnen</RN>","undefined","undefined","True","53","4","<AN>Männer</AN>","135","-305.0","-170.0","61.0","114.0","undefined","undefined","#232323","1620","psycho","True","offen","psycho","psycho","undefined","undefined","undefined","0","0","0","0","0","41","0","41","0","0","41","41","41","0","41","0","50","-810.0","-270.5","5","454.0","47.62924187513379","Sun Aug  9 09:43:58 2026","The main experiment item","False","Im Rahmen einer Geschäftsveranstaltung findet derzeit ein Austausch über Arbeitsbedingungen und gesellschaftliche Entwicklungen statt. Die <RN>Arbeitnehmer</RN> erwarten höhere Gehälter und klimatisierte Arbeitsplätze, trotzdem wollen diese <AN>Männer</AN> auch weniger arbeiten. Die Frage nach den Konsequenzen bleibt offen.","experiment.osexp","D:\ET_course_project_gender-bias\experiment","False","mono","False","39","no","white","no","yes","1080","7","space","psycho","178.0","3.0","117","4","41","41","D:\ET_course_project_gender-bias\experiment\subject-9.csv","150","psycho","an_found","Neonatal Nightingale","4.1.14","-202.0","178.0","2","0","space","NA","space","space","space","13827.891799999634","NA","7817.446100001689","13827.891799999634","True","53","3","<RN>Arbeitnehmer</RN>","274","-810.0","-536.0","-56.0","-3.0","2","psycho","3","Im Rahmen einer Geschäftsveranstaltung findet derzeit ein Austausch über Arbeitsbedingungen und gesellschaftliche Entwicklungen statt. Die <RN>Arbeitnehmer*innen</RN> erwarten höhere Gehälter und klimatisierte Arbeitsplätze, trotzdem wollen diese <AN>Männer</AN> auch weniger arbeiten. Die Frage nach den Konsequenzen bleibt offen.","Beim Sommerfest eines Unternehmens wird über wirtschaftliche Entwicklungen und gesellschaftliche Herausforderungen diskutiert. Die <RN>Fachleute</RN> sehen große Herausforderungen im nächsten Geschäftsjahr, dennoch bleiben diese <AN>Männer</AN> optimistisch. Die unternehmerischen Folgen werden unterschiedlich bewertet.","1","1024","2","48000","-16","53","4","135","-170.0","-35.0","61.0","114.0","experiment","9","odd","195057.27249998017","-810.0","-290.0","NA","4261.814299999969","4262.242799974047","35626.78279998363","43444.81759998598","221682.40269998205","43496.23709998559","221682.4431999994","35429.388499993365","NA","221580.68209997145","207752.25639998098","195045.46239998308","43496.26989997341","221682.24169997848","35620.54669999634","207748.21489999886","Experiment","0","0","0","6","1920","offen.","53","25","129"
"<AN>Frauen</AN>","C2","<RN>Experten</RN>","undefined","undefined","True","53","4","<AN>Männer</AN>","135","-305.0","-170.0","61.0","114.0","undefined","undefined","#232323","1620","psycho","True","offen","psycho","psycho","undefined","undefined","undefined","0","0","0","0","0","42","0","42","0","0","42","42","42","0","42","0","50","-810.0","-270.5","5","454.0","47.62924187513379","Sun Aug  9 09:43:58 2026","The main experiment item","False","Im Rahmen einer Geschäftsveranstaltung findet derzeit ein Austausch über Arbeitsbedingungen und gesellschaftliche Entwicklungen statt. Die <RN>Arbeitnehmer</RN> erwarten höhere Gehälter und klimatisierte Arbeitsplätze, trotzdem wollen diese <AN>Männer</AN> auch weniger arbeiten. Die Frage nach den Konsequenzen bleibt offen.","experiment.osexp","D:\ET_course_project_gender-bias\experiment","False","mono","False","39","no","white","no","yes","1080","7","space","psycho","178.0","3.0","117","2","42","42","D:\ET_course_project_gender-bias\experiment\subject-9.csv","150","psycho","an_found","Neonatal Nightingale","4.1.14","-202.0","178.0","2","0","space","NA","space","space","space","13827.891799999634","NA","7817.446100001689","13827.891799999634","True","53","3","<RN>Arbeitnehmer</RN>","274","-810.0","-536.0","-56.0","-3.0","2","psycho","3","Im Rahmen einer Geschäftsveranstaltung findet derzeit ein Austausch über Arbeitsbedingungen und gesellschaftliche Entwicklungen statt. Die <RN>Arbeitnehmer*innen</RN> erwarten höhere Gehälter und klimatisierte Arbeitsplätze, trotzdem wollen diese <AN>Männer</AN> auch weniger arbeiten. Die Frage nach den Konsequenzen bleibt offen.","Beim Sommerfest eines Unternehmens wird über wirtschaftliche Entwicklungen und gesellschaftliche Herausforderungen diskutiert. Die <RN>Fachleute</RN> sehen große Herausforderungen im nächsten Geschäftsjahr, dennoch bleiben diese <AN>Männer</AN> optimistisch. Die unternehmerischen Folgen werden unterschiedlich bewertet.","1","1024","2","48000","-16","53","4","135","-170.0","-35.0","61.0","114.0","experiment","9","odd","195057.27249998017","-810.0","-290.0","NA","4261.814299999969","4262.242799974047","35626.78279998363","43444.81759998598","221708.34009998362","43496.23709998559","221708.39279997745","35429.388499993365","NA","221580.68209997145","207752.25639998098","195045.46239998308","43496.26989997341","221708.11159998993","35620.54669999634","207748.21489999886","Experiment","0","0","0","6","1920","offen.","53","25","129"
"<AN>Frauen</AN>","C2","<RN>Krankenpfleger</RN>","undefined","undefined","True","53","4","<AN>Männer</AN>","135","-305.0","-170.0","61.0","114.0","undefined","undefined","#232323","1620","psycho","True","offen","psycho","psycho","undefined","undefined","undefined","0","0","0","0","0","43","0","43","0","0","43","43","43","0","43","0","50","-810.0","-270.5","5","454.0","47.62924187513379","Sun Aug  9 09:43:58 2026","The main experiment item","False","Im Rahmen einer Geschäftsveranstaltung findet derzeit ein Austausch über Arbeitsbedingungen und gesellschaftliche Entwicklungen statt. Die <RN>Arbeitnehmer</RN> erwarten höhere Gehälter und klimatisierte Arbeitsplätze, trotzdem wollen diese <AN>Männer</AN> auch weniger arbeiten. Die Frage nach den Konsequenzen bleibt offen.","experiment.osexp","D:\ET_course_project_gender-bias\experiment","False","mono","False","39","no","white","no","yes","1080","16","space","psycho","178.0","3.0","117","5","43","43","D:\ET_course_project_gender-bias\experiment\subject-9.csv","150","psycho","an_found","Neonatal Nightingale","4.1.14","-202.0","178.0","2","0","space","NA","space","space","space","13827.891799999634","NA","7817.446100001689","13827.891799999634","True","53","3","<RN>Arbeitnehmer</RN>","274","-810.0","-536.0","-56.0","-3.0","2","psycho","3","Im Rahmen einer Geschäftsveranstaltung findet derzeit ein Austausch über Arbeitsbedingungen und gesellschaftliche Entwicklungen statt. Die <RN>Arbeitnehmer*innen</RN> erwarten höhere Gehälter und klimatisierte Arbeitsplätze, trotzdem wollen diese <AN>Männer</AN> auch weniger arbeiten. Die Frage nach den Konsequenzen bleibt offen.","Bei einer Informationsveranstaltung im Krankenhaus wird über aktuelle Impfreformen und deren Auswirkungen gesprochen. Die <RN>Krankenschwestern</RN> diskutieren über Langzeitfolgen von Corona und setzen sich für mehr Unterstützung ein, doch diese <AN>Männer</AN> lehnen die Vorschläge ab. Die nächsten Schritte werden derzeit kontrovers diskutiert.","1","1024","2","48000","-16","53","4","135","-170.0","-35.0","61.0","114.0","experiment","9","odd","195057.27249998017","-810.0","-290.0","NA","4261.814299999969","4262.242799974047","35626.78279998363","43444.81759998598","221736.36989999795","43496.23709998559","221736.40929997782","35429.388499993365","NA","221580.68209997145","207752.25639998098","195045.46239998308","43496.26989997341","221736.17639997974","35620.54669999634","207748.21489999886","Experiment","0","0","0","6","1920","offen.","53","25","129"
"<AN>Männer</AN>","C3","<RN>Krankenschwestern</RN>","undefined","undefined","True","53","4","<AN>Männer</AN>","135","-305.0","-170.0","61.0","114.0","undefined","undefined","#232323","1620","psycho","True","offen","psycho","psycho","undefined","undefined","undefined","0","0","0","0","0","44","0","44","0","0","44","44","44","0","44","0","50","-810.0","-270.5","5","454.0","47.62924187513379","Sun Aug  9 09:43:58 2026","The main experiment item","False","Im Rahmen einer Geschäftsveranstaltung findet derzeit ein Austausch über Arbeitsbedingungen und gesellschaftliche Entwicklungen statt. Die <RN>Arbeitnehmer</RN> erwarten höhere Gehälter und klimatisierte Arbeitsplätze, trotzdem wollen diese <AN>Männer</AN> auch weniger arbeiten. Die Frage nach den Konsequenzen bleibt offen.","experiment.osexp","D:\ET_course_project_gender-bias\experiment","False","mono","False","39","no","white","no","yes","1080","16","space","psycho","178.0","3.0","117","6","44","44","D:\ET_course_project_gender-bias\experiment\subject-9.csv","150","psycho","an_found","Neonatal Nightingale","4.1.14","-202.0","178.0","2","0","space","NA","space","space","space","13827.891799999634","NA","7817.446100001689","13827.891799999634","True","53","3","<RN>Arbeitnehmer</RN>","274","-810.0","-536.0","-56.0","-3.0","2","psycho","3","Im Rahmen einer Geschäftsveranstaltung findet derzeit ein Austausch über Arbeitsbedingungen und gesellschaftliche Entwicklungen statt. Die <RN>Arbeitnehmer*innen</RN> erwarten höhere Gehälter und klimatisierte Arbeitsplätze, trotzdem wollen diese <AN>Männer</AN> auch weniger arbeiten. Die Frage nach den Konsequenzen bleibt offen.","Bei einer Informationsveranstaltung im Krankenhaus wird über aktuelle Impfreformen und deren Auswirkungen gesprochen. Die <RN>Krankenschwestern</RN> diskutieren über Langzeitfolgen von Corona und setzen sich für mehr Unterstützung ein, doch diese <AN>Männer</AN> lehnen die Vorschläge ab. Die nächsten Schritte werden derzeit kontrovers diskutiert.","1","1024","2","48000","-16","53","4","135","-170.0","-35.0","61.0","114.0","experiment","9","odd","195057.27249998017","-810.0","-290.0","NA","4261.814299999969","4262.242799974047","35626.78279998363","43444.81759998598","221763.3486999839","43496.23709998559","221763.40659998823","35429.388499993365","NA","221580.68209997145","207752.25639998098","195045.46239998308","43496.26989997341","221762.74809997994","35620.54669999634","207748.21489999886","Experiment","0","0","0","6","1920","offen.","53","25","129"
"<AN>Frauen</AN>","C4","<RN>Arbeitnehmerinnen</RN>","undefined","undefined","True","53","4","<AN>Männer</AN>","135","-305.0","-170.0","61.0","114.0","undefined","undefined","#232323","1620","psycho","True","offen","psycho","psycho","undefined","undefined","undefined","0","0","0","0","0","45","0","45","0","0","45","45","45","0","45","0","50","-810.0","-270.5","5","454.0","47.62924187513379","Sun Aug  9 09:43:58 2026","The main experiment item","False","Im Rahmen einer Geschäftsveranstaltung findet derzeit ein Austausch über Arbeitsbedingungen und gesellschaftliche Entwicklungen statt. Die <RN>Arbeitnehmer</RN> erwarten höhere Gehälter und klimatisierte Arbeitsplätze, trotzdem wollen diese <AN>Männer</AN> auch weniger arbeiten. Die Frage nach den Konsequenzen bleibt offen.","experiment.osexp","D:\ET_course_project_gender-bias\experiment","False","mono","False","39","no","white","no","yes","1080","5","space","psycho","178.0","3.0","117","6","45","45","D:\ET_course_project_gender-bias\experiment\subject-9.csv","150","psycho","an_found","Neonatal Nightingale","4.1.14","-202.0","178.0","2","0","space","NA","space","space","space","13827.891799999634","NA","7817.446100001689","13827.891799999634","True","53","3","<RN>Arbeitnehmer</RN>","274","-810.0","-536.0","-56.0","-3.0","2","psycho","3","Im Rahmen einer Geschäftsveranstaltung findet derzeit ein Austausch über Arbeitsbedingungen und gesellschaftliche Entwicklungen statt. Die <RN>Arbeitnehmer*innen</RN> erwarten höhere Gehälter und klimatisierte Arbeitsplätze, trotzdem wollen diese <AN>Männer</AN> auch weniger arbeiten. Die Frage nach den Konsequenzen bleibt offen.","Im Rahmen einer Geschäftsveranstaltung findet derzeit ein Austausch über Arbeitsbedingungen und gesellschaftliche Entwicklungen statt. Die <RN>Arbeitnehmer*innen</RN> erwarten höhere Gehälter und klimatisierte Arbeitsplätze, aber diese <AN>Männer</AN> wollen auch weniger arbeiten. Die Frage nach den Konsequenzen bleibt offen.","1","1024","2","48000","-16","53","4","135","-170.0","-35.0","61.0","114.0","experiment","9","odd","195057.27249998017","-810.0","-290.0","NA","4261.814299999969","4262.242799974047","35626.78279998363","43444.81759998598","221792.02149997582","43496.23709998559","221792.06599999452","35429.388499993365","NA","221580.68209997145","207752.25639998098","195045.46239998308","43496.26989997341","221791.77309997613","35620.54669999634","207748.21489999886","Experiment","0","0","0","6","1920","offen.","53","25","129"
"<AN>Frauen</AN>","C6","<RN>Arbeitnehmer*innen</RN>","undefined","undefined","True","53","4","<AN>Männer</AN>","135","-305.0","-170.0","61.0","114.0","undefined","undefined","#232323","1620","psycho","True","offen","psycho","psycho","undefined","undefined","undefined","0","0","0","0","0","46","0","46","0","0","46","46","46","0","46","0","50","-810.0","-270.5","5","454.0","47.62924187513379","Sun Aug  9 09:43:58 2026","The main experiment item","False","Im Rahmen einer Geschäftsveranstaltung findet derzeit ein Austausch über Arbeitsbedingungen und gesellschaftliche Entwicklungen statt. Die <RN>Arbeitnehmer</RN> erwarten höhere Gehälter und klimatisierte Arbeitsplätze, trotzdem wollen diese <AN>Männer</AN> auch weniger arbeiten. Die Frage nach den Konsequenzen bleibt offen.","experiment.osexp","D:\ET_course_project_gender-bias\experiment","False","mono","False","39","no","white","no","yes","1080","12","space","psycho","178.0","3.0","117","1","46","46","D:\ET_course_project_gender-bias\experiment\subject-9.csv","150","psycho","an_found","Neonatal Nightingale","4.1.14","-202.0","178.0","2","0","space","NA","space","space","space","13827.891799999634","NA","7817.446100001689","13827.891799999634","True","53","3","<RN>Arbeitnehmer</RN>","274","-810.0","-536.0","-56.0","-3.0","2","psycho","3","Im Rahmen einer Geschäftsveranstaltung findet derzeit ein Austausch über Arbeitsbedingungen und gesellschaftliche Entwicklungen statt. Die <RN>Arbeitnehmer*innen</RN> erwarten höhere Gehälter und klimatisierte Arbeitsplätze, trotzdem wollen diese <AN>Männer</AN> auch weniger arbeiten. Die Frage nach den Konsequenzen bleibt offen.","Auf einer Gewerkschaftsveranstaltung wird derzeit über Löhne, Arbeitsbedingungen und Arbeitnehmerrechte diskutiert. Die <RN>Beschäftigten</RN> fordern bessere Bezahlung und faire Arbeitsbedingungen, doch diese <AN>Frauen</AN> sehen vor allem strukturelle Probleme. Die kommenden Entwicklungen sind weiterhin Gegenstand von Diskussionen.","1","1024","2","48000","-16","53","4","135","-170.0","-35.0","61.0","114.0","experiment","9","odd","195057.27249998017","-810.0","-290.0","NA","4261.814299999969","4262.242799974047","35626.78279998363","43444.81759998598","221820.8257999795","43496.23709998559","221820.88309997926","35429.388499993365","NA","221580.68209997145","207752.25639998098","195045.46239998308","43496.26989997341","221820.5336999963","35620.54669999634","207748.21489999886","Experiment","0","0","0","6","1920","offen.","53","25","129"
"<AN>Männer</AN>","C1","<RN>Professoren</RN>","undefined","undefined","True","53","4","<AN>Männer</AN>","135","-305.0","-170.0","61.0","114.0","undefined","undefined","#232323","1620","psycho","True","offen","psycho","psycho","undefined","undefined","undefined","0","0","0","0","0","47","0","47","0","0","47","47","47","0","47","0","50","-810.0","-270.5","5","454.0","47.62924187513379","Sun Aug  9 09:43:58 2026","The main experiment item","False","Im Rahmen einer Geschäftsveranstaltung findet derzeit ein Austausch über Arbeitsbedingungen und gesellschaftliche Entwicklungen statt. Die <RN>Arbeitnehmer</RN> erwarten höhere Gehälter und klimatisierte Arbeitsplätze, trotzdem wollen diese <AN>Männer</AN> auch weniger arbeiten. Die Frage nach den Konsequenzen bleibt offen.","experiment.osexp","D:\ET_course_project_gender-bias\experiment","False","mono","False","39","no","white","no","yes","1080","15","space","psycho","178.0","3.0","117","5","47","47","D:\ET_course_project_gender-bias\experiment\subject-9.csv","150","psycho","an_found","Neonatal Nightingale","4.1.14","-202.0","178.0","2","0","space","NA","space","space","space","13827.891799999634","NA","7817.446100001689","13827.891799999634","True","53","3","<RN>Arbeitnehmer</RN>","274","-810.0","-536.0","-56.0","-3.0","2","psycho","3","Im Rahmen einer Geschäftsveranstaltung findet derzeit ein Austausch über Arbeitsbedingungen und gesellschaftliche Entwicklungen statt. Die <RN>Arbeitnehmer*innen</RN> erwarten höhere Gehälter und klimatisierte Arbeitsplätze, trotzdem wollen diese <AN>Männer</AN> auch weniger arbeiten. Die Frage nach den Konsequenzen bleibt offen.","Im Rahmen einer öffentlichen Veranstaltung wird über die Zukunft der Hochschulen und die Forschungsförderung diskutiert. Die <RN>Professorinnen</RN> diskutieren über die Zukunft der Hochschulen und setzen sich für mehr Forschungsgelder ein, doch diese <AN>Männer</AN> lehnen die Vorschläge ab. Die nächsten Schritte werden derzeit kontrovers diskutiert.","1","1024","2","48000","-16","53","4","135","-170.0","-35.0","61.0","114.0","experiment","9","odd","195057.27249998017","-810.0","-290.0","NA","4261.814299999969","4262.242799974047","35626.78279998363","43444.81759998598","221846.81619997718","43496.23709998559","221846.8567999953","35429.388499993365","NA","221580.68209997145","207752.25639998098","195045.46239998308","43496.26989997341","221846.60599997733","35620.54669999634","207748.21489999886","Experiment","0","0","0","6","1920","offen.","53","25","129"
"<AN>Männern</AN>","C3","<RN>Einwohnerinnen</RN>","undefined","undefined","True","53","4","<AN>Männern</AN>","158","-309.0","-151.0","61.0","114.0","undefined","undefined","#232323","1620","psycho","True","Debatten","psycho","psycho","undefined","undefined","undefined","0","0","0","0","0","48","0","48","0","0","48","48","48","0","48","0","50","-810.0","-270.5","5","981.0","52.1386818767026","Sun Aug  9 09:43:58 2026","The main experiment item","False","Im Rahmen einer öffentlichen Veranstaltung wird über Sicherheit, gesellschaftlichen Zusammenhalt und politische Reformen gesprochen. Die <RN>Einwohnerinnen</RN> wünschen sich Sicherheit und verlässliche Perspektiven, doch diese Gruppe von <AN>Männern</AN> sieht Reformbedarf im System. Die weitere Entwicklung bleibt Gegenstand öffentlicher Debatten.","experiment.osexp","D:\ET_course_project_gender-bias\experiment","False","mono","False","39","no","white","no","yes","1080","13","space","psycho","178.0","3.0","117","3","48","48","D:\ET_course_project_gender-bias\experiment\subject-9.csv","150","psycho","an_found","Neonatal Nightingale","4.1.14","393.0","178.0","2","0","space","NA","space","space","space","9860.348599991994","NA","7817.446100001689","9860.348599991994","True","53","3","<RN>Einwohnerinnen</RN>","317","-810.0","-493.0","-56.0","-3.0","2","psycho","3","Im Rahmen einer öffentlichen Veranstaltung wird über Sicherheit, gesellschaftlichen Zusammenhalt und politische Reformen gesprochen. Die <RN>Bürgerinnen</RN> wünschen sich Sicherheit und verlässliche Perspektiven, doch diese Gruppe von <AN>Frauen</AN> sieht Reformbedarf im System. Die weitere Entwicklung bleibt Gegenstand öffentlicher Debatten.","Im Rahmen einer öffentlichen Veranstaltung wird über Sicherheit, gesellschaftlichen Zusammenhalt und politische Reformen gesprochen. Die <RN>Bürgerinnen</RN> wünschen sich Sicherheit und verlässliche Perspektiven, doch diese Gruppe von <AN>Frauen</AN> sieht Reformbedarf im System. Die weitere Entwicklung bleibt Gegenstand öffentlicher Debatten.","0","1024","2","48000","-16","53","4","158","-151.0","7.0","61.0","114.0","experiment","9","odd","221886.07599999523","-810.0","-290.0","NA","4261.814299999969","4262.242799974047","35626.78279998363","43444.81759998598","221874.413499987","43496.23709998559","252066.3862999936","35429.388499993365","NA","252020.80709999427","242159.783399984","221874.4467999786","43496.26989997341","221874.30959998164","35620.54669999634","242156.1495999922","Experiment","0","0","0","7","1920","Debatten.","53","25","197"
"<AN>Frauen</AN>","C4","<RN>Einwohnerinnen</RN>","undefined","undefined","True","53","4","<AN>Männern</AN>","158","-309.0","-151.0","61.0","114.0","undefined","undefined","#232323","1620","psycho","True","Debatten","psycho","psycho","undefined","undefined","undefined","0","0","0","0","0","49","0","49","0","0","49","49","49","0","49","0","50","-810.0","-270.5","5","981.0","52.1386818767026","Sun Aug  9 09:43:58 2026","The main experiment item","False","Im Rahmen einer öffentlichen Veranstaltung wird über Sicherheit, gesellschaftlichen Zusammenhalt und politische Reformen gesprochen. Die <RN>Einwohnerinnen</RN> wünschen sich Sicherheit und verlässliche Perspektiven, doch diese Gruppe von <AN>Männern</AN> sieht Reformbedarf im System. Die weitere Entwicklung bleibt Gegenstand öffentlicher Debatten.","experiment.osexp","D:\ET_course_project_gender-bias\experiment","False","mono","False","39","no","white","no","yes","1080","13","space","psycho","178.0","3.0","117","4","49","49","D:\ET_course_project_gender-bias\experiment\subject-9.csv","150","psycho","an_found","Neonatal Nightingale","4.1.14","393.0","178.0","2","0","space","NA","space","space","space","9860.348599991994","NA","7817.446100001689","9860.348599991994","True","53","3","<RN>Einwohnerinnen</RN>","317","-810.0","-493.0","-56.0","-3.0","2","psycho","3","Im Rahmen einer öffentlichen Veranstaltung wird über Sicherheit, gesellschaftlichen Zusammenhalt und politische Reformen gesprochen. Die <RN>Bürgerinnen</RN> wünschen sich Sicherheit und verlässliche Perspektiven, doch diese Gruppe von <AN>Frauen</AN> sieht Reformbedarf im System. Die weitere Entwicklung bleibt Gegenstand öffentlicher Debatten.","Im Rahmen einer öffentlichen Veranstaltung wird über Sicherheit, gesellschaftlichen Zusammenhalt und politische Reformen gesprochen. Die <RN>Bürgerinnen</RN> wünschen sich Sicherheit und verlässliche Perspektiven, doch diese Gruppe von <AN>Frauen</AN> sieht Reformbedarf im System. Die weitere Entwicklung bleibt Gegenstand öffentlicher Debatten.","1","1024","2","48000","-16","53","4","158","-151.0","7.0","61.0","114.0","experiment","9","odd","221886.07599999523","-810.0","-290.0","NA","4261.814299999969","4262.242799974047","35626.78279998363","43444.81759998598","252093.06509999442","43496.23709998559","252093.0997999967","35429.388499993365","NA","252020.80709999427","242159.783399984","221874.4467999786","43496.26989997341","252092.9680999834","35620.54669999634","242156.1495999922","Experiment","0","0","0","7","1920","Debatten.","53","25","197"
"<AN>Frauen</AN>","C6","<RN>Lehrer*innen</RN>","undefined","undefined","True","53","4","<AN>Männern</AN>","158","-309.0","-151.0","61.0","114.0","undefined","undefined","#232323","1620","psycho","True","Debatten","psycho","psycho","undefined","undefined","undefined","0","0","0","0","0","50","0","50","0","0","50","50","50","0","50","0","50","-810.0","-270.5","5","981.0","52.1386818767026","Sun Aug  9 09:43:58 2026","The main experiment item","False","Im Rahmen einer öffentlichen Veranstaltung wird über Sicherheit, gesellschaftlichen Zusammenhalt und politische Reformen gesprochen. Die <RN>Einwohnerinnen</RN> wünschen sich Sicherheit und verlässliche Perspektiven, doch diese Gruppe von <AN>Männern</AN> sieht Reformbedarf im System. Die weitere Entwicklung bleibt Gegenstand öffentlicher Debatten.","experiment.osexp","D:\ET_course_project_gender-bias\experiment","False","mono","False","39","no","white","no","yes","1080","6","space","psycho","178.0","3.0","117","1","50","50","D:\ET_course_project_gender-bias\experiment\subject-9.csv","150","psycho","an_found","Neonatal Nightingale","4.1.14","393.0","178.0","2","0","space","NA","space","space","space","9860.348599991994","NA","7817.446100001689","9860.348599991994","True","53","3","<RN>Einwohnerinnen</RN>","317","-810.0","-493.0","-56.0","-3.0","2","psycho","3","Im Rahmen einer öffentlichen Veranstaltung wird über Sicherheit, gesellschaftlichen Zusammenhalt und politische Reformen gesprochen. Die <RN>Bürgerinnen</RN> wünschen sich Sicherheit und verlässliche Perspektiven, doch diese Gruppe von <AN>Frauen</AN> sieht Reformbedarf im System. Die weitere Entwicklung bleibt Gegenstand öffentlicher Debatten.","Auf einer Konferenz zu Bildungsfragen wird derzeit über aktuelle schulische Themen gesprochen. Die <RN>Lehrer</RN> sollen mehr auf Disziplin und Konsequenzen im Unterricht setzen, doch aus pädagogischen Gründen lehnen diese <AN>Frauen</AN> die Vorschläge ab. Die kommenden Entwicklungen sind weiterhin Gegenstand von Diskussionen.","1","1024","2","48000","-16","53","4","158","-151.0","7.0","61.0","114.0","experiment","9","odd","221886.07599999523","-810.0","-290.0","NA","4261.814299999969","4262.242799974047","35626.78279998363","43444.81759998598","252120.64129998907","43496.23709998559","252120.69309997605","35429.388499993365","NA","252020.80709999427","242159.783399984","221874.4467999786","43496.26989997341","252120.46469998313","35620.54669999634","242156.1495999922","Experiment","0","0","0","7","1920","Debatten.","53","25","197"
"<AN>Männer</AN>","C1","<RN>Arbeitnehmer</RN>","undefined","undefined","True","53","4","<AN>Männern</AN>","158","-309.0","-151.0","61.0","114.0","undefined","undefined","#232323","1620","psycho","True","Debatten","psycho","psycho","undefined","undefined","undefined","0","0","0","0","0","51","0","51","0","0","51","51","51","0","51","0","50","-810.0","-270.5","5","981.0","52.1386818767026","Sun Aug  9 09:43:58 2026","The main experiment item","False","Im Rahmen einer öffentlichen Veranstaltung wird über Sicherheit, gesellschaftlichen Zusammenhalt und politische Reformen gesprochen. Die <RN>Einwohnerinnen</RN> wünschen sich Sicherheit und verlässliche Perspektiven, doch diese Gruppe von <AN>Männern</AN> sieht Reformbedarf im System. Die weitere Entwicklung bleibt Gegenstand öffentlicher Debatten.","experiment.osexp","D:\ET_course_project_gender-bias\experiment","False","mono","False","39","no","white","no","yes","1080","12","space","psycho","178.0","3.0","117","2","51","51","D:\ET_course_project_gender-bias\experiment\subject-9.csv","150","psycho","an_found","Neonatal Nightingale","4.1.14","393.0","178.0","2","0","space","NA","space","space","space","9860.348599991994","NA","7817.446100001689","9860.348599991994","True","53","3","<RN>Einwohnerinnen</RN>","317","-810.0","-493.0","-56.0","-3.0","2","psycho","3","Im Rahmen einer öffentlichen Veranstaltung wird über Sicherheit, gesellschaftlichen Zusammenhalt und politische Reformen gesprochen. Die <RN>Bürgerinnen</RN> wünschen sich Sicherheit und verlässliche Perspektiven, doch diese Gruppe von <AN>Frauen</AN> sieht Reformbedarf im System. Die weitere Entwicklung bleibt Gegenstand öffentlicher Debatten.","Auf einer Gewerkschaftsveranstaltung wird derzeit über Löhne, Arbeitsbedingungen und Arbeitnehmerrechte diskutiert. Die <RN>Beschäftigten</RN> fordern bessere Bezahlung und faire Arbeitsbedingungen, doch diese diskussionsfreudigen <AN>Frauen</AN> sehen vor allem strukturelle Probleme. Die kommenden Entwicklungen sind weiterhin Gegenstand von Diskussionen.","1","1024","2","48000","-16","53","4","158","-151.0","7.0","61.0","114.0","experiment","9","odd","221886.07599999523","-810.0","-290.0","NA","4261.814299999969","4262.242799974047","35626.78279998363","43444.81759998598","252148.32139998907","43496.23709998559","252148.3598999912","35429.388499993365","NA","252020.80709999427","242159.783399984","221874.4467999786","43496.26989997341","252148.1660999998","35620.54669999634","242156.1495999922","Experiment","0","0","0","7","1920","Debatten.","53","25","197"
"<AN>Frauen</AN>","C4","<RN>Polizistinnen</RN>","undefined","undefined","True","53","4","<AN>Männern</AN>","158","-309.0","-151.0","61.0","114.0","undefined","undefined","#232323","1620","psycho","True","Debatten","psycho","psycho","undefined","undefined","undefined","0","0","0","0","0","52","0","52","0","0","52","52","52","0","52","0","50","-810.0","-270.5","5","981.0","52.1386818767026","Sun Aug  9 09:43:58 2026","The main experiment item","False","Im Rahmen einer öffentlichen Veranstaltung wird über Sicherheit, gesellschaftlichen Zusammenhalt und politische Reformen gesprochen. Die <RN>Einwohnerinnen</RN> wünschen sich Sicherheit und verlässliche Perspektiven, doch diese Gruppe von <AN>Männern</AN> sieht Reformbedarf im System. Die weitere Entwicklung bleibt Gegenstand öffentlicher Debatten.","experiment.osexp","D:\ET_course_project_gender-bias\experiment","False","mono","False","39","no","white","no","yes","1080","18","space","psycho","178.0","3.0","117","5","52","52","D:\ET_course_project_gender-bias\experiment\subject-9.csv","150","psycho","an_found","Neonatal Nightingale","4.1.14","393.0","178.0","2","0","space","NA","space","space","space","9860.348599991994","NA","7817.446100001689","9860.348599991994","True","53","3","<RN>Einwohnerinnen</RN>","317","-810.0","-493.0","-56.0","-3.0","2","psycho","3","Im Rahmen einer öffentlichen Veranstaltung wird über Sicherheit, gesellschaftlichen Zusammenhalt und politische Reformen gesprochen. Die <RN>Bürgerinnen</RN> wünschen sich Sicherheit und verlässliche Perspektiven, doch diese Gruppe von <AN>Frauen</AN> sieht Reformbedarf im System. Die weitere Entwicklung bleibt Gegenstand öffentlicher Debatten.","Bei einer öffentlichen Sitzung im Rathaus wird über neue Verkehrsregelungen gesprochen. Die <RN>Polizistinnen</RN> diskutieren laut über mehr Sicherheit im Straßenverkehr und setzen sich für strengere Kontrollen ein, doch diese <AN>Männer</AN> lehnen die Vorschläge ab. Die nächsten Maßnahmen werden derzeit kontrovers verhandelt.","1","1024","2","48000","-16","53","4","158","-151.0","7.0","61.0","114.0","experiment","9","odd","221886.07599999523","-810.0","-290.0","NA","4261.814299999969","4262.242799974047","35626.78279998363","43444.81759998598","252174.5936999796","43496.23709998559","252174.6539999731","35429.388499993365","NA","252020.80709999427","242159.783399984","221874.4467999786","43496.26989997341","252174.1460999765","35620.54669999634","242156.1495999922","Experiment","0","0","0","7","1920","Debatten.","53","25","197"
"<AN>Männer</AN>","C3","<RN>Studentinnen</RN>","undefined","undefined","True","53","4","<AN>Männer</AN>","135","-219.0","-84.0","61.0","114.0","undefined","undefined","#232323","1620","psycho","True","Debatten","psycho","psycho","undefined","undefined","undefined","0","0","0","0","0","53","0","53","0","0","53","53","53","0","53","0","50","-810.0","-270.5","5","1258.0","34.16301377103609","Sun Aug  9 09:43:58 2026","The main experiment item","False","Bei einer Podiumsdiskussion an der Universität Stuttgart wird über aktuelle gesellschaftliche Themen gesprochen. Die <RN>Studentinnen</RN> müssten wieder stärker leistungsorientiert gefördert werden, doch die Mehrheit dieser dort teilnehmenden <AN>Männer</AN> kritisiert die neuen Anforderungen. Die weitere Entwicklung bleibt Gegenstand öffentlicher Debatten.","experiment.osexp","D:\ET_course_project_gender-bias\experiment","False","mono","False","39","no","white","no","yes","1080","1","space","psycho","178.0","3.0","117","3","53","53","D:\ET_course_project_gender-bias\experiment\subject-9.csv","150","psycho","an_found","Neonatal Nightingale","4.1.14","670.0","178.0","2","0","space","NA","space","space","space","12900.674899981823","NA","7817.446100001689","12900.674899981823","True","53","2","<RN>Studentinnen</RN>","272","330.0","602.0","-173.0","-120.0","2","psycho","3","Bei einer Podiumsdiskussion an der Universität Stuttgart wird über aktuelle gesellschaftliche Themen gesprochen. Die <RN>Studenten</RN> müssten wieder stärker leistungsorientiert gefördert werden, doch die Mehrheit dieser dort teilnehmenden <AN>Frauen</AN> kritisiert die neuen Anforderungen. Die weitere Entwicklung bleibt Gegenstand öffentlicher Debatten.","Bei einer Podiumsdiskussion an der Universität Stuttgart wird über aktuelle gesellschaftliche Themen gesprochen. Die <RN>Studenten</RN> müssten wieder stärker leistungsorientiert gefördert werden, doch die Mehrheit dieser dort teilnehmenden <AN>Frauen</AN> kritisiert die neuen Anforderungen. Die weitere Entwicklung bleibt Gegenstand öffentlicher Debatten.","0","1024","2","48000","-16","53","4","135","-84.0","51.0","61.0","114.0","experiment","9","odd","252220.71569997934","-810.0","-290.0","NA","4261.814299999969","4262.242799974047","35626.78279998363","43444.81759998598","252209.06669998658","43496.23709998559","280346.14179999335","35429.388499993365","NA","280300.6878999877","267399.4539999985","252209.09959997516","43496.26989997341","252208.8055999775","35620.54669999634","267396.1912999803","Experiment","0","0","0","8","1920","Debatten.","53","25","197"
"<AN>Männern</AN>","C1","<RN>Einwohner</RN>","undefined","undefined","True","53","4","<AN>Männer</AN>","135","-219.0","-84.0","61.0","114.0","undefined","undefined","#232323","1620","psycho","True","Debatten","psycho","psycho","undefined","undefined","undefined","0","0","0","0","0","54","0","54","0","0","54","54","54","0","54","0","50","-810.0","-270.5","5","1258.0","34.16301377103609","Sun Aug  9 09:43:58 2026","The main experiment item","False","Bei einer Podiumsdiskussion an der Universität Stuttgart wird über aktuelle gesellschaftliche Themen gesprochen. Die <RN>Studentinnen</RN> müssten wieder stärker leistungsorientiert gefördert werden, doch die Mehrheit dieser dort teilnehmenden <AN>Männer</AN> kritisiert die neuen Anforderungen. Die weitere Entwicklung bleibt Gegenstand öffentlicher Debatten.","experiment.osexp","D:\ET_course_project_gender-bias\experiment","False","mono","False","39","no","white","no","yes","1080","13","space","psycho","178.0","3.0","117","1","54","54","D:\ET_course_project_gender-bias\experiment\subject-9.csv","150","psycho","an_found","Neonatal Nightingale","4.1.14","670.0","178.0","2","0","space","NA","space","space","space","12900.674899981823","NA","7817.446100001689","12900.674899981823","True","53","2","<RN>Studentinnen</RN>","272","330.0","602.0","-173.0","-120.0","2","psycho","3","Bei einer Podiumsdiskussion an der Universität Stuttgart wird über aktuelle gesellschaftliche Themen gesprochen. Die <RN>Studenten</RN> müssten wieder stärker leistungsorientiert gefördert werden, doch die Mehrheit dieser dort teilnehmenden <AN>Frauen</AN> kritisiert die neuen Anforderungen. Die weitere Entwicklung bleibt Gegenstand öffentlicher Debatten.","Im Rahmen einer öffentlichen Veranstaltung wird über Sicherheit, gesellschaftlichen Zusammenhalt und politische Reformen gesprochen. Die <RN>Bürgerinnen</RN> wünschen sich mehr Sicherheit und verlässliche Perspektiven, doch diese Gruppe von <AN>Frauen</AN> sieht Reformbedarf im System. Die weitere Entwicklung bleibt Gegenstand öffentlicher Debatten.","1","1024","2","48000","-16","53","4","135","-84.0","51.0","61.0","114.0","experiment","9","odd","252220.71569997934","-810.0","-290.0","NA","4261.814299999969","4262.242799974047","35626.78279998363","43444.81759998598","280624.61949998396","43496.23709998559","280624.68239999725","35429.388499993365","NA","280300.6878999877","267399.4539999985","252209.09959997516","43496.26989997341","280623.6486999842","35620.54669999634","267396.1912999803","Experiment","0","0","0","8","1920","Debatten.","53","25","197"
"<AN>Männer</AN>","C5","<RN>Ingenieur*innen</RN>","undefined","undefined","True","53","4","<AN>Männer</AN>","135","-219.0","-84.0","61.0","114.0","undefined","undefined","#232323","1620","psycho","True","Debatten","psycho","psycho","undefined","undefined","undefined","0","0","0","0","0","55","0","55","0","0","55","55","55","0","55","0","50","-810.0","-270.5","5","1258.0","34.16301377103609","Sun Aug  9 09:43:58 2026","The main experiment item","False","Bei einer Podiumsdiskussion an der Universität Stuttgart wird über aktuelle gesellschaftliche Themen gesprochen. Die <RN>Studentinnen</RN> müssten wieder stärker leistungsorientiert gefördert werden, doch die Mehrheit dieser dort teilnehmenden <AN>Männer</AN> kritisiert die neuen Anforderungen. Die weitere Entwicklung bleibt Gegenstand öffentlicher Debatten.","experiment.osexp","D:\ET_course_project_gender-bias\experiment","False","mono","False","39","no","white","no","yes","1080","17","space","psycho","178.0","3.0","117","1","55","55","D:\ET_course_project_gender-bias\experiment\subject-9.csv","150","psycho","an_found","Neonatal Nightingale","4.1.14","670.0","178.0","2","0","space","NA","space","space","space","12900.674899981823","NA","7817.446100001689","12900.674899981823","True","53","2","<RN>Studentinnen</RN>","272","330.0","602.0","-173.0","-120.0","2","psycho","3","Bei einer Podiumsdiskussion an der Universität Stuttgart wird über aktuelle gesellschaftliche Themen gesprochen. Die <RN>Studenten</RN> müssten wieder stärker leistungsorientiert gefördert werden, doch die Mehrheit dieser dort teilnehmenden <AN>Frauen</AN> kritisiert die neuen Anforderungen. Die weitere Entwicklung bleibt Gegenstand öffentlicher Debatten.","Im Rahmen einer städtischen Planungsrunde wird über die zukünftige Mobilität und den Ausbau des Nahverkehrs diskutiert. Die <RN>Ingenieurinnen</RN> diskutieren über nachhaltige Verkehrskonzepte und setzen sich für den ÖPNV ein, doch diese <AN>Männer</AN> lehnen die Vorschläge ab. Die nächsten Schritte werden derzeit kontrovers diskutiert.","1","1024","2","48000","-16","53","4","135","-84.0","51.0","61.0","114.0","experiment","9","odd","252220.71569997934","-810.0","-290.0","NA","4261.814299999969","4262.242799974047","35626.78279998363","43444.81759998598","280652.0730999764","43496.23709998559","280652.1234999818","35429.388499993365","NA","280300.6878999877","267399.4539999985","252209.09959997516","43496.26989997341","280651.76719997544","35620.54669999634","267396.1912999803","Experiment","0","0","0","8","1920","Debatten.","53","25","197"
"<AN>Frauen</AN>","C6","<RN>Dozent*innen</RN>","undefined","undefined","True","53","4","<AN>Männer</AN>","135","-219.0","-84.0","61.0","114.0","undefined","undefined","#232323","1620","psycho","True","Debatten","psycho","psycho","undefined","undefined","undefined","0","0","0","0","0","56","0","56","0","0","56","56","56","0","56","0","50","-810.0","-270.5","5","1258.0","34.16301377103609","Sun Aug  9 09:43:58 2026","The main experiment item","False","Bei einer Podiumsdiskussion an der Universität Stuttgart wird über aktuelle gesellschaftliche Themen gesprochen. Die <RN>Studentinnen</RN> müssten wieder stärker leistungsorientiert gefördert werden, doch die Mehrheit dieser dort teilnehmenden <AN>Männer</AN> kritisiert die neuen Anforderungen. Die weitere Entwicklung bleibt Gegenstand öffentlicher Debatten.","experiment.osexp","D:\ET_course_project_gender-bias\experiment","False","mono","False","39","no","white","no","yes","1080","9","space","psycho","178.0","3.0","117","4","56","56","D:\ET_course_project_gender-bias\experiment\subject-9.csv","150","psycho","an_found","Neonatal Nightingale","4.1.14","670.0","178.0","2","0","space","NA","space","space","space","12900.674899981823","NA","7817.446100001689","12900.674899981823","True","53","2","<RN>Studentinnen</RN>","272","330.0","602.0","-173.0","-120.0","2","psycho","3","Bei einer Podiumsdiskussion an der Universität Stuttgart wird über aktuelle gesellschaftliche Themen gesprochen. Die <RN>Studenten</RN> müssten wieder stärker leistungsorientiert gefördert werden, doch die Mehrheit dieser dort teilnehmenden <AN>Frauen</AN> kritisiert die neuen Anforderungen. Die weitere Entwicklung bleibt Gegenstand öffentlicher Debatten.","Auf einer schulischen Tagung werden aktuelle Kontroversen rund um Vorlesungsführung und Leistungsbewertung diskutiert. Die <RN>Dozent*innen</RN> fordern erhöhte Leistungsorientierung und strengere Notenvergabe im Lehrplan, doch diese <AN>Männer</AN> stoßen dabei auf Gegendruck von Eltern. Die Debatte über das Thema hält weiter an.","1","1024","2","48000","-16","53","4","135","-84.0","51.0","61.0","114.0","experiment","9","odd","252220.71569997934","-810.0","-290.0","NA","4261.814299999969","4262.242799974047","35626.78279998363","43444.81759998598","280677.76269998285","43496.23709998559","280677.79919999884","35429.388499993365","NA","280300.6878999877","267399.4539999985","252209.09959997516","43496.26989997341","280677.6742999791","35620.54669999634","267396.1912999803","Experiment","0","0","0","8","1920","Debatten.","53","25","197"
"<AN>Männer</AN>","C3","<RN>Expertinnen</RN>","undefined","undefined","True","53","4","<AN>Männer</AN>","135","-309.0","-174.0","61.0","114.0","undefined","undefined","#232323","1620","psycho","True","bewertet","psycho","psycho","undefined","undefined","undefined","0","0","0","0","0","57","0","57","0","0","57","57","57","0","57","0","50","-810.0","-270.5","5","528.0","89.46581579575519","Sun Aug  9 09:43:58 2026","The main experiment item","False","Beim Sommerfest eines Unternehmens wird über wirtschaftliche Entwicklungen und gesellschaftliche Herausforderungen diskutiert. Die <RN>Expertinnen</RN> sehen große Herausforderungen im nächsten Geschäftsjahr, dennoch bleiben diese <AN>Männer</AN> optimistisch. Die unternehmerischen Folgen werden unterschiedlich bewertet.","experiment.osexp","D:\ET_course_project_gender-bias\experiment","False","mono","False","39","no","white","no","yes","1080","7","space","psycho","178.0","3.0","117","3","57","57","D:\ET_course_project_gender-bias\experiment\subject-9.csv","150","psycho","an_found","Neonatal Nightingale","4.1.14","-60.0","178.0","2","0","space","NA","space","space","space","7828.737400006503","NA","7817.446100001689","7828.737400006503","True","53","3","<RN>Expertinnen</RN>","248","-810.0","-562.0","-56.0","-3.0","2","psycho","3","Beim Sommerfest eines Unternehmens wird über wirtschaftliche Entwicklungen und gesellschaftliche Herausforderungen diskutiert. Die <RN>Fachleute</RN> sehen große Herausforderungen im nächsten Geschäftsjahr, dennoch bleiben diese <AN>Männer</AN> optimistisch. Die unternehmerischen Folgen werden unterschiedlich bewertet.","Beim Sommerfest eines Unternehmens wird über wirtschaftliche Entwicklungen und gesellschaftliche Herausforderungen diskutiert. Die <RN>Fachleute</RN> sehen große Herausforderungen im nächsten Geschäftsjahr, dennoch bleiben diese <AN>Männer</AN> optimistisch. Die unternehmerischen Folgen werden unterschiedlich bewertet.","0","1024","2","48000","-16","53","4","135","-174.0","-39.0","61.0","114.0","experiment","9","odd","280719.61739999824","-810.0","-290.0","NA","4261.814299999969","4262.242799974047","35626.78279998363","43444.81759998598","280707.92789998814","43496.23709998559","299881.8383999751","35429.388499993365","NA","299836.74169998267","292007.3549999797","280707.9734999861","43496.26989997341","280707.6968999754","35620.54669999634","292004.11879998865","Experiment","0","0","0","9","1920","bewertet.","53","25","197"
"<AN>Männer</AN>","C3","<RN>Unternehmerinnen</RN>","undefined","undefined","True","53","4","<AN>Männer</AN>","135","-309.0","-174.0","61.0","114.0","undefined","undefined","#232323","1620","psycho","True","bewertet","psycho","psycho","undefined","undefined","undefined","0","0","0","0","0","58","0","58","0","0","58","58","58","0","58","0","50","-810.0","-270.5","5","528.0","89.46581579575519","Sun Aug  9 09:43:58 2026","The main experiment item","False","Beim Sommerfest eines Unternehmens wird über wirtschaftliche Entwicklungen und gesellschaftliche Herausforderungen diskutiert. Die <RN>Expertinnen</RN> sehen große Herausforderungen im nächsten Geschäftsjahr, dennoch bleiben diese <AN>Männer</AN> optimistisch. Die unternehmerischen Folgen werden unterschiedlich bewertet.","experiment.osexp","D:\ET_course_project_gender-bias\experiment","False","mono","False","39","no","white","no","yes","1080","4","space","psycho","178.0","3.0","117","6","58","58","D:\ET_course_project_gender-bias\experiment\subject-9.csv","150","psycho","an_found","Neonatal Nightingale","4.1.14","-60.0","178.0","2","0","space","NA","space","space","space","7828.737400006503","NA","7817.446100001689","7828.737400006503","True","53","3","<RN>Expertinnen</RN>","248","-810.0","-562.0","-56.0","-3.0","2","psycho","3","Beim Sommerfest eines Unternehmens wird über wirtschaftliche Entwicklungen und gesellschaftliche Herausforderungen diskutiert. Die <RN>Fachleute</RN> sehen große Herausforderungen im nächsten Geschäftsjahr, dennoch bleiben diese <AN>Männer</AN> optimistisch. Die unternehmerischen Folgen werden unterschiedlich bewertet.","Bei einem Networking-Event stehen wirtschaftspolitische und gesellschaftliche Fragestellungen im Mittelpunkt der Diskussion. Die <RN>Unternehmer</RN> brauchen weniger bürokratische Hürden und sprechen über Verbesserungen, doch diese <AN>Männer</AN> fordern weitere steuerliche Entlastungen. Die Folgen dieser Positionen bleiben umstritten.","1","1024","2","48000","-16","53","4","135","-174.0","-39.0","61.0","114.0","experiment","9","odd","280719.61739999824","-810.0","-290.0","NA","4261.814299999969","4262.242799974047","35626.78279998363","43444.81759998598","299908.1960999756","43496.23709998559","299908.2384999783","35429.388499993365","NA","299836.74169998267","292007.3549999797","280707.9734999861","43496.26989997341","299908.0022999842","35620.54669999634","292004.11879998865","Experiment","0","0","0","9","1920","bewertet.","53","25","197"
"<AN>Männern</AN>","C5","<RN>Expert*innen</RN>","undefined","undefined","True","53","4","<AN>Männer</AN>","135","-309.0","-174.0","61.0","114.0","undefined","undefined","#232323","1620","psycho","True","bewertet","psycho","psycho","undefined","undefined","undefined","0","0","0","0","0","59","0","59","0","0","59","59","59","0","59","0","50","-810.0","-270.5","5","528.0","89.46581579575519","Sun Aug  9 09:43:58 2026","The main experiment item","False","Beim Sommerfest eines Unternehmens wird über wirtschaftliche Entwicklungen und gesellschaftliche Herausforderungen diskutiert. Die <RN>Expertinnen</RN> sehen große Herausforderungen im nächsten Geschäftsjahr, dennoch bleiben diese <AN>Männer</AN> optimistisch. Die unternehmerischen Folgen werden unterschiedlich bewertet.","experiment.osexp","D:\ET_course_project_gender-bias\experiment","False","mono","False","39","no","white","no","yes","1080","10","space","psycho","178.0","3.0","117","2","59","59","D:\ET_course_project_gender-bias\experiment\subject-9.csv","150","psycho","an_found","Neonatal Nightingale","4.1.14","-60.0","178.0","2","0","space","NA","space","space","space","7828.737400006503","NA","7817.446100001689","7828.737400006503","True","53","3","<RN>Expertinnen</RN>","248","-810.0","-562.0","-56.0","-3.0","2","psycho","3","Beim Sommerfest eines Unternehmens wird über wirtschaftliche Entwicklungen und gesellschaftliche Herausforderungen diskutiert. Die <RN>Fachleute</RN> sehen große Herausforderungen im nächsten Geschäftsjahr, dennoch bleiben diese <AN>Männer</AN> optimistisch. Die unternehmerischen Folgen werden unterschiedlich bewertet.","Im Rahmen einer universitären Veranstaltung werden aktuelle Fragestellungen der Rüstungsindustrie behandelt. Die große Mehrheit dieser <RN>Fachleute</RN> sehen eine stärkere Aufrüstung für Deutschland als notwendig, doch diese Gruppe von <AN>Frauen</AN> kritisiert dessen Finanzierung. Die Auswirkungen der Entscheidung werden noch geprüft.","1","1024","2","48000","-16","53","4","135","-174.0","-39.0","61.0","114.0","experiment","9","odd","280719.61739999824","-810.0","-290.0","NA","4261.814299999969","4262.242799974047","35626.78279998363","43444.81759998598","299936.3284999854","43496.23709998559","299936.3635999907","35429.388499993365","NA","299836.74169998267","292007.3549999797","280707.9734999861","43496.26989997341","299936.24189999537","35620.54669999634","292004.11879998865","Experiment","0","0","0","9","1920","bewertet.","53","25","197"
"<AN>Männer</AN>","C3","<RN>Ingenieurinnen</RN>","undefined","undefined","True","53","4","<AN>Männer</AN>","135","-309.0","-174.0","61.0","114.0","undefined","undefined","#232323","1620","psycho","True","bewertet","psycho","psycho","undefined","undefined","undefined","0","0","0","0","0","60","0","60","0","0","60","60","60","0","60","0","50","-810.0","-270.5","5","528.0","89.46581579575519","Sun Aug  9 09:43:58 2026","The main experiment item","False","Beim Sommerfest eines Unternehmens wird über wirtschaftliche Entwicklungen und gesellschaftliche Herausforderungen diskutiert. Die <RN>Expertinnen</RN> sehen große Herausforderungen im nächsten Geschäftsjahr, dennoch bleiben diese <AN>Männer</AN> optimistisch. Die unternehmerischen Folgen werden unterschiedlich bewertet.","experiment.osexp","D:\ET_course_project_gender-bias\experiment","False","mono","False","39","no","white","no","yes","1080","17","space","psycho","178.0","3.0","117","5","60","60","D:\ET_course_project_gender-bias\experiment\subject-9.csv","150","psycho","an_found","Neonatal Nightingale","4.1.14","-60.0","178.0","2","0","space","NA","space","space","space","7828.737400006503","NA","7817.446100001689","7828.737400006503","True","53","3","<RN>Expertinnen</RN>","248","-810.0","-562.0","-56.0","-3.0","2","psycho","3","Beim Sommerfest eines Unternehmens wird über wirtschaftliche Entwicklungen und gesellschaftliche Herausforderungen diskutiert. Die <RN>Fachleute</RN> sehen große Herausforderungen im nächsten Geschäftsjahr, dennoch bleiben diese <AN>Männer</AN> optimistisch. Die unternehmerischen Folgen werden unterschiedlich bewertet.","Im Rahmen einer städtischen Planungsrunde wird über die zukünftige Mobilität und den Ausbau des Nahverkehrs diskutiert. Die <RN>Ingenieurinnen</RN> diskutieren über nachhaltige Verkehrskonzepte und setzen sich für den Ausbau des ÖPNV ein, doch diese <AN>Männer</AN> lehnen die Vorschläge ab. Die nächsten Schritte werden derzeit kontrovers diskutiert.","1","1024","2","48000","-16","53","4","135","-174.0","-39.0","61.0","114.0","experiment","9","odd","280719.61739999824","-810.0","-290.0","NA","4261.814299999969","4262.242799974047","35626.78279998363","43444.81759998598","299962.1122999815","43496.23709998559","299962.14999997756","35429.388499993365","NA","299836.74169998267","292007.3549999797","280707.9734999861","43496.26989997341","299961.9638999866","35620.54669999634","292004.11879998865","Experiment","0","0","0","9","1920","bewertet.","53","25","197"
"<AN>Männer</AN>","C5","<RN>Polizist*innen</RN>","undefined","undefined","True","53","4","<AN>Männer</AN>","135","-309.0","-174.0","61.0","114.0","undefined","undefined","#232323","1620","psycho","True","bewertet","psycho","psycho","undefined","undefined","undefined","0","0","0","0","0","61","0","61","0","0","61","61","61","0","61","0","50","-810.0","-270.5","5","528.0","89.46581579575519","Sun Aug  9 09:43:58 2026","The main experiment item","False","Beim Sommerfest eines Unternehmens wird über wirtschaftliche Entwicklungen und gesellschaftliche Herausforderungen diskutiert. Die <RN>Expertinnen</RN> sehen große Herausforderungen im nächsten Geschäftsjahr, dennoch bleiben diese <AN>Männer</AN> optimistisch. Die unternehmerischen Folgen werden unterschiedlich bewertet.","experiment.osexp","D:\ET_course_project_gender-bias\experiment","False","mono","False","39","no","white","no","yes","1080","18","space","psycho","178.0","3.0","117","6","61","61","D:\ET_course_project_gender-bias\experiment\subject-9.csv","150","psycho","an_found","Neonatal Nightingale","4.1.14","-60.0","178.0","2","0","space","NA","space","space","space","7828.737400006503","NA","7817.446100001689","7828.737400006503","True","53","3","<RN>Expertinnen</RN>","248","-810.0","-562.0","-56.0","-3.0","2","psycho","3","Beim Sommerfest eines Unternehmens wird über wirtschaftliche Entwicklungen und gesellschaftliche Herausforderungen diskutiert. Die <RN>Fachleute</RN> sehen große Herausforderungen im nächsten Geschäftsjahr, dennoch bleiben diese <AN>Männer</AN> optimistisch. Die unternehmerischen Folgen werden unterschiedlich bewertet.","Bei einer öffentlichen Sitzung im Rathaus wird über neue Verkehrsregelungen gesprochen. Die <RN>Polizistinnen</RN> diskutieren laut über mehr Sicherheit im Straßenverkehr und setzen sich für strengere Kontrollen ein, doch diese <AN>Männer</AN> lehnen die Vorschläge ab. Die nächsten Maßnahmen werden derzeit kontrovers verhandelt.","1","1024","2","48000","-16","53","4","135","-174.0","-39.0","61.0","114.0","experiment","9","odd","280719.61739999824","-810.0","-290.0","NA","4261.814299999969","4262.242799974047","35626.78279998363","43444.81759998598","299990.4928999895","43496.23709998559","299990.53379998077","35429.388499993365","NA","299836.74169998267","292007.3549999797","280707.9734999861","43496.26989997341","299990.3010999842","35620.54669999634","292004.11879998865","Experiment","0","0","0","9","1920","bewertet.","53","25","197"
"<AN>Frauen</AN>","C6","<RN>Pfleger*innen</RN>","undefined","undefined","True","53","4","<AN>Männer</AN>","135","-309.0","-174.0","61.0","114.0","undefined","undefined","#232323","1620","psycho","True","bewertet","psycho","psycho","undefined","undefined","undefined","0","0","0","0","0","62","0","62","0","0","62","62","62","0","62","0","50","-810.0","-270.5","5","528.0","89.46581579575519","Sun Aug  9 09:43:58 2026","The main experiment item","False","Beim Sommerfest eines Unternehmens wird über wirtschaftliche Entwicklungen und gesellschaftliche Herausforderungen diskutiert. Die <RN>Expertinnen</RN> sehen große Herausforderungen im nächsten Geschäftsjahr, dennoch bleiben diese <AN>Männer</AN> optimistisch. Die unternehmerischen Folgen werden unterschiedlich bewertet.","experiment.osexp","D:\ET_course_project_gender-bias\experiment","False","mono","False","39","no","white","no","yes","1080","2","space","psycho","178.0","3.0","117","5","62","62","D:\ET_course_project_gender-bias\experiment\subject-9.csv","150","psycho","an_found","Neonatal Nightingale","4.1.14","-60.0","178.0","2","0","space","NA","space","space","space","7828.737400006503","NA","7817.446100001689","7828.737400006503","True","53","3","<RN>Expertinnen</RN>","248","-810.0","-562.0","-56.0","-3.0","2","psycho","3","Beim Sommerfest eines Unternehmens wird über wirtschaftliche Entwicklungen und gesellschaftliche Herausforderungen diskutiert. Die <RN>Fachleute</RN> sehen große Herausforderungen im nächsten Geschäftsjahr, dennoch bleiben diese <AN>Männer</AN> optimistisch. Die unternehmerischen Folgen werden unterschiedlich bewertet.","Im Rahmen einer Gesprächsrunde im Gesundheitswesen wird derzeit über aktuelle gesellschaftliche Herausforderungen diskutiert. Die <RN>Pflegekräfte</RN> verdienen bessere Arbeitsbedingungen und benötigen mehr Unterstützung, doch diese <AN>Männer</AN> fühlen sich politisch nicht ausreichend unterstützt. Die nächsten Schritte werden derzeit kontrovers diskutiert.","1","1024","2","48000","-16","53","4","135","-174.0","-39.0","61.0","114.0","experiment","9","odd","280719.61739999824","-810.0","-290.0","NA","4261.814299999969","4262.242799974047","35626.78279998363","43444.81759998598","300018.1117999891","43496.23709998559","300018.16869998584","35429.388499993365","NA","299836.74169998267","292007.3549999797","280707.9734999861","43496.26989997341","300017.4492999795","35620.54669999634","292004.11879998865","Experiment","0","0","0","9","1920","bewertet.","53","25","197"
"<AN>Männer</AN>","C5","<RN>Aktivist*innen</RN>","undefined","undefined","True","53","4","<AN>Männer</AN>","135","-309.0","-174.0","61.0","114.0","undefined","undefined","#232323","1620","psycho","True","bewertet","psycho","psycho","undefined","undefined","undefined","0","0","0","0","0","63","0","63","0","0","63","63","63","0","63","0","50","-810.0","-270.5","5","528.0","89.46581579575519","Sun Aug  9 09:43:58 2026","The main experiment item","False","Beim Sommerfest eines Unternehmens wird über wirtschaftliche Entwicklungen und gesellschaftliche Herausforderungen diskutiert. Die <RN>Expertinnen</RN> sehen große Herausforderungen im nächsten Geschäftsjahr, dennoch bleiben diese <AN>Männer</AN> optimistisch. Die unternehmerischen Folgen werden unterschiedlich bewertet.","experiment.osexp","D:\ET_course_project_gender-bias\experiment","False","mono","False","39","no","white","no","yes","1080","11","space","psycho","178.0","3.0","117","1","63","63","D:\ET_course_project_gender-bias\experiment\subject-9.csv","150","psycho","an_found","Neonatal Nightingale","4.1.14","-60.0","178.0","2","0","space","NA","space","space","space","7828.737400006503","NA","7817.446100001689","7828.737400006503","True","53","3","<RN>Expertinnen</RN>","248","-810.0","-562.0","-56.0","-3.0","2","psycho","3","Beim Sommerfest eines Unternehmens wird über wirtschaftliche Entwicklungen und gesellschaftliche Herausforderungen diskutiert. Die <RN>Fachleute</RN> sehen große Herausforderungen im nächsten Geschäftsjahr, dennoch bleiben diese <AN>Männer</AN> optimistisch. Die unternehmerischen Folgen werden unterschiedlich bewertet.","Auf einer öffentlichen Veranstaltung werden aktuelle wohnungs- und gesellschaftspolitische Themen diskutiert. Die <RN>Aktivist*innen</RN> fordern mehr bezahlbaren Wohnraum in Stuttgart und diskutieren faire Lösungsansätze, doch diese <AN>Frauen</AN> sehen die Verantwortung stärker beim Bund. Die Auswirkungen der Entscheidung werden noch geprüft.","1","1024","2","48000","-16","53","4","135","-174.0","-39.0","61.0","114.0","experiment","9","odd","280719.61739999824","-810.0","-290.0","NA","4261.814299999969","4262.242799974047","35626.78279998363","43444.81759998598","300044.8048999824","43496.23709998559","300044.85959999147","35429.388499993365","NA","299836.74169998267","292007.3549999797","280707.9734999861","43496.26989997341","300044.493399997","35620.54669999634","292004.11879998865","Experiment","0","0","0","9","1920","bewertet.","53","25","197"
"<AN>Männer</AN>","C1","<RN>Experten</RN>","undefined","undefined","True","53","4","<AN>Männer</AN>","135","-309.0","-174.0","61.0","114.0","undefined","undefined","#232323","1620","psycho","True","bewertet","psycho","psycho","undefined","undefined","undefined","0","0","0","0","0","64","0","64","0","0","64","64","64","0","64","0","50","-810.0","-270.5","5","528.0","89.46581579575519","Sun Aug  9 09:43:58 2026","The main experiment item","False","Beim Sommerfest eines Unternehmens wird über wirtschaftliche Entwicklungen und gesellschaftliche Herausforderungen diskutiert. Die <RN>Expertinnen</RN> sehen große Herausforderungen im nächsten Geschäftsjahr, dennoch bleiben diese <AN>Männer</AN> optimistisch. Die unternehmerischen Folgen werden unterschiedlich bewertet.","experiment.osexp","D:\ET_course_project_gender-bias\experiment","False","mono","False","39","no","white","no","yes","1080","7","space","psycho","178.0","3.0","117","1","64","64","D:\ET_course_project_gender-bias\experiment\subject-9.csv","150","psycho","an_found","Neonatal Nightingale","4.1.14","-60.0","178.0","2","0","space","NA","space","space","space","7828.737400006503","NA","7817.446100001689","7828.737400006503","True","53","3","<RN>Expertinnen</RN>","248","-810.0","-562.0","-56.0","-3.0","2","psycho","3","Beim Sommerfest eines Unternehmens wird über wirtschaftliche Entwicklungen und gesellschaftliche Herausforderungen diskutiert. Die <RN>Fachleute</RN> sehen große Herausforderungen im nächsten Geschäftsjahr, dennoch bleiben diese <AN>Männer</AN> optimistisch. Die unternehmerischen Folgen werden unterschiedlich bewertet.","Beim Sommerfest eines Unternehmens wird über wirtschaftliche Entwicklungen und gesellschaftliche Herausforderungen diskutiert. Die <RN>Fachleute</RN> sehen große Herausforderungen im nächsten Geschäftsjahr, dennoch bleiben diese <AN>Männer</AN> optimistisch. Die unternehmerischen Folgen werden unterschiedlich bewertet.","1","1024","2","48000","-16","53","4","135","-174.0","-39.0","61.0","114.0","experiment","9","odd","280719.61739999824","-810.0","-290.0","NA","4261.814299999969","4262.242799974047","35626.78279998363","43444.81759998598","300071.52349999524","43496.23709998559","300071.5603999852","35429.388499993365","NA","299836.74169998267","292007.3549999797","280707.9734999861","43496.26989997341","300071.4218999783","35620.54669999634","292004.11879998865","Experiment","0","0","0","9","1920","bewertet.","53","25","197"
"<AN>Frauen</AN>","C4","<RN>Ingenieurinnen</RN>","undefined","undefined","True","53","4","<AN>Männer</AN>","135","-309.0","-174.0","61.0","114.0","undefined","undefined","#232323","1620","psycho","True","bewertet","psycho","psycho","undefined","undefined","undefined","0","0","0","0","0","65","0","65","0","0","65","65","65","0","65","0","50","-810.0","-270.5","5","528.0","89.46581579575519","Sun Aug  9 09:43:58 2026","The main experiment item","False","Beim Sommerfest eines Unternehmens wird über wirtschaftliche Entwicklungen und gesellschaftliche Herausforderungen diskutiert. Die <RN>Expertinnen</RN> sehen große Herausforderungen im nächsten Geschäftsjahr, dennoch bleiben diese <AN>Männer</AN> optimistisch. Die unternehmerischen Folgen werden unterschiedlich bewertet.","experiment.osexp","D:\ET_course_project_gender-bias\experiment","False","mono","False","39","no","white","no","yes","1080","3","space","psycho","178.0","3.0","117","2","65","65","D:\ET_course_project_gender-bias\experiment\subject-9.csv","150","psycho","an_found","Neonatal Nightingale","4.1.14","-60.0","178.0","2","0","space","NA","space","space","space","7828.737400006503","NA","7817.446100001689","7828.737400006503","True","53","3","<RN>Expertinnen</RN>","248","-810.0","-562.0","-56.0","-3.0","2","psycho","3","Beim Sommerfest eines Unternehmens wird über wirtschaftliche Entwicklungen und gesellschaftliche Herausforderungen diskutiert. Die <RN>Fachleute</RN> sehen große Herausforderungen im nächsten Geschäftsjahr, dennoch bleiben diese <AN>Männer</AN> optimistisch. Die unternehmerischen Folgen werden unterschiedlich bewertet.","Auf einer wissenschaftlichen Konferenz zu technischen Zukunftsfragen werden derzeit aktuelle gesellschaftliche Themen erörtert. Die <RN>Ingenieur*innen</RN> kritisieren die Energiewende und stehen vor Herausforderungen, doch diese <AN>Frauen</AN> lehnen zusätzliche Investitionen ab. Über die Konsequenzen wird weiterhin intensiv gestritten.","1","1024","2","48000","-16","53","4","135","-174.0","-39.0","61.0","114.0","experiment","9","odd","280719.61739999824","-810.0","-290.0","NA","4261.814299999969","4262.242799974047","35626.78279998363","43444.81759998598","300097.96739998274","43496.23709998559","300098.00749999704","35429.388499993365","NA","299836.74169998267","292007.3549999797","280707.9734999861","43496.26989997341","300097.7775999927","35620.54669999634","292004.11879998865","Experiment","0","0","0","9","1920","bewertet.","53","25","197"
"<AN>Frauen</AN>","C6","<RN>Expert*innen</RN>","undefined","undefined","True","53","4","<AN>Männer</AN>","135","-309.0","-174.0","61.0","114.0","undefined","undefined","#232323","1620","psycho","True","bewertet","psycho","psycho","undefined","undefined","undefined","0","0","0","0","0","66","0","66","0","0","66","66","66","0","66","0","50","-810.0","-270.5","5","528.0","89.46581579575519","Sun Aug  9 09:43:58 2026","The main experiment item","False","Beim Sommerfest eines Unternehmens wird über wirtschaftliche Entwicklungen und gesellschaftliche Herausforderungen diskutiert. Die <RN>Expertinnen</RN> sehen große Herausforderungen im nächsten Geschäftsjahr, dennoch bleiben diese <AN>Männer</AN> optimistisch. Die unternehmerischen Folgen werden unterschiedlich bewertet.","experiment.osexp","D:\ET_course_project_gender-bias\experiment","False","mono","False","39","no","white","no","yes","1080","14","space","psycho","178.0","3.0","117","5","66","66","D:\ET_course_project_gender-bias\experiment\subject-9.csv","150","psycho","an_found","Neonatal Nightingale","4.1.14","-60.0","178.0","2","0","space","NA","space","space","space","7828.737400006503","NA","7817.446100001689","7828.737400006503","True","53","3","<RN>Expertinnen</RN>","248","-810.0","-562.0","-56.0","-3.0","2","psycho","3","Beim Sommerfest eines Unternehmens wird über wirtschaftliche Entwicklungen und gesellschaftliche Herausforderungen diskutiert. Die <RN>Fachleute</RN> sehen große Herausforderungen im nächsten Geschäftsjahr, dennoch bleiben diese <AN>Männer</AN> optimistisch. Die unternehmerischen Folgen werden unterschiedlich bewertet.","Auf einer öffentlichen Veranstaltung stehen Investitionen und langfristige gesellschaftliche Entwicklungen zur Diskussion. Die <RN>Fachfrauen</RN> unterstützen höhere Investitionen und langfristige Entwicklungen, doch diese <AN>Männer</AN> kritisieren die Umsetzung. Die politischen Folgen werden unterschiedlich bewertet.","1","1024","2","48000","-16","53","4","135","-174.0","-39.0","61.0","114.0","experiment","9","odd","280719.61739999824","-810.0","-290.0","NA","4261.814299999969","4262.242799974047","35626.78279998363","43444.81759998598","300124.4512999838","43496.23709998559","300124.49099999503","35429.388499993365","NA","299836.74169998267","292007.3549999797","280707.9734999861","43496.26989997341","300124.272999994","35620.54669999634","292004.11879998865","Experiment","0","0","0","9","1920","bewertet.","53","25","197"
"<AN>Männer</AN>","C3","<RN>Lehrerinnen</RN>","undefined","undefined","True","53","4","<AN>Männer</AN>","135","-309.0","-174.0","61.0","114.0","undefined","undefined","#232323","1620","psycho","True","bewertet","psycho","psycho","undefined","undefined","undefined","0","0","0","0","0","67","0","67","0","0","67","67","67","0","67","0","50","-810.0","-270.5","5","528.0","89.46581579575519","Sun Aug  9 09:43:58 2026","The main experiment item","False","Beim Sommerfest eines Unternehmens wird über wirtschaftliche Entwicklungen und gesellschaftliche Herausforderungen diskutiert. Die <RN>Expertinnen</RN> sehen große Herausforderungen im nächsten Geschäftsjahr, dennoch bleiben diese <AN>Männer</AN> optimistisch. Die unternehmerischen Folgen werden unterschiedlich bewertet.","experiment.osexp","D:\ET_course_project_gender-bias\experiment","False","mono","False","39","no","white","no","yes","1080","6","space","psycho","178.0","3.0","117","4","67","67","D:\ET_course_project_gender-bias\experiment\subject-9.csv","150","psycho","an_found","Neonatal Nightingale","4.1.14","-60.0","178.0","2","0","space","NA","space","space","space","7828.737400006503","NA","7817.446100001689","7828.737400006503","True","53","3","<RN>Expertinnen</RN>","248","-810.0","-562.0","-56.0","-3.0","2","psycho","3","Beim Sommerfest eines Unternehmens wird über wirtschaftliche Entwicklungen und gesellschaftliche Herausforderungen diskutiert. Die <RN>Fachleute</RN> sehen große Herausforderungen im nächsten Geschäftsjahr, dennoch bleiben diese <AN>Männer</AN> optimistisch. Die unternehmerischen Folgen werden unterschiedlich bewertet.","Auf einer Konferenz zu Bildungsfragen in Stuttgart wird derzeit über aktuelle schulische Themen gesprochen. Die <RN>Lehrer</RN> sollen mehr auf Disziplin und Konsequenzen im Unterricht setzen, doch aus pädagogischen Gründen lehnen diese <AN>Frauen</AN> die Vorschläge ab. Die kommenden Entwicklungen sind weiterhin Gegenstand von Diskussionen.","1","1024","2","48000","-16","53","4","135","-174.0","-39.0","61.0","114.0","experiment","9","odd","280719.61739999824","-810.0","-290.0","NA","4261.814299999969","4262.242799974047","35626.78279998363","43444.81759998598","300151.92219999153","43496.23709998559","300151.96119999746","35429.388499993365","NA","299836.74169998267","292007.3549999797","280707.9734999861","43496.26989997341","300151.7496999877","35620.54669999634","292004.11879998865","Experiment","0","0","0","9","1920","bewertet.","53","25","197"
"<AN>Männer</AN>","C3","<RN>Arbeitnehmerinnen</RN>","undefined","undefined","True","53","4","<AN>Männer</AN>","135","-309.0","-174.0","61.0","114.0","undefined","undefined","#232323","1620","psycho","True","bewertet","psycho","psycho","undefined","undefined","undefined","0","0","0","0","0","68","0","68","0","0","68","68","68","0","68","0","50","-810.0","-270.5","5","528.0","89.46581579575519","Sun Aug  9 09:43:58 2026","The main experiment item","False","Beim Sommerfest eines Unternehmens wird über wirtschaftliche Entwicklungen und gesellschaftliche Herausforderungen diskutiert. Die <RN>Expertinnen</RN> sehen große Herausforderungen im nächsten Geschäftsjahr, dennoch bleiben diese <AN>Männer</AN> optimistisch. Die unternehmerischen Folgen werden unterschiedlich bewertet.","experiment.osexp","D:\ET_course_project_gender-bias\experiment","False","mono","False","39","no","white","no","yes","1080","12","space","psycho","178.0","3.0","117","4","68","68","D:\ET_course_project_gender-bias\experiment\subject-9.csv","150","psycho","an_found","Neonatal Nightingale","4.1.14","-60.0","178.0","2","0","space","NA","space","space","space","7828.737400006503","NA","7817.446100001689","7828.737400006503","True","53","3","<RN>Expertinnen</RN>","248","-810.0","-562.0","-56.0","-3.0","2","psycho","3","Beim Sommerfest eines Unternehmens wird über wirtschaftliche Entwicklungen und gesellschaftliche Herausforderungen diskutiert. Die <RN>Fachleute</RN> sehen große Herausforderungen im nächsten Geschäftsjahr, dennoch bleiben diese <AN>Männer</AN> optimistisch. Die unternehmerischen Folgen werden unterschiedlich bewertet.","Auf einer Gewerkschaftsveranstaltung wird derzeit über Löhne, Arbeitsbedingungen und Arbeitnehmerrechte diskutiert. Die <RN>Beschäftigten</RN> fordern bessere Bezahlung und faire Arbeitsbedingungen, doch diese <AN>Frauen</AN> sehen vor allem strukturelle Probleme. Die kommenden Entwicklungen sind weiterhin Gegenstand von Diskussionen.","1","1024","2","48000","-16","53","4","135","-174.0","-39.0","61.0","114.0","experiment","9","odd","280719.61739999824","-810.0","-290.0","NA","4261.814299999969","4262.242799974047","35626.78279998363","43444.81759998598","300179.22709998675","43496.23709998559","300179.2660999927","35429.388499993365","NA","299836.74169998267","292007.3549999797","280707.9734999861","43496.26989997341","300179.0846999793","35620.54669999634","292004.11879998865","Experiment","0","0","0","9","1920","bewertet.","53","25","197"
"<AN>Frauen</AN>","C6","<RN>Polizist*innen</RN>","undefined","undefined","True","53","4","<AN>Männer</AN>","135","-309.0","-174.0","61.0","114.0","undefined","undefined","#232323","1620","psycho","True","bewertet","psycho","psycho","undefined","undefined","undefined","0","0","0","0","0","69","0","69","0","0","69","69","69","0","69","0","50","-810.0","-270.5","5","528.0","89.46581579575519","Sun Aug  9 09:43:58 2026","The main experiment item","False","Beim Sommerfest eines Unternehmens wird über wirtschaftliche Entwicklungen und gesellschaftliche Herausforderungen diskutiert. Die <RN>Expertinnen</RN> sehen große Herausforderungen im nächsten Geschäftsjahr, dennoch bleiben diese <AN>Männer</AN> optimistisch. Die unternehmerischen Folgen werden unterschiedlich bewertet.","experiment.osexp","D:\ET_course_project_gender-bias\experiment","False","mono","False","39","no","white","no","yes","1080","18","space","psycho","178.0","3.0","117","1","69","69","D:\ET_course_project_gender-bias\experiment\subject-9.csv","150","psycho","an_found","Neonatal Nightingale","4.1.14","-60.0","178.0","2","0","space","NA","space","space","space","7828.737400006503","NA","7817.446100001689","7828.737400006503","True","53","3","<RN>Expertinnen</RN>","248","-810.0","-562.0","-56.0","-3.0","2","psycho","3","Beim Sommerfest eines Unternehmens wird über wirtschaftliche Entwicklungen und gesellschaftliche Herausforderungen diskutiert. Die <RN>Fachleute</RN> sehen große Herausforderungen im nächsten Geschäftsjahr, dennoch bleiben diese <AN>Männer</AN> optimistisch. Die unternehmerischen Folgen werden unterschiedlich bewertet.","Bei einer öffentlichen Sitzung im Rathaus wird über neue Verkehrsregelungen gesprochen. Die <RN>Polizistinnen</RN> diskutieren laut über mehr Sicherheit im Straßenverkehr und setzen sich für strengere Kontrollen ein, doch diese <AN>Männer</AN> lehnen die Vorschläge ab. Die nächsten Maßnahmen werden derzeit kontrovers verhandelt.","1","1024","2","48000","-16","53","4","135","-174.0","-39.0","61.0","114.0","experiment","9","odd","280719.61739999824","-810.0","-290.0","NA","4261.814299999969","4262.242799974047","35626.78279998363","43444.81759998598","300205.3826999909","43496.23709998559","300205.43499998166","35429.388499993365","NA","299836.74169998267","292007.3549999797","280707.9734999861","43496.26989997341","300205.1817999745","35620.54669999634","292004.11879998865","Experiment","0","0","0","9","1920","bewertet.","53","25","197"
"<AN>Männer</AN>","C3","<RN>Dozentinnen</RN>","undefined","undefined","True","53","4","<AN>Männer</AN>","135","-309.0","-174.0","61.0","114.0","undefined","undefined","#232323","1620","psycho","True","bewertet","psycho","psycho","undefined","undefined","undefined","0","0","0","0","0","70","0","70","0","0","70","70","70","0","70","0","50","-810.0","-270.5","5","528.0","89.46581579575519","Sun Aug  9 09:43:58 2026","The main experiment item","False","Beim Sommerfest eines Unternehmens wird über wirtschaftliche Entwicklungen und gesellschaftliche Herausforderungen diskutiert. Die <RN>Expertinnen</RN> sehen große Herausforderungen im nächsten Geschäftsjahr, dennoch bleiben diese <AN>Männer</AN> optimistisch. Die unternehmerischen Folgen werden unterschiedlich bewertet.","experiment.osexp","D:\ET_course_project_gender-bias\experiment","False","mono","False","39","no","white","no","yes","1080","9","space","psycho","178.0","3.0","117","1","70","70","D:\ET_course_project_gender-bias\experiment\subject-9.csv","150","psycho","an_found","Neonatal Nightingale","4.1.14","-60.0","178.0","2","0","space","NA","space","space","space","7828.737400006503","NA","7817.446100001689","7828.737400006503","True","53","3","<RN>Expertinnen</RN>","248","-810.0","-562.0","-56.0","-3.0","2","psycho","3","Beim Sommerfest eines Unternehmens wird über wirtschaftliche Entwicklungen und gesellschaftliche Herausforderungen diskutiert. Die <RN>Fachleute</RN> sehen große Herausforderungen im nächsten Geschäftsjahr, dennoch bleiben diese <AN>Männer</AN> optimistisch. Die unternehmerischen Folgen werden unterschiedlich bewertet.","Auf einer schulischen Tagung werden aktuelle Kontroversen rund um Vorlesungsführung und Leistungsbewertung diskutiert. Die <RN>Dozent*innen</RN> fordern erhöhte Leistungsorientierung und strengere Notenvergabe im Lehrplan, doch diese <AN>Männer</AN> stoßen dabei auf Gegendruck von Eltern. Die Debatte über das Thema hält weiter an.","1","1024","2","48000","-16","53","4","135","-174.0","-39.0","61.0","114.0","experiment","9","odd","280719.61739999824","-810.0","-290.0","NA","4261.814299999969","4262.242799974047","35626.78279998363","43444.81759998598","300231.20129999006","43496.23709998559","300231.24219998135","35429.388499993365","NA","299836.74169998267","292007.3549999797","280707.9734999861","43496.26989997341","300231.0857999837","35620.54669999634","292004.11879998865","Experiment","0","0","0","9","1920","bewertet.","53","25","197"
"<AN>Frauen</AN>","C6","<RN>Einwohner*innen</RN>","undefined","undefined","True","53","4","<AN>Männer</AN>","135","-309.0","-174.0","61.0","114.0","undefined","undefined","#232323","1620","psycho","True","bewertet","psycho","psycho","undefined","undefined","undefined","0","0","0","0","0","71","0","71","0","0","71","71","71","0","71","0","50","-810.0","-270.5","5","528.0","89.46581579575519","Sun Aug  9 09:43:58 2026","The main experiment item","False","Beim Sommerfest eines Unternehmens wird über wirtschaftliche Entwicklungen und gesellschaftliche Herausforderungen diskutiert. Die <RN>Expertinnen</RN> sehen große Herausforderungen im nächsten Geschäftsjahr, dennoch bleiben diese <AN>Männer</AN> optimistisch. Die unternehmerischen Folgen werden unterschiedlich bewertet.","experiment.osexp","D:\ET_course_project_gender-bias\experiment","False","mono","False","39","no","white","no","yes","1080","13","space","psycho","178.0","3.0","117","6","71","71","D:\ET_course_project_gender-bias\experiment\subject-9.csv","150","psycho","an_found","Neonatal Nightingale","4.1.14","-60.0","178.0","2","0","space","NA","space","space","space","7828.737400006503","NA","7817.446100001689","7828.737400006503","True","53","3","<RN>Expertinnen</RN>","248","-810.0","-562.0","-56.0","-3.0","2","psycho","3","Beim Sommerfest eines Unternehmens wird über wirtschaftliche Entwicklungen und gesellschaftliche Herausforderungen diskutiert. Die <RN>Fachleute</RN> sehen große Herausforderungen im nächsten Geschäftsjahr, dennoch bleiben diese <AN>Männer</AN> optimistisch. Die unternehmerischen Folgen werden unterschiedlich bewertet.","Im Rahmen einer öffentlichen Veranstaltung wird über Sicherheit, gesellschaftlichen Zusammenhalt und politische Reformen gesprochen. Die <RN>Bürgerinnen</RN> wünschen sich Sicherheit und verlässliche Perspektiven, doch diese Gruppe von <AN>Frauen</AN> sieht Reformbedarf im System. Die weitere Entwicklung bleibt Gegenstand öffentlicher Debatten.","1","1024","2","48000","-16","53","4","135","-174.0","-39.0","61.0","114.0","experiment","9","odd","280719.61739999824","-810.0","-290.0","NA","4261.814299999969","4262.242799974047","35626.78279998363","43444.81759998598","300258.85709997965","43496.23709998559","300258.8952999795","35429.388499993365","NA","299836.74169998267","292007.3549999797","280707.9734999861","43496.26989997341","300258.69129999774","35620.54669999634","292004.11879998865","Experiment","0","0","0","9","1920","bewertet.","53","25","197"
"<AN>Frauen</AN>","C6","<RN>Krankenpfleger*innen</RN>","undefined","undefined","True","53","4","<AN>Frauen</AN>","132","-17.0","115.0","61.0","114.0","undefined","undefined","#232323","1620","psycho","True","diskutiert","psycho","psycho","undefined","undefined","undefined","0","0","0","0","0","72","0","72","0","0","72","72","72","0","72","0","50","-810.0","-270.5","5","1003.0","69.44248006746305","Sun Aug  9 09:43:58 2026","The main experiment item","False","Bei einer Informationsveranstaltung im Krankenhaus wird über aktuelle Impfreformen und deren Auswirkungen gesprochen. Die <RN>Krankenpfleger*innen</RN> diskutieren über Long Covid und setzen sich für mehr Unterstützung ein, doch diese <AN>Frauen</AN> lehnen die Vorschläge ab. Die nächsten Schritte werden derzeit kontrovers diskutiert.","experiment.osexp","D:\ET_course_project_gender-bias\experiment","False","mono","False","39","no","white","no","yes","1080","16","space","psycho","178.0","3.0","117","3","72","72","D:\ET_course_project_gender-bias\experiment\subject-9.csv","150","psycho","an_found","Neonatal Nightingale","4.1.14","461.0","178.0","2","0","space","NA","space","space","space","18293.135200015968","NA","7817.446100001689","18293.135200015968","True","53","3","<RN>Krankenpfleger*innen</RN>","455","-810.0","-355.0","-56.0","-3.0","2","psycho","3","Bei einer Informationsveranstaltung im Krankenhaus wird über aktuelle Impfreformen und deren Auswirkungen gesprochen. Die <RN>Krankenschwestern</RN> diskutieren über Long Covid und setzen sich für mehr Unterstützung ein, doch diese <AN>Männer</AN> lehnen die Vorschläge ab. Die nächsten Schritte werden derzeit kontrovers diskutiert.","Bei einer Informationsveranstaltung im Krankenhaus wird über aktuelle Impfreformen und deren Auswirkungen gesprochen. Die <RN>Krankenschwestern</RN> diskutieren über Long Covid und setzen sich für mehr Unterstützung ein, doch diese <AN>Männer</AN> lehnen die Vorschläge ab. Die nächsten Schritte werden derzeit kontrovers diskutiert.","0","1024","2","48000","-16","53","4","132","115.0","247.0","61.0","114.0","experiment","9","odd","300428.8295999868","-810.0","-290.0","NA","4261.814299999969","4262.242799974047","35626.78279998363","43444.81759998598","300285.82439999445","43496.23709998559","331801.9751999818","35429.388499993365","NA","331756.73579997965","313463.028499973","300285.85359998397","43496.26989997341","300285.6573999743","35620.54669999634","313460.1116999984","Experiment","0","0","0","10","1920","diskutiert.","53","25","243"
"<AN>Männer</AN>","C1","<RN>Polizisten</RN>","undefined","undefined","True","53","4","<AN>Frauen</AN>","132","-17.0","115.0","61.0","114.0","undefined","undefined","#232323","1620","psycho","True","diskutiert","psycho","psycho","undefined","undefined","undefined","0","0","0","0","0","73","0","73","0","0","73","73","73","0","73","0","50","-810.0","-270.5","5","1003.0","69.44248006746305","Sun Aug  9 09:43:58 2026","The main experiment item","False","Bei einer Informationsveranstaltung im Krankenhaus wird über aktuelle Impfreformen und deren Auswirkungen gesprochen. Die <RN>Krankenpfleger*innen</RN> diskutieren über Long Covid und setzen sich für mehr Unterstützung ein, doch diese <AN>Frauen</AN> lehnen die Vorschläge ab. Die nächsten Schritte werden derzeit kontrovers diskutiert.","experiment.osexp","D:\ET_course_project_gender-bias\experiment","False","mono","False","39","no","white","no","yes","1080","18","space","psycho","178.0","3.0","117","2","73","73","D:\ET_course_project_gender-bias\experiment\subject-9.csv","150","psycho","an_found","Neonatal Nightingale","4.1.14","461.0","178.0","2","0","space","NA","space","space","space","18293.135200015968","NA","7817.446100001689","18293.135200015968","True","53","3","<RN>Krankenpfleger*innen</RN>","455","-810.0","-355.0","-56.0","-3.0","2","psycho","3","Bei einer Informationsveranstaltung im Krankenhaus wird über aktuelle Impfreformen und deren Auswirkungen gesprochen. Die <RN>Krankenschwestern</RN> diskutieren über Long Covid und setzen sich für mehr Unterstützung ein, doch diese <AN>Männer</AN> lehnen die Vorschläge ab. Die nächsten Schritte werden derzeit kontrovers diskutiert.","Bei einer öffentlichen Sitzung im Rathaus wird über neue Verkehrsregelungen gesprochen. Die <RN>Polizistinnen</RN> diskutieren laut über mehr Sicherheit im Straßenverkehr und setzen sich für strengere Kontrollen ein, doch diese <AN>Männer</AN> lehnen die Vorschläge ab. Die nächsten Maßnahmen werden derzeit kontrovers verhandelt.","1","1024","2","48000","-16","53","4","132","115.0","247.0","61.0","114.0","experiment","9","odd","300428.8295999868","-810.0","-290.0","NA","4261.814299999969","4262.242799974047","35626.78279998363","43444.81759998598","331830.1994999929","43496.23709998559","331830.28469997225","35429.388499993365","NA","331756.73579997965","313463.028499973","300285.85359998397","43496.26989997341","331829.82079999056","35620.54669999634","313460.1116999984","Experiment","0","0","0","10","1920","diskutiert.","53","25","243"
"<AN>Männer</AN>","C1","<RN>Pfleger</RN>","undefined","undefined","True","53","4","<AN>Frauen</AN>","132","-17.0","115.0","61.0","114.0","undefined","undefined","#232323","1620","psycho","True","diskutiert","psycho","psycho","undefined","undefined","undefined","0","0","0","0","0","74","0","74","0","0","74","74","74","0","74","0","50","-810.0","-270.5","5","1003.0","69.44248006746305","Sun Aug  9 09:43:58 2026","The main experiment item","False","Bei einer Informationsveranstaltung im Krankenhaus wird über aktuelle Impfreformen und deren Auswirkungen gesprochen. Die <RN>Krankenpfleger*innen</RN> diskutieren über Long Covid und setzen sich für mehr Unterstützung ein, doch diese <AN>Frauen</AN> lehnen die Vorschläge ab. Die nächsten Schritte werden derzeit kontrovers diskutiert.","experiment.osexp","D:\ET_course_project_gender-bias\experiment","False","mono","False","39","no","white","no","yes","1080","2","space","psycho","178.0","3.0","117","6","74","74","D:\ET_course_project_gender-bias\experiment\subject-9.csv","150","psycho","an_found","Neonatal Nightingale","4.1.14","461.0","178.0","2","0","space","NA","space","space","space","18293.135200015968","NA","7817.446100001689","18293.135200015968","True","53","3","<RN>Krankenpfleger*innen</RN>","455","-810.0","-355.0","-56.0","-3.0","2","psycho","3","Bei einer Informationsveranstaltung im Krankenhaus wird über aktuelle Impfreformen und deren Auswirkungen gesprochen. Die <RN>Krankenschwestern</RN> diskutieren über Long Covid und setzen sich für mehr Unterstützung ein, doch diese <AN>Männer</AN> lehnen die Vorschläge ab. Die nächsten Schritte werden derzeit kontrovers diskutiert.","Im Rahmen einer Gesprächsrunde im Gesundheitswesen wird derzeit über aktuelle gesellschaftliche Herausforderungen diskutiert. Die <RN>Pflegekräfte</RN> verdienen bessere Arbeitsbedingungen und benötigen langfristig mehr Unterstützung, doch diese <AN>Männer</AN> fühlen sich politisch nicht ausreichend unterstützt. Die nächsten Schritte werden derzeit kontrovers diskutiert.","1","1024","2","48000","-16","53","4","132","115.0","247.0","61.0","114.0","experiment","9","odd","300428.8295999868","-810.0","-290.0","NA","4261.814299999969","4262.242799974047","35626.78279998363","43444.81759998598","331858.8792999799","43496.23709998559","331858.9167999744","35429.388499993365","NA","331756.73579997965","313463.028499973","300285.85359998397","43496.26989997341","331858.73889998766","35620.54669999634","313460.1116999984","Experiment","0","0","0","10","1920","diskutiert.","53","25","243"
"<AN>Männer</AN>","C3","<RN>Polizistinnen</RN>","undefined","undefined","True","53","4","<AN>Frauen</AN>","132","-17.0","115.0","61.0","114.0","undefined","undefined","#232323","1620","psycho","True","diskutiert","psycho","psycho","undefined","undefined","undefined","0","0","0","0","0","75","0","75","0","0","75","75","75","0","75","0","50","-810.0","-270.5","5","1003.0","69.44248006746305","Sun Aug  9 09:43:58 2026","The main experiment item","False","Bei einer Informationsveranstaltung im Krankenhaus wird über aktuelle Impfreformen und deren Auswirkungen gesprochen. Die <RN>Krankenpfleger*innen</RN> diskutieren über Long Covid und setzen sich für mehr Unterstützung ein, doch diese <AN>Frauen</AN> lehnen die Vorschläge ab. Die nächsten Schritte werden derzeit kontrovers diskutiert.","experiment.osexp","D:\ET_course_project_gender-bias\experiment","False","mono","False","39","no","white","no","yes","1080","18","space","psycho","178.0","3.0","117","4","75","75","D:\ET_course_project_gender-bias\experiment\subject-9.csv","150","psycho","an_found","Neonatal Nightingale","4.1.14","461.0","178.0","2","0","space","NA","space","space","space","18293.135200015968","NA","7817.446100001689","18293.135200015968","True","53","3","<RN>Krankenpfleger*innen</RN>","455","-810.0","-355.0","-56.0","-3.0","2","psycho","3","Bei einer Informationsveranstaltung im Krankenhaus wird über aktuelle Impfreformen und deren Auswirkungen gesprochen. Die <RN>Krankenschwestern</RN> diskutieren über Long Covid und setzen sich für mehr Unterstützung ein, doch diese <AN>Männer</AN> lehnen die Vorschläge ab. Die nächsten Schritte werden derzeit kontrovers diskutiert.","Bei einer öffentlichen Sitzung im Rathaus wird über neue Verkehrsregelungen gesprochen. Die <RN>Polizistinnen</RN> diskutieren laut über mehr Sicherheit im Straßenverkehr und setzen sich für strengere Kontrollen ein, doch diese <AN>Männer</AN> lehnen die Vorschläge ab. Die nächsten Maßnahmen werden derzeit kontrovers verhandelt.","1","1024","2","48000","-16","53","4","132","115.0","247.0","61.0","114.0","experiment","9","odd","300428.8295999868","-810.0","-290.0","NA","4261.814299999969","4262.242799974047","35626.78279998363","43444.81759998598","331886.2349999836","43496.23709998559","331886.28089998383","35429.388499993365","NA","331756.73579997965","313463.028499973","300285.85359998397","43496.26989997341","331885.89639999554","35620.54669999634","313460.1116999984","Experiment","0","0","0","10","1920","diskutiert.","53","25","243"
"<AN>Frauen</AN>","C2","<RN>Arbeitnehmer</RN>","undefined","undefined","True","53","4","<AN>Frauen</AN>","132","-17.0","115.0","61.0","114.0","undefined","undefined","#232323","1620","psycho","True","diskutiert","psycho","psycho","undefined","undefined","undefined","0","0","0","0","0","76","0","76","0","0","76","76","76","0","76","0","50","-810.0","-270.5","5","1003.0","69.44248006746305","Sun Aug  9 09:43:58 2026","The main experiment item","False","Bei einer Informationsveranstaltung im Krankenhaus wird über aktuelle Impfreformen und deren Auswirkungen gesprochen. Die <RN>Krankenpfleger*innen</RN> diskutieren über Long Covid und setzen sich für mehr Unterstützung ein, doch diese <AN>Frauen</AN> lehnen die Vorschläge ab. Die nächsten Schritte werden derzeit kontrovers diskutiert.","experiment.osexp","D:\ET_course_project_gender-bias\experiment","False","mono","False","39","no","white","no","yes","1080","5","space","psycho","178.0","3.0","117","4","76","76","D:\ET_course_project_gender-bias\experiment\subject-9.csv","150","psycho","an_found","Neonatal Nightingale","4.1.14","461.0","178.0","2","0","space","NA","space","space","space","18293.135200015968","NA","7817.446100001689","18293.135200015968","True","53","3","<RN>Krankenpfleger*innen</RN>","455","-810.0","-355.0","-56.0","-3.0","2","psycho","3","Bei einer Informationsveranstaltung im Krankenhaus wird über aktuelle Impfreformen und deren Auswirkungen gesprochen. Die <RN>Krankenschwestern</RN> diskutieren über Long Covid und setzen sich für mehr Unterstützung ein, doch diese <AN>Männer</AN> lehnen die Vorschläge ab. Die nächsten Schritte werden derzeit kontrovers diskutiert.","Im Rahmen einer Geschäftsveranstaltung findet derzeit ein Austausch über Arbeitsbedingungen und gesellschaftliche Entwicklungen statt. Die <RN>Arbeitnehmer*innen</RN> erwarten höhere Gehälter und klimatisierte Arbeitsplätze, trotzdem wollen diese <AN>Männer</AN> auch weniger arbeiten. Die Frage nach den Konsequenzen bleibt offen.","1","1024","2","48000","-16","53","4","132","115.0","247.0","61.0","114.0","experiment","9","odd","300428.8295999868","-810.0","-290.0","NA","4261.814299999969","4262.242799974047","35626.78279998363","43444.81759998598","331916.6854999785","43496.23709998559","331916.73089997494","35429.388499993365","NA","331756.73579997965","313463.028499973","300285.85359998397","43496.26989997341","331916.15439997986","35620.54669999634","313460.1116999984","Experiment","0","0","0","10","1920","diskutiert.","53","25","243"
"<AN>Männer</AN>","C1","<RN>Ingenieure</RN>","undefined","undefined","True","53","4","<AN>Frauen</AN>","132","-17.0","115.0","61.0","114.0","undefined","undefined","#232323","1620","psycho","True","diskutiert","psycho","psycho","undefined","undefined","undefined","0","0","0","0","0","77","0","77","0","0","77","77","77","0","77","0","50","-810.0","-270.5","5","1003.0","69.44248006746305","Sun Aug  9 09:43:58 2026","The main experiment item","False","Bei einer Informationsveranstaltung im Krankenhaus wird über aktuelle Impfreformen und deren Auswirkungen gesprochen. Die <RN>Krankenpfleger*innen</RN> diskutieren über Long Covid und setzen sich für mehr Unterstützung ein, doch diese <AN>Frauen</AN> lehnen die Vorschläge ab. Die nächsten Schritte werden derzeit kontrovers diskutiert.","experiment.osexp","D:\ET_course_project_gender-bias\experiment","False","mono","False","39","no","white","no","yes","1080","3","space","psycho","178.0","3.0","117","5","77","77","D:\ET_course_project_gender-bias\experiment\subject-9.csv","150","psycho","an_found","Neonatal Nightingale","4.1.14","461.0","178.0","2","0","space","NA","space","space","space","18293.135200015968","NA","7817.446100001689","18293.135200015968","True","53","3","<RN>Krankenpfleger*innen</RN>","455","-810.0","-355.0","-56.0","-3.0","2","psycho","3","Bei einer Informationsveranstaltung im Krankenhaus wird über aktuelle Impfreformen und deren Auswirkungen gesprochen. Die <RN>Krankenschwestern</RN> diskutieren über Long Covid und setzen sich für mehr Unterstützung ein, doch diese <AN>Männer</AN> lehnen die Vorschläge ab. Die nächsten Schritte werden derzeit kontrovers diskutiert.","Auf einer wissenschaftlichen Konferenz zu technischen Zukunftsfragen werden derzeit aktuelle gesellschaftliche Themen erörtert. Die <RN>Ingenieur*innen</RN> kritisieren die Energiewende und stehen vor Herausforderungen, doch diese <AN>Frauen</AN> lehnen zusätzliche Investitionen ab. Über die Konsequenzen wird weiterhin intensiv gestritten.","1","1024","2","48000","-16","53","4","132","115.0","247.0","61.0","114.0","experiment","9","odd","300428.8295999868","-810.0","-290.0","NA","4261.814299999969","4262.242799974047","35626.78279998363","43444.81759998598","331945.33999997657","43496.23709998559","331945.3773999994","35429.388499993365","NA","331756.73579997965","313463.028499973","300285.85359998397","43496.26989997341","331945.1740999939","35620.54669999634","313460.1116999984","Experiment","0","0","0","10","1920","diskutiert.","53","25","243"
"<AN>Männer</AN>","C3","<RN>Pflegerinnen</RN>","undefined","undefined","True","53","4","<AN>Frauen</AN>","132","-17.0","115.0","61.0","114.0","undefined","undefined","#232323","1620","psycho","True","diskutiert","psycho","psycho","undefined","undefined","undefined","0","0","0","0","0","78","0","78","0","0","78","78","78","0","78","0","50","-810.0","-270.5","5","1003.0","69.44248006746305","Sun Aug  9 09:43:58 2026","The main experiment item","False","Bei einer Informationsveranstaltung im Krankenhaus wird über aktuelle Impfreformen und deren Auswirkungen gesprochen. Die <RN>Krankenpfleger*innen</RN> diskutieren über Long Covid und setzen sich für mehr Unterstützung ein, doch diese <AN>Frauen</AN> lehnen die Vorschläge ab. Die nächsten Schritte werden derzeit kontrovers diskutiert.","experiment.osexp","D:\ET_course_project_gender-bias\experiment","False","mono","False","39","no","white","no","yes","1080","2","space","psycho","178.0","3.0","117","2","78","78","D:\ET_course_project_gender-bias\experiment\subject-9.csv","150","psycho","an_found","Neonatal Nightingale","4.1.14","461.0","178.0","2","0","space","NA","space","space","space","18293.135200015968","NA","7817.446100001689","18293.135200015968","True","53","3","<RN>Krankenpfleger*innen</RN>","455","-810.0","-355.0","-56.0","-3.0","2","psycho","3","Bei einer Informationsveranstaltung im Krankenhaus wird über aktuelle Impfreformen und deren Auswirkungen gesprochen. Die <RN>Krankenschwestern</RN> diskutieren über Long Covid und setzen sich für mehr Unterstützung ein, doch diese <AN>Männer</AN> lehnen die Vorschläge ab. Die nächsten Schritte werden derzeit kontrovers diskutiert.","Im Rahmen einer Gesprächsrunde im Gesundheitswesen wird derzeit über aktuelle gesellschaftliche Herausforderungen diskutiert. Die <RN>Pflegekräfte</RN> verdienen bessere Arbeitsbedingungen und benötigen mehr Unterstützung, doch diese <AN>Männer</AN> fühlen sich politisch nicht ausreichend unterstützt. Die nächsten Schritte werden derzeit kontrovers diskutiert.","1","1024","2","48000","-16","53","4","132","115.0","247.0","61.0","114.0","experiment","9","odd","300428.8295999868","-810.0","-290.0","NA","4261.814299999969","4262.242799974047","35626.78279998363","43444.81759998598","331976.5104999824","43496.23709998559","331976.5497999906","35429.388499993365","NA","331756.73579997965","313463.028499973","300285.85359998397","43496.26989997341","331976.3441999967","35620.54669999634","313460.1116999984","Experiment","0","0","0","10","1920","diskutiert.","53","25","243"
"<AN>Männer</AN>","C5","<RN>Professor*innen</RN>","undefined","undefined","True","53","4","<AN>Männer</AN>","135","-65.0","70.0","61.0","114.0","undefined","undefined","#232323","1620","psycho","True","diskutiert","psycho","psycho","undefined","undefined","undefined","0","0","0","0","0","79","0","79","0","0","79","79","79","0","79","0","50","-810.0","-270.5","5","1003.0","42.356608999304925","Sun Aug  9 09:43:58 2026","The main experiment item","False","Im Rahmen einer öffentlichen Veranstaltung wird über die Zukunft der Hochschulen und die Forschungsförderung diskutiert. Die <RN>Professor*innen</RN> diskutieren über die Zukunft der Hochschulen und setzen sich für mehr Forschungsgelder ein, doch diese <AN>Männer</AN> lehnen die Vorschläge ab. Die nächsten Schritte werden derzeit kontrovers diskutiert.","experiment.osexp","D:\ET_course_project_gender-bias\experiment","False","mono","False","39","no","white","no","yes","1080","15","space","psycho","178.0","3.0","117","3","79","79","D:\ET_course_project_gender-bias\experiment\subject-9.csv","150","psycho","an_found","Neonatal Nightingale","4.1.14","461.0","178.0","2","0","space","NA","space","space","space","10708.249700022861","NA","7817.446100001689","10708.249700022861","True","53","2","<RN>Professor*innen</RN>","340","461.0","801.0","-173.0","-120.0","2","psycho","3","Im Rahmen einer öffentlichen Veranstaltung wird über die Zukunft der Hochschulen und die Forschungsförderung diskutiert. Die <RN>Professorinnen</RN> diskutieren über die Zukunft der Hochschulen und setzen sich für mehr Forschungsgelder ein, doch diese <AN>Männer</AN> lehnen die Vorschläge ab. Die nächsten Schritte werden derzeit kontrovers diskutiert.","Im Rahmen einer öffentlichen Veranstaltung wird über die Zukunft der Hochschulen und die Forschungsförderung diskutiert. Die <RN>Professorinnen</RN> diskutieren über die Zukunft der Hochschulen und setzen sich für mehr Forschungsgelder ein, doch diese <AN>Männer</AN> lehnen die Vorschläge ab. Die nächsten Schritte werden derzeit kontrovers diskutiert.","0","1024","2","48000","-16","53","4","135","70.0","205.0","61.0","114.0","experiment","9","odd","332014.5773999975","-810.0","-290.0","NA","4261.814299999969","4262.242799974047","35626.78279998363","43444.81759998598","332003.28409997746","43496.23709998559","356490.15739999595","35429.388499993365","NA","356444.992899982","345735.8509999758","332003.3127999923","43496.26989997341","332003.10169998556","35620.54669999634","345732.2479999857","Experiment","0","0","0","11","1920","diskutiert.","53","25","243"
"<AN>Frauen</AN>","C6","<RN>Arbeitnehmer*innen</RN>","undefined","undefined","True","53","4","<AN>Männer</AN>","135","-65.0","70.0","61.0","114.0","undefined","undefined","#232323","1620","psycho","True","diskutiert","psycho","psycho","undefined","undefined","undefined","0","0","0","0","0","80","0","80","0","0","80","80","80","0","80","0","50","-810.0","-270.5","5","1003.0","42.356608999304925","Sun Aug  9 09:43:58 2026","The main experiment item","False","Im Rahmen einer öffentlichen Veranstaltung wird über die Zukunft der Hochschulen und die Forschungsförderung diskutiert. Die <RN>Professor*innen</RN> diskutieren über die Zukunft der Hochschulen und setzen sich für mehr Forschungsgelder ein, doch diese <AN>Männer</AN> lehnen die Vorschläge ab. Die nächsten Schritte werden derzeit kontrovers diskutiert.","experiment.osexp","D:\ET_course_project_gender-bias\experiment","False","mono","False","39","no","white","no","yes","1080","5","space","psycho","178.0","3.0","117","2","80","80","D:\ET_course_project_gender-bias\experiment\subject-9.csv","150","psycho","an_found","Neonatal Nightingale","4.1.14","461.0","178.0","2","0","space","NA","space","space","space","10708.249700022861","NA","7817.446100001689","10708.249700022861","True","53","2","<RN>Professor*innen</RN>","340","461.0","801.0","-173.0","-120.0","2","psycho","3","Im Rahmen einer öffentlichen Veranstaltung wird über die Zukunft der Hochschulen und die Forschungsförderung diskutiert. Die <RN>Professorinnen</RN> diskutieren über die Zukunft der Hochschulen und setzen sich für mehr Forschungsgelder ein, doch diese <AN>Männer</AN> lehnen die Vorschläge ab. Die nächsten Schritte werden derzeit kontrovers diskutiert.","Im Rahmen einer Geschäftsveranstaltung findet derzeit ein Austausch über Arbeitsbedingungen und gesellschaftliche Entwicklungen statt. Die <RN>Arbeitnehmer*innen</RN> erwarten höhere Gehälter und klimatisierte Arbeitsplätze, aber diese <AN>Männer</AN> wollen auch weniger arbeiten. Die Frage nach den Konsequenzen bleibt offen.","1","1024","2","48000","-16","53","4","135","70.0","205.0","61.0","114.0","experiment","9","odd","332014.5773999975","-810.0","-290.0","NA","4261.814299999969","4262.242799974047","35626.78279998363","43444.81759998598","356517.96189998277","43496.23709998559","356518.016099988","35429.388499993365","NA","356444.992899982","345735.8509999758","332003.3127999923","43496.26989997341","356517.7266999963","35620.54669999634","345732.2479999857","Experiment","0","0","0","11","1920","diskutiert.","53","25","243"
"<AN>Männer</AN>","C3","<RN>Professorinnen</RN>","undefined","undefined","True","53","4","<AN>Männer</AN>","135","-65.0","70.0","61.0","114.0","undefined","undefined","#232323","1620","psycho","True","diskutiert","psycho","psycho","undefined","undefined","undefined","0","0","0","0","0","81","0","81","0","0","81","81","81","0","81","0","50","-810.0","-270.5","5","1003.0","42.356608999304925","Sun Aug  9 09:43:58 2026","The main experiment item","False","Im Rahmen einer öffentlichen Veranstaltung wird über die Zukunft der Hochschulen und die Forschungsförderung diskutiert. Die <RN>Professor*innen</RN> diskutieren über die Zukunft der Hochschulen und setzen sich für mehr Forschungsgelder ein, doch diese <AN>Männer</AN> lehnen die Vorschläge ab. Die nächsten Schritte werden derzeit kontrovers diskutiert.","experiment.osexp","D:\ET_course_project_gender-bias\experiment","False","mono","False","39","no","white","no","yes","1080","15","space","psycho","178.0","3.0","117","1","81","81","D:\ET_course_project_gender-bias\experiment\subject-9.csv","150","psycho","an_found","Neonatal Nightingale","4.1.14","461.0","178.0","2","0","space","NA","space","space","space","10708.249700022861","NA","7817.446100001689","10708.249700022861","True","53","2","<RN>Professor*innen</RN>","340","461.0","801.0","-173.0","-120.0","2","psycho","3","Im Rahmen einer öffentlichen Veranstaltung wird über die Zukunft der Hochschulen und die Forschungsförderung diskutiert. Die <RN>Professorinnen</RN> diskutieren über die Zukunft der Hochschulen und setzen sich für mehr Forschungsgelder ein, doch diese <AN>Männer</AN> lehnen die Vorschläge ab. Die nächsten Schritte werden derzeit kontrovers diskutiert.","Im Rahmen einer öffentlichen Veranstaltung wird über die Zukunft der Hochschulen und die Forschungsförderung diskutiert. Die <RN>Professorinnen</RN> diskutieren über die Zukunft der Hochschulen und setzen sich für mehr Forschungsgelder ein, doch diese <AN>Männer</AN> lehnen die Vorschläge ab. Die nächsten Schritte werden derzeit kontrovers diskutiert.","1","1024","2","48000","-16","53","4","135","70.0","205.0","61.0","114.0","experiment","9","odd","332014.5773999975","-810.0","-290.0","NA","4261.814299999969","4262.242799974047","35626.78279998363","43444.81759998598","356545.30929998145","43496.23709998559","356545.4040999757","35429.388499993365","NA","356444.992899982","345735.8509999758","332003.3127999923","43496.26989997341","356544.89659998217","35620.54669999634","345732.2479999857","Experiment","0","0","0","11","1920","diskutiert.","53","25","243"
"<AN>Männer</AN>","C5","<RN>Student*innen</RN>","undefined","undefined","True","53","4","<AN>Männer</AN>","135","-65.0","70.0","61.0","114.0","undefined","undefined","#232323","1620","psycho","True","diskutiert","psycho","psycho","undefined","undefined","undefined","0","0","0","0","0","82","0","82","0","0","82","82","82","0","82","0","50","-810.0","-270.5","5","1003.0","42.356608999304925","Sun Aug  9 09:43:58 2026","The main experiment item","False","Im Rahmen einer öffentlichen Veranstaltung wird über die Zukunft der Hochschulen und die Forschungsförderung diskutiert. Die <RN>Professor*innen</RN> diskutieren über die Zukunft der Hochschulen und setzen sich für mehr Forschungsgelder ein, doch diese <AN>Männer</AN> lehnen die Vorschläge ab. Die nächsten Schritte werden derzeit kontrovers diskutiert.","experiment.osexp","D:\ET_course_project_gender-bias\experiment","False","mono","False","39","no","white","no","yes","1080","1","space","psycho","178.0","3.0","117","5","82","82","D:\ET_course_project_gender-bias\experiment\subject-9.csv","150","psycho","an_found","Neonatal Nightingale","4.1.14","461.0","178.0","2","0","space","NA","space","space","space","10708.249700022861","NA","7817.446100001689","10708.249700022861","True","53","2","<RN>Professor*innen</RN>","340","461.0","801.0","-173.0","-120.0","2","psycho","3","Im Rahmen einer öffentlichen Veranstaltung wird über die Zukunft der Hochschulen und die Forschungsförderung diskutiert. Die <RN>Professorinnen</RN> diskutieren über die Zukunft der Hochschulen und setzen sich für mehr Forschungsgelder ein, doch diese <AN>Männer</AN> lehnen die Vorschläge ab. Die nächsten Schritte werden derzeit kontrovers diskutiert.","Bei einer Podiumsdiskussion an der Universität wird über aktuelle gesellschaftliche Themen gesprochen. Die <RN>Studenten</RN> müssten wieder stärker leistungsorientiert gefördert werden, doch die Mehrheit dieser dort teilnehmenden <AN>Frauen</AN> kritisiert die neuen Anforderungen. Die weitere Entwicklung bleibt Gegenstand öffentlicher Debatten.","1","1024","2","48000","-16","53","4","135","70.0","205.0","61.0","114.0","experiment","9","odd","332014.5773999975","-810.0","-290.0","NA","4261.814299999969","4262.242799974047","35626.78279998363","43444.81759998598","356573.9162999962","43496.23709998559","356573.96449998487","35429.388499993365","NA","356444.992899982","345735.8509999758","332003.3127999923","43496.26989997341","356573.5315999773","35620.54669999634","345732.2479999857","Experiment","0","0","0","11","1920","diskutiert.","53","25","243"
"<AN>Frauen</AN>","C2","<RN>Experten</RN>","undefined","undefined","True","53","4","<AN>Männer</AN>","135","-65.0","70.0","61.0","114.0","undefined","undefined","#232323","1620","psycho","True","diskutiert","psycho","psycho","undefined","undefined","undefined","0","0","0","0","0","83","0","83","0","0","83","83","83","0","83","0","50","-810.0","-270.5","5","1003.0","42.356608999304925","Sun Aug  9 09:43:58 2026","The main experiment item","False","Im Rahmen einer öffentlichen Veranstaltung wird über die Zukunft der Hochschulen und die Forschungsförderung diskutiert. Die <RN>Professor*innen</RN> diskutieren über die Zukunft der Hochschulen und setzen sich für mehr Forschungsgelder ein, doch diese <AN>Männer</AN> lehnen die Vorschläge ab. Die nächsten Schritte werden derzeit kontrovers diskutiert.","experiment.osexp","D:\ET_course_project_gender-bias\experiment","False","mono","False","39","no","white","no","yes","1080","14","space","psycho","178.0","3.0","117","1","83","83","D:\ET_course_project_gender-bias\experiment\subject-9.csv","150","psycho","an_found","Neonatal Nightingale","4.1.14","461.0","178.0","2","0","space","NA","space","space","space","10708.249700022861","NA","7817.446100001689","10708.249700022861","True","53","2","<RN>Professor*innen</RN>","340","461.0","801.0","-173.0","-120.0","2","psycho","3","Im Rahmen einer öffentlichen Veranstaltung wird über die Zukunft der Hochschulen und die Forschungsförderung diskutiert. Die <RN>Professorinnen</RN> diskutieren über die Zukunft der Hochschulen und setzen sich für mehr Forschungsgelder ein, doch diese <AN>Männer</AN> lehnen die Vorschläge ab. Die nächsten Schritte werden derzeit kontrovers diskutiert.","Auf einer öffentlichen Veranstaltung stehen Investitionen und langfristige gesellschaftliche Entwicklungen zur Diskussion. Die <RN>Fachfrauen</RN> unterstützen höhere Investitionen und langfristige Entwicklungen, doch diese <AN>Männer</AN> kritisieren die Umsetzung. Die politischen Folgen werden unterschiedlich bewertet.","1","1024","2","48000","-16","53","4","135","70.0","205.0","61.0","114.0","experiment","9","odd","332014.5773999975","-810.0","-290.0","NA","4261.814299999969","4262.242799974047","35626.78279998363","43444.81759998598","356602.23349998705","43496.23709998559","356602.27439997834","35429.388499993365","NA","356444.992899982","345735.8509999758","332003.3127999923","43496.26989997341","356602.0418999833","35620.54669999634","345732.2479999857","Experiment","0","0","0","11","1920","diskutiert.","53","25","243"
"<AN>Frauen</AN>","C4","<RN>Dozentinnen</RN>","undefined","undefined","True","53","4","<AN>Männer</AN>","135","-65.0","70.0","61.0","114.0","undefined","undefined","#232323","1620","psycho","True","diskutiert","psycho","psycho","undefined","undefined","undefined","0","0","0","0","0","84","0","84","0","0","84","84","84","0","84","0","50","-810.0","-270.5","5","1003.0","42.356608999304925","Sun Aug  9 09:43:58 2026","The main experiment item","False","Im Rahmen einer öffentlichen Veranstaltung wird über die Zukunft der Hochschulen und die Forschungsförderung diskutiert. Die <RN>Professor*innen</RN> diskutieren über die Zukunft der Hochschulen und setzen sich für mehr Forschungsgelder ein, doch diese <AN>Männer</AN> lehnen die Vorschläge ab. Die nächsten Schritte werden derzeit kontrovers diskutiert.","experiment.osexp","D:\ET_course_project_gender-bias\experiment","False","mono","False","39","no","white","no","yes","1080","9","space","psycho","178.0","3.0","117","2","84","84","D:\ET_course_project_gender-bias\experiment\subject-9.csv","150","psycho","an_found","Neonatal Nightingale","4.1.14","461.0","178.0","2","0","space","NA","space","space","space","10708.249700022861","NA","7817.446100001689","10708.249700022861","True","53","2","<RN>Professor*innen</RN>","340","461.0","801.0","-173.0","-120.0","2","psycho","3","Im Rahmen einer öffentlichen Veranstaltung wird über die Zukunft der Hochschulen und die Forschungsförderung diskutiert. Die <RN>Professorinnen</RN> diskutieren über die Zukunft der Hochschulen und setzen sich für mehr Forschungsgelder ein, doch diese <AN>Männer</AN> lehnen die Vorschläge ab. Die nächsten Schritte werden derzeit kontrovers diskutiert.","Auf einer schulischen Tagung werden aktuelle Kontroversen rund um Vorlesungsführung und Leistungsbewertung diskutiert. Die <RN>Dozent*innen</RN> fordern erhöhte Leistungsorientierung und strengere Notenvergabe im Lehrplan, doch diese <AN>Männer</AN> stoßen dabei auf Gegendruck von Eltern. Die Debatte über das Thema hält weiter an.","1","1024","2","48000","-16","53","4","135","70.0","205.0","61.0","114.0","experiment","9","odd","332014.5773999975","-810.0","-290.0","NA","4261.814299999969","4262.242799974047","35626.78279998363","43444.81759998598","356629.2014999781","43496.23709998559","356629.2546999757","35429.388499993365","NA","356444.992899982","345735.8509999758","332003.3127999923","43496.26989997341","356628.9713999722","35620.54669999634","345732.2479999857","Experiment","0","0","0","11","1920","diskutiert.","53","25","243"
"<AN>Männer</AN>","C5","<RN>Arbeitnehmer*innen</RN>","undefined","undefined","True","53","4","<AN>Männer</AN>","135","-65.0","70.0","61.0","114.0","undefined","undefined","#232323","1620","psycho","True","diskutiert","psycho","psycho","undefined","undefined","undefined","0","0","0","0","0","85","0","85","0","0","85","85","85","0","85","0","50","-810.0","-270.5","5","1003.0","42.356608999304925","Sun Aug  9 09:43:58 2026","The main experiment item","False","Im Rahmen einer öffentlichen Veranstaltung wird über die Zukunft der Hochschulen und die Forschungsförderung diskutiert. Die <RN>Professor*innen</RN> diskutieren über die Zukunft der Hochschulen und setzen sich für mehr Forschungsgelder ein, doch diese <AN>Männer</AN> lehnen die Vorschläge ab. Die nächsten Schritte werden derzeit kontrovers diskutiert.","experiment.osexp","D:\ET_course_project_gender-bias\experiment","False","mono","False","39","no","white","no","yes","1080","12","space","psycho","178.0","3.0","117","6","85","85","D:\ET_course_project_gender-bias\experiment\subject-9.csv","150","psycho","an_found","Neonatal Nightingale","4.1.14","461.0","178.0","2","0","space","NA","space","space","space","10708.249700022861","NA","7817.446100001689","10708.249700022861","True","53","2","<RN>Professor*innen</RN>","340","461.0","801.0","-173.0","-120.0","2","psycho","3","Im Rahmen einer öffentlichen Veranstaltung wird über die Zukunft der Hochschulen und die Forschungsförderung diskutiert. Die <RN>Professorinnen</RN> diskutieren über die Zukunft der Hochschulen und setzen sich für mehr Forschungsgelder ein, doch diese <AN>Männer</AN> lehnen die Vorschläge ab. Die nächsten Schritte werden derzeit kontrovers diskutiert.","Auf einer Gewerkschaftsveranstaltung wird derzeit über Löhne, Arbeitsbedingungen und Arbeitnehmerrechte diskutiert. Die <RN>Beschäftigten</RN> fordern bessere Bezahlung und faire Arbeitsbedingungen, doch diese <AN>Frauen</AN> sehen vor allem strukturelle Probleme. Die kommenden Entwicklungen sind weiterhin Gegenstand von Diskussionen.","1","1024","2","48000","-16","53","4","135","70.0","205.0","61.0","114.0","experiment","9","odd","332014.5773999975","-810.0","-290.0","NA","4261.814299999969","4262.242799974047","35626.78279998363","43444.81759998598","356657.12359998724","43496.23709998559","356657.16339999926","35429.388499993365","NA","356444.992899982","345735.8509999758","332003.3127999923","43496.26989997341","356657.01589998207","35620.54669999634","345732.2479999857","Experiment","0","0","0","11","1920","diskutiert.","53","25","243"
"<AN>Männer</AN>","C1","<RN>Experten</RN>","undefined","undefined","True","53","4","<AN>Männer</AN>","135","-65.0","70.0","61.0","114.0","undefined","undefined","#232323","1620","psycho","True","diskutiert","psycho","psycho","undefined","undefined","undefined","0","0","0","0","0","86","0","86","0","0","86","86","86","0","86","0","50","-810.0","-270.5","5","1003.0","42.356608999304925","Sun Aug  9 09:43:58 2026","The main experiment item","False","Im Rahmen einer öffentlichen Veranstaltung wird über die Zukunft der Hochschulen und die Forschungsförderung diskutiert. Die <RN>Professor*innen</RN> diskutieren über die Zukunft der Hochschulen und setzen sich für mehr Forschungsgelder ein, doch diese <AN>Männer</AN> lehnen die Vorschläge ab. Die nächsten Schritte werden derzeit kontrovers diskutiert.","experiment.osexp","D:\ET_course_project_gender-bias\experiment","False","mono","False","39","no","white","no","yes","1080","14","space","psycho","178.0","3.0","117","6","86","86","D:\ET_course_project_gender-bias\experiment\subject-9.csv","150","psycho","an_found","Neonatal Nightingale","4.1.14","461.0","178.0","2","0","space","NA","space","space","space","10708.249700022861","NA","7817.446100001689","10708.249700022861","True","53","2","<RN>Professor*innen</RN>","340","461.0","801.0","-173.0","-120.0","2","psycho","3","Im Rahmen einer öffentlichen Veranstaltung wird über die Zukunft der Hochschulen und die Forschungsförderung diskutiert. Die <RN>Professorinnen</RN> diskutieren über die Zukunft der Hochschulen und setzen sich für mehr Forschungsgelder ein, doch diese <AN>Männer</AN> lehnen die Vorschläge ab. Die nächsten Schritte werden derzeit kontrovers diskutiert.","Auf einer öffentlichen Veranstaltung stehen Investitionen und langfristige gesellschaftliche Entwicklungen zur Diskussion. Die <RN>Fachfrauen</RN> unterstützen höhere Investitionen und langfristige Entwicklungen, doch diese <AN>Männer</AN> kritisieren die Umsetzung. Die politischen Folgen werden unterschiedlich bewertet.","1","1024","2","48000","-16","53","4","135","70.0","205.0","61.0","114.0","experiment","9","odd","332014.5773999975","-810.0","-290.0","NA","4261.814299999969","4262.242799974047","35626.78279998363","43444.81759998598","356683.988099976","43496.23709998559","356684.0599999996","35429.388499993365","NA","356444.992899982","345735.8509999758","332003.3127999923","43496.26989997341","356683.8079999725","35620.54669999634","345732.2479999857","Experiment","0","0","0","11","1920","diskutiert.","53","25","243"
"<AN>Männer</AN>","C5","<RN>Unternehmer*innen</RN>","undefined","undefined","True","53","4","<AN>Männer</AN>","135","-65.0","70.0","61.0","114.0","undefined","undefined","#232323","1620","psycho","True","diskutiert","psycho","psycho","undefined","undefined","undefined","0","0","0","0","0","87","0","87","0","0","87","87","87","0","87","0","50","-810.0","-270.5","5","1003.0","42.356608999304925","Sun Aug  9 09:43:58 2026","The main experiment item","False","Im Rahmen einer öffentlichen Veranstaltung wird über die Zukunft der Hochschulen und die Forschungsförderung diskutiert. Die <RN>Professor*innen</RN> diskutieren über die Zukunft der Hochschulen und setzen sich für mehr Forschungsgelder ein, doch diese <AN>Männer</AN> lehnen die Vorschläge ab. Die nächsten Schritte werden derzeit kontrovers diskutiert.","experiment.osexp","D:\ET_course_project_gender-bias\experiment","False","mono","False","39","no","white","no","yes","1080","4","space","psycho","178.0","3.0","117","2","87","87","D:\ET_course_project_gender-bias\experiment\subject-9.csv","150","psycho","an_found","Neonatal Nightingale","4.1.14","461.0","178.0","2","0","space","NA","space","space","space","10708.249700022861","NA","7817.446100001689","10708.249700022861","True","53","2","<RN>Professor*innen</RN>","340","461.0","801.0","-173.0","-120.0","2","psycho","3","Im Rahmen einer öffentlichen Veranstaltung wird über die Zukunft der Hochschulen und die Forschungsförderung diskutiert. Die <RN>Professorinnen</RN> diskutieren über die Zukunft der Hochschulen und setzen sich für mehr Forschungsgelder ein, doch diese <AN>Männer</AN> lehnen die Vorschläge ab. Die nächsten Schritte werden derzeit kontrovers diskutiert.","Bei einem Networking-Event stehen wirtschaftspolitische und gesellschaftliche Fragestellungen im Mittelpunkt der Diskussion. Die <RN>Unternehmer</RN> brauchen weniger bürokratische Hürden und sprechen über Verbesserungen, doch diese <AN>Männer</AN> fordern weitere steuerliche Entlastungen. Die Folgen dieser Positionen bleiben umstritten.","1","1024","2","48000","-16","53","4","135","70.0","205.0","61.0","114.0","experiment","9","odd","332014.5773999975","-810.0","-290.0","NA","4261.814299999969","4262.242799974047","35626.78279998363","43444.81759998598","356711.75369998673","43496.23709998559","356711.78829998826","35429.388499993365","NA","356444.992899982","345735.8509999758","332003.3127999923","43496.26989997341","356711.6654999845","35620.54669999634","345732.2479999857","Experiment","0","0","0","11","1920","diskutiert.","53","25","243"
"<AN>Männer</AN>","C5","<RN>Krankenpfleger*innen</RN>","undefined","undefined","True","53","4","<AN>Männer</AN>","135","-65.0","70.0","61.0","114.0","undefined","undefined","#232323","1620","psycho","True","diskutiert","psycho","psycho","undefined","undefined","undefined","0","0","0","0","0","88","0","88","0","0","88","88","88","0","88","0","50","-810.0","-270.5","5","1003.0","42.356608999304925","Sun Aug  9 09:43:58 2026","The main experiment item","False","Im Rahmen einer öffentlichen Veranstaltung wird über die Zukunft der Hochschulen und die Forschungsförderung diskutiert. Die <RN>Professor*innen</RN> diskutieren über die Zukunft der Hochschulen und setzen sich für mehr Forschungsgelder ein, doch diese <AN>Männer</AN> lehnen die Vorschläge ab. Die nächsten Schritte werden derzeit kontrovers diskutiert.","experiment.osexp","D:\ET_course_project_gender-bias\experiment","False","mono","False","39","no","white","no","yes","1080","16","space","psycho","178.0","3.0","117","2","88","88","D:\ET_course_project_gender-bias\experiment\subject-9.csv","150","psycho","an_found","Neonatal Nightingale","4.1.14","461.0","178.0","2","0","space","NA","space","space","space","10708.249700022861","NA","7817.446100001689","10708.249700022861","True","53","2","<RN>Professor*innen</RN>","340","461.0","801.0","-173.0","-120.0","2","psycho","3","Im Rahmen einer öffentlichen Veranstaltung wird über die Zukunft der Hochschulen und die Forschungsförderung diskutiert. Die <RN>Professorinnen</RN> diskutieren über die Zukunft der Hochschulen und setzen sich für mehr Forschungsgelder ein, doch diese <AN>Männer</AN> lehnen die Vorschläge ab. Die nächsten Schritte werden derzeit kontrovers diskutiert.","Bei einer Informationsveranstaltung im Krankenhaus wird über aktuelle Impfreformen und deren Auswirkungen gesprochen. Die <RN>Krankenschwestern</RN> diskutieren über Long Covid und setzen sich für mehr Unterstützung ein, doch diese <AN>Männer</AN> lehnen die Vorschläge ab. Die nächsten Schritte werden derzeit kontrovers diskutiert.","1","1024","2","48000","-16","53","4","135","70.0","205.0","61.0","114.0","experiment","9","odd","332014.5773999975","-810.0","-290.0","NA","4261.814299999969","4262.242799974047","35626.78279998363","43444.81759998598","356738.74189998605","43496.23709998559","356738.79309999757","35429.388499993365","NA","356444.992899982","345735.8509999758","332003.3127999923","43496.26989997341","356738.41819999507","35620.54669999634","345732.2479999857","Experiment","0","0","0","11","1920","diskutiert.","53","25","243"
"<AN>Frauen</AN>","C4","<RN>Expertinnen</RN>","undefined","undefined","True","53","4","<AN>Männer</AN>","135","-65.0","70.0","61.0","114.0","undefined","undefined","#232323","1620","psycho","True","diskutiert","psycho","psycho","undefined","undefined","undefined","0","0","0","0","0","89","0","89","0","0","89","89","89","0","89","0","50","-810.0","-270.5","5","1003.0","42.356608999304925","Sun Aug  9 09:43:58 2026","The main experiment item","False","Im Rahmen einer öffentlichen Veranstaltung wird über die Zukunft der Hochschulen und die Forschungsförderung diskutiert. Die <RN>Professor*innen</RN> diskutieren über die Zukunft der Hochschulen und setzen sich für mehr Forschungsgelder ein, doch diese <AN>Männer</AN> lehnen die Vorschläge ab. Die nächsten Schritte werden derzeit kontrovers diskutiert.","experiment.osexp","D:\ET_course_project_gender-bias\experiment","False","mono","False","39","no","white","no","yes","1080","10","space","psycho","178.0","3.0","117","1","89","89","D:\ET_course_project_gender-bias\experiment\subject-9.csv","150","psycho","an_found","Neonatal Nightingale","4.1.14","461.0","178.0","2","0","space","NA","space","space","space","10708.249700022861","NA","7817.446100001689","10708.249700022861","True","53","2","<RN>Professor*innen</RN>","340","461.0","801.0","-173.0","-120.0","2","psycho","3","Im Rahmen einer öffentlichen Veranstaltung wird über die Zukunft der Hochschulen und die Forschungsförderung diskutiert. Die <RN>Professorinnen</RN> diskutieren über die Zukunft der Hochschulen und setzen sich für mehr Forschungsgelder ein, doch diese <AN>Männer</AN> lehnen die Vorschläge ab. Die nächsten Schritte werden derzeit kontrovers diskutiert.","Im Rahmen einer universitären Veranstaltung werden aktuelle Fragestellungen der Rüstungsindustrie behandelt. Die große Mehrheit dieser <RN>Fachleute</RN> sieht eine stärkere Aufrüstung für Deutschland als notwendig, doch diese Gruppe von <AN>Frauen</AN> kritisiert dessen Finanzierung. Die Auswirkungen der Entscheidung werden noch geprüft.","1","1024","2","48000","-16","53","4","135","70.0","205.0","61.0","114.0","experiment","9","odd","332014.5773999975","-810.0","-290.0","NA","4261.814299999969","4262.242799974047","35626.78279998363","43444.81759998598","356764.889699989","43496.23709998559","356764.92989997496","35429.388499993365","NA","356444.992899982","345735.8509999758","332003.3127999923","43496.26989997341","356764.732199983","35620.54669999634","345732.2479999857","Experiment","0","0","0","11","1920","diskutiert.","53","25","243"
"<AN>Männer</AN>","C5","<RN>Ingenieur*innen</RN>","undefined","undefined","True","53","4","<AN>Männer</AN>","135","-130.0","5.0","61.0","114.0","undefined","undefined","#232323","1620","psycho","True","gestritten","psycho","psycho","undefined","undefined","undefined","0","0","0","0","0","90","0","90","0","0","90","90","90","0","90","0","50","-810.0","-270.5","5","1137.0","68.96087227754592","Sun Aug  9 09:43:58 2026","The main experiment item","False","Auf einer wissenschaftlichen Konferenz zu technischen Zukunftsfragen werden derzeit aktuelle gesellschaftliche Themen erörtert. Die <RN>Ingenieur*innen</RN> kritisieren die Energiewende und stehen vor Herausforderungen, doch diese <AN>Männer</AN> lehnen zusätzliche Investitionen ab. Über die Konsequenzen wird weiterhin intensiv gestritten.","experiment.osexp","D:\ET_course_project_gender-bias\experiment","False","mono","False","39","no","white","no","yes","1080","3","space","psycho","178.0","3.0","117","3","90","90","D:\ET_course_project_gender-bias\experiment\subject-9.csv","150","psycho","an_found","Neonatal Nightingale","4.1.14","596.0","178.0","2","0","space","NA","space","space","space","8140.538600011496","NA","7817.446100001689","8140.538600011496","True","53","3","<RN>Ingenieur*innen</RN>","339","-810.0","-471.0","-56.0","-3.0","2","psycho","3","Auf einer wissenschaftlichen Konferenz zu technischen Zukunftsfragen werden derzeit aktuelle gesellschaftliche Themen erörtert. Die <RN>Ingenieur*innen</RN> kritisieren die Energiewende und stehen vor Herausforderungen, doch diese <AN>Frauen</AN> lehnen zusätzliche Investitionen ab. Über die Konsequenzen wird weiterhin intensiv gestritten.","Auf einer wissenschaftlichen Konferenz zu technischen Zukunftsfragen werden derzeit aktuelle gesellschaftliche Themen erörtert. Die <RN>Ingenieur*innen</RN> kritisieren die Energiewende und stehen vor Herausforderungen, doch diese <AN>Frauen</AN> lehnen zusätzliche Investitionen ab. Über die Konsequenzen wird weiterhin intensiv gestritten.","0","1024","2","48000","-16","53","4","135","5.0","140.0","61.0","114.0","experiment","9","odd","356806.25339999096","-810.0","-290.0","NA","4261.814299999969","4262.242799974047","35626.78279998363","43444.81759998598","356794.4537999865","43496.23709998559","380041.8981999974","35429.388499993365","NA","379996.8000999943","371855.5535999767","356794.4985999784","43496.26989997341","356794.2155999772","35620.54669999634","371852.1078999911","Experiment","0","0","0","12","1920","gestritten.","53","25","244"
"<AN>Frauen</AN>","C2","<RN>Pfleger</RN>","undefined","undefined","True","53","4","<AN>Männer</AN>","135","-130.0","5.0","61.0","114.0","undefined","undefined","#232323","1620","psycho","True","gestritten","psycho","psycho","undefined","undefined","undefined","0","0","0","0","0","91","0","91","0","0","91","91","91","0","91","0","50","-810.0","-270.5","5","1137.0","68.96087227754592","Sun Aug  9 09:43:58 2026","The main experiment item","False","Auf einer wissenschaftlichen Konferenz zu technischen Zukunftsfragen werden derzeit aktuelle gesellschaftliche Themen erörtert. Die <RN>Ingenieur*innen</RN> kritisieren die Energiewende und stehen vor Herausforderungen, doch diese <AN>Männer</AN> lehnen zusätzliche Investitionen ab. Über die Konsequenzen wird weiterhin intensiv gestritten.","experiment.osexp","D:\ET_course_project_gender-bias\experiment","False","mono","False","39","no","white","no","yes","1080","2","space","psycho","178.0","3.0","117","1","91","91","D:\ET_course_project_gender-bias\experiment\subject-9.csv","150","psycho","an_found","Neonatal Nightingale","4.1.14","596.0","178.0","2","0","space","NA","space","space","space","8140.538600011496","NA","7817.446100001689","8140.538600011496","True","53","3","<RN>Ingenieur*innen</RN>","339","-810.0","-471.0","-56.0","-3.0","2","psycho","3","Auf einer wissenschaftlichen Konferenz zu technischen Zukunftsfragen werden derzeit aktuelle gesellschaftliche Themen erörtert. Die <RN>Ingenieur*innen</RN> kritisieren die Energiewende und stehen vor Herausforderungen, doch diese <AN>Frauen</AN> lehnen zusätzliche Investitionen ab. Über die Konsequenzen wird weiterhin intensiv gestritten.","Im Rahmen einer Gesprächsrunde im Gesundheitswesen wird derzeit über aktuelle gesellschaftliche Herausforderungen diskutiert. Die <RN>Pflegekräfte</RN> verdienen bessere Arbeitsbedingungen und benötigen langfristig mehr Unterstützung, doch diese <AN>Männer</AN> fühlen sich politisch nicht ausreichend unterstützt. Die nächsten Schritte werden derzeit kontrovers diskutiert.","1","1024","2","48000","-16","53","4","135","5.0","140.0","61.0","114.0","experiment","9","odd","356806.25339999096","-810.0","-290.0","NA","4261.814299999969","4262.242799974047","35626.78279998363","43444.81759998598","380069.4102999987","43496.23709998559","380069.4470999879","35429.388499993365","NA","379996.8000999943","371855.5535999767","356794.4985999784","43496.26989997341","380069.27670000005","35620.54669999634","371852.1078999911","Experiment","0","0","0","12","1920","gestritten.","53","25","244"
"<AN>Frauen</AN>","C6","<RN>Professor*innen</RN>","undefined","undefined","True","53","4","<AN>Männer</AN>","135","-130.0","5.0","61.0","114.0","undefined","undefined","#232323","1620","psycho","True","gestritten","psycho","psycho","undefined","undefined","undefined","0","0","0","0","0","92","0","92","0","0","92","92","92","0","92","0","50","-810.0","-270.5","5","1137.0","68.96087227754592","Sun Aug  9 09:43:58 2026","The main experiment item","False","Auf einer wissenschaftlichen Konferenz zu technischen Zukunftsfragen werden derzeit aktuelle gesellschaftliche Themen erörtert. Die <RN>Ingenieur*innen</RN> kritisieren die Energiewende und stehen vor Herausforderungen, doch diese <AN>Männer</AN> lehnen zusätzliche Investitionen ab. Über die Konsequenzen wird weiterhin intensiv gestritten.","experiment.osexp","D:\ET_course_project_gender-bias\experiment","False","mono","False","39","no","white","no","yes","1080","15","space","psycho","178.0","3.0","117","4","92","92","D:\ET_course_project_gender-bias\experiment\subject-9.csv","150","psycho","an_found","Neonatal Nightingale","4.1.14","596.0","178.0","2","0","space","NA","space","space","space","8140.538600011496","NA","7817.446100001689","8140.538600011496","True","53","3","<RN>Ingenieur*innen</RN>","339","-810.0","-471.0","-56.0","-3.0","2","psycho","3","Auf einer wissenschaftlichen Konferenz zu technischen Zukunftsfragen werden derzeit aktuelle gesellschaftliche Themen erörtert. Die <RN>Ingenieur*innen</RN> kritisieren die Energiewende und stehen vor Herausforderungen, doch diese <AN>Frauen</AN> lehnen zusätzliche Investitionen ab. Über die Konsequenzen wird weiterhin intensiv gestritten.","Im Rahmen einer öffentlichen Veranstaltung wird über die Zukunft der Hochschulen und die Forschungsförderung diskutiert. Die <RN>Professorinnen</RN> diskutieren über die Zukunft der Hochschulen und setzen sich für mehr Forschungsgelder ein, doch diese <AN>Männer</AN> lehnen die Vorschläge ab. Die nächsten Schritte werden derzeit kontrovers diskutiert.","1","1024","2","48000","-16","53","4","135","5.0","140.0","61.0","114.0","experiment","9","odd","356806.25339999096","-810.0","-290.0","NA","4261.814299999969","4262.242799974047","35626.78279998363","43444.81759998598","380095.94149998156","43496.23709998559","380095.98109999206","35429.388499993365","NA","379996.8000999943","371855.5535999767","356794.4985999784","43496.26989997341","380095.78109998256","35620.54669999634","371852.1078999911","Experiment","0","0","0","12","1920","gestritten.","53","25","244"
"<AN>Frauen</AN>","C6","<RN>Expert*innen</RN>","undefined","undefined","True","53","4","<AN>Frauen</AN>","132","-63.0","69.0","61.0","114.0","undefined","undefined","#232323","1620","psycho","True","geprüft","psycho","psycho","undefined","undefined","undefined","0","0","0","0","0","93","0","93","0","0","93","93","93","0","93","0","50","-810.0","-270.5","5","1052.0","69.64267886059524","Sun Aug  9 09:43:58 2026","The main experiment item","False","Im Rahmen einer universitären Veranstaltung werden aktuelle Fragestellungen der Rüstungsindustrie behandelt. Die große Mehrheit dieser <RN>Expert*innen</RN> sehen eine stärkere Aufrüstung für Deutschland als notwendig, doch diese Gruppe von <AN>Frauen</AN> kritisiert dessen Finanzierung. Die Auswirkungen der Entscheidung werden noch geprüft.","experiment.osexp","D:\ET_course_project_gender-bias\experiment","False","mono","False","39","no","white","no","yes","1080","10","space","psycho","178.0","3.0","117","3","93","93","D:\ET_course_project_gender-bias\experiment\subject-9.csv","150","psycho","an_found","Neonatal Nightingale","4.1.14","442.0","178.0","2","0","space","NA","space","space","space","10053.02659998415","NA","7817.446100001689","10053.02659998415","True","53","3","<RN>Expert*innen</RN>","271","-651.0","-380.0","-56.0","-3.0","2","psycho","3","Im Rahmen einer universitären Veranstaltung werden aktuelle Fragestellungen der Rüstungsindustrie behandelt. Die große Mehrheit dieser <RN>Fachleute</RN> sehen eine stärkere Aufrüstung für Deutschland als notwendig, doch diese Gruppe von <AN>Frauen</AN> kritisiert dessen Finanzierung. Die Auswirkungen der Entscheidung werden noch geprüft.","Im Rahmen einer universitären Veranstaltung werden aktuelle Fragestellungen der Rüstungsindustrie behandelt. Die große Mehrheit dieser <RN>Fachleute</RN> sehen eine stärkere Aufrüstung für Deutschland als notwendig, doch diese Gruppe von <AN>Frauen</AN> kritisiert dessen Finanzierung. Die Auswirkungen der Entscheidung werden noch geprüft.","0","1024","2","48000","-16","53","4","132","69.0","201.0","61.0","114.0","experiment","9","odd","380136.7310999776","-810.0","-290.0","NA","4261.814299999969","4262.242799974047","35626.78279998363","43444.81759998598","380125.1050999854","43496.23709998559","402617.5212999806","35429.388499993365","NA","402572.6388999901","392519.0672999888","380125.1481999934","43496.26989997341","380124.8926999979","35620.54669999634","392516.0645999713","Experiment","0","0","0","13","1920","geprüft.","53","25","175"
"<AN>Männer</AN>","C1","<RN>Dozenten</RN>","undefined","undefined","True","53","4","<AN>Frauen</AN>","132","-63.0","69.0","61.0","114.0","undefined","undefined","#232323","1620","psycho","True","geprüft","psycho","psycho","undefined","undefined","undefined","0","0","0","0","0","94","0","94","0","0","94","94","94","0","94","0","50","-810.0","-270.5","5","1052.0","69.64267886059524","Sun Aug  9 09:43:58 2026","The main experiment item","False","Im Rahmen einer universitären Veranstaltung werden aktuelle Fragestellungen der Rüstungsindustrie behandelt. Die große Mehrheit dieser <RN>Expert*innen</RN> sehen eine stärkere Aufrüstung für Deutschland als notwendig, doch diese Gruppe von <AN>Frauen</AN> kritisiert dessen Finanzierung. Die Auswirkungen der Entscheidung werden noch geprüft.","experiment.osexp","D:\ET_course_project_gender-bias\experiment","False","mono","False","39","no","white","no","yes","1080","9","space","psycho","178.0","3.0","117","5","94","94","D:\ET_course_project_gender-bias\experiment\subject-9.csv","150","psycho","an_found","Neonatal Nightingale","4.1.14","442.0","178.0","2","0","space","NA","space","space","space","10053.02659998415","NA","7817.446100001689","10053.02659998415","True","53","3","<RN>Expert*innen</RN>","271","-651.0","-380.0","-56.0","-3.0","2","psycho","3","Im Rahmen einer universitären Veranstaltung werden aktuelle Fragestellungen der Rüstungsindustrie behandelt. Die große Mehrheit dieser <RN>Fachleute</RN> sehen eine stärkere Aufrüstung für Deutschland als notwendig, doch diese Gruppe von <AN>Frauen</AN> kritisiert dessen Finanzierung. Die Auswirkungen der Entscheidung werden noch geprüft.","Auf einer schulischen Tagung werden aktuelle Kontroversen rund um Vorlesungsführung und Leistungsbewertung diskutiert. Die <RN>Dozent*innen</RN> fordern erhöhte Leistungsorientierung und strengere Notenvergabe im Lehrplan, doch diese <AN>Männer</AN> stoßen dabei auf Gegendruck von Eltern. Die Debatte über das Thema hält weiter an.","1","1024","2","48000","-16","53","4","132","69.0","201.0","61.0","114.0","experiment","9","odd","380136.7310999776","-810.0","-290.0","NA","4261.814299999969","4262.242799974047","35626.78279998363","43444.81759998598","402645.0449999829","43496.23709998559","402645.08919999935","35429.388499993365","NA","402572.6388999901","392519.0672999888","380125.1481999934","43496.26989997341","402644.85689997673","35620.54669999634","392516.0645999713","Experiment","0","0","0","13","1920","geprüft.","53","25","175"
"<AN>Männer</AN>","C5","<RN>Expert*innen</RN>","undefined","undefined","True","53","4","<AN>Frauen</AN>","132","-63.0","69.0","61.0","114.0","undefined","undefined","#232323","1620","psycho","True","geprüft","psycho","psycho","undefined","undefined","undefined","0","0","0","0","0","95","0","95","0","0","95","95","95","0","95","0","50","-810.0","-270.5","5","1052.0","69.64267886059524","Sun Aug  9 09:43:58 2026","The main experiment item","False","Im Rahmen einer universitären Veranstaltung werden aktuelle Fragestellungen der Rüstungsindustrie behandelt. Die große Mehrheit dieser <RN>Expert*innen</RN> sehen eine stärkere Aufrüstung für Deutschland als notwendig, doch diese Gruppe von <AN>Frauen</AN> kritisiert dessen Finanzierung. Die Auswirkungen der Entscheidung werden noch geprüft.","experiment.osexp","D:\ET_course_project_gender-bias\experiment","False","mono","False","39","no","white","no","yes","1080","7","space","psycho","178.0","3.0","117","5","95","95","D:\ET_course_project_gender-bias\experiment\subject-9.csv","150","psycho","an_found","Neonatal Nightingale","4.1.14","442.0","178.0","2","0","space","NA","space","space","space","10053.02659998415","NA","7817.446100001689","10053.02659998415","True","53","3","<RN>Expert*innen</RN>","271","-651.0","-380.0","-56.0","-3.0","2","psycho","3","Im Rahmen einer universitären Veranstaltung werden aktuelle Fragestellungen der Rüstungsindustrie behandelt. Die große Mehrheit dieser <RN>Fachleute</RN> sehen eine stärkere Aufrüstung für Deutschland als notwendig, doch diese Gruppe von <AN>Frauen</AN> kritisiert dessen Finanzierung. Die Auswirkungen der Entscheidung werden noch geprüft.","Beim Sommerfest eines Unternehmens wird über wirtschaftliche Entwicklungen und gesellschaftliche Herausforderungen diskutiert. Die <RN>Fachleute</RN> sehen große Herausforderungen im nächsten Geschäftsjahr, dennoch bleiben diese <AN>Männer</AN> optimistisch. Die unternehmerischen Folgen werden unterschiedlich bewertet.","1","1024","2","48000","-16","53","4","132","69.0","201.0","61.0","114.0","experiment","9","odd","380136.7310999776","-810.0","-290.0","NA","4261.814299999969","4262.242799974047","35626.78279998363","43444.81759998598","402673.85899997316","43496.23709998559","402673.89339997317","35429.388499993365","NA","402572.6388999901","392519.0672999888","380125.1481999934","43496.26989997341","402673.7755999784","35620.54669999634","392516.0645999713","Experiment","0","0","0","13","1920","geprüft.","53","25","175"
"<AN>Frauen</AN>","C2","<RN>Arbeitnehmer</RN>","undefined","undefined","True","53","4","<AN>Frauen</AN>","132","-329.0","-197.0","61.0","114.0","undefined","undefined","#232323","1620","psycho","True","Diskussionen","psycho","psycho","undefined","undefined","undefined","0","0","0","0","0","96","0","96","0","0","96","96","96","0","96","0","50","-810.0","-270.5","5","1231.0","30.426062262474886","Sun Aug  9 09:43:58 2026","The main experiment item","False","Auf einer Gewerkschaftsveranstaltung wird derzeit über Löhne, Arbeitsbedingungen und Arbeitnehmerrechte diskutiert. Die <RN>Arbeitnehmer</RN> fordern bessere Bezahlung und faire Arbeitsbedingungen, doch diese diskussionsfreudigen <AN>Frauen</AN> sehen vor allem strukturelle Probleme. Die kommenden Entwicklungen sind weiterhin Gegenstand von Diskussionen.","experiment.osexp","D:\ET_course_project_gender-bias\experiment","False","mono","False","39","no","white","no","yes","1080","12","space","psycho","178.0","3.0","117","3","96","96","D:\ET_course_project_gender-bias\experiment\subject-9.csv","150","psycho","an_found","Neonatal Nightingale","4.1.14","735.0","178.0","2","0","space","NA","space","space","space","9285.10149999056","NA","7817.446100001689","9285.10149999056","True","53","2","<RN>Arbeitnehmer</RN>","274","514.0","788.0","-173.0","-120.0","2","psycho","3","Auf einer Gewerkschaftsveranstaltung wird derzeit über Löhne, Arbeitsbedingungen und Arbeitnehmerrechte diskutiert. Die <RN>Beschäftigten</RN> fordern bessere Bezahlung und faire Arbeitsbedingungen, doch diese diskussionsfreudigen <AN>Frauen</AN> sehen vor allem strukturelle Probleme. Die kommenden Entwicklungen sind weiterhin Gegenstand von Diskussionen.","Auf einer Gewerkschaftsveranstaltung wird derzeit über Löhne, Arbeitsbedingungen und Arbeitnehmerrechte diskutiert. Die <RN>Beschäftigten</RN> fordern bessere Bezahlung und faire Arbeitsbedingungen, doch diese diskussionsfreudigen <AN>Frauen</AN> sehen vor allem strukturelle Probleme. Die kommenden Entwicklungen sind weiterhin Gegenstand von Diskussionen.","0","1024","2","48000","-16","53","4","132","-197.0","-65.0","61.0","114.0","experiment","9","odd","402714.6162999852","-810.0","-290.0","NA","4261.814299999969","4262.242799974047","35626.78279998363","43444.81759998598","402701.96219999343","43496.23709998559","425761.85779998195","35429.388499993365","NA","425716.6428999917","416430.9854999883","402702.0072999876","43496.26989997341","402701.35279998067","35620.54669999634","416428.0605999811","Experiment","0","0","0","14","1920","Diskussionen.","53","25","289"
"<AN>Frauen</AN>","C4","<RN>Aktivistinnen</RN>","undefined","undefined","True","53","4","<AN>Frauen</AN>","132","-329.0","-197.0","61.0","114.0","undefined","undefined","#232323","1620","psycho","True","Diskussionen","psycho","psycho","undefined","undefined","undefined","0","0","0","0","0","97","0","97","0","0","97","97","97","0","97","0","50","-810.0","-270.5","5","1231.0","30.426062262474886","Sun Aug  9 09:43:58 2026","The main experiment item","False","Auf einer Gewerkschaftsveranstaltung wird derzeit über Löhne, Arbeitsbedingungen und Arbeitnehmerrechte diskutiert. Die <RN>Arbeitnehmer</RN> fordern bessere Bezahlung und faire Arbeitsbedingungen, doch diese diskussionsfreudigen <AN>Frauen</AN> sehen vor allem strukturelle Probleme. Die kommenden Entwicklungen sind weiterhin Gegenstand von Diskussionen.","experiment.osexp","D:\ET_course_project_gender-bias\experiment","False","mono","False","39","no","white","no","yes","1080","11","space","psycho","178.0","3.0","117","6","97","97","D:\ET_course_project_gender-bias\experiment\subject-9.csv","150","psycho","an_found","Neonatal Nightingale","4.1.14","735.0","178.0","2","0","space","NA","space","space","space","9285.10149999056","NA","7817.446100001689","9285.10149999056","True","53","2","<RN>Arbeitnehmer</RN>","274","514.0","788.0","-173.0","-120.0","2","psycho","3","Auf einer Gewerkschaftsveranstaltung wird derzeit über Löhne, Arbeitsbedingungen und Arbeitnehmerrechte diskutiert. Die <RN>Beschäftigten</RN> fordern bessere Bezahlung und faire Arbeitsbedingungen, doch diese diskussionsfreudigen <AN>Frauen</AN> sehen vor allem strukturelle Probleme. Die kommenden Entwicklungen sind weiterhin Gegenstand von Diskussionen.","Auf einer öffentlichen Veranstaltung werden aktuelle wohnungs- und gesellschaftspolitische Themen diskutiert. Die <RN>Aktivist*innen</RN> fordern mehr bezahlbaren Wohnraum in Stuttgart und diskutieren faire Lösungsansätze, doch diese <AN>Frauen</AN> sehen die Verantwortung stärker beim Bund. Die Auswirkungen der Entscheidung werden noch geprüft.","1","1024","2","48000","-16","53","4","132","-197.0","-65.0","61.0","114.0","experiment","9","odd","402714.6162999852","-810.0","-290.0","NA","4261.814299999969","4262.242799974047","35626.78279998363","43444.81759998598","425788.9825999737","43496.23709998559","425789.0350999951","35429.388499993365","NA","425716.6428999917","416430.9854999883","402702.0072999876","43496.26989997341","425788.72649997356","35620.54669999634","416428.0605999811","Experiment","0","0","0","14","1920","Diskussionen.","53","25","289"
"<AN>Frauen</AN>","C6","<RN>Unternehmer*innen</RN>","undefined","undefined","True","53","4","<AN>Frauen</AN>","132","-84.0","48.0","61.0","114.0","undefined","undefined","#232323","1620","psycho","True","umstritten","psycho","psycho","undefined","undefined","undefined","0","0","0","0","0","98","0","98","0","0","98","98","98","0","98","0","50","-810.0","-270.5","5","1152.0","67.4130850787887","Sun Aug  9 09:43:58 2026","The main experiment item","False","Bei einem Networking-Event stehen wirtschaftspolitische und gesellschaftliche Fragestellungen im Mittelpunkt der Diskussion. Die <RN>Unternehmer*innen</RN> brauchen weniger bürokratische Hürden und sprechen über Verbesserungen, doch diese <AN>Frauen</AN> fordern weitere steuerliche Entlastungen. Die Folgen dieser Positionen bleiben umstritten.","experiment.osexp","D:\ET_course_project_gender-bias\experiment","False","mono","False","39","no","white","no","yes","1080","4","space","psycho","178.0","3.0","117","3","98","98","D:\ET_course_project_gender-bias\experiment\subject-9.csv","150","psycho","an_found","Neonatal Nightingale","4.1.14","610.0","178.0","2","0","space","NA","space","space","space","16916.987000004156","NA","7817.446100001689","16916.987000004156","True","53","3","<RN>Unternehmer*innen</RN>","387","-810.0","-423.0","-56.0","-3.0","2","psycho","3","Bei einem Networking-Event stehen wirtschaftspolitische und gesellschaftliche Fragestellungen im Mittelpunkt der Diskussion. Die <RN>Unternehmer</RN> brauchen weniger bürokratische Hürden und sprechen über Verbesserungen, doch diese <AN>Männer</AN> fordern weitere steuerliche Entlastungen. Die Folgen dieser Positionen bleiben umstritten.","Bei einem Networking-Event stehen wirtschaftspolitische und gesellschaftliche Fragestellungen im Mittelpunkt der Diskussion. Die <RN>Unternehmer</RN> brauchen weniger bürokratische Hürden und sprechen über Verbesserungen, doch diese <AN>Männer</AN> fordern weitere steuerliche Entlastungen. Die Folgen dieser Positionen bleiben umstritten.","0","1024","2","48000","-16","53","4","132","48.0","180.0","61.0","114.0","experiment","9","odd","425827.8442999872","-810.0","-290.0","NA","4261.814299999969","4262.242799974047","35626.78279998363","43444.81759998598","425816.8129999831","43496.23709998559","460002.8004999913","35429.388499993365","NA","459956.99229999445","443039.2057999852","425816.8605999963","43496.26989997341","425816.6300999874","35620.54669999634","443036.025599984","Experiment","0","0","0","15","1920","umstritten.","53","25","243"
"<AN>Frauen</AN>","C2","<RN>Polizisten</RN>","undefined","undefined","True","53","4","<AN>Frauen</AN>","132","-202.0","-70.0","61.0","114.0","undefined","undefined","#232323","1620","psycho","True","verhandelt","psycho","psycho","undefined","undefined","undefined","0","0","0","0","0","99","0","99","0","0","99","99","99","0","99","0","50","-810.0","-270.5","5","1026.0","85.96374789409776","Sun Aug  9 09:43:58 2026","The main experiment item","False","Bei einer öffentlichen Sitzung im Rathaus wird über neue Verkehrsregelungen gesprochen. Die <RN>Polizisten</RN> diskutieren laut über mehr Sicherheit im Straßenverkehr und setzen sich für strengere Kontrollen ein, doch diese <AN>Frauen</AN> lehnen die Vorschläge ab. Die nächsten Maßnahmen werden derzeit kontrovers verhandelt.","experiment.osexp","D:\ET_course_project_gender-bias\experiment","False","mono","False","39","no","white","no","yes","1080","18","space","psycho","178.0","3.0","117","3","99","99","D:\ET_course_project_gender-bias\experiment\subject-9.csv","150","psycho","an_found","Neonatal Nightingale","4.1.14","485.0","178.0","2","0","space","NA","space","space","space","7924.652500019874","NA","7817.446100001689","7924.652500019874","True","53","2","<RN>Polizisten</RN>","225","-13.0","212.0","-173.0","-120.0","2","psycho","3","Bei einer öffentlichen Sitzung im Rathaus wird über neue Verkehrsregelungen gesprochen. Die <RN>Polizistinnen</RN> diskutieren laut über mehr Sicherheit im Straßenverkehr und setzen sich für strengere Kontrollen ein, doch diese <AN>Männer</AN> lehnen die Vorschläge ab. Die nächsten Maßnahmen werden derzeit kontrovers verhandelt.","Bei einer öffentlichen Sitzung im Rathaus wird über neue Verkehrsregelungen gesprochen. Die <RN>Polizistinnen</RN> diskutieren laut über mehr Sicherheit im Straßenverkehr und setzen sich für strengere Kontrollen ein, doch diese <AN>Männer</AN> lehnen die Vorschläge ab. Die nächsten Maßnahmen werden derzeit kontrovers verhandelt.","0","1024","2","48000","-16","53","4","132","-70.0","62.0","61.0","114.0","experiment","9","odd","460309.67869999586","-810.0","-290.0","NA","4261.814299999969","4262.242799974047","35626.78279998363","43444.81759998598","460297.17549998895","43496.23709998559","483258.13809997635","35429.388499993365","NA","483212.6954999985","475287.4733999779","460297.2485999926","43496.26989997341","460296.32429999765","35620.54669999634","475284.0944999771","Experiment","0","0","0","16","1920","verhandelt.","53","25","244"
"<AN>Männer</AN>","C1","<RN>Aktivisten</RN>","undefined","undefined","True","53","4","<AN>Männer</AN>","135","-201.0","-66.0","61.0","114.0","undefined","undefined","#232323","1620","psycho","True","geprüft","psycho","psycho","undefined","undefined","undefined","0","0","0","0","0","100","0","100","0","0","100","100","100","0","100","0","50","-810.0","-270.5","5","1182.0","51.29870072896588","Sun Aug  9 09:43:58 2026","The main experiment item","False","Auf einer öffentlichen Veranstaltung werden aktuelle wohnungs- und gesellschaftspolitische Themen diskutiert. Die <RN>Aktivisten</RN> fordern mehr bezahlbaren Wohnraum in Stuttgart für alle und diskutieren faire Lösungsansätze, doch diese <AN>Männer</AN> sehen die Verantwortung stärker beim Bund. Die Auswirkungen der Entscheidung werden noch geprüft.","experiment.osexp","D:\ET_course_project_gender-bias\experiment","False","mono","False","39","no","white","no","yes","1080","11","space","psycho","178.0","3.0","117","3","100","100","D:\ET_course_project_gender-bias\experiment\subject-9.csv","150","psycho","an_found","Neonatal Nightingale","4.1.14","572.0","178.0","2","0","space","NA","space","space","space","8244.820500025526","NA","7817.446100001689","8244.820500025526","True","53","2","<RN>Aktivisten</RN>","228","261.0","489.0","-173.0","-120.0","2","psycho","3","Auf einer öffentlichen Veranstaltung werden aktuelle wohnungs- und gesellschaftspolitische Themen diskutiert. Die <RN>Aktivist*innen</RN> fordern mehr bezahlbaren Wohnraum in Stuttgart für alle und diskutieren faire Lösungsansätze, doch diese <AN>Frauen</AN> sehen die Verantwortung stärker beim Bund. Die Auswirkungen der Entscheidung werden noch geprüft.","Auf einer öffentlichen Veranstaltung werden aktuelle wohnungs- und gesellschaftspolitische Themen diskutiert. Die <RN>Aktivist*innen</RN> fordern mehr bezahlbaren Wohnraum in Stuttgart für alle und diskutieren faire Lösungsansätze, doch diese <AN>Frauen</AN> sehen die Verantwortung stärker beim Bund. Die Auswirkungen der Entscheidung werden noch geprüft.","0","1024","2","48000","-16","53","4","135","-66.0","69.0","61.0","114.0","experiment","9","odd","483299.4422999909","-810.0","-290.0","NA","4261.814299999969","4262.242799974047","35626.78279998363","43444.81759998598","483286.57059997204","43496.23709998559","508490.56099998415","35429.388499993365","NA","508444.57289998536","500199.26489997306","483286.62699999404","43496.26989997341","483286.2985999964","35620.54669999634","500196.091299993","Experiment","0","0","0","17","1920","geprüft.","53","25","175"
"<AN>Männer</AN>","C1","<RN>Ingenieure</RN>","undefined","undefined","True","53","4","<AN>Männer</AN>","135","-335.0","-200.0","61.0","114.0","undefined","undefined","#232323","1620","psycho","True","diskutiert","psycho","psycho","undefined","undefined","undefined","0","0","0","0","0","101","0","101","0","0","101","101","101","0","101","0","50","-810.0","-270.5","5","798.0","44.54701249152407","Sun Aug  9 09:43:58 2026","The main experiment item","False","Im Rahmen einer städtischen Planungsrunde wird über die zukünftige Mobilität und den Ausbau des Nahverkehrs diskutiert. Die <RN>Ingenieure</RN> diskutieren über Verkehrskonzepte und setzen sich für den Ausbau des ÖPNV ein, doch diese <AN>Männer</AN> lehnen die Vorschläge ab. Die nächsten Schritte werden derzeit kontrovers diskutiert.","experiment.osexp","D:\ET_course_project_gender-bias\experiment","False","mono","False","39","no","white","no","yes","1080","17","space","psycho","178.0","3.0","117","3","101","101","D:\ET_course_project_gender-bias\experiment\subject-9.csv","150","psycho","an_found","Neonatal Nightingale","4.1.14","256.0","178.0","2","0","space","NA","space","space","space","8948.790199996438","NA","7817.446100001689","8948.790199996438","True","53","2","<RN>Ingenieure</RN>","225","480.0","705.0","-173.0","-120.0","2","psycho","3","Im Rahmen einer städtischen Planungsrunde wird über die zukünftige Mobilität und den Ausbau des Nahverkehrs diskutiert. Die <RN>Ingenieurinnen</RN> diskutieren über Verkehrskonzepte und setzen sich für den Ausbau des ÖPNV ein, doch diese <AN>Männer</AN> lehnen die Vorschläge ab. Die nächsten Schritte werden derzeit kontrovers diskutiert.","Im Rahmen einer städtischen Planungsrunde wird über die zukünftige Mobilität und den Ausbau des Nahverkehrs diskutiert. Die <RN>Ingenieurinnen</RN> diskutieren über Verkehrskonzepte und setzen sich für den Ausbau des ÖPNV ein, doch diese <AN>Männer</AN> lehnen die Vorschläge ab. Die nächsten Schritte werden derzeit kontrovers diskutiert.","0","1024","2","48000","-16","53","4","135","-200.0","-65.0","61.0","114.0","experiment","9","odd","508528.7508999754","-810.0","-290.0","NA","4261.814299999969","4262.242799974047","35626.78279998363","43444.81759998598","508516.85279997764","43496.23709998559","533522.1576999757","35429.388499993365","NA","533476.9124999875","524527.3801999865","508516.8802999833","43496.26989997341","508516.7281999893","35620.54669999634","524524.0767999785","Experiment","0","0","0","18","1920","diskutiert.","53","25","243"
"<AN>Frauen</AN>","C2","<RN>Ingenieure</RN>","undefined","undefined","True","53","4","<AN>Männer</AN>","135","-335.0","-200.0","61.0","114.0","undefined","undefined","#232323","1620","psycho","True","diskutiert","psycho","psycho","undefined","undefined","undefined","0","0","0","0","0","102","0","102","0","0","102","102","102","0","102","0","50","-810.0","-270.5","5","798.0","44.54701249152407","Sun Aug  9 09:43:58 2026","The main experiment item","False","Im Rahmen einer städtischen Planungsrunde wird über die zukünftige Mobilität und den Ausbau des Nahverkehrs diskutiert. Die <RN>Ingenieure</RN> diskutieren über Verkehrskonzepte und setzen sich für den Ausbau des ÖPNV ein, doch diese <AN>Männer</AN> lehnen die Vorschläge ab. Die nächsten Schritte werden derzeit kontrovers diskutiert.","experiment.osexp","D:\ET_course_project_gender-bias\experiment","False","mono","False","39","no","white","no","yes","1080","17","space","psycho","178.0","3.0","117","4","102","102","D:\ET_course_project_gender-bias\experiment\subject-9.csv","150","psycho","an_found","Neonatal Nightingale","4.1.14","256.0","178.0","2","0","space","NA","space","space","space","8948.790199996438","NA","7817.446100001689","8948.790199996438","True","53","2","<RN>Ingenieure</RN>","225","480.0","705.0","-173.0","-120.0","2","psycho","3","Im Rahmen einer städtischen Planungsrunde wird über die zukünftige Mobilität und den Ausbau des Nahverkehrs diskutiert. Die <RN>Ingenieurinnen</RN> diskutieren über Verkehrskonzepte und setzen sich für den Ausbau des ÖPNV ein, doch diese <AN>Männer</AN> lehnen die Vorschläge ab. Die nächsten Schritte werden derzeit kontrovers diskutiert.","Im Rahmen einer städtischen Planungsrunde wird über die zukünftige Mobilität und den Ausbau des Nahverkehrs diskutiert. Die <RN>Ingenieurinnen</RN> diskutieren über nachhaltige Verkehrskonzepte und setzen sich für den Ausbau des ÖPNV ein, doch diese <AN>Männer</AN> lehnen die Vorschläge ab. Die nächsten Schritte werden derzeit kontrovers diskutiert.","1","1024","2","48000","-16","53","4","135","-200.0","-65.0","61.0","114.0","experiment","9","odd","508528.7508999754","-810.0","-290.0","NA","4261.814299999969","4262.242799974047","35626.78279998363","43444.81759998598","533550.0989999855","43496.23709998559","533550.1525999862","35429.388499993365","NA","533476.9124999875","524527.3801999865","508516.8802999833","43496.26989997341","533549.6503999748","35620.54669999634","524524.0767999785","Experiment","0","0","0","18","1920","diskutiert.","53","25","243"
"<AN>Männer</AN>","C5","<RN>Arbeitnehmer*innen</RN>","undefined","undefined","True","53","4","<AN>Männer</AN>","135","-335.0","-200.0","61.0","114.0","undefined","undefined","#232323","1620","psycho","True","diskutiert","psycho","psycho","undefined","undefined","undefined","0","0","0","0","0","103","0","103","0","0","103","103","103","0","103","0","50","-810.0","-270.5","5","798.0","44.54701249152407","Sun Aug  9 09:43:58 2026","The main experiment item","False","Im Rahmen einer städtischen Planungsrunde wird über die zukünftige Mobilität und den Ausbau des Nahverkehrs diskutiert. Die <RN>Ingenieure</RN> diskutieren über Verkehrskonzepte und setzen sich für den Ausbau des ÖPNV ein, doch diese <AN>Männer</AN> lehnen die Vorschläge ab. Die nächsten Schritte werden derzeit kontrovers diskutiert.","experiment.osexp","D:\ET_course_project_gender-bias\experiment","False","mono","False","39","no","white","no","yes","1080","5","space","psycho","178.0","3.0","117","1","103","103","D:\ET_course_project_gender-bias\experiment\subject-9.csv","150","psycho","an_found","Neonatal Nightingale","4.1.14","256.0","178.0","2","0","space","NA","space","space","space","8948.790199996438","NA","7817.446100001689","8948.790199996438","True","53","2","<RN>Ingenieure</RN>","225","480.0","705.0","-173.0","-120.0","2","psycho","3","Im Rahmen einer städtischen Planungsrunde wird über die zukünftige Mobilität und den Ausbau des Nahverkehrs diskutiert. Die <RN>Ingenieurinnen</RN> diskutieren über Verkehrskonzepte und setzen sich für den Ausbau des ÖPNV ein, doch diese <AN>Männer</AN> lehnen die Vorschläge ab. Die nächsten Schritte werden derzeit kontrovers diskutiert.","Im Rahmen einer Geschäftsveranstaltung findet derzeit ein Austausch über Arbeitsbedingungen und gesellschaftliche Entwicklungen statt. Die <RN>Arbeitnehmer*innen</RN> erwarten höhere Gehälter und klimatisierte Arbeitsplätze, aber diese <AN>Männer</AN> wollen auch weniger arbeiten. Die Frage nach den Konsequenzen bleibt offen.","1","1024","2","48000","-16","53","4","135","-200.0","-65.0","61.0","114.0","experiment","9","odd","508528.7508999754","-810.0","-290.0","NA","4261.814299999969","4262.242799974047","35626.78279998363","43444.81759998598","533579.5599999838","43496.23709998559","533579.5983999851","35429.388499993365","NA","533476.9124999875","524527.3801999865","508516.8802999833","43496.26989997341","533579.3836999801","35620.54669999634","524524.0767999785","Experiment","0","0","0","18","1920","diskutiert.","53","25","243"
"<AN>Frauen</AN>","C2","<RN>Studenten</RN>","undefined","undefined","True","53","4","<AN>Männer</AN>","135","-335.0","-200.0","61.0","114.0","undefined","undefined","#232323","1620","psycho","True","diskutiert","psycho","psycho","undefined","undefined","undefined","0","0","0","0","0","104","0","104","0","0","104","104","104","0","104","0","50","-810.0","-270.5","5","798.0","44.54701249152407","Sun Aug  9 09:43:58 2026","The main experiment item","False","Im Rahmen einer städtischen Planungsrunde wird über die zukünftige Mobilität und den Ausbau des Nahverkehrs diskutiert. Die <RN>Ingenieure</RN> diskutieren über Verkehrskonzepte und setzen sich für den Ausbau des ÖPNV ein, doch diese <AN>Männer</AN> lehnen die Vorschläge ab. Die nächsten Schritte werden derzeit kontrovers diskutiert.","experiment.osexp","D:\ET_course_project_gender-bias\experiment","False","mono","False","39","no","white","no","yes","1080","1","space","psycho","178.0","3.0","117","2","104","104","D:\ET_course_project_gender-bias\experiment\subject-9.csv","150","psycho","an_found","Neonatal Nightingale","4.1.14","256.0","178.0","2","0","space","NA","space","space","space","8948.790199996438","NA","7817.446100001689","8948.790199996438","True","53","2","<RN>Ingenieure</RN>","225","480.0","705.0","-173.0","-120.0","2","psycho","3","Im Rahmen einer städtischen Planungsrunde wird über die zukünftige Mobilität und den Ausbau des Nahverkehrs diskutiert. Die <RN>Ingenieurinnen</RN> diskutieren über Verkehrskonzepte und setzen sich für den Ausbau des ÖPNV ein, doch diese <AN>Männer</AN> lehnen die Vorschläge ab. Die nächsten Schritte werden derzeit kontrovers diskutiert.","Bei einer Podiumsdiskussion an der Universität wird über aktuelle gesellschaftliche Themen gesprochen. Die <RN>Studenten</RN> müssten wieder stärker leistungsorientiert gefördert werden, doch die Mehrheit dieser dort teilnehmenden <AN>Frauen</AN> kritisiert die neuen Anforderungen. Die weitere Entwicklung bleibt Gegenstand öffentlicher Debatten.","1","1024","2","48000","-16","53","4","135","-200.0","-65.0","61.0","114.0","experiment","9","odd","508528.7508999754","-810.0","-290.0","NA","4261.814299999969","4262.242799974047","35626.78279998363","43444.81759998598","533613.6541999876","43496.23709998559","533613.714999985","35429.388499993365","NA","533476.9124999875","524527.3801999865","508516.8802999833","43496.26989997341","533612.7791999897","35620.54669999634","524524.0767999785","Experiment","0","0","0","18","1920","diskutiert.","53","25","243"
"<AN>Frauen</AN>","C4","<RN>Unternehmerinnen</RN>","undefined","undefined","True","53","4","<AN>Männer</AN>","135","-335.0","-200.0","61.0","114.0","undefined","undefined","#232323","1620","psycho","True","diskutiert","psycho","psycho","undefined","undefined","undefined","0","0","0","0","0","105","0","105","0","0","105","105","105","0","105","0","50","-810.0","-270.5","5","798.0","44.54701249152407","Sun Aug  9 09:43:58 2026","The main experiment item","False","Im Rahmen einer städtischen Planungsrunde wird über die zukünftige Mobilität und den Ausbau des Nahverkehrs diskutiert. Die <RN>Ingenieure</RN> diskutieren über Verkehrskonzepte und setzen sich für den Ausbau des ÖPNV ein, doch diese <AN>Männer</AN> lehnen die Vorschläge ab. Die nächsten Schritte werden derzeit kontrovers diskutiert.","experiment.osexp","D:\ET_course_project_gender-bias\experiment","False","mono","False","39","no","white","no","yes","1080","4","space","psycho","178.0","3.0","117","1","105","105","D:\ET_course_project_gender-bias\experiment\subject-9.csv","150","psycho","an_found","Neonatal Nightingale","4.1.14","256.0","178.0","2","0","space","NA","space","space","space","8948.790199996438","NA","7817.446100001689","8948.790199996438","True","53","2","<RN>Ingenieure</RN>","225","480.0","705.0","-173.0","-120.0","2","psycho","3","Im Rahmen einer städtischen Planungsrunde wird über die zukünftige Mobilität und den Ausbau des Nahverkehrs diskutiert. Die <RN>Ingenieurinnen</RN> diskutieren über Verkehrskonzepte und setzen sich für den Ausbau des ÖPNV ein, doch diese <AN>Männer</AN> lehnen die Vorschläge ab. Die nächsten Schritte werden derzeit kontrovers diskutiert.","Bei einem Networking-Event stehen wirtschaftspolitische und gesellschaftliche Fragestellungen im Mittelpunkt der Diskussion. Die <RN>Unternehmer</RN> brauchen weniger bürokratische Hürden und sprechen über Verbesserungen, doch diese <AN>Männer</AN> fordern weitere steuerliche Entlastungen. Die Folgen dieser Positionen bleiben umstritten.","1","1024","2","48000","-16","53","4","135","-200.0","-65.0","61.0","114.0","experiment","9","odd","508528.7508999754","-810.0","-290.0","NA","4261.814299999969","4262.242799974047","35626.78279998363","43444.81759998598","533640.528399992","43496.23709998559","533640.571899974","35429.388499993365","NA","533476.9124999875","524527.3801999865","508516.8802999833","43496.26989997341","533640.2829999861","35620.54669999634","524524.0767999785","Experiment","0","0","0","18","1920","diskutiert.","53","25","243"
"<AN>Männer</AN>","C3","<RN>Arbeitnehmerinnen</RN>","undefined","undefined","True","53","4","<AN>Männer</AN>","135","-335.0","-200.0","61.0","114.0","undefined","undefined","#232323","1620","psycho","True","diskutiert","psycho","psycho","undefined","undefined","undefined","0","0","0","0","0","106","0","106","0","0","106","106","106","0","106","0","50","-810.0","-270.5","5","798.0","44.54701249152407","Sun Aug  9 09:43:58 2026","The main experiment item","False","Im Rahmen einer städtischen Planungsrunde wird über die zukünftige Mobilität und den Ausbau des Nahverkehrs diskutiert. Die <RN>Ingenieure</RN> diskutieren über Verkehrskonzepte und setzen sich für den Ausbau des ÖPNV ein, doch diese <AN>Männer</AN> lehnen die Vorschläge ab. Die nächsten Schritte werden derzeit kontrovers diskutiert.","experiment.osexp","D:\ET_course_project_gender-bias\experiment","False","mono","False","39","no","white","no","yes","1080","5","space","psycho","178.0","3.0","117","5","106","106","D:\ET_course_project_gender-bias\experiment\subject-9.csv","150","psycho","an_found","Neonatal Nightingale","4.1.14","256.0","178.0","2","0","space","NA","space","space","space","8948.790199996438","NA","7817.446100001689","8948.790199996438","True","53","2","<RN>Ingenieure</RN>","225","480.0","705.0","-173.0","-120.0","2","psycho","3","Im Rahmen einer städtischen Planungsrunde wird über die zukünftige Mobilität und den Ausbau des Nahverkehrs diskutiert. Die <RN>Ingenieurinnen</RN> diskutieren über Verkehrskonzepte und setzen sich für den Ausbau des ÖPNV ein, doch diese <AN>Männer</AN> lehnen die Vorschläge ab. Die nächsten Schritte werden derzeit kontrovers diskutiert.","Im Rahmen einer Geschäftsveranstaltung findet derzeit ein Austausch über Arbeitsbedingungen und gesellschaftliche Entwicklungen statt. Die <RN>Arbeitnehmer*innen</RN> erwarten höhere Gehälter und klimatisierte Arbeitsplätze, aber diese <AN>Männer</AN> wollen auch weniger arbeiten. Die Frage nach den Konsequenzen bleibt offen.","1","1024","2","48000","-16","53","4","135","-200.0","-65.0","61.0","114.0","experiment","9","odd","508528.7508999754","-810.0","-290.0","NA","4261.814299999969","4262.242799974047","35626.78279998363","43444.81759998598","533669.9929999886","43496.23709998559","533670.0323999976","35429.388499993365","NA","533476.9124999875","524527.3801999865","508516.8802999833","43496.26989997341","533669.8466999806","35620.54669999634","524524.0767999785","Experiment","0","0","0","18","1920","diskutiert.","53","25","243"
"<AN>Männer</AN>","C3","<RN>Ingenieurinnen</RN>","undefined","undefined","True","53","4","<AN>Männer</AN>","135","-335.0","-200.0","61.0","114.0","undefined","undefined","#232323","1620","psycho","True","diskutiert","psycho","psycho","undefined","undefined","undefined","0","0","0","0","0","107","0","107","0","0","107","107","107","0","107","0","50","-810.0","-270.5","5","798.0","44.54701249152407","Sun Aug  9 09:43:58 2026","The main experiment item","False","Im Rahmen einer städtischen Planungsrunde wird über die zukünftige Mobilität und den Ausbau des Nahverkehrs diskutiert. Die <RN>Ingenieure</RN> diskutieren über Verkehrskonzepte und setzen sich für den Ausbau des ÖPNV ein, doch diese <AN>Männer</AN> lehnen die Vorschläge ab. Die nächsten Schritte werden derzeit kontrovers diskutiert.","experiment.osexp","D:\ET_course_project_gender-bias\experiment","False","mono","False","39","no","white","no","yes","1080","3","space","psycho","178.0","3.0","117","1","107","107","D:\ET_course_project_gender-bias\experiment\subject-9.csv","150","psycho","an_found","Neonatal Nightingale","4.1.14","256.0","178.0","2","0","space","NA","space","space","space","8948.790199996438","NA","7817.446100001689","8948.790199996438","True","53","2","<RN>Ingenieure</RN>","225","480.0","705.0","-173.0","-120.0","2","psycho","3","Im Rahmen einer städtischen Planungsrunde wird über die zukünftige Mobilität und den Ausbau des Nahverkehrs diskutiert. Die <RN>Ingenieurinnen</RN> diskutieren über Verkehrskonzepte und setzen sich für den Ausbau des ÖPNV ein, doch diese <AN>Männer</AN> lehnen die Vorschläge ab. Die nächsten Schritte werden derzeit kontrovers diskutiert.","Auf einer wissenschaftlichen Konferenz zu technischen Zukunftsfragen werden derzeit aktuelle gesellschaftliche Themen erörtert. Die <RN>Ingenieur*innen</RN> kritisieren die Energiewende und stehen vor Herausforderungen, doch diese <AN>Frauen</AN> lehnen zusätzliche Investitionen ab. Über die Konsequenzen wird weiterhin intensiv gestritten.","1","1024","2","48000","-16","53","4","135","-200.0","-65.0","61.0","114.0","experiment","9","odd","508528.7508999754","-810.0","-290.0","NA","4261.814299999969","4262.242799974047","35626.78279998363","43444.81759998598","533696.4409999782","43496.23709998559","533696.4785999735","35429.388499993365","NA","533476.9124999875","524527.3801999865","508516.8802999833","43496.26989997341","533696.2534999766","35620.54669999634","524524.0767999785","Experiment","0","0","0","18","1920","diskutiert.","53","25","243"
