"AN","Code","RN","acc","accuracy","an_found","an_height","an_line","an_text","an_width","an_x1","an_x2","an_y1","an_y2","average_response_time","avg_rt","background","box_width","canvas_backend","central_fixation","clean_word","clock_backend","color_backend","correct","correct_instruction","correct_question_sketchpad","count_ending_sketchpad","count_experiment","count_eyetracker_calibration","count_instruction","count_instruction_pygaze_log","count_list_filter","count_liste_auswahl","count_logger","count_pygaze_start_recording","count_pygaze_stop_recording","count_question_pygaze_log","count_question_sketchpad","count_sentence_script","count_trial_loop","count_trial_sequence","count_var_init_inline_script","cross_size","cross_x","cross_y","current_line","current_line_width","d","datetime","description","disable_garbage_collection","display_sentence","experiment_file","experiment_path","font_bold","font_family","font_italic","font_size","font_underline","foreground","form_clicks","fullscreen","height","item","key","keyboard_backend","last_line_y","line_height_factor","line_spacing","list","live_row","live_row_trial_loop","logfile","margin","mouse_backend","name","opensesame_codename","opensesame_version","position_x","position_y","psychopy_screen","repeat_cycle","response","response_ending_sketchpad","response_instruction","response_key","response_question_sketchpad","response_time","response_time_ending_sketchpad","response_time_instruction","response_time_question_sketchpad","rn_found","rn_height","rn_line","rn_text","rn_width","rn_x1","rn_x2","rn_y1","rn_y2","round_decimals","sampler_backend","selected_list","sentence","sentence_text","skip_trial","sound_buf_size","sound_channels","sound_freq","sound_sample_size","spill_height","spill_line","spill_width","spill_x1","spill_x2","spill_y1","spill_y2","start","subject_nr","subject_parity","t0","text_start_x","text_start_y","time_ending_sketchpad","time_experiment","time_eyetracker_calibration","time_instruction","time_instruction_pygaze_log","time_list_filter","time_liste_auswahl","time_logger","time_pygaze_start_recording","time_pygaze_stop_recording","time_question_pygaze_log","time_question_sketchpad","time_sentence_script","time_trial_loop","time_trial_sequence","time_var_init_inline_script","timestamp","title","total_correct","total_response_time","total_responses","trial_counter","width","word","word_height","word_spacing","word_width"
"<AN>Frauen</AN>","C2","<RN>Experten</RN>","undefined","undefined","None","None","None","None","None","None","None","None","None","undefined","undefined","#232323","None","psycho","None","None","psycho","psycho","undefined","undefined","None","0","0","0","0","0","0","0","0","0","0","0","0","0","0","0","0","None","None","None","None","None","None","Sun Aug  9 10:30:13 2026","The main experiment item","False","None","experiment.osexp","D:\ET_course_project_gender-bias\experiment","False","mono","False","18","no","white","no","yes","1080","14","None","psycho","None","None","None","1","0","0","D:\ET_course_project_gender-bias\experiment\subject-10.csv","None","psycho","an_found","Neonatal Nightingale","4.1.14","None","None","2","0","space","NA","space","None","NA","18281.626299984055","NA","18281.626299984055","NA","None","None","None","None","None","None","None","None","None","2","psycho","4","None","Auf einer öffentlichen Veranstaltung stehen Investitionen und langfristige gesellschaftliche Entwicklungen zur Diskussion. Die <RN>Fachfrauen</RN> unterstützen höhere Investitionen und langfristige Entwicklungen, doch diese <AN>Männer</AN> kritisieren die Umsetzung. Die politischen Folgen werden unterschiedlich bewertet.","1","1024","2","48000","-16","None","None","None","None","None","None","None","experiment","10","even","None","None","None","NA","5025.657100020908","5026.025300001493","109558.4882000112","127840.88840000913","127918.71980001451","127892.8534000006","127918.76480000792","109345.29220001423","NA","NA","NA","NA","127892.88450000458","127918.59479999403","109552.35569999786","None","Experiment","0","0","0","0","1920","None","None","None","None"
"<AN>Frauen</AN>","C2","<RN>Einwohner</RN>","undefined","undefined","None","None","None","None","None","None","None","None","None","undefined","undefined","#232323","None","psycho","None","None","psycho","psycho","undefined","undefined","None","0","0","0","0","0","1","0","1","0","0","1","1","1","0","1","0","None","None","None","None","None","None","Sun Aug  9 10:30:13 2026","The main experiment item","False","None","experiment.osexp","D:\ET_course_project_gender-bias\experiment","False","mono","False","18","no","white","no","yes","1080","13","None","psycho","None","None","None","2","1","1","D:\ET_course_project_gender-bias\experiment\subject-10.csv","None","psycho","an_found","Neonatal Nightingale","4.1.14","None","None","2","0","space","NA","space","None","NA","18281.626299984055","NA","18281.626299984055","NA","None","None","None","None","None","None","None","None","None","2","psycho","4","None","Im Rahmen einer öffentlichen Veranstaltung wird über Sicherheit, gesellschaftlichen Zusammenhalt und politische Reformen gesprochen. Die <RN>Bürgerinnen</RN> wünschen sich mehr Sicherheit und verlässliche Perspektiven, doch diese Gruppe von <AN>Frauen</AN> sieht Reformbedarf im System. Die weitere Entwicklung bleibt Gegenstand öffentlicher Debatten.","1","1024","2","48000","-16","None","None","None","None","None","None","None","experiment","10","even","None","None","None","NA","5025.657100020908","5026.025300001493","109558.4882000112","127840.88840000913","127954.48080002097","127892.8534000006","127954.53129999805","109345.29220001423","NA","NA","NA","NA","127892.88450000458","127953.67370001622","109552.35569999786","None","Experiment","0","0","0","0","1920","None","None","None","None"
"<AN>Frauen</AN>","C2","<RN>Experten</RN>","undefined","undefined","None","None","None","None","None","None","None","None","None","undefined","undefined","#232323","None","psycho","None","None","psycho","psycho","undefined","undefined","None","0","0","0","0","0","2","0","2","0","0","2","2","2","0","2","0","None","None","None","None","None","None","Sun Aug  9 10:30:13 2026","The main experiment item","False","None","experiment.osexp","D:\ET_course_project_gender-bias\experiment","False","mono","False","18","no","white","no","yes","1080","7","None","psycho","None","None","None","2","2","2","D:\ET_course_project_gender-bias\experiment\subject-10.csv","None","psycho","an_found","Neonatal Nightingale","4.1.14","None","None","2","0","space","NA","space","None","NA","18281.626299984055","NA","18281.626299984055","NA","None","None","None","None","None","None","None","None","None","2","psycho","4","None","Beim Sommerfest eines Unternehmens wird über wirtschaftliche Entwicklungen und gesellschaftliche Herausforderungen diskutiert. Die <RN>Fachleute</RN> sehen große Herausforderungen im nächsten Geschäftsjahr, dennoch bleiben diese <AN>Männer</AN> optimistisch. Die unternehmerischen Folgen werden unterschiedlich bewertet.","1","1024","2","48000","-16","None","None","None","None","None","None","None","experiment","10","even","None","None","None","NA","5025.657100020908","5026.025300001493","109558.4882000112","127840.88840000913","128246.76390000968","127892.8534000006","128246.83469999582","109345.29220001423","NA","NA","NA","NA","127892.88450000458","128246.41540000448","109552.35569999786","None","Experiment","0","0","0","0","1920","None","None","None","None"
"<AN>Männer</AN>","C3","<RN>Arbeitnehmerinnen</RN>","undefined","undefined","True","53","4","<AN>Männer</AN>","135","-105.0","30.0","61.0","114.0","undefined","undefined","#232323","1620","psycho","True","Diskussionen","psycho","psycho","undefined","undefined","undefined","0","0","0","0","0","3","0","3","0","0","3","3","3","0","3","0","50","-810.0","-270.5","6","1543.0","98.78113068800133","Sun Aug  9 10:30:13 2026","The main experiment item","False","Auf einer Gewerkschaftsveranstaltung wird derzeit über Löhne, Arbeitsbedingungen und Arbeitnehmerrechte diskutiert. Die <RN>Arbeitnehmerinnen</RN> fordern bessere Bezahlung und faire Arbeitsbedingungen, doch diese <AN>Männer</AN> sehen vor allem strukturelle Probleme. Die kommenden Entwicklungen sind weiterhin Gegenstand von Diskussionen.","experiment.osexp","D:\ET_course_project_gender-bias\experiment","False","mono","False","39","no","white","no","yes","1080","12","space","psycho","295.0","3.0","117","4","3","3","D:\ET_course_project_gender-bias\experiment\subject-10.csv","150","psycho","an_found","Neonatal Nightingale","4.1.14","-496.0","295.0","2","0","space","NA","space","space","space","32756.1907999916","NA","18281.626299984055","32756.1907999916","True","53","3","<RN>Arbeitnehmerinnen</RN>","389","-810.0","-421.0","-56.0","-3.0","2","psycho","4","Auf einer Gewerkschaftsveranstaltung wird derzeit über Löhne, Arbeitsbedingungen und Arbeitnehmerrechte diskutiert. Die <RN>Beschäftigten</RN> fordern bessere Bezahlung und faire Arbeitsbedingungen, doch diese <AN>Frauen</AN> sehen vor allem strukturelle Probleme. Die kommenden Entwicklungen sind weiterhin Gegenstand von Diskussionen.","Auf einer Gewerkschaftsveranstaltung wird derzeit über Löhne, Arbeitsbedingungen und Arbeitnehmerrechte diskutiert. Die <RN>Beschäftigten</RN> fordern bessere Bezahlung und faire Arbeitsbedingungen, doch diese <AN>Frauen</AN> sehen vor allem strukturelle Probleme. Die kommenden Entwicklungen sind weiterhin Gegenstand von Diskussionen.","0","1024","2","48000","-16","53","4","135","30.0","165.0","61.0","114.0","experiment","10","even","128523.79860001383","-810.0","-290.0","NA","5025.657100020908","5026.025300001493","109558.4882000112","127840.88840000913","128501.00280001061","127892.8534000006","178012.1777000022","109345.29220001423","NA","177960.7551000081","145203.9224000182","128501.0287000041","127892.88450000458","128500.91780000366","109552.35569999786","145200.1002000179","Experiment","0","0","0","1","1920","Diskussionen.","53","25","289"
"<AN>Männer</AN>","C5","<RN>Pfleger*innen</RN>","undefined","undefined","True","53","4","<AN>Männer</AN>","135","-222.0","-87.0","61.0","114.0","undefined","undefined","#232323","1620","psycho","True","diskutiert","psycho","psycho","undefined","undefined","undefined","0","0","0","0","0","4","0","4","0","0","4","4","4","0","4","0","50","-810.0","-270.5","6","249.0","97.74528515442574","Sun Aug  9 10:30:13 2026","The main experiment item","False","Im Rahmen einer Gesprächsrunde im Gesundheitswesen wird derzeit über aktuelle gesellschaftliche Herausforderungen diskutiert. Die <RN>Pfleger*innen</RN> verdienen bessere Arbeitsbedingungen und benötigen mehr Unterstützung, doch diese <AN>Männer</AN> fühlen sich politisch nicht ausreichend unterstützt. Die nächsten Schritte werden derzeit kontrovers diskutiert.","experiment.osexp","D:\ET_course_project_gender-bias\experiment","False","mono","False","39","no","white","no","yes","1080","2","space","psycho","295.0","3.0","117","4","4","4","D:\ET_course_project_gender-bias\experiment\subject-10.csv","150","psycho","an_found","Neonatal Nightingale","4.1.14","-293.0","295.0","2","0","space","NA","space","space","space","11444.619000016246","NA","18281.626299984055","11444.619000016246","True","53","3","<RN>Pfleger*innen</RN>","294","-810.0","-516.0","-56.0","-3.0","2","psycho","4","Im Rahmen einer Gesprächsrunde im Gesundheitswesen wird derzeit über aktuelle gesellschaftliche Herausforderungen diskutiert. Die <RN>Pflegekräfte</RN> verdienen bessere Arbeitsbedingungen und benötigen mehr Unterstützung, doch diese <AN>Männer</AN> fühlen sich politisch nicht ausreichend unterstützt. Die nächsten Schritte werden derzeit kontrovers diskutiert.","Im Rahmen einer Gesprächsrunde im Gesundheitswesen wird derzeit über aktuelle gesellschaftliche Herausforderungen diskutiert. Die <RN>Pflegekräfte</RN> verdienen bessere Arbeitsbedingungen und benötigen mehr Unterstützung, doch diese <AN>Männer</AN> fühlen sich politisch nicht ausreichend unterstützt. Die nächsten Schritte werden derzeit kontrovers diskutiert.","0","1024","2","48000","-16","53","4","135","-87.0","48.0","61.0","114.0","experiment","10","even","178315.2803000121","-810.0","-290.0","NA","5025.657100020908","5026.025300001493","109558.4882000112","127840.88840000913","178303.51660001907","127892.8534000006","207541.83820000617","109345.29220001423","NA","207496.72680001822","196051.44579999615","178303.5707999952","127892.88450000458","178302.93600002187","109552.35569999786","196048.06820000522","Experiment","0","0","0","2","1920","diskutiert.","53","25","243"
"<AN>Männer</AN>","C1","<RN>Experten</RN>","undefined","undefined","True","53","4","<AN>Männer</AN>","135","-222.0","-87.0","61.0","114.0","undefined","undefined","#232323","1620","psycho","True","diskutiert","psycho","psycho","undefined","undefined","undefined","0","0","0","0","0","5","0","5","0","0","5","5","5","0","5","0","50","-810.0","-270.5","6","249.0","97.74528515442574","Sun Aug  9 10:30:13 2026","The main experiment item","False","Im Rahmen einer Gesprächsrunde im Gesundheitswesen wird derzeit über aktuelle gesellschaftliche Herausforderungen diskutiert. Die <RN>Pfleger*innen</RN> verdienen bessere Arbeitsbedingungen und benötigen mehr Unterstützung, doch diese <AN>Männer</AN> fühlen sich politisch nicht ausreichend unterstützt. Die nächsten Schritte werden derzeit kontrovers diskutiert.","experiment.osexp","D:\ET_course_project_gender-bias\experiment","False","mono","False","39","no","white","no","yes","1080","14","space","psycho","295.0","3.0","117","6","5","5","D:\ET_course_project_gender-bias\experiment\subject-10.csv","150","psycho","an_found","Neonatal Nightingale","4.1.14","-293.0","295.0","2","0","space","NA","space","space","space","11444.619000016246","NA","18281.626299984055","11444.619000016246","True","53","3","<RN>Pfleger*innen</RN>","294","-810.0","-516.0","-56.0","-3.0","2","psycho","4","Im Rahmen einer Gesprächsrunde im Gesundheitswesen wird derzeit über aktuelle gesellschaftliche Herausforderungen diskutiert. Die <RN>Pflegekräfte</RN> verdienen bessere Arbeitsbedingungen und benötigen mehr Unterstützung, doch diese <AN>Männer</AN> fühlen sich politisch nicht ausreichend unterstützt. Die nächsten Schritte werden derzeit kontrovers diskutiert.","Auf einer öffentlichen Veranstaltung stehen Investitionen und langfristige gesellschaftliche Entwicklungen zur Diskussion. Die <RN>Fachfrauen</RN> unterstützen höhere Investitionen und langfristige Entwicklungen, doch diese <AN>Männer</AN> kritisieren die Umsetzung. Die politischen Folgen werden unterschiedlich bewertet.","1","1024","2","48000","-16","53","4","135","-87.0","48.0","61.0","114.0","experiment","10","even","178315.2803000121","-810.0","-290.0","NA","5025.657100020908","5026.025300001493","109558.4882000112","127840.88840000913","207569.1943000129","127892.8534000006","207569.2336000211","109345.29220001423","NA","207496.72680001822","196051.44579999615","178303.5707999952","127892.88450000458","207569.00509999832","109552.35569999786","196048.06820000522","Experiment","0","0","0","2","1920","diskutiert.","53","25","243"
"<AN>Männern</AN>","C1","<RN>Experten</RN>","undefined","undefined","True","53","4","<AN>Männern</AN>","158","-63.0","95.0","61.0","114.0","undefined","undefined","#232323","1620","psycho","True","geprüft","psycho","psycho","undefined","undefined","undefined","0","0","0","0","0","6","0","6","0","0","6","6","6","0","6","0","50","-810.0","-270.5","5","1364.0","92.24526006250944","Sun Aug  9 10:30:13 2026","The main experiment item","False","Im Rahmen einer universitären Veranstaltung werden aktuelle Fragestellungen der Rüstungsindustrie behandelt. Die große Mehrheit dieser <RN>Experten</RN> sehen eine stärkere Aufrüstung für Deutschland als notwendig, doch diese Gruppe von <AN>Männern</AN> kritisiert dessen Finanzierung. Die Auswirkungen der Entscheidung werden noch geprüft.","experiment.osexp","D:\ET_course_project_gender-bias\experiment","False","mono","False","39","no","white","no","yes","1080","10","space","psycho","178.0","3.0","117","4","6","6","D:\ET_course_project_gender-bias\experiment\subject-10.csv","150","psycho","an_found","Neonatal Nightingale","4.1.14","754.0","178.0","2","0","space","NA","space","space","space","12932.4537999928","NA","18281.626299984055","12932.4537999928","True","53","3","<RN>Experten</RN>","179","-651.0","-472.0","-56.0","-3.0","2","psycho","4","Im Rahmen einer universitären Veranstaltung werden aktuelle Fragestellungen der Rüstungsindustrie behandelt. Die große Mehrheit dieser <RN>Fachleute</RN> sehen eine stärkere Aufrüstung für Deutschland als notwendig, doch diese Gruppe von <AN>Frauen</AN> kritisiert dessen Finanzierung. Die Auswirkungen der Entscheidung werden noch geprüft.","Im Rahmen einer universitären Veranstaltung werden aktuelle Fragestellungen der Rüstungsindustrie behandelt. Die große Mehrheit dieser <RN>Fachleute</RN> sehen eine stärkere Aufrüstung für Deutschland als notwendig, doch diese Gruppe von <AN>Frauen</AN> kritisiert dessen Finanzierung. Die Auswirkungen der Entscheidung werden noch geprüft.","0","1024","2","48000","-16","53","4","158","95.0","253.0","61.0","114.0","experiment","10","even","207608.52179999347","-810.0","-290.0","NA","5025.657100020908","5026.025300001493","109558.4882000112","127840.88840000913","207596.73010002007","127892.8534000006","234949.97119999607","109345.29220001423","NA","234904.609899997","221971.65640001185","207596.75940001034","127892.88450000458","207596.37850002036","109552.35569999786","221968.09530002065","Experiment","0","0","0","3","1920","geprüft.","53","25","175"
"<AN>Frauen</AN>","C6","<RN>Expert*innen</RN>","undefined","undefined","True","53","4","<AN>Männern</AN>","158","-63.0","95.0","61.0","114.0","undefined","undefined","#232323","1620","psycho","True","geprüft","psycho","psycho","undefined","undefined","undefined","0","0","0","0","0","7","0","7","0","0","7","7","7","0","7","0","50","-810.0","-270.5","5","1364.0","92.24526006250944","Sun Aug  9 10:30:13 2026","The main experiment item","False","Im Rahmen einer universitären Veranstaltung werden aktuelle Fragestellungen der Rüstungsindustrie behandelt. Die große Mehrheit dieser <RN>Experten</RN> sehen eine stärkere Aufrüstung für Deutschland als notwendig, doch diese Gruppe von <AN>Männern</AN> kritisiert dessen Finanzierung. Die Auswirkungen der Entscheidung werden noch geprüft.","experiment.osexp","D:\ET_course_project_gender-bias\experiment","False","mono","False","39","no","white","no","yes","1080","10","space","psycho","178.0","3.0","117","3","7","7","D:\ET_course_project_gender-bias\experiment\subject-10.csv","150","psycho","an_found","Neonatal Nightingale","4.1.14","754.0","178.0","2","0","space","NA","space","space","space","12932.4537999928","NA","18281.626299984055","12932.4537999928","True","53","3","<RN>Experten</RN>","179","-651.0","-472.0","-56.0","-3.0","2","psycho","4","Im Rahmen einer universitären Veranstaltung werden aktuelle Fragestellungen der Rüstungsindustrie behandelt. Die große Mehrheit dieser <RN>Fachleute</RN> sehen eine stärkere Aufrüstung für Deutschland als notwendig, doch diese Gruppe von <AN>Frauen</AN> kritisiert dessen Finanzierung. Die Auswirkungen der Entscheidung werden noch geprüft.","Im Rahmen einer universitären Veranstaltung werden aktuelle Fragestellungen der Rüstungsindustrie behandelt. Die große Mehrheit dieser <RN>Fachleute</RN> sehen eine stärkere Aufrüstung für Deutschland als notwendig, doch diese Gruppe von <AN>Frauen</AN> kritisiert dessen Finanzierung. Die Auswirkungen der Entscheidung werden noch geprüft.","1","1024","2","48000","-16","53","4","158","95.0","253.0","61.0","114.0","experiment","10","even","207608.52179999347","-810.0","-290.0","NA","5025.657100020908","5026.025300001493","109558.4882000112","127840.88840000913","234980.21430001245","127892.8534000006","234980.27200001525","109345.29220001423","NA","234904.609899997","221971.65640001185","207596.75940001034","127892.88450000458","234979.78789999615","109552.35569999786","221968.09530002065","Experiment","0","0","0","3","1920","geprüft.","53","25","175"
"<AN>Männer</AN>","C5","<RN>Unternehmer*innen</RN>","undefined","undefined","True","53","4","<AN>Männern</AN>","158","-63.0","95.0","61.0","114.0","undefined","undefined","#232323","1620","psycho","True","geprüft","psycho","psycho","undefined","undefined","undefined","0","0","0","0","0","8","0","8","0","0","8","8","8","0","8","0","50","-810.0","-270.5","5","1364.0","92.24526006250944","Sun Aug  9 10:30:13 2026","The main experiment item","False","Im Rahmen einer universitären Veranstaltung werden aktuelle Fragestellungen der Rüstungsindustrie behandelt. Die große Mehrheit dieser <RN>Experten</RN> sehen eine stärkere Aufrüstung für Deutschland als notwendig, doch diese Gruppe von <AN>Männern</AN> kritisiert dessen Finanzierung. Die Auswirkungen der Entscheidung werden noch geprüft.","experiment.osexp","D:\ET_course_project_gender-bias\experiment","False","mono","False","39","no","white","no","yes","1080","4","space","psycho","178.0","3.0","117","2","8","8","D:\ET_course_project_gender-bias\experiment\subject-10.csv","150","psycho","an_found","Neonatal Nightingale","4.1.14","754.0","178.0","2","0","space","NA","space","space","space","12932.4537999928","NA","18281.626299984055","12932.4537999928","True","53","3","<RN>Experten</RN>","179","-651.0","-472.0","-56.0","-3.0","2","psycho","4","Im Rahmen einer universitären Veranstaltung werden aktuelle Fragestellungen der Rüstungsindustrie behandelt. Die große Mehrheit dieser <RN>Fachleute</RN> sehen eine stärkere Aufrüstung für Deutschland als notwendig, doch diese Gruppe von <AN>Frauen</AN> kritisiert dessen Finanzierung. Die Auswirkungen der Entscheidung werden noch geprüft.","Bei einem Networking-Event stehen wirtschaftspolitische und gesellschaftliche Fragestellungen im Mittelpunkt der Diskussion. Die <RN>Unternehmer</RN> brauchen weniger bürokratische Hürden und sprechen über Verbesserungen, doch diese <AN>Männer</AN> fordern weitere steuerliche Entlastungen. Die Folgen dieser Positionen bleiben umstritten.","1","1024","2","48000","-16","53","4","158","95.0","253.0","61.0","114.0","experiment","10","even","207608.52179999347","-810.0","-290.0","NA","5025.657100020908","5026.025300001493","109558.4882000112","127840.88840000913","235007.2274999984","127892.8534000006","235007.2829000128","109345.29220001423","NA","234904.609899997","221971.65640001185","207596.75940001034","127892.88450000458","235006.8379000004","109552.35569999786","221968.09530002065","Experiment","0","0","0","3","1920","geprüft.","53","25","175"
"<AN>Männer</AN>","C3","<RN>Einwohnerinnen</RN>","undefined","undefined","True","53","4","<AN>Männern</AN>","158","-63.0","95.0","61.0","114.0","undefined","undefined","#232323","1620","psycho","True","geprüft","psycho","psycho","undefined","undefined","undefined","0","0","0","0","0","9","0","9","0","0","9","9","9","0","9","0","50","-810.0","-270.5","5","1364.0","92.24526006250944","Sun Aug  9 10:30:13 2026","The main experiment item","False","Im Rahmen einer universitären Veranstaltung werden aktuelle Fragestellungen der Rüstungsindustrie behandelt. Die große Mehrheit dieser <RN>Experten</RN> sehen eine stärkere Aufrüstung für Deutschland als notwendig, doch diese Gruppe von <AN>Männern</AN> kritisiert dessen Finanzierung. Die Auswirkungen der Entscheidung werden noch geprüft.","experiment.osexp","D:\ET_course_project_gender-bias\experiment","False","mono","False","39","no","white","no","yes","1080","8","space","psycho","178.0","3.0","117","2","9","9","D:\ET_course_project_gender-bias\experiment\subject-10.csv","150","psycho","an_found","Neonatal Nightingale","4.1.14","754.0","178.0","2","0","space","NA","space","space","space","12932.4537999928","NA","18281.626299984055","12932.4537999928","True","53","3","<RN>Experten</RN>","179","-651.0","-472.0","-56.0","-3.0","2","psycho","4","Im Rahmen einer universitären Veranstaltung werden aktuelle Fragestellungen der Rüstungsindustrie behandelt. Die große Mehrheit dieser <RN>Fachleute</RN> sehen eine stärkere Aufrüstung für Deutschland als notwendig, doch diese Gruppe von <AN>Frauen</AN> kritisiert dessen Finanzierung. Die Auswirkungen der Entscheidung werden noch geprüft.","Im Rahmen einer öffentlichen Veranstaltung wird derzeit über Fragen der inneren Sicherheit und gesellschaftliche Entwicklungen gesprochen. Die <RN>Bürger</RN> diskutieren über Fragen der inneren Sicherheit bezüglich der aktuellen Krise, doch diese <AN>Männer</AN> fordern härtere Maßnahmen. Die weiteren Maßnahmen stoßen auf geteilte Reaktionen.","1","1024","2","48000","-16","53","4","158","95.0","253.0","61.0","114.0","experiment","10","even","207608.52179999347","-810.0","-290.0","NA","5025.657100020908","5026.025300001493","109558.4882000112","127840.88840000913","235035.34659999423","127892.8534000006","235035.39060000912","109345.29220001423","NA","234904.609899997","221971.65640001185","207596.75940001034","127892.88450000458","235035.12109999429","109552.35569999786","221968.09530002065","Experiment","0","0","0","3","1920","geprüft.","53","25","175"
"<AN>Frauen</AN>","C6","<RN>Aktivist*innen</RN>","undefined","undefined","True","53","4","<AN>Männern</AN>","158","-63.0","95.0","61.0","114.0","undefined","undefined","#232323","1620","psycho","True","geprüft","psycho","psycho","undefined","undefined","undefined","0","0","0","0","0","10","0","10","0","0","10","10","10","0","10","0","50","-810.0","-270.5","5","1364.0","92.24526006250944","Sun Aug  9 10:30:13 2026","The main experiment item","False","Im Rahmen einer universitären Veranstaltung werden aktuelle Fragestellungen der Rüstungsindustrie behandelt. Die große Mehrheit dieser <RN>Experten</RN> sehen eine stärkere Aufrüstung für Deutschland als notwendig, doch diese Gruppe von <AN>Männern</AN> kritisiert dessen Finanzierung. Die Auswirkungen der Entscheidung werden noch geprüft.","experiment.osexp","D:\ET_course_project_gender-bias\experiment","False","mono","False","39","no","white","no","yes","1080","11","space","psycho","178.0","3.0","117","2","10","10","D:\ET_course_project_gender-bias\experiment\subject-10.csv","150","psycho","an_found","Neonatal Nightingale","4.1.14","754.0","178.0","2","0","space","NA","space","space","space","12932.4537999928","NA","18281.626299984055","12932.4537999928","True","53","3","<RN>Experten</RN>","179","-651.0","-472.0","-56.0","-3.0","2","psycho","4","Im Rahmen einer universitären Veranstaltung werden aktuelle Fragestellungen der Rüstungsindustrie behandelt. Die große Mehrheit dieser <RN>Fachleute</RN> sehen eine stärkere Aufrüstung für Deutschland als notwendig, doch diese Gruppe von <AN>Frauen</AN> kritisiert dessen Finanzierung. Die Auswirkungen der Entscheidung werden noch geprüft.","Auf einer öffentlichen Veranstaltung werden aktuelle wohnungs- und gesellschaftspolitische Themen diskutiert. Die <RN>Aktivist*innen</RN> fordern mehr bezahlbaren Wohnraum in Stuttgart und diskutieren faire Lösungsansätze, doch diese <AN>Frauen</AN> sehen die Verantwortung stärker beim Bund. Die Auswirkungen der Entscheidung werden noch geprüft.","1","1024","2","48000","-16","53","4","158","95.0","253.0","61.0","114.0","experiment","10","even","207608.52179999347","-810.0","-290.0","NA","5025.657100020908","5026.025300001493","109558.4882000112","127840.88840000913","235062.67070001923","127892.8534000006","235062.70969999605","109345.29220001423","NA","234904.609899997","221971.65640001185","207596.75940001034","127892.88450000458","235062.5005000038","109552.35569999786","221968.09530002065","Experiment","0","0","0","3","1920","geprüft.","53","25","175"
"<AN>Frauen</AN>","C4","<RN>Lehrerinnen</RN>","undefined","undefined","True","53","4","<AN>Männern</AN>","158","-63.0","95.0","61.0","114.0","undefined","undefined","#232323","1620","psycho","True","geprüft","psycho","psycho","undefined","undefined","undefined","0","0","0","0","0","11","0","11","0","0","11","11","11","0","11","0","50","-810.0","-270.5","5","1364.0","92.24526006250944","Sun Aug  9 10:30:13 2026","The main experiment item","False","Im Rahmen einer universitären Veranstaltung werden aktuelle Fragestellungen der Rüstungsindustrie behandelt. Die große Mehrheit dieser <RN>Experten</RN> sehen eine stärkere Aufrüstung für Deutschland als notwendig, doch diese Gruppe von <AN>Männern</AN> kritisiert dessen Finanzierung. Die Auswirkungen der Entscheidung werden noch geprüft.","experiment.osexp","D:\ET_course_project_gender-bias\experiment","False","mono","False","39","no","white","no","yes","1080","6","space","psycho","178.0","3.0","117","5","11","11","D:\ET_course_project_gender-bias\experiment\subject-10.csv","150","psycho","an_found","Neonatal Nightingale","4.1.14","754.0","178.0","2","0","space","NA","space","space","space","12932.4537999928","NA","18281.626299984055","12932.4537999928","True","53","3","<RN>Experten</RN>","179","-651.0","-472.0","-56.0","-3.0","2","psycho","4","Im Rahmen einer universitären Veranstaltung werden aktuelle Fragestellungen der Rüstungsindustrie behandelt. Die große Mehrheit dieser <RN>Fachleute</RN> sehen eine stärkere Aufrüstung für Deutschland als notwendig, doch diese Gruppe von <AN>Frauen</AN> kritisiert dessen Finanzierung. Die Auswirkungen der Entscheidung werden noch geprüft.","Auf einer Konferenz zu Bildungsfragen in Stuttgart wird derzeit über aktuelle schulische Themen gesprochen. Die <RN>Lehrer</RN> sollen mehr auf Disziplin und Konsequenzen im Unterricht setzen, doch aus pädagogischen Gründen lehnen diese <AN>Frauen</AN> die Vorschläge ab. Die kommenden Entwicklungen sind weiterhin Gegenstand von Diskussionen.","1","1024","2","48000","-16","53","4","158","95.0","253.0","61.0","114.0","experiment","10","even","207608.52179999347","-810.0","-290.0","NA","5025.657100020908","5026.025300001493","109558.4882000112","127840.88840000913","235088.49180000834","127892.8534000006","235088.52900000056","109345.29220001423","NA","234904.609899997","221971.65640001185","207596.75940001034","127892.88450000458","235088.32390001044","109552.35569999786","221968.09530002065","Experiment","0","0","0","3","1920","geprüft.","53","25","175"
"<AN>Männer</AN>","C3","<RN>Expertinnen</RN>","undefined","undefined","True","53","4","<AN>Männern</AN>","158","-63.0","95.0","61.0","114.0","undefined","undefined","#232323","1620","psycho","True","geprüft","psycho","psycho","undefined","undefined","undefined","0","0","0","0","0","12","0","12","0","0","12","12","12","0","12","0","50","-810.0","-270.5","5","1364.0","92.24526006250944","Sun Aug  9 10:30:13 2026","The main experiment item","False","Im Rahmen einer universitären Veranstaltung werden aktuelle Fragestellungen der Rüstungsindustrie behandelt. Die große Mehrheit dieser <RN>Experten</RN> sehen eine stärkere Aufrüstung für Deutschland als notwendig, doch diese Gruppe von <AN>Männern</AN> kritisiert dessen Finanzierung. Die Auswirkungen der Entscheidung werden noch geprüft.","experiment.osexp","D:\ET_course_project_gender-bias\experiment","False","mono","False","39","no","white","no","yes","1080","14","space","psycho","178.0","3.0","117","2","12","12","D:\ET_course_project_gender-bias\experiment\subject-10.csv","150","psycho","an_found","Neonatal Nightingale","4.1.14","754.0","178.0","2","0","space","NA","space","space","space","12932.4537999928","NA","18281.626299984055","12932.4537999928","True","53","3","<RN>Experten</RN>","179","-651.0","-472.0","-56.0","-3.0","2","psycho","4","Im Rahmen einer universitären Veranstaltung werden aktuelle Fragestellungen der Rüstungsindustrie behandelt. Die große Mehrheit dieser <RN>Fachleute</RN> sehen eine stärkere Aufrüstung für Deutschland als notwendig, doch diese Gruppe von <AN>Frauen</AN> kritisiert dessen Finanzierung. Die Auswirkungen der Entscheidung werden noch geprüft.","Auf einer öffentlichen Veranstaltung stehen Investitionen und langfristige gesellschaftliche Entwicklungen zur Diskussion. Die <RN>Fachfrauen</RN> unterstützen höhere Investitionen und langfristige Entwicklungen, doch diese <AN>Männer</AN> kritisieren die Umsetzung. Die politischen Folgen werden unterschiedlich bewertet.","1","1024","2","48000","-16","53","4","158","95.0","253.0","61.0","114.0","experiment","10","even","207608.52179999347","-810.0","-290.0","NA","5025.657100020908","5026.025300001493","109558.4882000112","127840.88840000913","235116.16100001265","127892.8534000006","235116.20000001858","109345.29220001423","NA","234904.609899997","221971.65640001185","207596.75940001034","127892.88450000458","235115.9525999974","109552.35569999786","221968.09530002065","Experiment","0","0","0","3","1920","geprüft.","53","25","175"
"<AN>Frauen</AN>","C4","<RN>Einwohnerinnen</RN>","undefined","undefined","True","53","4","<AN>Frauen</AN>","132","-309.0","-177.0","61.0","114.0","undefined","undefined","#232323","1620","psycho","True","Debatten","psycho","psycho","undefined","undefined","undefined","0","0","0","0","0","13","0","13","0","0","13","13","13","0","13","0","50","-810.0","-270.5","5","981.0","76.3846153651375","Sun Aug  9 10:30:13 2026","The main experiment item","False","Im Rahmen einer öffentlichen Veranstaltung wird über Sicherheit, gesellschaftlichen Zusammenhalt und politische Reformen gesprochen. Die <RN>Einwohnerinnen</RN> wünschen sich Sicherheit und verlässliche Perspektiven, doch diese Gruppe von <AN>Frauen</AN> sieht Reformbedarf im System. Die weitere Entwicklung bleibt Gegenstand öffentlicher Debatten.","experiment.osexp","D:\ET_course_project_gender-bias\experiment","False","mono","False","39","no","white","no","yes","1080","13","space","psycho","178.0","3.0","117","4","13","13","D:\ET_course_project_gender-bias\experiment\subject-10.csv","150","psycho","an_found","Neonatal Nightingale","4.1.14","393.0","178.0","2","0","space","NA","space","space","space","13924.404899997171","NA","18281.626299984055","13924.404899997171","True","53","3","<RN>Einwohnerinnen</RN>","317","-810.0","-493.0","-56.0","-3.0","2","psycho","4","Im Rahmen einer öffentlichen Veranstaltung wird über Sicherheit, gesellschaftlichen Zusammenhalt und politische Reformen gesprochen. Die <RN>Bürgerinnen</RN> wünschen sich Sicherheit und verlässliche Perspektiven, doch diese Gruppe von <AN>Frauen</AN> sieht Reformbedarf im System. Die weitere Entwicklung bleibt Gegenstand öffentlicher Debatten.","Im Rahmen einer öffentlichen Veranstaltung wird über Sicherheit, gesellschaftlichen Zusammenhalt und politische Reformen gesprochen. Die <RN>Bürgerinnen</RN> wünschen sich Sicherheit und verlässliche Perspektiven, doch diese Gruppe von <AN>Frauen</AN> sieht Reformbedarf im System. Die weitere Entwicklung bleibt Gegenstand öffentlicher Debatten.","0","1024","2","48000","-16","53","4","132","-177.0","-45.0","61.0","114.0","experiment","10","even","235154.56290001748","-810.0","-290.0","NA","5025.657100020908","5026.025300001493","109558.4882000112","127840.88840000913","235143.18700000877","127892.8534000006","271941.5419000143","109345.29220001423","NA","271896.60350000486","257971.6713000089","235143.21320000454","127892.88450000458","235143.09590001358","109552.35569999786","257968.0830000143","Experiment","0","0","0","4","1920","Debatten.","53","25","197"
"<AN>Frauen</AN>","C4","<RN>Aktivistinnen</RN>","undefined","undefined","True","53","4","<AN>Frauen</AN>","132","-309.0","-177.0","61.0","114.0","undefined","undefined","#232323","1620","psycho","True","Debatten","psycho","psycho","undefined","undefined","undefined","0","0","0","0","0","14","0","14","0","0","14","14","14","0","14","0","50","-810.0","-270.5","5","981.0","76.3846153651375","Sun Aug  9 10:30:13 2026","The main experiment item","False","Im Rahmen einer öffentlichen Veranstaltung wird über Sicherheit, gesellschaftlichen Zusammenhalt und politische Reformen gesprochen. Die <RN>Einwohnerinnen</RN> wünschen sich Sicherheit und verlässliche Perspektiven, doch diese Gruppe von <AN>Frauen</AN> sieht Reformbedarf im System. Die weitere Entwicklung bleibt Gegenstand öffentlicher Debatten.","experiment.osexp","D:\ET_course_project_gender-bias\experiment","False","mono","False","39","no","white","no","yes","1080","11","space","psycho","178.0","3.0","117","6","14","14","D:\ET_course_project_gender-bias\experiment\subject-10.csv","150","psycho","an_found","Neonatal Nightingale","4.1.14","393.0","178.0","2","0","space","NA","space","space","space","13924.404899997171","NA","18281.626299984055","13924.404899997171","True","53","3","<RN>Einwohnerinnen</RN>","317","-810.0","-493.0","-56.0","-3.0","2","psycho","4","Im Rahmen einer öffentlichen Veranstaltung wird über Sicherheit, gesellschaftlichen Zusammenhalt und politische Reformen gesprochen. Die <RN>Bürgerinnen</RN> wünschen sich Sicherheit und verlässliche Perspektiven, doch diese Gruppe von <AN>Frauen</AN> sieht Reformbedarf im System. Die weitere Entwicklung bleibt Gegenstand öffentlicher Debatten.","Auf einer öffentlichen Veranstaltung werden aktuelle wohnungs- und gesellschaftspolitische Themen diskutiert. Die <RN>Aktivist*innen</RN> fordern mehr bezahlbaren Wohnraum in Stuttgart und diskutieren faire Lösungsansätze, doch diese <AN>Frauen</AN> sehen die Verantwortung stärker beim Bund. Die Auswirkungen der Entscheidung werden noch geprüft.","1","1024","2","48000","-16","53","4","132","-177.0","-45.0","61.0","114.0","experiment","10","even","235154.56290001748","-810.0","-290.0","NA","5025.657100020908","5026.025300001493","109558.4882000112","127840.88840000913","272200.7579000201","127892.8534000006","272200.8210000058","109345.29220001423","NA","271896.60350000486","257971.6713000089","235143.21320000454","127892.88450000458","272200.0883000146","109552.35569999786","257968.0830000143","Experiment","0","0","0","4","1920","Debatten.","53","25","197"
"<AN>Männer</AN>","C1","<RN>Ingenieure</RN>","undefined","undefined","True","53","4","<AN>Frauen</AN>","132","-309.0","-177.0","61.0","114.0","undefined","undefined","#232323","1620","psycho","True","Debatten","psycho","psycho","undefined","undefined","undefined","0","0","0","0","0","15","0","15","0","0","15","15","15","0","15","0","50","-810.0","-270.5","5","981.0","76.3846153651375","Sun Aug  9 10:30:13 2026","The main experiment item","False","Im Rahmen einer öffentlichen Veranstaltung wird über Sicherheit, gesellschaftlichen Zusammenhalt und politische Reformen gesprochen. Die <RN>Einwohnerinnen</RN> wünschen sich Sicherheit und verlässliche Perspektiven, doch diese Gruppe von <AN>Frauen</AN> sieht Reformbedarf im System. Die weitere Entwicklung bleibt Gegenstand öffentlicher Debatten.","experiment.osexp","D:\ET_course_project_gender-bias\experiment","False","mono","False","39","no","white","no","yes","1080","17","space","psycho","178.0","3.0","117","3","15","15","D:\ET_course_project_gender-bias\experiment\subject-10.csv","150","psycho","an_found","Neonatal Nightingale","4.1.14","393.0","178.0","2","0","space","NA","space","space","space","13924.404899997171","NA","18281.626299984055","13924.404899997171","True","53","3","<RN>Einwohnerinnen</RN>","317","-810.0","-493.0","-56.0","-3.0","2","psycho","4","Im Rahmen einer öffentlichen Veranstaltung wird über Sicherheit, gesellschaftlichen Zusammenhalt und politische Reformen gesprochen. Die <RN>Bürgerinnen</RN> wünschen sich Sicherheit und verlässliche Perspektiven, doch diese Gruppe von <AN>Frauen</AN> sieht Reformbedarf im System. Die weitere Entwicklung bleibt Gegenstand öffentlicher Debatten.","Im Rahmen einer städtischen Planungsrunde wird über die zukünftige Mobilität und den Ausbau des Nahverkehrs diskutiert. Die <RN>Ingenieurinnen</RN> diskutieren über Verkehrskonzepte und setzen sich für den Ausbau des ÖPNV ein, doch diese <AN>Männer</AN> lehnen die Vorschläge ab. Die nächsten Schritte werden derzeit kontrovers diskutiert.","1","1024","2","48000","-16","53","4","132","-177.0","-45.0","61.0","114.0","experiment","10","even","235154.56290001748","-810.0","-290.0","NA","5025.657100020908","5026.025300001493","109558.4882000112","127840.88840000913","272227.718500013","127892.8534000006","272227.7694999939","109345.29220001423","NA","271896.60350000486","257971.6713000089","235143.21320000454","127892.88450000458","272227.49200000544","109552.35569999786","257968.0830000143","Experiment","0","0","0","4","1920","Debatten.","53","25","197"
"<AN>Männer</AN>","C5","<RN>Lehrer*innen</RN>","undefined","undefined","True","53","4","<AN>Frauen</AN>","132","-309.0","-177.0","61.0","114.0","undefined","undefined","#232323","1620","psycho","True","Debatten","psycho","psycho","undefined","undefined","undefined","0","0","0","0","0","16","0","16","0","0","16","16","16","0","16","0","50","-810.0","-270.5","5","981.0","76.3846153651375","Sun Aug  9 10:30:13 2026","The main experiment item","False","Im Rahmen einer öffentlichen Veranstaltung wird über Sicherheit, gesellschaftlichen Zusammenhalt und politische Reformen gesprochen. Die <RN>Einwohnerinnen</RN> wünschen sich Sicherheit und verlässliche Perspektiven, doch diese Gruppe von <AN>Frauen</AN> sieht Reformbedarf im System. Die weitere Entwicklung bleibt Gegenstand öffentlicher Debatten.","experiment.osexp","D:\ET_course_project_gender-bias\experiment","False","mono","False","39","no","white","no","yes","1080","6","space","psycho","178.0","3.0","117","6","16","16","D:\ET_course_project_gender-bias\experiment\subject-10.csv","150","psycho","an_found","Neonatal Nightingale","4.1.14","393.0","178.0","2","0","space","NA","space","space","space","13924.404899997171","NA","18281.626299984055","13924.404899997171","True","53","3","<RN>Einwohnerinnen</RN>","317","-810.0","-493.0","-56.0","-3.0","2","psycho","4","Im Rahmen einer öffentlichen Veranstaltung wird über Sicherheit, gesellschaftlichen Zusammenhalt und politische Reformen gesprochen. Die <RN>Bürgerinnen</RN> wünschen sich Sicherheit und verlässliche Perspektiven, doch diese Gruppe von <AN>Frauen</AN> sieht Reformbedarf im System. Die weitere Entwicklung bleibt Gegenstand öffentlicher Debatten.","Auf einer Konferenz zu Bildungsfragen wird derzeit über aktuelle schulische Themen gesprochen. Die <RN>Lehrer</RN> sollen mehr auf Disziplin und Konsequenzen im Unterricht setzen, doch aus pädagogischen Gründen lehnen diese <AN>Frauen</AN> die Vorschläge ab. Die kommenden Entwicklungen sind weiterhin Gegenstand von Diskussionen.","1","1024","2","48000","-16","53","4","132","-177.0","-45.0","61.0","114.0","experiment","10","even","235154.56290001748","-810.0","-290.0","NA","5025.657100020908","5026.025300001493","109558.4882000112","127840.88840000913","272259.4594999973","127892.8534000006","272259.51120001264","109345.29220001423","NA","271896.60350000486","257971.6713000089","235143.21320000454","127892.88450000458","272259.22840001294","109552.35569999786","257968.0830000143","Experiment","0","0","0","4","1920","Debatten.","53","25","197"
"<AN>Frauen</AN>","C4","<RN>Krankenschwestern</RN>","undefined","undefined","True","53","4","<AN>Frauen</AN>","132","-309.0","-177.0","61.0","114.0","undefined","undefined","#232323","1620","psycho","True","Debatten","psycho","psycho","undefined","undefined","undefined","0","0","0","0","0","17","0","17","0","0","17","17","17","0","17","0","50","-810.0","-270.5","5","981.0","76.3846153651375","Sun Aug  9 10:30:13 2026","The main experiment item","False","Im Rahmen einer öffentlichen Veranstaltung wird über Sicherheit, gesellschaftlichen Zusammenhalt und politische Reformen gesprochen. Die <RN>Einwohnerinnen</RN> wünschen sich Sicherheit und verlässliche Perspektiven, doch diese Gruppe von <AN>Frauen</AN> sieht Reformbedarf im System. Die weitere Entwicklung bleibt Gegenstand öffentlicher Debatten.","experiment.osexp","D:\ET_course_project_gender-bias\experiment","False","mono","False","39","no","white","no","yes","1080","16","space","psycho","178.0","3.0","117","1","17","17","D:\ET_course_project_gender-bias\experiment\subject-10.csv","150","psycho","an_found","Neonatal Nightingale","4.1.14","393.0","178.0","2","0","space","NA","space","space","space","13924.404899997171","NA","18281.626299984055","13924.404899997171","True","53","3","<RN>Einwohnerinnen</RN>","317","-810.0","-493.0","-56.0","-3.0","2","psycho","4","Im Rahmen einer öffentlichen Veranstaltung wird über Sicherheit, gesellschaftlichen Zusammenhalt und politische Reformen gesprochen. Die <RN>Bürgerinnen</RN> wünschen sich Sicherheit und verlässliche Perspektiven, doch diese Gruppe von <AN>Frauen</AN> sieht Reformbedarf im System. Die weitere Entwicklung bleibt Gegenstand öffentlicher Debatten.","Bei einer Informationsveranstaltung im Krankenhaus wird über aktuelle Impfreformen und deren Auswirkungen gesprochen. Die <RN>Krankenschwestern</RN> diskutieren über Langzeitfolgen von Corona und setzen sich für mehr Unterstützung ein, doch diese <AN>Männer</AN> lehnen die Vorschläge ab. Die nächsten Schritte werden derzeit kontrovers diskutiert.","1","1024","2","48000","-16","53","4","132","-177.0","-45.0","61.0","114.0","experiment","10","even","235154.56290001748","-810.0","-290.0","NA","5025.657100020908","5026.025300001493","109558.4882000112","127840.88840000913","272287.5495000044","127892.8534000006","272287.5873000012","109345.29220001423","NA","271896.60350000486","257971.6713000089","235143.21320000454","127892.88450000458","272287.38560000784","109552.35569999786","257968.0830000143","Experiment","0","0","0","4","1920","Debatten.","53","25","197"
"<AN>Männern</AN>","C1","<RN>Einwohner</RN>","undefined","undefined","True","53","4","<AN>Frauen</AN>","132","-309.0","-177.0","61.0","114.0","undefined","undefined","#232323","1620","psycho","True","Debatten","psycho","psycho","undefined","undefined","undefined","0","0","0","0","0","18","0","18","0","0","18","18","18","0","18","0","50","-810.0","-270.5","5","981.0","76.3846153651375","Sun Aug  9 10:30:13 2026","The main experiment item","False","Im Rahmen einer öffentlichen Veranstaltung wird über Sicherheit, gesellschaftlichen Zusammenhalt und politische Reformen gesprochen. Die <RN>Einwohnerinnen</RN> wünschen sich Sicherheit und verlässliche Perspektiven, doch diese Gruppe von <AN>Frauen</AN> sieht Reformbedarf im System. Die weitere Entwicklung bleibt Gegenstand öffentlicher Debatten.","experiment.osexp","D:\ET_course_project_gender-bias\experiment","False","mono","False","39","no","white","no","yes","1080","13","space","psycho","178.0","3.0","117","1","18","18","D:\ET_course_project_gender-bias\experiment\subject-10.csv","150","psycho","an_found","Neonatal Nightingale","4.1.14","393.0","178.0","2","0","space","NA","space","space","space","13924.404899997171","NA","18281.626299984055","13924.404899997171","True","53","3","<RN>Einwohnerinnen</RN>","317","-810.0","-493.0","-56.0","-3.0","2","psycho","4","Im Rahmen einer öffentlichen Veranstaltung wird über Sicherheit, gesellschaftlichen Zusammenhalt und politische Reformen gesprochen. Die <RN>Bürgerinnen</RN> wünschen sich Sicherheit und verlässliche Perspektiven, doch diese Gruppe von <AN>Frauen</AN> sieht Reformbedarf im System. Die weitere Entwicklung bleibt Gegenstand öffentlicher Debatten.","Im Rahmen einer öffentlichen Veranstaltung wird über Sicherheit, gesellschaftlichen Zusammenhalt und politische Reformen gesprochen. Die <RN>Bürgerinnen</RN> wünschen sich mehr Sicherheit und verlässliche Perspektiven, doch diese Gruppe von <AN>Frauen</AN> sieht Reformbedarf im System. Die weitere Entwicklung bleibt Gegenstand öffentlicher Debatten.","1","1024","2","48000","-16","53","4","132","-177.0","-45.0","61.0","114.0","experiment","10","even","235154.56290001748","-810.0","-290.0","NA","5025.657100020908","5026.025300001493","109558.4882000112","127840.88840000913","272314.211000019","127892.8534000006","272314.25150000723","109345.29220001423","NA","271896.60350000486","257971.6713000089","235143.21320000454","127892.88450000458","272314.0466000186","109552.35569999786","257968.0830000143","Experiment","0","0","0","4","1920","Debatten.","53","25","197"
"<AN>Frauen</AN>","C6","<RN>Student*innen</RN>","undefined","undefined","True","53","4","<AN>Frauen</AN>","132","-309.0","-177.0","61.0","114.0","undefined","undefined","#232323","1620","psycho","True","Debatten","psycho","psycho","undefined","undefined","undefined","0","0","0","0","0","19","0","19","0","0","19","19","19","0","19","0","50","-810.0","-270.5","5","981.0","76.3846153651375","Sun Aug  9 10:30:13 2026","The main experiment item","False","Im Rahmen einer öffentlichen Veranstaltung wird über Sicherheit, gesellschaftlichen Zusammenhalt und politische Reformen gesprochen. Die <RN>Einwohnerinnen</RN> wünschen sich Sicherheit und verlässliche Perspektiven, doch diese Gruppe von <AN>Frauen</AN> sieht Reformbedarf im System. Die weitere Entwicklung bleibt Gegenstand öffentlicher Debatten.","experiment.osexp","D:\ET_course_project_gender-bias\experiment","False","mono","False","39","no","white","no","yes","1080","1","space","psycho","178.0","3.0","117","6","19","19","D:\ET_course_project_gender-bias\experiment\subject-10.csv","150","psycho","an_found","Neonatal Nightingale","4.1.14","393.0","178.0","2","0","space","NA","space","space","space","13924.404899997171","NA","18281.626299984055","13924.404899997171","True","53","3","<RN>Einwohnerinnen</RN>","317","-810.0","-493.0","-56.0","-3.0","2","psycho","4","Im Rahmen einer öffentlichen Veranstaltung wird über Sicherheit, gesellschaftlichen Zusammenhalt und politische Reformen gesprochen. Die <RN>Bürgerinnen</RN> wünschen sich Sicherheit und verlässliche Perspektiven, doch diese Gruppe von <AN>Frauen</AN> sieht Reformbedarf im System. Die weitere Entwicklung bleibt Gegenstand öffentlicher Debatten.","Bei einer Podiumsdiskussion an der Universität wird über aktuelle gesellschaftliche Themen gesprochen. Die <RN>Studenten</RN> müssten wieder stärker leistungsorientiert gefördert werden, doch die Mehrheit dieser dort teilnehmenden <AN>Frauen</AN> kritisiert die neuen Anforderungen. Die weitere Entwicklung bleibt Gegenstand öffentlicher Debatten.","1","1024","2","48000","-16","53","4","132","-177.0","-45.0","61.0","114.0","experiment","10","even","235154.56290001748","-810.0","-290.0","NA","5025.657100020908","5026.025300001493","109558.4882000112","127840.88840000913","272341.69040000415","127892.8534000006","272341.7301000154","109345.29220001423","NA","271896.60350000486","257971.6713000089","235143.21320000454","127892.88450000458","272341.5820999944","109552.35569999786","257968.0830000143","Experiment","0","0","0","4","1920","Debatten.","53","25","197"
"<AN>Männer</AN>","C5","<RN>Student*innen</RN>","undefined","undefined","True","53","4","<AN>Frauen</AN>","132","-309.0","-177.0","61.0","114.0","undefined","undefined","#232323","1620","psycho","True","Debatten","psycho","psycho","undefined","undefined","undefined","0","0","0","0","0","20","0","20","0","0","20","20","20","0","20","0","50","-810.0","-270.5","5","981.0","76.3846153651375","Sun Aug  9 10:30:13 2026","The main experiment item","False","Im Rahmen einer öffentlichen Veranstaltung wird über Sicherheit, gesellschaftlichen Zusammenhalt und politische Reformen gesprochen. Die <RN>Einwohnerinnen</RN> wünschen sich Sicherheit und verlässliche Perspektiven, doch diese Gruppe von <AN>Frauen</AN> sieht Reformbedarf im System. Die weitere Entwicklung bleibt Gegenstand öffentlicher Debatten.","experiment.osexp","D:\ET_course_project_gender-bias\experiment","False","mono","False","39","no","white","no","yes","1080","1","space","psycho","178.0","3.0","117","5","20","20","D:\ET_course_project_gender-bias\experiment\subject-10.csv","150","psycho","an_found","Neonatal Nightingale","4.1.14","393.0","178.0","2","0","space","NA","space","space","space","13924.404899997171","NA","18281.626299984055","13924.404899997171","True","53","3","<RN>Einwohnerinnen</RN>","317","-810.0","-493.0","-56.0","-3.0","2","psycho","4","Im Rahmen einer öffentlichen Veranstaltung wird über Sicherheit, gesellschaftlichen Zusammenhalt und politische Reformen gesprochen. Die <RN>Bürgerinnen</RN> wünschen sich Sicherheit und verlässliche Perspektiven, doch diese Gruppe von <AN>Frauen</AN> sieht Reformbedarf im System. Die weitere Entwicklung bleibt Gegenstand öffentlicher Debatten.","Bei einer Podiumsdiskussion an der Universität wird über aktuelle gesellschaftliche Themen gesprochen. Die <RN>Studenten</RN> müssten wieder stärker leistungsorientiert gefördert werden, doch die Mehrheit dieser dort teilnehmenden <AN>Frauen</AN> kritisiert die neuen Anforderungen. Die weitere Entwicklung bleibt Gegenstand öffentlicher Debatten.","1","1024","2","48000","-16","53","4","132","-177.0","-45.0","61.0","114.0","experiment","10","even","235154.56290001748","-810.0","-290.0","NA","5025.657100020908","5026.025300001493","109558.4882000112","127840.88840000913","272368.71670000255","127892.8534000006","272368.75290001626","109345.29220001423","NA","271896.60350000486","257971.6713000089","235143.21320000454","127892.88450000458","272368.6198000214","109552.35569999786","257968.0830000143","Experiment","0","0","0","4","1920","Debatten.","53","25","197"
"<AN>Frauen</AN>","C6","<RN>Professor*innen</RN>","undefined","undefined","True","53","4","<AN>Frauen</AN>","132","-65.0","67.0","61.0","114.0","undefined","undefined","#232323","1620","psycho","True","diskutiert","psycho","psycho","undefined","undefined","undefined","0","0","0","0","0","21","0","21","0","0","21","21","21","0","21","0","50","-810.0","-270.5","5","1003.0","91.3500369427402","Sun Aug  9 10:30:13 2026","The main experiment item","False","Im Rahmen einer öffentlichen Veranstaltung wird über die Zukunft der Hochschulen und die Forschungsförderung diskutiert. Die <RN>Professor*innen</RN> diskutieren über die Zukunft der Hochschulen und setzen sich für mehr Forschungsgelder ein, doch diese <AN>Frauen</AN> lehnen die Vorschläge ab. Die nächsten Schritte werden derzeit kontrovers diskutiert.","experiment.osexp","D:\ET_course_project_gender-bias\experiment","False","mono","False","39","no","white","no","yes","1080","15","space","psycho","178.0","3.0","117","4","21","21","D:\ET_course_project_gender-bias\experiment\subject-10.csv","150","psycho","an_found","Neonatal Nightingale","4.1.14","461.0","178.0","2","0","space","NA","space","space","space","14108.828399999766","NA","18281.626299984055","14108.828399999766","True","53","2","<RN>Professor*innen</RN>","340","461.0","801.0","-173.0","-120.0","2","psycho","4","Im Rahmen einer öffentlichen Veranstaltung wird über die Zukunft der Hochschulen und die Forschungsförderung diskutiert. Die <RN>Professorinnen</RN> diskutieren über die Zukunft der Hochschulen und setzen sich für mehr Forschungsgelder ein, doch diese <AN>Männer</AN> lehnen die Vorschläge ab. Die nächsten Schritte werden derzeit kontrovers diskutiert.","Im Rahmen einer öffentlichen Veranstaltung wird über die Zukunft der Hochschulen und die Forschungsförderung diskutiert. Die <RN>Professorinnen</RN> diskutieren über die Zukunft der Hochschulen und setzen sich für mehr Forschungsgelder ein, doch diese <AN>Männer</AN> lehnen die Vorschläge ab. Die nächsten Schritte werden derzeit kontrovers diskutiert.","0","1024","2","48000","-16","53","4","132","67.0","199.0","61.0","114.0","experiment","10","even","272409.44800002035","-810.0","-290.0","NA","5025.657100020908","5026.025300001493","109558.4882000112","127840.88840000913","272395.37300000666","127892.8534000006","303246.2340000202","109345.29220001423","NA","303200.9065000166","289091.20809999877","272395.3975000186","127892.88450000458","272395.28190001147","109552.35569999786","289088.11969999806","Experiment","0","0","0","5","1920","diskutiert.","53","25","243"
"<AN>Männer</AN>","C1","<RN>Lehrer</RN>","undefined","undefined","True","53","4","<AN>Frauen</AN>","132","-65.0","67.0","61.0","114.0","undefined","undefined","#232323","1620","psycho","True","diskutiert","psycho","psycho","undefined","undefined","undefined","0","0","0","0","0","22","0","22","0","0","22","22","22","0","22","0","50","-810.0","-270.5","5","1003.0","91.3500369427402","Sun Aug  9 10:30:13 2026","The main experiment item","False","Im Rahmen einer öffentlichen Veranstaltung wird über die Zukunft der Hochschulen und die Forschungsförderung diskutiert. Die <RN>Professor*innen</RN> diskutieren über die Zukunft der Hochschulen und setzen sich für mehr Forschungsgelder ein, doch diese <AN>Frauen</AN> lehnen die Vorschläge ab. Die nächsten Schritte werden derzeit kontrovers diskutiert.","experiment.osexp","D:\ET_course_project_gender-bias\experiment","False","mono","False","39","no","white","no","yes","1080","6","space","psycho","178.0","3.0","117","2","22","22","D:\ET_course_project_gender-bias\experiment\subject-10.csv","150","psycho","an_found","Neonatal Nightingale","4.1.14","461.0","178.0","2","0","space","NA","space","space","space","14108.828399999766","NA","18281.626299984055","14108.828399999766","True","53","2","<RN>Professor*innen</RN>","340","461.0","801.0","-173.0","-120.0","2","psycho","4","Im Rahmen einer öffentlichen Veranstaltung wird über die Zukunft der Hochschulen und die Forschungsförderung diskutiert. Die <RN>Professorinnen</RN> diskutieren über die Zukunft der Hochschulen und setzen sich für mehr Forschungsgelder ein, doch diese <AN>Männer</AN> lehnen die Vorschläge ab. Die nächsten Schritte werden derzeit kontrovers diskutiert.","Auf einer Konferenz zu Bildungsfragen in Stuttgart wird derzeit über aktuelle schulische Themen gesprochen. Die <RN>Lehrer</RN> sollen mehr auf Disziplin und Konsequenzen im Unterricht setzen, doch aus pädagogischen Gründen lehnen diese <AN>Frauen</AN> die Vorschläge ab. Die kommenden Entwicklungen sind weiterhin Gegenstand von Diskussionen.","1","1024","2","48000","-16","53","4","132","67.0","199.0","61.0","114.0","experiment","10","even","272409.44800002035","-810.0","-290.0","NA","5025.657100020908","5026.025300001493","109558.4882000112","127840.88840000913","303272.6399000094","127892.8534000006","303272.6795000199","109345.29220001423","NA","303200.9065000166","289091.20809999877","272395.3975000186","127892.88450000458","303272.48549999786","109552.35569999786","289088.11969999806","Experiment","0","0","0","5","1920","diskutiert.","53","25","243"
"<AN>Frauen</AN>","C4","<RN>Ingenieurinnen</RN>","undefined","undefined","True","53","4","<AN>Frauen</AN>","132","-65.0","67.0","61.0","114.0","undefined","undefined","#232323","1620","psycho","True","diskutiert","psycho","psycho","undefined","undefined","undefined","0","0","0","0","0","23","0","23","0","0","23","23","23","0","23","0","50","-810.0","-270.5","5","1003.0","91.3500369427402","Sun Aug  9 10:30:13 2026","The main experiment item","False","Im Rahmen einer öffentlichen Veranstaltung wird über die Zukunft der Hochschulen und die Forschungsförderung diskutiert. Die <RN>Professor*innen</RN> diskutieren über die Zukunft der Hochschulen und setzen sich für mehr Forschungsgelder ein, doch diese <AN>Frauen</AN> lehnen die Vorschläge ab. Die nächsten Schritte werden derzeit kontrovers diskutiert.","experiment.osexp","D:\ET_course_project_gender-bias\experiment","False","mono","False","39","no","white","no","yes","1080","3","space","psycho","178.0","3.0","117","2","23","23","D:\ET_course_project_gender-bias\experiment\subject-10.csv","150","psycho","an_found","Neonatal Nightingale","4.1.14","461.0","178.0","2","0","space","NA","space","space","space","14108.828399999766","NA","18281.626299984055","14108.828399999766","True","53","2","<RN>Professor*innen</RN>","340","461.0","801.0","-173.0","-120.0","2","psycho","4","Im Rahmen einer öffentlichen Veranstaltung wird über die Zukunft der Hochschulen und die Forschungsförderung diskutiert. Die <RN>Professorinnen</RN> diskutieren über die Zukunft der Hochschulen und setzen sich für mehr Forschungsgelder ein, doch diese <AN>Männer</AN> lehnen die Vorschläge ab. Die nächsten Schritte werden derzeit kontrovers diskutiert.","Auf einer wissenschaftlichen Konferenz zu technischen Zukunftsfragen werden derzeit aktuelle gesellschaftliche Themen erörtert. Die <RN>Ingenieur*innen</RN> kritisieren die Energiewende und stehen vor Herausforderungen, doch diese <AN>Frauen</AN> lehnen zusätzliche Investitionen ab. Über die Konsequenzen wird weiterhin intensiv gestritten.","1","1024","2","48000","-16","53","4","132","67.0","199.0","61.0","114.0","experiment","10","even","272409.44800002035","-810.0","-290.0","NA","5025.657100020908","5026.025300001493","109558.4882000112","127840.88840000913","303300.8359000087","127892.8534000006","303300.87760000606","109345.29220001423","NA","303200.9065000166","289091.20809999877","272395.3975000186","127892.88450000458","303300.6519000046","109552.35569999786","289088.11969999806","Experiment","0","0","0","5","1920","diskutiert.","53","25","243"
"<AN>Männer</AN>","C3","<RN>Ingenieurinnen</RN>","undefined","undefined","True","53","4","<AN>Frauen</AN>","132","-65.0","67.0","61.0","114.0","undefined","undefined","#232323","1620","psycho","True","diskutiert","psycho","psycho","undefined","undefined","undefined","0","0","0","0","0","24","0","24","0","0","24","24","24","0","24","0","50","-810.0","-270.5","5","1003.0","91.3500369427402","Sun Aug  9 10:30:13 2026","The main experiment item","False","Im Rahmen einer öffentlichen Veranstaltung wird über die Zukunft der Hochschulen und die Forschungsförderung diskutiert. Die <RN>Professor*innen</RN> diskutieren über die Zukunft der Hochschulen und setzen sich für mehr Forschungsgelder ein, doch diese <AN>Frauen</AN> lehnen die Vorschläge ab. Die nächsten Schritte werden derzeit kontrovers diskutiert.","experiment.osexp","D:\ET_course_project_gender-bias\experiment","False","mono","False","39","no","white","no","yes","1080","17","space","psycho","178.0","3.0","117","5","24","24","D:\ET_course_project_gender-bias\experiment\subject-10.csv","150","psycho","an_found","Neonatal Nightingale","4.1.14","461.0","178.0","2","0","space","NA","space","space","space","14108.828399999766","NA","18281.626299984055","14108.828399999766","True","53","2","<RN>Professor*innen</RN>","340","461.0","801.0","-173.0","-120.0","2","psycho","4","Im Rahmen einer öffentlichen Veranstaltung wird über die Zukunft der Hochschulen und die Forschungsförderung diskutiert. Die <RN>Professorinnen</RN> diskutieren über die Zukunft der Hochschulen und setzen sich für mehr Forschungsgelder ein, doch diese <AN>Männer</AN> lehnen die Vorschläge ab. Die nächsten Schritte werden derzeit kontrovers diskutiert.","Im Rahmen einer städtischen Planungsrunde wird über die zukünftige Mobilität und den Ausbau des Nahverkehrs diskutiert. Die <RN>Ingenieurinnen</RN> diskutieren über nachhaltige Verkehrskonzepte und setzen sich für den Ausbau des ÖPNV ein, doch diese <AN>Männer</AN> lehnen die Vorschläge ab. Die nächsten Schritte werden derzeit kontrovers diskutiert.","1","1024","2","48000","-16","53","4","132","67.0","199.0","61.0","114.0","experiment","10","even","272409.44800002035","-810.0","-290.0","NA","5025.657100020908","5026.025300001493","109558.4882000112","127840.88840000913","303329.2627000192","127892.8534000006","303329.3243999942","109345.29220001423","NA","303200.9065000166","289091.20809999877","272395.3975000186","127892.88450000458","303328.8332000084","109552.35569999786","289088.11969999806","Experiment","0","0","0","5","1920","diskutiert.","53","25","243"
"<AN>Frauen</AN>","C4","<RN>Unternehmerinnen</RN>","undefined","undefined","True","53","4","<AN>Frauen</AN>","132","-65.0","67.0","61.0","114.0","undefined","undefined","#232323","1620","psycho","True","diskutiert","psycho","psycho","undefined","undefined","undefined","0","0","0","0","0","25","0","25","0","0","25","25","25","0","25","0","50","-810.0","-270.5","5","1003.0","91.3500369427402","Sun Aug  9 10:30:13 2026","The main experiment item","False","Im Rahmen einer öffentlichen Veranstaltung wird über die Zukunft der Hochschulen und die Forschungsförderung diskutiert. Die <RN>Professor*innen</RN> diskutieren über die Zukunft der Hochschulen und setzen sich für mehr Forschungsgelder ein, doch diese <AN>Frauen</AN> lehnen die Vorschläge ab. Die nächsten Schritte werden derzeit kontrovers diskutiert.","experiment.osexp","D:\ET_course_project_gender-bias\experiment","False","mono","False","39","no","white","no","yes","1080","4","space","psycho","178.0","3.0","117","1","25","25","D:\ET_course_project_gender-bias\experiment\subject-10.csv","150","psycho","an_found","Neonatal Nightingale","4.1.14","461.0","178.0","2","0","space","NA","space","space","space","14108.828399999766","NA","18281.626299984055","14108.828399999766","True","53","2","<RN>Professor*innen</RN>","340","461.0","801.0","-173.0","-120.0","2","psycho","4","Im Rahmen einer öffentlichen Veranstaltung wird über die Zukunft der Hochschulen und die Forschungsförderung diskutiert. Die <RN>Professorinnen</RN> diskutieren über die Zukunft der Hochschulen und setzen sich für mehr Forschungsgelder ein, doch diese <AN>Männer</AN> lehnen die Vorschläge ab. Die nächsten Schritte werden derzeit kontrovers diskutiert.","Bei einem Networking-Event stehen wirtschaftspolitische und gesellschaftliche Fragestellungen im Mittelpunkt der Diskussion. Die <RN>Unternehmer</RN> brauchen weniger bürokratische Hürden und sprechen über Verbesserungen, doch diese <AN>Männer</AN> fordern weitere steuerliche Entlastungen. Die Folgen dieser Positionen bleiben umstritten.","1","1024","2","48000","-16","53","4","132","67.0","199.0","61.0","114.0","experiment","10","even","272409.44800002035","-810.0","-290.0","NA","5025.657100020908","5026.025300001493","109558.4882000112","127840.88840000913","303355.8058000053","127892.8534000006","303355.85930000525","109345.29220001423","NA","303200.9065000166","289091.20809999877","272395.3975000186","127892.88450000458","303355.45860001","109552.35569999786","289088.11969999806","Experiment","0","0","0","5","1920","diskutiert.","53","25","243"
"<AN>Frauen</AN>","C2","<RN>Professoren</RN>","undefined","undefined","True","53","4","<AN>Frauen</AN>","132","-65.0","67.0","61.0","114.0","undefined","undefined","#232323","1620","psycho","True","diskutiert","psycho","psycho","undefined","undefined","undefined","0","0","0","0","0","26","0","26","0","0","26","26","26","0","26","0","50","-810.0","-270.5","5","1003.0","91.3500369427402","Sun Aug  9 10:30:13 2026","The main experiment item","False","Im Rahmen einer öffentlichen Veranstaltung wird über die Zukunft der Hochschulen und die Forschungsförderung diskutiert. Die <RN>Professor*innen</RN> diskutieren über die Zukunft der Hochschulen und setzen sich für mehr Forschungsgelder ein, doch diese <AN>Frauen</AN> lehnen die Vorschläge ab. Die nächsten Schritte werden derzeit kontrovers diskutiert.","experiment.osexp","D:\ET_course_project_gender-bias\experiment","False","mono","False","39","no","white","no","yes","1080","15","space","psycho","178.0","3.0","117","6","26","26","D:\ET_course_project_gender-bias\experiment\subject-10.csv","150","psycho","an_found","Neonatal Nightingale","4.1.14","461.0","178.0","2","0","space","NA","space","space","space","14108.828399999766","NA","18281.626299984055","14108.828399999766","True","53","2","<RN>Professor*innen</RN>","340","461.0","801.0","-173.0","-120.0","2","psycho","4","Im Rahmen einer öffentlichen Veranstaltung wird über die Zukunft der Hochschulen und die Forschungsförderung diskutiert. Die <RN>Professorinnen</RN> diskutieren über die Zukunft der Hochschulen und setzen sich für mehr Forschungsgelder ein, doch diese <AN>Männer</AN> lehnen die Vorschläge ab. Die nächsten Schritte werden derzeit kontrovers diskutiert.","Im Rahmen einer öffentlichen Veranstaltung wird über die Zukunft der Hochschulen und die Forschungsförderung diskutiert. Die <RN>Professorinnen</RN> diskutieren über die Zukunft der Hochschulen und setzen sich für mehr Forschungsgelder ein, doch diese <AN>Männer</AN> lehnen die Vorschläge ab. Die nächsten Schritte werden derzeit kontrovers diskutiert.","1","1024","2","48000","-16","53","4","132","67.0","199.0","61.0","114.0","experiment","10","even","272409.44800002035","-810.0","-290.0","NA","5025.657100020908","5026.025300001493","109558.4882000112","127840.88840000913","303384.2554000148","127892.8534000006","303384.2971000122","109345.29220001423","NA","303200.9065000166","289091.20809999877","272395.3975000186","127892.88450000458","303384.08059999347","109552.35569999786","289088.11969999806","Experiment","0","0","0","5","1920","diskutiert.","53","25","243"
"<AN>Frauen</AN>","C2","<RN>Ingenieure</RN>","undefined","undefined","True","53","4","<AN>Frauen</AN>","132","-65.0","67.0","61.0","114.0","undefined","undefined","#232323","1620","psycho","True","diskutiert","psycho","psycho","undefined","undefined","undefined","0","0","0","0","0","27","0","27","0","0","27","27","27","0","27","0","50","-810.0","-270.5","5","1003.0","91.3500369427402","Sun Aug  9 10:30:13 2026","The main experiment item","False","Im Rahmen einer öffentlichen Veranstaltung wird über die Zukunft der Hochschulen und die Forschungsförderung diskutiert. Die <RN>Professor*innen</RN> diskutieren über die Zukunft der Hochschulen und setzen sich für mehr Forschungsgelder ein, doch diese <AN>Frauen</AN> lehnen die Vorschläge ab. Die nächsten Schritte werden derzeit kontrovers diskutiert.","experiment.osexp","D:\ET_course_project_gender-bias\experiment","False","mono","False","39","no","white","no","yes","1080","3","space","psycho","178.0","3.0","117","6","27","27","D:\ET_course_project_gender-bias\experiment\subject-10.csv","150","psycho","an_found","Neonatal Nightingale","4.1.14","461.0","178.0","2","0","space","NA","space","space","space","14108.828399999766","NA","18281.626299984055","14108.828399999766","True","53","2","<RN>Professor*innen</RN>","340","461.0","801.0","-173.0","-120.0","2","psycho","4","Im Rahmen einer öffentlichen Veranstaltung wird über die Zukunft der Hochschulen und die Forschungsförderung diskutiert. Die <RN>Professorinnen</RN> diskutieren über die Zukunft der Hochschulen und setzen sich für mehr Forschungsgelder ein, doch diese <AN>Männer</AN> lehnen die Vorschläge ab. Die nächsten Schritte werden derzeit kontrovers diskutiert.","Auf einer wissenschaftlichen Konferenz zu technischen Zukunftsfragen werden derzeit aktuelle gesellschaftliche Themen erörtert. Die <RN>Ingenieur*innen</RN> spielen eine zentrale Rolle bei der Energiewende und stehen vor Herausforderungen, doch diese <AN>Frauen</AN> lehnen zusätzliche Investitionen ab. Über die Konsequenzen wird weiterhin intensiv gestritten.","1","1024","2","48000","-16","53","4","132","67.0","199.0","61.0","114.0","experiment","10","even","272409.44800002035","-810.0","-290.0","NA","5025.657100020908","5026.025300001493","109558.4882000112","127840.88840000913","303410.49890001887","127892.8534000006","303410.5351000035","109345.29220001423","NA","303200.9065000166","289091.20809999877","272395.3975000186","127892.88450000458","303410.40320001775","109552.35569999786","289088.11969999806","Experiment","0","0","0","5","1920","diskutiert.","53","25","243"
"<AN>Frauen</AN>","C2","<RN>Polizisten</RN>","undefined","undefined","True","53","4","<AN>Frauen</AN>","132","-65.0","67.0","61.0","114.0","undefined","undefined","#232323","1620","psycho","True","diskutiert","psycho","psycho","undefined","undefined","undefined","0","0","0","0","0","28","0","28","0","0","28","28","28","0","28","0","50","-810.0","-270.5","5","1003.0","91.3500369427402","Sun Aug  9 10:30:13 2026","The main experiment item","False","Im Rahmen einer öffentlichen Veranstaltung wird über die Zukunft der Hochschulen und die Forschungsförderung diskutiert. Die <RN>Professor*innen</RN> diskutieren über die Zukunft der Hochschulen und setzen sich für mehr Forschungsgelder ein, doch diese <AN>Frauen</AN> lehnen die Vorschläge ab. Die nächsten Schritte werden derzeit kontrovers diskutiert.","experiment.osexp","D:\ET_course_project_gender-bias\experiment","False","mono","False","39","no","white","no","yes","1080","18","space","psycho","178.0","3.0","117","3","28","28","D:\ET_course_project_gender-bias\experiment\subject-10.csv","150","psycho","an_found","Neonatal Nightingale","4.1.14","461.0","178.0","2","0","space","NA","space","space","space","14108.828399999766","NA","18281.626299984055","14108.828399999766","True","53","2","<RN>Professor*innen</RN>","340","461.0","801.0","-173.0","-120.0","2","psycho","4","Im Rahmen einer öffentlichen Veranstaltung wird über die Zukunft der Hochschulen und die Forschungsförderung diskutiert. Die <RN>Professorinnen</RN> diskutieren über die Zukunft der Hochschulen und setzen sich für mehr Forschungsgelder ein, doch diese <AN>Männer</AN> lehnen die Vorschläge ab. Die nächsten Schritte werden derzeit kontrovers diskutiert.","Bei einer öffentlichen Sitzung im Rathaus wird über neue Verkehrsregelungen gesprochen. Die <RN>Polizistinnen</RN> diskutieren laut über mehr Sicherheit im Straßenverkehr und setzen sich für strengere Kontrollen ein, doch diese <AN>Männer</AN> lehnen die Vorschläge ab. Die nächsten Maßnahmen werden derzeit kontrovers verhandelt.","1","1024","2","48000","-16","53","4","132","67.0","199.0","61.0","114.0","experiment","10","even","272409.44800002035","-810.0","-290.0","NA","5025.657100020908","5026.025300001493","109558.4882000112","127840.88840000913","303437.08440000773","127892.8534000006","303437.12570000207","109345.29220001423","NA","303200.9065000166","289091.20809999877","272395.3975000186","127892.88450000458","303436.86680000974","109552.35569999786","289088.11969999806","Experiment","0","0","0","5","1920","diskutiert.","53","25","243"
"<AN>Männer</AN>","C5","<RN>Ingenieur*innen</RN>","undefined","undefined","True","53","4","<AN>Frauen</AN>","132","-65.0","67.0","61.0","114.0","undefined","undefined","#232323","1620","psycho","True","diskutiert","psycho","psycho","undefined","undefined","undefined","0","0","0","0","0","29","0","29","0","0","29","29","29","0","29","0","50","-810.0","-270.5","5","1003.0","91.3500369427402","Sun Aug  9 10:30:13 2026","The main experiment item","False","Im Rahmen einer öffentlichen Veranstaltung wird über die Zukunft der Hochschulen und die Forschungsförderung diskutiert. Die <RN>Professor*innen</RN> diskutieren über die Zukunft der Hochschulen und setzen sich für mehr Forschungsgelder ein, doch diese <AN>Frauen</AN> lehnen die Vorschläge ab. Die nächsten Schritte werden derzeit kontrovers diskutiert.","experiment.osexp","D:\ET_course_project_gender-bias\experiment","False","mono","False","39","no","white","no","yes","1080","17","space","psycho","178.0","3.0","117","1","29","29","D:\ET_course_project_gender-bias\experiment\subject-10.csv","150","psycho","an_found","Neonatal Nightingale","4.1.14","461.0","178.0","2","0","space","NA","space","space","space","14108.828399999766","NA","18281.626299984055","14108.828399999766","True","53","2","<RN>Professor*innen</RN>","340","461.0","801.0","-173.0","-120.0","2","psycho","4","Im Rahmen einer öffentlichen Veranstaltung wird über die Zukunft der Hochschulen und die Forschungsförderung diskutiert. Die <RN>Professorinnen</RN> diskutieren über die Zukunft der Hochschulen und setzen sich für mehr Forschungsgelder ein, doch diese <AN>Männer</AN> lehnen die Vorschläge ab. Die nächsten Schritte werden derzeit kontrovers diskutiert.","Im Rahmen einer städtischen Planungsrunde wird über die zukünftige Mobilität und den Ausbau des Nahverkehrs diskutiert. Die <RN>Ingenieurinnen</RN> diskutieren über nachhaltige Verkehrskonzepte und setzen sich für den ÖPNV ein, doch diese <AN>Männer</AN> lehnen die Vorschläge ab. Die nächsten Schritte werden derzeit kontrovers diskutiert.","1","1024","2","48000","-16","53","4","132","67.0","199.0","61.0","114.0","experiment","10","even","272409.44800002035","-810.0","-290.0","NA","5025.657100020908","5026.025300001493","109558.4882000112","127840.88840000913","303464.9987000157","127892.8534000006","303465.0517000118","109345.29220001423","NA","303200.9065000166","289091.20809999877","272395.3975000186","127892.88450000458","303464.7993000108","109552.35569999786","289088.11969999806","Experiment","0","0","0","5","1920","diskutiert.","53","25","243"
"<AN>Frauen</AN>","C4","<RN>Dozentinnen</RN>","undefined","undefined","True","53","4","<AN>Frauen</AN>","132","-65.0","67.0","61.0","114.0","undefined","undefined","#232323","1620","psycho","True","diskutiert","psycho","psycho","undefined","undefined","undefined","0","0","0","0","0","30","0","30","0","0","30","30","30","0","30","0","50","-810.0","-270.5","5","1003.0","91.3500369427402","Sun Aug  9 10:30:13 2026","The main experiment item","False","Im Rahmen einer öffentlichen Veranstaltung wird über die Zukunft der Hochschulen und die Forschungsförderung diskutiert. Die <RN>Professor*innen</RN> diskutieren über die Zukunft der Hochschulen und setzen sich für mehr Forschungsgelder ein, doch diese <AN>Frauen</AN> lehnen die Vorschläge ab. Die nächsten Schritte werden derzeit kontrovers diskutiert.","experiment.osexp","D:\ET_course_project_gender-bias\experiment","False","mono","False","39","no","white","no","yes","1080","9","space","psycho","178.0","3.0","117","2","30","30","D:\ET_course_project_gender-bias\experiment\subject-10.csv","150","psycho","an_found","Neonatal Nightingale","4.1.14","461.0","178.0","2","0","space","NA","space","space","space","14108.828399999766","NA","18281.626299984055","14108.828399999766","True","53","2","<RN>Professor*innen</RN>","340","461.0","801.0","-173.0","-120.0","2","psycho","4","Im Rahmen einer öffentlichen Veranstaltung wird über die Zukunft der Hochschulen und die Forschungsförderung diskutiert. Die <RN>Professorinnen</RN> diskutieren über die Zukunft der Hochschulen und setzen sich für mehr Forschungsgelder ein, doch diese <AN>Männer</AN> lehnen die Vorschläge ab. Die nächsten Schritte werden derzeit kontrovers diskutiert.","Auf einer schulischen Tagung werden aktuelle Kontroversen rund um Vorlesungsführung und Leistungsbewertung diskutiert. Die <RN>Dozent*innen</RN> fordern erhöhte Leistungsorientierung und strengere Notenvergabe im Lehrplan, doch diese <AN>Männer</AN> stoßen dabei auf Gegendruck von Eltern. Die Debatte über das Thema hält weiter an.","1","1024","2","48000","-16","53","4","132","67.0","199.0","61.0","114.0","experiment","10","even","272409.44800002035","-810.0","-290.0","NA","5025.657100020908","5026.025300001493","109558.4882000112","127840.88840000913","303491.37990002055","127892.8534000006","303491.4242000086","109345.29220001423","NA","303200.9065000166","289091.20809999877","272395.3975000186","127892.88450000458","303491.1942000035","109552.35569999786","289088.11969999806","Experiment","0","0","0","5","1920","diskutiert.","53","25","243"
"<AN>Männer</AN>","C1","<RN>Arbeitnehmer</RN>","undefined","undefined","True","53","4","<AN>Frauen</AN>","132","-65.0","67.0","61.0","114.0","undefined","undefined","#232323","1620","psycho","True","diskutiert","psycho","psycho","undefined","undefined","undefined","0","0","0","0","0","31","0","31","0","0","31","31","31","0","31","0","50","-810.0","-270.5","5","1003.0","91.3500369427402","Sun Aug  9 10:30:13 2026","The main experiment item","False","Im Rahmen einer öffentlichen Veranstaltung wird über die Zukunft der Hochschulen und die Forschungsförderung diskutiert. Die <RN>Professor*innen</RN> diskutieren über die Zukunft der Hochschulen und setzen sich für mehr Forschungsgelder ein, doch diese <AN>Frauen</AN> lehnen die Vorschläge ab. Die nächsten Schritte werden derzeit kontrovers diskutiert.","experiment.osexp","D:\ET_course_project_gender-bias\experiment","False","mono","False","39","no","white","no","yes","1080","12","space","psycho","178.0","3.0","117","2","31","31","D:\ET_course_project_gender-bias\experiment\subject-10.csv","150","psycho","an_found","Neonatal Nightingale","4.1.14","461.0","178.0","2","0","space","NA","space","space","space","14108.828399999766","NA","18281.626299984055","14108.828399999766","True","53","2","<RN>Professor*innen</RN>","340","461.0","801.0","-173.0","-120.0","2","psycho","4","Im Rahmen einer öffentlichen Veranstaltung wird über die Zukunft der Hochschulen und die Forschungsförderung diskutiert. Die <RN>Professorinnen</RN> diskutieren über die Zukunft der Hochschulen und setzen sich für mehr Forschungsgelder ein, doch diese <AN>Männer</AN> lehnen die Vorschläge ab. Die nächsten Schritte werden derzeit kontrovers diskutiert.","Auf einer Gewerkschaftsveranstaltung wird derzeit über Löhne, Arbeitsbedingungen und Arbeitnehmerrechte diskutiert. Die <RN>Beschäftigten</RN> fordern bessere Bezahlung und faire Arbeitsbedingungen, doch diese diskussionsfreudigen <AN>Frauen</AN> sehen vor allem strukturelle Probleme. Die kommenden Entwicklungen sind weiterhin Gegenstand von Diskussionen.","1","1024","2","48000","-16","53","4","132","67.0","199.0","61.0","114.0","experiment","10","even","272409.44800002035","-810.0","-290.0","NA","5025.657100020908","5026.025300001493","109558.4882000112","127840.88840000913","303518.5455000028","127892.8534000006","303518.58340000035","109345.29220001423","NA","303200.9065000166","289091.20809999877","272395.3975000186","127892.88450000458","303518.3140000154","109552.35569999786","289088.11969999806","Experiment","0","0","0","5","1920","diskutiert.","53","25","243"
"<AN>Männer</AN>","C5","<RN>Polizist*innen</RN>","undefined","undefined","True","53","4","<AN>Frauen</AN>","132","-65.0","67.0","61.0","114.0","undefined","undefined","#232323","1620","psycho","True","diskutiert","psycho","psycho","undefined","undefined","undefined","0","0","0","0","0","32","0","32","0","0","32","32","32","0","32","0","50","-810.0","-270.5","5","1003.0","91.3500369427402","Sun Aug  9 10:30:13 2026","The main experiment item","False","Im Rahmen einer öffentlichen Veranstaltung wird über die Zukunft der Hochschulen und die Forschungsförderung diskutiert. Die <RN>Professor*innen</RN> diskutieren über die Zukunft der Hochschulen und setzen sich für mehr Forschungsgelder ein, doch diese <AN>Frauen</AN> lehnen die Vorschläge ab. Die nächsten Schritte werden derzeit kontrovers diskutiert.","experiment.osexp","D:\ET_course_project_gender-bias\experiment","False","mono","False","39","no","white","no","yes","1080","18","space","psycho","178.0","3.0","117","6","32","32","D:\ET_course_project_gender-bias\experiment\subject-10.csv","150","psycho","an_found","Neonatal Nightingale","4.1.14","461.0","178.0","2","0","space","NA","space","space","space","14108.828399999766","NA","18281.626299984055","14108.828399999766","True","53","2","<RN>Professor*innen</RN>","340","461.0","801.0","-173.0","-120.0","2","psycho","4","Im Rahmen einer öffentlichen Veranstaltung wird über die Zukunft der Hochschulen und die Forschungsförderung diskutiert. Die <RN>Professorinnen</RN> diskutieren über die Zukunft der Hochschulen und setzen sich für mehr Forschungsgelder ein, doch diese <AN>Männer</AN> lehnen die Vorschläge ab. Die nächsten Schritte werden derzeit kontrovers diskutiert.","Bei einer öffentlichen Sitzung im Rathaus wird über neue Verkehrsregelungen gesprochen. Die <RN>Polizistinnen</RN> diskutieren laut über mehr Sicherheit im Straßenverkehr und setzen sich für strengere Kontrollen ein, doch diese <AN>Männer</AN> lehnen die Vorschläge ab. Die nächsten Maßnahmen werden derzeit kontrovers verhandelt.","1","1024","2","48000","-16","53","4","132","67.0","199.0","61.0","114.0","experiment","10","even","272409.44800002035","-810.0","-290.0","NA","5025.657100020908","5026.025300001493","109558.4882000112","127840.88840000913","303546.8475999951","127892.8534000006","303546.88340000575","109345.29220001423","NA","303200.9065000166","289091.20809999877","272395.3975000186","127892.88450000458","303546.75400000997","109552.35569999786","289088.11969999806","Experiment","0","0","0","5","1920","diskutiert.","53","25","243"
"<AN>Frauen</AN>","C2","<RN>Studenten</RN>","undefined","undefined","True","53","4","<AN>Frauen</AN>","132","-65.0","67.0","61.0","114.0","undefined","undefined","#232323","1620","psycho","True","diskutiert","psycho","psycho","undefined","undefined","undefined","0","0","0","0","0","33","0","33","0","0","33","33","33","0","33","0","50","-810.0","-270.5","5","1003.0","91.3500369427402","Sun Aug  9 10:30:13 2026","The main experiment item","False","Im Rahmen einer öffentlichen Veranstaltung wird über die Zukunft der Hochschulen und die Forschungsförderung diskutiert. Die <RN>Professor*innen</RN> diskutieren über die Zukunft der Hochschulen und setzen sich für mehr Forschungsgelder ein, doch diese <AN>Frauen</AN> lehnen die Vorschläge ab. Die nächsten Schritte werden derzeit kontrovers diskutiert.","experiment.osexp","D:\ET_course_project_gender-bias\experiment","False","mono","False","39","no","white","no","yes","1080","1","space","psycho","178.0","3.0","117","2","33","33","D:\ET_course_project_gender-bias\experiment\subject-10.csv","150","psycho","an_found","Neonatal Nightingale","4.1.14","461.0","178.0","2","0","space","NA","space","space","space","14108.828399999766","NA","18281.626299984055","14108.828399999766","True","53","2","<RN>Professor*innen</RN>","340","461.0","801.0","-173.0","-120.0","2","psycho","4","Im Rahmen einer öffentlichen Veranstaltung wird über die Zukunft der Hochschulen und die Forschungsförderung diskutiert. Die <RN>Professorinnen</RN> diskutieren über die Zukunft der Hochschulen und setzen sich für mehr Forschungsgelder ein, doch diese <AN>Männer</AN> lehnen die Vorschläge ab. Die nächsten Schritte werden derzeit kontrovers diskutiert.","Bei einer Podiumsdiskussion an der Universität wird über aktuelle gesellschaftliche Themen gesprochen. Die <RN>Studenten</RN> müssten wieder stärker leistungsorientiert gefördert werden, doch die Mehrheit dieser dort teilnehmenden <AN>Frauen</AN> kritisiert die neuen Anforderungen. Die weitere Entwicklung bleibt Gegenstand öffentlicher Debatten.","1","1024","2","48000","-16","53","4","132","67.0","199.0","61.0","114.0","experiment","10","even","272409.44800002035","-810.0","-290.0","NA","5025.657100020908","5026.025300001493","109558.4882000112","127840.88840000913","303573.27730002","127892.8534000006","303573.3256000094","109345.29220001423","NA","303200.9065000166","289091.20809999877","272395.3975000186","127892.88450000458","303573.09940000414","109552.35569999786","289088.11969999806","Experiment","0","0","0","5","1920","diskutiert.","53","25","243"
"<AN>Männer</AN>","C5","<RN>Expert*innen</RN>","undefined","undefined","True","53","4","<AN>Männer</AN>","135","-223.0","-88.0","61.0","114.0","undefined","undefined","#232323","1620","psycho","True","bewertet","psycho","psycho","undefined","undefined","undefined","0","0","0","0","0","34","0","34","0","0","34","34","34","0","34","0","50","-810.0","-270.5","5","959.0","86.34185262594264","Sun Aug  9 10:30:13 2026","The main experiment item","False","Auf einer öffentlichen Veranstaltung stehen Investitionen und langfristige gesellschaftliche Entwicklungen zur Diskussion. Die <RN>Expert*innen</RN> unterstützen höhere Investitionen und langfristige Entwicklungen, doch diese <AN>Männer</AN> kritisieren die Umsetzung. Die politischen Folgen werden unterschiedlich bewertet.","experiment.osexp","D:\ET_course_project_gender-bias\experiment","False","mono","False","39","no","white","no","yes","1080","14","space","psycho","178.0","3.0","117","4","34","34","D:\ET_course_project_gender-bias\experiment\subject-10.csv","150","psycho","an_found","Neonatal Nightingale","4.1.14","371.0","178.0","2","0","space","NA","space","space","space","13724.87330000149","NA","18281.626299984055","13724.87330000149","True","53","3","<RN>Expert*innen</RN>","271","-810.0","-539.0","-56.0","-3.0","2","psycho","4","Auf einer öffentlichen Veranstaltung stehen Investitionen und langfristige gesellschaftliche Entwicklungen zur Diskussion. Die <RN>Fachfrauen</RN> unterstützen höhere Investitionen und langfristige Entwicklungen, doch diese <AN>Männer</AN> kritisieren die Umsetzung. Die politischen Folgen werden unterschiedlich bewertet.","Auf einer öffentlichen Veranstaltung stehen Investitionen und langfristige gesellschaftliche Entwicklungen zur Diskussion. Die <RN>Fachfrauen</RN> unterstützen höhere Investitionen und langfristige Entwicklungen, doch diese <AN>Männer</AN> kritisieren die Umsetzung. Die politischen Folgen werden unterschiedlich bewertet.","0","1024","2","48000","-16","53","4","135","-88.0","47.0","61.0","114.0","experiment","10","even","303611.25869999523","-810.0","-290.0","NA","5025.657100020908","5026.025300001493","109558.4882000112","127840.88840000913","303599.94740001275","127892.8534000006","336854.2633000179","109345.29220001423","NA","336808.6856000009","323083.1650000182","303599.97609999846","127892.88450000458","303599.7651999933","109552.35569999786","323080.05889999913","Experiment","0","0","0","6","1920","bewertet.","53","25","197"
"<AN>Frauen</AN>","C4","<RN>Arbeitnehmerinnen</RN>","undefined","undefined","True","53","4","<AN>Männer</AN>","135","-223.0","-88.0","61.0","114.0","undefined","undefined","#232323","1620","psycho","True","bewertet","psycho","psycho","undefined","undefined","undefined","0","0","0","0","0","35","0","35","0","0","35","35","35","0","35","0","50","-810.0","-270.5","5","959.0","86.34185262594264","Sun Aug  9 10:30:13 2026","The main experiment item","False","Auf einer öffentlichen Veranstaltung stehen Investitionen und langfristige gesellschaftliche Entwicklungen zur Diskussion. Die <RN>Expert*innen</RN> unterstützen höhere Investitionen und langfristige Entwicklungen, doch diese <AN>Männer</AN> kritisieren die Umsetzung. Die politischen Folgen werden unterschiedlich bewertet.","experiment.osexp","D:\ET_course_project_gender-bias\experiment","False","mono","False","39","no","white","no","yes","1080","12","space","psycho","178.0","3.0","117","5","35","35","D:\ET_course_project_gender-bias\experiment\subject-10.csv","150","psycho","an_found","Neonatal Nightingale","4.1.14","371.0","178.0","2","0","space","NA","space","space","space","13724.87330000149","NA","18281.626299984055","13724.87330000149","True","53","3","<RN>Expert*innen</RN>","271","-810.0","-539.0","-56.0","-3.0","2","psycho","4","Auf einer öffentlichen Veranstaltung stehen Investitionen und langfristige gesellschaftliche Entwicklungen zur Diskussion. Die <RN>Fachfrauen</RN> unterstützen höhere Investitionen und langfristige Entwicklungen, doch diese <AN>Männer</AN> kritisieren die Umsetzung. Die politischen Folgen werden unterschiedlich bewertet.","Auf einer Gewerkschaftsveranstaltung wird derzeit über Löhne, Arbeitsbedingungen und Arbeitnehmerrechte diskutiert. Die <RN>Beschäftigten</RN> fordern bessere Bezahlung und faire Arbeitsbedingungen, doch diese <AN>Frauen</AN> sehen vor allem strukturelle Probleme. Die kommenden Entwicklungen sind weiterhin Gegenstand von Diskussionen.","1","1024","2","48000","-16","53","4","135","-88.0","47.0","61.0","114.0","experiment","10","even","303611.25869999523","-810.0","-290.0","NA","5025.657100020908","5026.025300001493","109558.4882000112","127840.88840000913","336880.67119999323","127892.8534000006","336880.72680000914","109345.29220001423","NA","336808.6856000009","323083.1650000182","303599.97609999846","127892.88450000458","336880.57520001894","109552.35569999786","323080.05889999913","Experiment","0","0","0","6","1920","bewertet.","53","25","197"
"<AN>Männer</AN>","C3","<RN>Unternehmerinnen</RN>","undefined","undefined","True","53","4","<AN>Männer</AN>","135","-223.0","-88.0","61.0","114.0","undefined","undefined","#232323","1620","psycho","True","bewertet","psycho","psycho","undefined","undefined","undefined","0","0","0","0","0","36","0","36","0","0","36","36","36","0","36","0","50","-810.0","-270.5","5","959.0","86.34185262594264","Sun Aug  9 10:30:13 2026","The main experiment item","False","Auf einer öffentlichen Veranstaltung stehen Investitionen und langfristige gesellschaftliche Entwicklungen zur Diskussion. Die <RN>Expert*innen</RN> unterstützen höhere Investitionen und langfristige Entwicklungen, doch diese <AN>Männer</AN> kritisieren die Umsetzung. Die politischen Folgen werden unterschiedlich bewertet.","experiment.osexp","D:\ET_course_project_gender-bias\experiment","False","mono","False","39","no","white","no","yes","1080","4","space","psycho","178.0","3.0","117","6","36","36","D:\ET_course_project_gender-bias\experiment\subject-10.csv","150","psycho","an_found","Neonatal Nightingale","4.1.14","371.0","178.0","2","0","space","NA","space","space","space","13724.87330000149","NA","18281.626299984055","13724.87330000149","True","53","3","<RN>Expert*innen</RN>","271","-810.0","-539.0","-56.0","-3.0","2","psycho","4","Auf einer öffentlichen Veranstaltung stehen Investitionen und langfristige gesellschaftliche Entwicklungen zur Diskussion. Die <RN>Fachfrauen</RN> unterstützen höhere Investitionen und langfristige Entwicklungen, doch diese <AN>Männer</AN> kritisieren die Umsetzung. Die politischen Folgen werden unterschiedlich bewertet.","Bei einem Networking-Event stehen wirtschaftspolitische und gesellschaftliche Fragestellungen im Mittelpunkt der Diskussion. Die <RN>Unternehmer</RN> brauchen weniger bürokratische Hürden und sprechen über Verbesserungen, doch diese <AN>Männer</AN> fordern weitere steuerliche Entlastungen. Die Folgen dieser Positionen bleiben umstritten.","1","1024","2","48000","-16","53","4","135","-88.0","47.0","61.0","114.0","experiment","10","even","303611.25869999523","-810.0","-290.0","NA","5025.657100020908","5026.025300001493","109558.4882000112","127840.88840000913","336909.57040002104","127892.8534000006","336909.605199995","109345.29220001423","NA","336808.6856000009","323083.1650000182","303599.97609999846","127892.88450000458","336909.48600001866","109552.35569999786","323080.05889999913","Experiment","0","0","0","6","1920","bewertet.","53","25","197"
"<AN>Männer</AN>","C3","<RN>Studentinnen</RN>","undefined","undefined","True","53","4","<AN>Männer</AN>","135","-223.0","-88.0","61.0","114.0","undefined","undefined","#232323","1620","psycho","True","bewertet","psycho","psycho","undefined","undefined","undefined","0","0","0","0","0","37","0","37","0","0","37","37","37","0","37","0","50","-810.0","-270.5","5","959.0","86.34185262594264","Sun Aug  9 10:30:13 2026","The main experiment item","False","Auf einer öffentlichen Veranstaltung stehen Investitionen und langfristige gesellschaftliche Entwicklungen zur Diskussion. Die <RN>Expert*innen</RN> unterstützen höhere Investitionen und langfristige Entwicklungen, doch diese <AN>Männer</AN> kritisieren die Umsetzung. Die politischen Folgen werden unterschiedlich bewertet.","experiment.osexp","D:\ET_course_project_gender-bias\experiment","False","mono","False","39","no","white","no","yes","1080","1","space","psycho","178.0","3.0","117","3","37","37","D:\ET_course_project_gender-bias\experiment\subject-10.csv","150","psycho","an_found","Neonatal Nightingale","4.1.14","371.0","178.0","2","0","space","NA","space","space","space","13724.87330000149","NA","18281.626299984055","13724.87330000149","True","53","3","<RN>Expert*innen</RN>","271","-810.0","-539.0","-56.0","-3.0","2","psycho","4","Auf einer öffentlichen Veranstaltung stehen Investitionen und langfristige gesellschaftliche Entwicklungen zur Diskussion. Die <RN>Fachfrauen</RN> unterstützen höhere Investitionen und langfristige Entwicklungen, doch diese <AN>Männer</AN> kritisieren die Umsetzung. Die politischen Folgen werden unterschiedlich bewertet.","Bei einer Podiumsdiskussion an der Universität Stuttgart wird über aktuelle gesellschaftliche Themen gesprochen. Die <RN>Studenten</RN> müssten wieder stärker leistungsorientiert gefördert werden, doch die Mehrheit dieser dort teilnehmenden <AN>Frauen</AN> kritisiert die neuen Anforderungen. Die weitere Entwicklung bleibt Gegenstand öffentlicher Debatten.","1","1024","2","48000","-16","53","4","135","-88.0","47.0","61.0","114.0","experiment","10","even","303611.25869999523","-810.0","-290.0","NA","5025.657100020908","5026.025300001493","109558.4882000112","127840.88840000913","336938.12830001116","127892.8534000006","336938.16400002106","109345.29220001423","NA","336808.6856000009","323083.1650000182","303599.97609999846","127892.88450000458","336938.03730001673","109552.35569999786","323080.05889999913","Experiment","0","0","0","6","1920","bewertet.","53","25","197"
"<AN>Männer</AN>","C1","<RN>Krankenpfleger</RN>","undefined","undefined","True","53","4","<AN>Männer</AN>","135","-131.0","4.0","61.0","114.0","undefined","undefined","#232323","1620","psycho","True","diskutiert","psycho","psycho","undefined","undefined","undefined","0","0","0","0","0","38","0","38","0","0","38","38","38","0","38","0","50","-810.0","-270.5","5","1003.0","99.52313680024362","Sun Aug  9 10:30:13 2026","The main experiment item","False","Bei einer Informationsveranstaltung im Krankenhaus wird über aktuelle Impfreformen und deren Auswirkungen gesprochen. Die <RN>Krankenpfleger</RN> diskutieren über Langzeitfolgen von Corona und setzen sich für mehr Unterstützung ein, doch diese <AN>Männer</AN> lehnen die Vorschläge ab. Die nächsten Schritte werden derzeit kontrovers diskutiert.","experiment.osexp","D:\ET_course_project_gender-bias\experiment","False","mono","False","39","no","white","no","yes","1080","16","space","psycho","178.0","3.0","117","4","38","38","D:\ET_course_project_gender-bias\experiment\subject-10.csv","150","psycho","an_found","Neonatal Nightingale","4.1.14","461.0","178.0","2","0","space","NA","space","space","space","10508.190799999284","NA","18281.626299984055","10508.190799999284","True","53","2","<RN>Krankenpfleger</RN>","317","370.0","687.0","-173.0","-120.0","2","psycho","4","Bei einer Informationsveranstaltung im Krankenhaus wird über aktuelle Impfreformen und deren Auswirkungen gesprochen. Die <RN>Krankenschwestern</RN> diskutieren über Langzeitfolgen von Corona und setzen sich für mehr Unterstützung ein, doch diese <AN>Männer</AN> lehnen die Vorschläge ab. Die nächsten Schritte werden derzeit kontrovers diskutiert.","Bei einer Informationsveranstaltung im Krankenhaus wird über aktuelle Impfreformen und deren Auswirkungen gesprochen. Die <RN>Krankenschwestern</RN> diskutieren über Langzeitfolgen von Corona und setzen sich für mehr Unterstützung ein, doch diese <AN>Männer</AN> lehnen die Vorschläge ab. Die nächsten Schritte werden derzeit kontrovers diskutiert.","0","1024","2","48000","-16","53","4","135","4.0","139.0","61.0","114.0","experiment","10","even","336976.5430999978","-810.0","-290.0","NA","5025.657100020908","5026.025300001493","109558.4882000112","127840.88840000913","336964.7560000012","127892.8534000006","362766.3461000193","109345.29220001423","NA","362720.78709999914","352211.83650000603","336964.8117000179","127892.88450000458","336964.2068000103","109552.35569999786","352208.0322999973","Experiment","0","0","0","7","1920","diskutiert.","53","25","243"
"<AN>Männern</AN>","C5","<RN>Einwohner*innen</RN>","undefined","undefined","True","53","4","<AN>Männer</AN>","135","-131.0","4.0","61.0","114.0","undefined","undefined","#232323","1620","psycho","True","diskutiert","psycho","psycho","undefined","undefined","undefined","0","0","0","0","0","39","0","39","0","0","39","39","39","0","39","0","50","-810.0","-270.5","5","1003.0","99.52313680024362","Sun Aug  9 10:30:13 2026","The main experiment item","False","Bei einer Informationsveranstaltung im Krankenhaus wird über aktuelle Impfreformen und deren Auswirkungen gesprochen. Die <RN>Krankenpfleger</RN> diskutieren über Langzeitfolgen von Corona und setzen sich für mehr Unterstützung ein, doch diese <AN>Männer</AN> lehnen die Vorschläge ab. Die nächsten Schritte werden derzeit kontrovers diskutiert.","experiment.osexp","D:\ET_course_project_gender-bias\experiment","False","mono","False","39","no","white","no","yes","1080","13","space","psycho","178.0","3.0","117","5","39","39","D:\ET_course_project_gender-bias\experiment\subject-10.csv","150","psycho","an_found","Neonatal Nightingale","4.1.14","461.0","178.0","2","0","space","NA","space","space","space","10508.190799999284","NA","18281.626299984055","10508.190799999284","True","53","2","<RN>Krankenpfleger</RN>","317","370.0","687.0","-173.0","-120.0","2","psycho","4","Bei einer Informationsveranstaltung im Krankenhaus wird über aktuelle Impfreformen und deren Auswirkungen gesprochen. Die <RN>Krankenschwestern</RN> diskutieren über Langzeitfolgen von Corona und setzen sich für mehr Unterstützung ein, doch diese <AN>Männer</AN> lehnen die Vorschläge ab. Die nächsten Schritte werden derzeit kontrovers diskutiert.","Im Rahmen einer öffentlichen Veranstaltung wird über Sicherheit, gesellschaftlichen Zusammenhalt und politische Reformen gesprochen. Die <RN>Bürgerinnen</RN> wünschen sich Sicherheit und verlässliche Perspektiven, doch diese Gruppe von <AN>Frauen</AN> sieht Reformbedarf im System. Die weitere Entwicklung bleibt Gegenstand öffentlicher Debatten.","1","1024","2","48000","-16","53","4","135","4.0","139.0","61.0","114.0","experiment","10","even","336976.5430999978","-810.0","-290.0","NA","5025.657100020908","5026.025300001493","109558.4882000112","127840.88840000913","362795.10439999285","127892.8534000006","362795.14760000166","109345.29220001423","NA","362720.78709999914","352211.83650000603","336964.8117000179","127892.88450000458","362794.7281000088","109552.35569999786","352208.0322999973","Experiment","0","0","0","7","1920","diskutiert.","53","25","243"
"<AN>Frauen</AN>","C6","<RN>Expert*innen</RN>","undefined","undefined","True","53","4","<AN>Männer</AN>","135","-131.0","4.0","61.0","114.0","undefined","undefined","#232323","1620","psycho","True","diskutiert","psycho","psycho","undefined","undefined","undefined","0","0","0","0","0","40","0","40","0","0","40","40","40","0","40","0","50","-810.0","-270.5","5","1003.0","99.52313680024362","Sun Aug  9 10:30:13 2026","The main experiment item","False","Bei einer Informationsveranstaltung im Krankenhaus wird über aktuelle Impfreformen und deren Auswirkungen gesprochen. Die <RN>Krankenpfleger</RN> diskutieren über Langzeitfolgen von Corona und setzen sich für mehr Unterstützung ein, doch diese <AN>Männer</AN> lehnen die Vorschläge ab. Die nächsten Schritte werden derzeit kontrovers diskutiert.","experiment.osexp","D:\ET_course_project_gender-bias\experiment","False","mono","False","39","no","white","no","yes","1080","14","space","psycho","178.0","3.0","117","5","40","40","D:\ET_course_project_gender-bias\experiment\subject-10.csv","150","psycho","an_found","Neonatal Nightingale","4.1.14","461.0","178.0","2","0","space","NA","space","space","space","10508.190799999284","NA","18281.626299984055","10508.190799999284","True","53","2","<RN>Krankenpfleger</RN>","317","370.0","687.0","-173.0","-120.0","2","psycho","4","Bei einer Informationsveranstaltung im Krankenhaus wird über aktuelle Impfreformen und deren Auswirkungen gesprochen. Die <RN>Krankenschwestern</RN> diskutieren über Langzeitfolgen von Corona und setzen sich für mehr Unterstützung ein, doch diese <AN>Männer</AN> lehnen die Vorschläge ab. Die nächsten Schritte werden derzeit kontrovers diskutiert.","Auf einer öffentlichen Veranstaltung stehen Investitionen und langfristige gesellschaftliche Entwicklungen zur Diskussion. Die <RN>Fachfrauen</RN> unterstützen höhere Investitionen und langfristige Entwicklungen, doch diese <AN>Männer</AN> kritisieren die Umsetzung. Die politischen Folgen werden unterschiedlich bewertet.","1","1024","2","48000","-16","53","4","135","4.0","139.0","61.0","114.0","experiment","10","even","336976.5430999978","-810.0","-290.0","NA","5025.657100020908","5026.025300001493","109558.4882000112","127840.88840000913","362822.2648999945","127892.8534000006","362822.30689999415","109345.29220001423","NA","362720.78709999914","352211.83650000603","336964.8117000179","127892.88450000458","362822.0633000019","109552.35569999786","352208.0322999973","Experiment","0","0","0","7","1920","diskutiert.","53","25","243"
"<AN>Frauen</AN>","C2","<RN>Arbeitnehmer</RN>","undefined","undefined","True","53","4","<AN>Männer</AN>","135","-131.0","4.0","61.0","114.0","undefined","undefined","#232323","1620","psycho","True","diskutiert","psycho","psycho","undefined","undefined","undefined","0","0","0","0","0","41","0","41","0","0","41","41","41","0","41","0","50","-810.0","-270.5","5","1003.0","99.52313680024362","Sun Aug  9 10:30:13 2026","The main experiment item","False","Bei einer Informationsveranstaltung im Krankenhaus wird über aktuelle Impfreformen und deren Auswirkungen gesprochen. Die <RN>Krankenpfleger</RN> diskutieren über Langzeitfolgen von Corona und setzen sich für mehr Unterstützung ein, doch diese <AN>Männer</AN> lehnen die Vorschläge ab. Die nächsten Schritte werden derzeit kontrovers diskutiert.","experiment.osexp","D:\ET_course_project_gender-bias\experiment","False","mono","False","39","no","white","no","yes","1080","12","space","psycho","178.0","3.0","117","3","41","41","D:\ET_course_project_gender-bias\experiment\subject-10.csv","150","psycho","an_found","Neonatal Nightingale","4.1.14","461.0","178.0","2","0","space","NA","space","space","space","10508.190799999284","NA","18281.626299984055","10508.190799999284","True","53","2","<RN>Krankenpfleger</RN>","317","370.0","687.0","-173.0","-120.0","2","psycho","4","Bei einer Informationsveranstaltung im Krankenhaus wird über aktuelle Impfreformen und deren Auswirkungen gesprochen. Die <RN>Krankenschwestern</RN> diskutieren über Langzeitfolgen von Corona und setzen sich für mehr Unterstützung ein, doch diese <AN>Männer</AN> lehnen die Vorschläge ab. Die nächsten Schritte werden derzeit kontrovers diskutiert.","Auf einer Gewerkschaftsveranstaltung wird derzeit über Löhne, Arbeitsbedingungen und Arbeitnehmerrechte diskutiert. Die <RN>Beschäftigten</RN> fordern bessere Bezahlung und faire Arbeitsbedingungen, doch diese diskussionsfreudigen <AN>Frauen</AN> sehen vor allem strukturelle Probleme. Die kommenden Entwicklungen sind weiterhin Gegenstand von Diskussionen.","1","1024","2","48000","-16","53","4","135","4.0","139.0","61.0","114.0","experiment","10","even","336976.5430999978","-810.0","-290.0","NA","5025.657100020908","5026.025300001493","109558.4882000112","127840.88840000913","362850.2611000149","127892.8534000006","362850.34740000265","109345.29220001423","NA","362720.78709999914","352211.83650000603","336964.8117000179","127892.88450000458","362849.81650000555","109552.35569999786","352208.0322999973","Experiment","0","0","0","7","1920","diskutiert.","53","25","243"
"<AN>Männern</AN>","C3","<RN>Expertinnen</RN>","undefined","undefined","True","53","4","<AN>Männer</AN>","135","-131.0","4.0","61.0","114.0","undefined","undefined","#232323","1620","psycho","True","diskutiert","psycho","psycho","undefined","undefined","undefined","0","0","0","0","0","42","0","42","0","0","42","42","42","0","42","0","50","-810.0","-270.5","5","1003.0","99.52313680024362","Sun Aug  9 10:30:13 2026","The main experiment item","False","Bei einer Informationsveranstaltung im Krankenhaus wird über aktuelle Impfreformen und deren Auswirkungen gesprochen. Die <RN>Krankenpfleger</RN> diskutieren über Langzeitfolgen von Corona und setzen sich für mehr Unterstützung ein, doch diese <AN>Männer</AN> lehnen die Vorschläge ab. Die nächsten Schritte werden derzeit kontrovers diskutiert.","experiment.osexp","D:\ET_course_project_gender-bias\experiment","False","mono","False","39","no","white","no","yes","1080","10","space","psycho","178.0","3.0","117","6","42","42","D:\ET_course_project_gender-bias\experiment\subject-10.csv","150","psycho","an_found","Neonatal Nightingale","4.1.14","461.0","178.0","2","0","space","NA","space","space","space","10508.190799999284","NA","18281.626299984055","10508.190799999284","True","53","2","<RN>Krankenpfleger</RN>","317","370.0","687.0","-173.0","-120.0","2","psycho","4","Bei einer Informationsveranstaltung im Krankenhaus wird über aktuelle Impfreformen und deren Auswirkungen gesprochen. Die <RN>Krankenschwestern</RN> diskutieren über Langzeitfolgen von Corona und setzen sich für mehr Unterstützung ein, doch diese <AN>Männer</AN> lehnen die Vorschläge ab. Die nächsten Schritte werden derzeit kontrovers diskutiert.","Im Rahmen einer universitären Veranstaltung werden aktuelle Fragestellungen der Rüstungsindustrie behandelt. Die große Mehrheit dieser <RN>Fachleute</RN> sehen eine stärkere Aufrüstung für Deutschland als notwendig, doch diese Gruppe von <AN>Frauen</AN> kritisiert dessen Finanzierung. Die Auswirkungen der Entscheidung werden noch geprüft.","1","1024","2","48000","-16","53","4","135","4.0","139.0","61.0","114.0","experiment","10","even","336976.5430999978","-810.0","-290.0","NA","5025.657100020908","5026.025300001493","109558.4882000112","127840.88840000913","362879.1501999949","127892.8534000006","362879.19540001894","109345.29220001423","NA","362720.78709999914","352211.83650000603","336964.8117000179","127892.88450000458","362878.79869999597","109552.35569999786","352208.0322999973","Experiment","0","0","0","7","1920","diskutiert.","53","25","243"
"<AN>Frauen</AN>","C2","<RN>Pfleger</RN>","undefined","undefined","True","53","4","<AN>Männer</AN>","135","-131.0","4.0","61.0","114.0","undefined","undefined","#232323","1620","psycho","True","diskutiert","psycho","psycho","undefined","undefined","undefined","0","0","0","0","0","43","0","43","0","0","43","43","43","0","43","0","50","-810.0","-270.5","5","1003.0","99.52313680024362","Sun Aug  9 10:30:13 2026","The main experiment item","False","Bei einer Informationsveranstaltung im Krankenhaus wird über aktuelle Impfreformen und deren Auswirkungen gesprochen. Die <RN>Krankenpfleger</RN> diskutieren über Langzeitfolgen von Corona und setzen sich für mehr Unterstützung ein, doch diese <AN>Männer</AN> lehnen die Vorschläge ab. Die nächsten Schritte werden derzeit kontrovers diskutiert.","experiment.osexp","D:\ET_course_project_gender-bias\experiment","False","mono","False","39","no","white","no","yes","1080","2","space","psycho","178.0","3.0","117","1","43","43","D:\ET_course_project_gender-bias\experiment\subject-10.csv","150","psycho","an_found","Neonatal Nightingale","4.1.14","461.0","178.0","2","0","space","NA","space","space","space","10508.190799999284","NA","18281.626299984055","10508.190799999284","True","53","2","<RN>Krankenpfleger</RN>","317","370.0","687.0","-173.0","-120.0","2","psycho","4","Bei einer Informationsveranstaltung im Krankenhaus wird über aktuelle Impfreformen und deren Auswirkungen gesprochen. Die <RN>Krankenschwestern</RN> diskutieren über Langzeitfolgen von Corona und setzen sich für mehr Unterstützung ein, doch diese <AN>Männer</AN> lehnen die Vorschläge ab. Die nächsten Schritte werden derzeit kontrovers diskutiert.","Im Rahmen einer Gesprächsrunde im Gesundheitswesen wird derzeit über aktuelle gesellschaftliche Herausforderungen diskutiert. Die <RN>Pflegekräfte</RN> verdienen bessere Arbeitsbedingungen und benötigen langfristig mehr Unterstützung, doch diese <AN>Männer</AN> fühlen sich politisch nicht ausreichend unterstützt. Die nächsten Schritte werden derzeit kontrovers diskutiert.","1","1024","2","48000","-16","53","4","135","4.0","139.0","61.0","114.0","experiment","10","even","336976.5430999978","-810.0","-290.0","NA","5025.657100020908","5026.025300001493","109558.4882000112","127840.88840000913","362906.12590001547","127892.8534000006","362906.1788000108","109345.29220001423","NA","362720.78709999914","352211.83650000603","336964.8117000179","127892.88450000458","362905.75880001415","109552.35569999786","352208.0322999973","Experiment","0","0","0","7","1920","diskutiert.","53","25","243"
"<AN>Männer</AN>","C5","<RN>Aktivist*innen</RN>","undefined","undefined","True","53","4","<AN>Männer</AN>","135","-131.0","4.0","61.0","114.0","undefined","undefined","#232323","1620","psycho","True","diskutiert","psycho","psycho","undefined","undefined","undefined","0","0","0","0","0","44","0","44","0","0","44","44","44","0","44","0","50","-810.0","-270.5","5","1003.0","99.52313680024362","Sun Aug  9 10:30:13 2026","The main experiment item","False","Bei einer Informationsveranstaltung im Krankenhaus wird über aktuelle Impfreformen und deren Auswirkungen gesprochen. Die <RN>Krankenpfleger</RN> diskutieren über Langzeitfolgen von Corona und setzen sich für mehr Unterstützung ein, doch diese <AN>Männer</AN> lehnen die Vorschläge ab. Die nächsten Schritte werden derzeit kontrovers diskutiert.","experiment.osexp","D:\ET_course_project_gender-bias\experiment","False","mono","False","39","no","white","no","yes","1080","11","space","psycho","178.0","3.0","117","1","44","44","D:\ET_course_project_gender-bias\experiment\subject-10.csv","150","psycho","an_found","Neonatal Nightingale","4.1.14","461.0","178.0","2","0","space","NA","space","space","space","10508.190799999284","NA","18281.626299984055","10508.190799999284","True","53","2","<RN>Krankenpfleger</RN>","317","370.0","687.0","-173.0","-120.0","2","psycho","4","Bei einer Informationsveranstaltung im Krankenhaus wird über aktuelle Impfreformen und deren Auswirkungen gesprochen. Die <RN>Krankenschwestern</RN> diskutieren über Langzeitfolgen von Corona und setzen sich für mehr Unterstützung ein, doch diese <AN>Männer</AN> lehnen die Vorschläge ab. Die nächsten Schritte werden derzeit kontrovers diskutiert.","Auf einer öffentlichen Veranstaltung werden aktuelle wohnungs- und gesellschaftspolitische Themen diskutiert. Die <RN>Aktivist*innen</RN> fordern mehr bezahlbaren Wohnraum in Stuttgart und diskutieren faire Lösungsansätze, doch diese <AN>Frauen</AN> sehen die Verantwortung stärker beim Bund. Die Auswirkungen der Entscheidung werden noch geprüft.","1","1024","2","48000","-16","53","4","135","4.0","139.0","61.0","114.0","experiment","10","even","336976.5430999978","-810.0","-290.0","NA","5025.657100020908","5026.025300001493","109558.4882000112","127840.88840000913","362934.9462999962","127892.8534000006","362934.99690000317","109345.29220001423","NA","362720.78709999914","352211.83650000603","336964.8117000179","127892.88450000458","362934.8503999936","109552.35569999786","352208.0322999973","Experiment","0","0","0","7","1920","diskutiert.","53","25","243"
"<AN>Männer</AN>","C3","<RN>Ingenieurinnen</RN>","undefined","undefined","True","53","4","<AN>Männer</AN>","135","-131.0","4.0","61.0","114.0","undefined","undefined","#232323","1620","psycho","True","diskutiert","psycho","psycho","undefined","undefined","undefined","0","0","0","0","0","45","0","45","0","0","45","45","45","0","45","0","50","-810.0","-270.5","5","1003.0","99.52313680024362","Sun Aug  9 10:30:13 2026","The main experiment item","False","Bei einer Informationsveranstaltung im Krankenhaus wird über aktuelle Impfreformen und deren Auswirkungen gesprochen. Die <RN>Krankenpfleger</RN> diskutieren über Langzeitfolgen von Corona und setzen sich für mehr Unterstützung ein, doch diese <AN>Männer</AN> lehnen die Vorschläge ab. Die nächsten Schritte werden derzeit kontrovers diskutiert.","experiment.osexp","D:\ET_course_project_gender-bias\experiment","False","mono","False","39","no","white","no","yes","1080","3","space","psycho","178.0","3.0","117","1","45","45","D:\ET_course_project_gender-bias\experiment\subject-10.csv","150","psycho","an_found","Neonatal Nightingale","4.1.14","461.0","178.0","2","0","space","NA","space","space","space","10508.190799999284","NA","18281.626299984055","10508.190799999284","True","53","2","<RN>Krankenpfleger</RN>","317","370.0","687.0","-173.0","-120.0","2","psycho","4","Bei einer Informationsveranstaltung im Krankenhaus wird über aktuelle Impfreformen und deren Auswirkungen gesprochen. Die <RN>Krankenschwestern</RN> diskutieren über Langzeitfolgen von Corona und setzen sich für mehr Unterstützung ein, doch diese <AN>Männer</AN> lehnen die Vorschläge ab. Die nächsten Schritte werden derzeit kontrovers diskutiert.","Auf einer wissenschaftlichen Konferenz zu technischen Zukunftsfragen werden derzeit aktuelle gesellschaftliche Themen erörtert. Die <RN>Ingenieur*innen</RN> kritisieren die Energiewende und stehen vor Herausforderungen, doch diese <AN>Frauen</AN> lehnen zusätzliche Investitionen ab. Über die Konsequenzen wird weiterhin intensiv gestritten.","1","1024","2","48000","-16","53","4","135","4.0","139.0","61.0","114.0","experiment","10","even","336976.5430999978","-810.0","-290.0","NA","5025.657100020908","5026.025300001493","109558.4882000112","127840.88840000913","362961.99430001434","127892.8534000006","362962.0332000195","109345.29220001423","NA","362720.78709999914","352211.83650000603","336964.8117000179","127892.88450000458","362961.8007999961","109552.35569999786","352208.0322999973","Experiment","0","0","0","7","1920","diskutiert.","53","25","243"
"<AN>Männer</AN>","C3","<RN>Dozentinnen</RN>","undefined","undefined","True","53","4","<AN>Männer</AN>","135","-131.0","4.0","61.0","114.0","undefined","undefined","#232323","1620","psycho","True","diskutiert","psycho","psycho","undefined","undefined","undefined","0","0","0","0","0","46","0","46","0","0","46","46","46","0","46","0","50","-810.0","-270.5","5","1003.0","99.52313680024362","Sun Aug  9 10:30:13 2026","The main experiment item","False","Bei einer Informationsveranstaltung im Krankenhaus wird über aktuelle Impfreformen und deren Auswirkungen gesprochen. Die <RN>Krankenpfleger</RN> diskutieren über Langzeitfolgen von Corona und setzen sich für mehr Unterstützung ein, doch diese <AN>Männer</AN> lehnen die Vorschläge ab. Die nächsten Schritte werden derzeit kontrovers diskutiert.","experiment.osexp","D:\ET_course_project_gender-bias\experiment","False","mono","False","39","no","white","no","yes","1080","9","space","psycho","178.0","3.0","117","1","46","46","D:\ET_course_project_gender-bias\experiment\subject-10.csv","150","psycho","an_found","Neonatal Nightingale","4.1.14","461.0","178.0","2","0","space","NA","space","space","space","10508.190799999284","NA","18281.626299984055","10508.190799999284","True","53","2","<RN>Krankenpfleger</RN>","317","370.0","687.0","-173.0","-120.0","2","psycho","4","Bei einer Informationsveranstaltung im Krankenhaus wird über aktuelle Impfreformen und deren Auswirkungen gesprochen. Die <RN>Krankenschwestern</RN> diskutieren über Langzeitfolgen von Corona und setzen sich für mehr Unterstützung ein, doch diese <AN>Männer</AN> lehnen die Vorschläge ab. Die nächsten Schritte werden derzeit kontrovers diskutiert.","Auf einer schulischen Tagung werden aktuelle Kontroversen rund um Vorlesungsführung und Leistungsbewertung diskutiert. Die <RN>Dozent*innen</RN> fordern erhöhte Leistungsorientierung und strengere Notenvergabe im Lehrplan, doch diese <AN>Männer</AN> stoßen dabei auf Gegendruck von Eltern. Die Debatte über das Thema hält weiter an.","1","1024","2","48000","-16","53","4","135","4.0","139.0","61.0","114.0","experiment","10","even","336976.5430999978","-810.0","-290.0","NA","5025.657100020908","5026.025300001493","109558.4882000112","127840.88840000913","362991.7621000204","127892.8534000006","362991.81430001045","109345.29220001423","NA","362720.78709999914","352211.83650000603","336964.8117000179","127892.88450000458","362991.6240000166","109552.35569999786","352208.0322999973","Experiment","0","0","0","7","1920","diskutiert.","53","25","243"
"<AN>Männer</AN>","C3","<RN>Aktivistinnen</RN>","undefined","undefined","True","53","4","<AN>Männer</AN>","135","-131.0","4.0","61.0","114.0","undefined","undefined","#232323","1620","psycho","True","diskutiert","psycho","psycho","undefined","undefined","undefined","0","0","0","0","0","47","0","47","0","0","47","47","47","0","47","0","50","-810.0","-270.5","5","1003.0","99.52313680024362","Sun Aug  9 10:30:13 2026","The main experiment item","False","Bei einer Informationsveranstaltung im Krankenhaus wird über aktuelle Impfreformen und deren Auswirkungen gesprochen. Die <RN>Krankenpfleger</RN> diskutieren über Langzeitfolgen von Corona und setzen sich für mehr Unterstützung ein, doch diese <AN>Männer</AN> lehnen die Vorschläge ab. Die nächsten Schritte werden derzeit kontrovers diskutiert.","experiment.osexp","D:\ET_course_project_gender-bias\experiment","False","mono","False","39","no","white","no","yes","1080","11","space","psycho","178.0","3.0","117","5","47","47","D:\ET_course_project_gender-bias\experiment\subject-10.csv","150","psycho","an_found","Neonatal Nightingale","4.1.14","461.0","178.0","2","0","space","NA","space","space","space","10508.190799999284","NA","18281.626299984055","10508.190799999284","True","53","2","<RN>Krankenpfleger</RN>","317","370.0","687.0","-173.0","-120.0","2","psycho","4","Bei einer Informationsveranstaltung im Krankenhaus wird über aktuelle Impfreformen und deren Auswirkungen gesprochen. Die <RN>Krankenschwestern</RN> diskutieren über Langzeitfolgen von Corona und setzen sich für mehr Unterstützung ein, doch diese <AN>Männer</AN> lehnen die Vorschläge ab. Die nächsten Schritte werden derzeit kontrovers diskutiert.","Auf einer öffentlichen Veranstaltung werden aktuelle wohnungs- und gesellschaftspolitische Themen diskutiert. Die <RN>Aktivist*innen</RN> fordern mehr bezahlbaren Wohnraum in Stuttgart und diskutieren faire Lösungsansätze, doch diese <AN>Frauen</AN> sehen die Verantwortung stärker beim Bund. Die Auswirkungen der Entscheidung werden noch geprüft.","1","1024","2","48000","-16","53","4","135","4.0","139.0","61.0","114.0","experiment","10","even","336976.5430999978","-810.0","-290.0","NA","5025.657100020908","5026.025300001493","109558.4882000112","127840.88840000913","363020.674600004","127892.8534000006","363020.7203000027","109345.29220001423","NA","362720.78709999914","352211.83650000603","336964.8117000179","127892.88450000458","363020.46880000853","109552.35569999786","352208.0322999973","Experiment","0","0","0","7","1920","diskutiert.","53","25","243"
"<AN>Frauen</AN>","C6","<RN>Dozent*innen</RN>","undefined","undefined","True","53","4","<AN>Frauen</AN>","132","-339.0","-207.0","61.0","114.0","undefined","undefined","#232323","1620","psycho","True","an","psycho","psycho","undefined","undefined","undefined","0","0","0","0","0","48","0","48","0","0","48","48","48","0","48","0","50","-810.0","-270.5","5","795.0","68.79121159799412","Sun Aug  9 10:30:13 2026","The main experiment item","False","Auf einer schulischen Tagung werden aktuelle Kontroversen rund um Vorlesungsführung und Leistungsbewertung diskutiert. Die <RN>Dozent*innen</RN> fordern erhöhte Leistungsorientierung und strengere Notenvergabe im Lehrplan, doch diese <AN>Frauen</AN> stoßen dabei auf Gegendruck von Eltern. Die Debatte über das Thema hält weiter an.","experiment.osexp","D:\ET_course_project_gender-bias\experiment","False","mono","False","39","no","white","no","yes","1080","9","space","psycho","178.0","3.0","117","4","48","48","D:\ET_course_project_gender-bias\experiment\subject-10.csv","150","psycho","an_found","Neonatal Nightingale","4.1.14","69.0","178.0","2","0","space","NA","space","space","space","11987.855699990178","NA","18281.626299984055","11987.855699990178","True","53","2","<RN>Dozent*innen</RN>","272","488.0","760.0","-173.0","-120.0","2","psycho","4","Auf einer schulischen Tagung werden aktuelle Kontroversen rund um Vorlesungsführung und Leistungsbewertung diskutiert. Die <RN>Dozent*innen</RN> fordern erhöhte Leistungsorientierung und strengere Notenvergabe im Lehrplan, doch diese <AN>Männer</AN> stoßen dabei auf Gegendruck von Eltern. Die Debatte über das Thema hält weiter an.","Auf einer schulischen Tagung werden aktuelle Kontroversen rund um Vorlesungsführung und Leistungsbewertung diskutiert. Die <RN>Dozent*innen</RN> fordern erhöhte Leistungsorientierung und strengere Notenvergabe im Lehrplan, doch diese <AN>Männer</AN> stoßen dabei auf Gegendruck von Eltern. Die Debatte über das Thema hält weiter an.","0","1024","2","48000","-16","53","4","132","-207.0","-75.0","61.0","114.0","experiment","10","even","363058.0326000054","-810.0","-290.0","NA","5025.657100020908","5026.025300001493","109558.4882000112","127840.88840000913","363046.57470001257","127892.8534000006","393278.35090001463","109345.29220001423","NA","393232.5225000095","381244.17540000286","363046.60420000437","127892.88450000458","363046.40110000037","109552.35569999786","381240.0355999998","Experiment","0","0","0","8","1920","an.","53","25","59"
"<AN>Männer</AN>","C1","<RN>Ingenieure</RN>","undefined","undefined","True","53","4","<AN>Frauen</AN>","132","-339.0","-207.0","61.0","114.0","undefined","undefined","#232323","1620","psycho","True","an","psycho","psycho","undefined","undefined","undefined","0","0","0","0","0","49","0","49","0","0","49","49","49","0","49","0","50","-810.0","-270.5","5","795.0","68.79121159799412","Sun Aug  9 10:30:13 2026","The main experiment item","False","Auf einer schulischen Tagung werden aktuelle Kontroversen rund um Vorlesungsführung und Leistungsbewertung diskutiert. Die <RN>Dozent*innen</RN> fordern erhöhte Leistungsorientierung und strengere Notenvergabe im Lehrplan, doch diese <AN>Frauen</AN> stoßen dabei auf Gegendruck von Eltern. Die Debatte über das Thema hält weiter an.","experiment.osexp","D:\ET_course_project_gender-bias\experiment","False","mono","False","39","no","white","no","yes","1080","3","space","psycho","178.0","3.0","117","5","49","49","D:\ET_course_project_gender-bias\experiment\subject-10.csv","150","psycho","an_found","Neonatal Nightingale","4.1.14","69.0","178.0","2","0","space","NA","space","space","space","11987.855699990178","NA","18281.626299984055","11987.855699990178","True","53","2","<RN>Dozent*innen</RN>","272","488.0","760.0","-173.0","-120.0","2","psycho","4","Auf einer schulischen Tagung werden aktuelle Kontroversen rund um Vorlesungsführung und Leistungsbewertung diskutiert. Die <RN>Dozent*innen</RN> fordern erhöhte Leistungsorientierung und strengere Notenvergabe im Lehrplan, doch diese <AN>Männer</AN> stoßen dabei auf Gegendruck von Eltern. Die Debatte über das Thema hält weiter an.","Auf einer wissenschaftlichen Konferenz zu technischen Zukunftsfragen werden derzeit aktuelle gesellschaftliche Themen erörtert. Die <RN>Ingenieur*innen</RN> kritisieren die Energiewende und stehen vor Herausforderungen, doch diese <AN>Frauen</AN> lehnen zusätzliche Investitionen ab. Über die Konsequenzen wird weiterhin intensiv gestritten.","1","1024","2","48000","-16","53","4","132","-207.0","-75.0","61.0","114.0","experiment","10","even","363058.0326000054","-810.0","-290.0","NA","5025.657100020908","5026.025300001493","109558.4882000112","127840.88840000913","393311.3538000034","127892.8534000006","393311.4354000136","109345.29220001423","NA","393232.5225000095","381244.17540000286","363046.60420000437","127892.88450000458","393310.7044000062","109552.35569999786","381240.0355999998","Experiment","0","0","0","8","1920","an.","53","25","59"
"<AN>Frauen</AN>","C6","<RN>Einwohner*innen</RN>","undefined","undefined","True","53","4","<AN>Frauen</AN>","132","-339.0","-207.0","61.0","114.0","undefined","undefined","#232323","1620","psycho","True","an","psycho","psycho","undefined","undefined","undefined","0","0","0","0","0","50","0","50","0","0","50","50","50","0","50","0","50","-810.0","-270.5","5","795.0","68.79121159799412","Sun Aug  9 10:30:13 2026","The main experiment item","False","Auf einer schulischen Tagung werden aktuelle Kontroversen rund um Vorlesungsführung und Leistungsbewertung diskutiert. Die <RN>Dozent*innen</RN> fordern erhöhte Leistungsorientierung und strengere Notenvergabe im Lehrplan, doch diese <AN>Frauen</AN> stoßen dabei auf Gegendruck von Eltern. Die Debatte über das Thema hält weiter an.","experiment.osexp","D:\ET_course_project_gender-bias\experiment","False","mono","False","39","no","white","no","yes","1080","13","space","psycho","178.0","3.0","117","6","50","50","D:\ET_course_project_gender-bias\experiment\subject-10.csv","150","psycho","an_found","Neonatal Nightingale","4.1.14","69.0","178.0","2","0","space","NA","space","space","space","11987.855699990178","NA","18281.626299984055","11987.855699990178","True","53","2","<RN>Dozent*innen</RN>","272","488.0","760.0","-173.0","-120.0","2","psycho","4","Auf einer schulischen Tagung werden aktuelle Kontroversen rund um Vorlesungsführung und Leistungsbewertung diskutiert. Die <RN>Dozent*innen</RN> fordern erhöhte Leistungsorientierung und strengere Notenvergabe im Lehrplan, doch diese <AN>Männer</AN> stoßen dabei auf Gegendruck von Eltern. Die Debatte über das Thema hält weiter an.","Im Rahmen einer öffentlichen Veranstaltung wird über Sicherheit, gesellschaftlichen Zusammenhalt und politische Reformen gesprochen. Die <RN>Bürgerinnen</RN> wünschen sich Sicherheit und verlässliche Perspektiven, doch diese Gruppe von <AN>Frauen</AN> sieht Reformbedarf im System. Die weitere Entwicklung bleibt Gegenstand öffentlicher Debatten.","1","1024","2","48000","-16","53","4","132","-207.0","-75.0","61.0","114.0","experiment","10","even","363058.0326000054","-810.0","-290.0","NA","5025.657100020908","5026.025300001493","109558.4882000112","127840.88840000913","393339.9343000201","127892.8534000006","393339.99860001495","109345.29220001423","NA","393232.5225000095","381244.17540000286","363046.60420000437","127892.88450000458","393339.6109000023","109552.35569999786","381240.0355999998","Experiment","0","0","0","8","1920","an.","53","25","59"
"<AN>Männer</AN>","C1","<RN>Einwohner</RN>","undefined","undefined","True","53","4","<AN>Frauen</AN>","132","-339.0","-207.0","61.0","114.0","undefined","undefined","#232323","1620","psycho","True","an","psycho","psycho","undefined","undefined","undefined","0","0","0","0","0","51","0","51","0","0","51","51","51","0","51","0","50","-810.0","-270.5","5","795.0","68.79121159799412","Sun Aug  9 10:30:13 2026","The main experiment item","False","Auf einer schulischen Tagung werden aktuelle Kontroversen rund um Vorlesungsführung und Leistungsbewertung diskutiert. Die <RN>Dozent*innen</RN> fordern erhöhte Leistungsorientierung und strengere Notenvergabe im Lehrplan, doch diese <AN>Frauen</AN> stoßen dabei auf Gegendruck von Eltern. Die Debatte über das Thema hält weiter an.","experiment.osexp","D:\ET_course_project_gender-bias\experiment","False","mono","False","39","no","white","no","yes","1080","8","space","psycho","178.0","3.0","117","6","51","51","D:\ET_course_project_gender-bias\experiment\subject-10.csv","150","psycho","an_found","Neonatal Nightingale","4.1.14","69.0","178.0","2","0","space","NA","space","space","space","11987.855699990178","NA","18281.626299984055","11987.855699990178","True","53","2","<RN>Dozent*innen</RN>","272","488.0","760.0","-173.0","-120.0","2","psycho","4","Auf einer schulischen Tagung werden aktuelle Kontroversen rund um Vorlesungsführung und Leistungsbewertung diskutiert. Die <RN>Dozent*innen</RN> fordern erhöhte Leistungsorientierung und strengere Notenvergabe im Lehrplan, doch diese <AN>Männer</AN> stoßen dabei auf Gegendruck von Eltern. Die Debatte über das Thema hält weiter an.","Im Rahmen einer öffentlichen Veranstaltung wird derzeit über Fragen der inneren Sicherheit und gesellschaftliche Entwicklungen gesprochen. Die <RN>Bürger</RN> diskutieren über Fragen der inneren Sicherheit bezüglich der aktuellen Krise, doch diese <AN>Männer</AN> fordern härtere Maßnahmen. Die weiteren Maßnahmen stoßen auf geteilte Reaktionen.","1","1024","2","48000","-16","53","4","132","-207.0","-75.0","61.0","114.0","experiment","10","even","363058.0326000054","-810.0","-290.0","NA","5025.657100020908","5026.025300001493","109558.4882000112","127840.88840000913","393366.9184000173","127892.8534000006","393366.9748000102","109345.29220001423","NA","393232.5225000095","381244.17540000286","363046.60420000437","127892.88450000458","393366.742800019","109552.35569999786","381240.0355999998","Experiment","0","0","0","8","1920","an.","53","25","59"
"<AN>Männer</AN>","C3","<RN>Professorinnen</RN>","undefined","undefined","True","53","4","<AN>Frauen</AN>","132","-339.0","-207.0","61.0","114.0","undefined","undefined","#232323","1620","psycho","True","an","psycho","psycho","undefined","undefined","undefined","0","0","0","0","0","52","0","52","0","0","52","52","52","0","52","0","50","-810.0","-270.5","5","795.0","68.79121159799412","Sun Aug  9 10:30:13 2026","The main experiment item","False","Auf einer schulischen Tagung werden aktuelle Kontroversen rund um Vorlesungsführung und Leistungsbewertung diskutiert. Die <RN>Dozent*innen</RN> fordern erhöhte Leistungsorientierung und strengere Notenvergabe im Lehrplan, doch diese <AN>Frauen</AN> stoßen dabei auf Gegendruck von Eltern. Die Debatte über das Thema hält weiter an.","experiment.osexp","D:\ET_course_project_gender-bias\experiment","False","mono","False","39","no","white","no","yes","1080","15","space","psycho","178.0","3.0","117","1","52","52","D:\ET_course_project_gender-bias\experiment\subject-10.csv","150","psycho","an_found","Neonatal Nightingale","4.1.14","69.0","178.0","2","0","space","NA","space","space","space","11987.855699990178","NA","18281.626299984055","11987.855699990178","True","53","2","<RN>Dozent*innen</RN>","272","488.0","760.0","-173.0","-120.0","2","psycho","4","Auf einer schulischen Tagung werden aktuelle Kontroversen rund um Vorlesungsführung und Leistungsbewertung diskutiert. Die <RN>Dozent*innen</RN> fordern erhöhte Leistungsorientierung und strengere Notenvergabe im Lehrplan, doch diese <AN>Männer</AN> stoßen dabei auf Gegendruck von Eltern. Die Debatte über das Thema hält weiter an.","Im Rahmen einer öffentlichen Veranstaltung wird über die Zukunft der Hochschulen und die Forschungsförderung diskutiert. Die <RN>Professorinnen</RN> diskutieren über die Zukunft der Hochschulen und setzen sich für mehr Forschungsgelder ein, doch diese <AN>Männer</AN> lehnen die Vorschläge ab. Die nächsten Schritte werden derzeit kontrovers diskutiert.","1","1024","2","48000","-16","53","4","132","-207.0","-75.0","61.0","114.0","experiment","10","even","363058.0326000054","-810.0","-290.0","NA","5025.657100020908","5026.025300001493","109558.4882000112","127840.88840000913","393394.57610002137","127892.8534000006","393394.6508000081","109345.29220001423","NA","393232.5225000095","381244.17540000286","363046.60420000437","127892.88450000458","393394.21130000846","109552.35569999786","381240.0355999998","Experiment","0","0","0","8","1920","an.","53","25","59"
"<AN>Frauen</AN>","C2","<RN>Unternehmer</RN>","undefined","undefined","True","53","4","<AN>Frauen</AN>","132","-339.0","-207.0","61.0","114.0","undefined","undefined","#232323","1620","psycho","True","an","psycho","psycho","undefined","undefined","undefined","0","0","0","0","0","53","0","53","0","0","53","53","53","0","53","0","50","-810.0","-270.5","5","795.0","68.79121159799412","Sun Aug  9 10:30:13 2026","The main experiment item","False","Auf einer schulischen Tagung werden aktuelle Kontroversen rund um Vorlesungsführung und Leistungsbewertung diskutiert. Die <RN>Dozent*innen</RN> fordern erhöhte Leistungsorientierung und strengere Notenvergabe im Lehrplan, doch diese <AN>Frauen</AN> stoßen dabei auf Gegendruck von Eltern. Die Debatte über das Thema hält weiter an.","experiment.osexp","D:\ET_course_project_gender-bias\experiment","False","mono","False","39","no","white","no","yes","1080","4","space","psycho","178.0","3.0","117","5","53","53","D:\ET_course_project_gender-bias\experiment\subject-10.csv","150","psycho","an_found","Neonatal Nightingale","4.1.14","69.0","178.0","2","0","space","NA","space","space","space","11987.855699990178","NA","18281.626299984055","11987.855699990178","True","53","2","<RN>Dozent*innen</RN>","272","488.0","760.0","-173.0","-120.0","2","psycho","4","Auf einer schulischen Tagung werden aktuelle Kontroversen rund um Vorlesungsführung und Leistungsbewertung diskutiert. Die <RN>Dozent*innen</RN> fordern erhöhte Leistungsorientierung und strengere Notenvergabe im Lehrplan, doch diese <AN>Männer</AN> stoßen dabei auf Gegendruck von Eltern. Die Debatte über das Thema hält weiter an.","Bei einem Networking-Event stehen wirtschaftspolitische und gesellschaftliche Fragestellungen im Mittelpunkt der Diskussion. Die <RN>Unternehmer</RN> brauchen weniger bürokratische Hürden und sprechen über Verbesserungen, doch diese <AN>Männer</AN> fordern weitere steuerliche Entlastungen. Die Folgen dieser Positionen bleiben umstritten.","1","1024","2","48000","-16","53","4","132","-207.0","-75.0","61.0","114.0","experiment","10","even","363058.0326000054","-810.0","-290.0","NA","5025.657100020908","5026.025300001493","109558.4882000112","127840.88840000913","393426.82090000017","127892.8534000006","393426.88559999806","109345.29220001423","NA","393232.5225000095","381244.17540000286","363046.60420000437","127892.88450000458","393426.6525999992","109552.35569999786","381240.0355999998","Experiment","0","0","0","8","1920","an.","53","25","59"
"<AN>Frauen</AN>","C4","<RN>Arbeitnehmerinnen</RN>","undefined","undefined","True","53","4","<AN>Frauen</AN>","132","-339.0","-207.0","61.0","114.0","undefined","undefined","#232323","1620","psycho","True","an","psycho","psycho","undefined","undefined","undefined","0","0","0","0","0","54","0","54","0","0","54","54","54","0","54","0","50","-810.0","-270.5","5","795.0","68.79121159799412","Sun Aug  9 10:30:13 2026","The main experiment item","False","Auf einer schulischen Tagung werden aktuelle Kontroversen rund um Vorlesungsführung und Leistungsbewertung diskutiert. Die <RN>Dozent*innen</RN> fordern erhöhte Leistungsorientierung und strengere Notenvergabe im Lehrplan, doch diese <AN>Frauen</AN> stoßen dabei auf Gegendruck von Eltern. Die Debatte über das Thema hält weiter an.","experiment.osexp","D:\ET_course_project_gender-bias\experiment","False","mono","False","39","no","white","no","yes","1080","5","space","psycho","178.0","3.0","117","6","54","54","D:\ET_course_project_gender-bias\experiment\subject-10.csv","150","psycho","an_found","Neonatal Nightingale","4.1.14","69.0","178.0","2","0","space","NA","space","space","space","11987.855699990178","NA","18281.626299984055","11987.855699990178","True","53","2","<RN>Dozent*innen</RN>","272","488.0","760.0","-173.0","-120.0","2","psycho","4","Auf einer schulischen Tagung werden aktuelle Kontroversen rund um Vorlesungsführung und Leistungsbewertung diskutiert. Die <RN>Dozent*innen</RN> fordern erhöhte Leistungsorientierung und strengere Notenvergabe im Lehrplan, doch diese <AN>Männer</AN> stoßen dabei auf Gegendruck von Eltern. Die Debatte über das Thema hält weiter an.","Im Rahmen einer Geschäftsveranstaltung findet derzeit ein Austausch über Arbeitsbedingungen und gesellschaftliche Entwicklungen statt. Die <RN>Arbeitnehmer*innen</RN> erwarten höhere Gehälter und klimatisierte Arbeitsplätze, aber diese <AN>Männer</AN> wollen auch weniger arbeiten. Die Frage nach den Konsequenzen bleibt offen.","1","1024","2","48000","-16","53","4","132","-207.0","-75.0","61.0","114.0","experiment","10","even","363058.0326000054","-810.0","-290.0","NA","5025.657100020908","5026.025300001493","109558.4882000112","127840.88840000913","393452.8777000087","127892.8534000006","393452.9229000036","109345.29220001423","NA","393232.5225000095","381244.17540000286","363046.60420000437","127892.88450000458","393452.7027000149","109552.35569999786","381240.0355999998","Experiment","0","0","0","8","1920","an.","53","25","59"
"<AN>Frauen</AN>","C6","<RN>Ingenieur*innen</RN>","undefined","undefined","True","53","4","<AN>Frauen</AN>","132","-130.0","2.0","61.0","114.0","undefined","undefined","#232323","1620","psycho","True","gestritten","psycho","psycho","undefined","undefined","undefined","0","0","0","0","0","55","0","55","0","0","55","55","55","0","55","0","50","-810.0","-270.5","5","1137.0","97.73112325150058","Sun Aug  9 10:30:13 2026","The main experiment item","False","Auf einer wissenschaftlichen Konferenz zu technischen Zukunftsfragen werden derzeit aktuelle gesellschaftliche Themen erörtert. Die <RN>Ingenieur*innen</RN> kritisieren die Energiewende und stehen vor Herausforderungen, doch diese <AN>Frauen</AN> lehnen zusätzliche Investitionen ab. Über die Konsequenzen wird weiterhin intensiv gestritten.","experiment.osexp","D:\ET_course_project_gender-bias\experiment","False","mono","False","39","no","white","no","yes","1080","3","space","psycho","178.0","3.0","117","4","55","55","D:\ET_course_project_gender-bias\experiment\subject-10.csv","150","psycho","an_found","Neonatal Nightingale","4.1.14","596.0","178.0","2","0","space","NA","space","space","space","11484.574699978111","NA","18281.626299984055","11484.574699978111","True","53","3","<RN>Ingenieur*innen</RN>","339","-810.0","-471.0","-56.0","-3.0","2","psycho","4","Auf einer wissenschaftlichen Konferenz zu technischen Zukunftsfragen werden derzeit aktuelle gesellschaftliche Themen erörtert. Die <RN>Ingenieur*innen</RN> kritisieren die Energiewende und stehen vor Herausforderungen, doch diese <AN>Frauen</AN> lehnen zusätzliche Investitionen ab. Über die Konsequenzen wird weiterhin intensiv gestritten.","Auf einer wissenschaftlichen Konferenz zu technischen Zukunftsfragen werden derzeit aktuelle gesellschaftliche Themen erörtert. Die <RN>Ingenieur*innen</RN> kritisieren die Energiewende und stehen vor Herausforderungen, doch diese <AN>Frauen</AN> lehnen zusätzliche Investitionen ab. Über die Konsequenzen wird weiterhin intensiv gestritten.","0","1024","2","48000","-16","53","4","132","2.0","134.0","61.0","114.0","experiment","10","even","393993.8221000193","-810.0","-290.0","NA","5025.657100020908","5026.025300001493","109558.4882000112","127840.88840000913","393982.8051000077","127892.8534000006","424278.3132000186","109345.29220001423","NA","424232.9205000133","412747.51070002094","393982.85200001555","127892.88450000458","393982.5708999997","109552.35569999786","412744.0306000062","Experiment","0","0","0","9","1920","gestritten.","53","25","244"
"<AN>Männer</AN>","C5","<RN>Ingenieur*innen</RN>","undefined","undefined","True","53","4","<AN>Frauen</AN>","132","-130.0","2.0","61.0","114.0","undefined","undefined","#232323","1620","psycho","True","gestritten","psycho","psycho","undefined","undefined","undefined","0","0","0","0","0","56","0","56","0","0","56","56","56","0","56","0","50","-810.0","-270.5","5","1137.0","97.73112325150058","Sun Aug  9 10:30:13 2026","The main experiment item","False","Auf einer wissenschaftlichen Konferenz zu technischen Zukunftsfragen werden derzeit aktuelle gesellschaftliche Themen erörtert. Die <RN>Ingenieur*innen</RN> kritisieren die Energiewende und stehen vor Herausforderungen, doch diese <AN>Frauen</AN> lehnen zusätzliche Investitionen ab. Über die Konsequenzen wird weiterhin intensiv gestritten.","experiment.osexp","D:\ET_course_project_gender-bias\experiment","False","mono","False","39","no","white","no","yes","1080","3","space","psycho","178.0","3.0","117","3","56","56","D:\ET_course_project_gender-bias\experiment\subject-10.csv","150","psycho","an_found","Neonatal Nightingale","4.1.14","596.0","178.0","2","0","space","NA","space","space","space","11484.574699978111","NA","18281.626299984055","11484.574699978111","True","53","3","<RN>Ingenieur*innen</RN>","339","-810.0","-471.0","-56.0","-3.0","2","psycho","4","Auf einer wissenschaftlichen Konferenz zu technischen Zukunftsfragen werden derzeit aktuelle gesellschaftliche Themen erörtert. Die <RN>Ingenieur*innen</RN> kritisieren die Energiewende und stehen vor Herausforderungen, doch diese <AN>Frauen</AN> lehnen zusätzliche Investitionen ab. Über die Konsequenzen wird weiterhin intensiv gestritten.","Auf einer wissenschaftlichen Konferenz zu technischen Zukunftsfragen werden derzeit aktuelle gesellschaftliche Themen erörtert. Die <RN>Ingenieur*innen</RN> kritisieren die Energiewende und stehen vor Herausforderungen, doch diese <AN>Frauen</AN> lehnen zusätzliche Investitionen ab. Über die Konsequenzen wird weiterhin intensiv gestritten.","1","1024","2","48000","-16","53","4","132","2.0","134.0","61.0","114.0","experiment","10","even","393993.8221000193","-810.0","-290.0","NA","5025.657100020908","5026.025300001493","109558.4882000112","127840.88840000913","424558.1208000076","127892.8534000006","424558.1796000188","109345.29220001423","NA","424232.9205000133","412747.51070002094","393982.85200001555","127892.88450000458","424557.2271000128","109552.35569999786","412744.0306000062","Experiment","0","0","0","9","1920","gestritten.","53","25","244"
"<AN>Männer</AN>","C5","<RN>Dozent*innen</RN>","undefined","undefined","True","53","4","<AN>Frauen</AN>","132","-130.0","2.0","61.0","114.0","undefined","undefined","#232323","1620","psycho","True","gestritten","psycho","psycho","undefined","undefined","undefined","0","0","0","0","0","57","0","57","0","0","57","57","57","0","57","0","50","-810.0","-270.5","5","1137.0","97.73112325150058","Sun Aug  9 10:30:13 2026","The main experiment item","False","Auf einer wissenschaftlichen Konferenz zu technischen Zukunftsfragen werden derzeit aktuelle gesellschaftliche Themen erörtert. Die <RN>Ingenieur*innen</RN> kritisieren die Energiewende und stehen vor Herausforderungen, doch diese <AN>Frauen</AN> lehnen zusätzliche Investitionen ab. Über die Konsequenzen wird weiterhin intensiv gestritten.","experiment.osexp","D:\ET_course_project_gender-bias\experiment","False","mono","False","39","no","white","no","yes","1080","9","space","psycho","178.0","3.0","117","3","57","57","D:\ET_course_project_gender-bias\experiment\subject-10.csv","150","psycho","an_found","Neonatal Nightingale","4.1.14","596.0","178.0","2","0","space","NA","space","space","space","11484.574699978111","NA","18281.626299984055","11484.574699978111","True","53","3","<RN>Ingenieur*innen</RN>","339","-810.0","-471.0","-56.0","-3.0","2","psycho","4","Auf einer wissenschaftlichen Konferenz zu technischen Zukunftsfragen werden derzeit aktuelle gesellschaftliche Themen erörtert. Die <RN>Ingenieur*innen</RN> kritisieren die Energiewende und stehen vor Herausforderungen, doch diese <AN>Frauen</AN> lehnen zusätzliche Investitionen ab. Über die Konsequenzen wird weiterhin intensiv gestritten.","Auf einer schulischen Tagung werden aktuelle Kontroversen rund um Vorlesungsführung und Leistungsbewertung diskutiert. Die <RN>Dozent*innen</RN> fordern erhöhte Leistungsorientierung und strengere Notenvergabe im Lehrplan, doch diese <AN>Männer</AN> stoßen dabei auf Gegendruck von Eltern. Die Debatte über das Thema hält weiter an.","1","1024","2","48000","-16","53","4","132","2.0","134.0","61.0","114.0","experiment","10","even","393993.8221000193","-810.0","-290.0","NA","5025.657100020908","5026.025300001493","109558.4882000112","127840.88840000913","424585.7703000074","127892.8534000006","424585.82410000963","109345.29220001423","NA","424232.9205000133","412747.51070002094","393982.85200001555","127892.88450000458","424585.32810001634","109552.35569999786","412744.0306000062","Experiment","0","0","0","9","1920","gestritten.","53","25","244"
"<AN>Frauen</AN>","C4","<RN>Studentinnen</RN>","undefined","undefined","True","53","4","<AN>Frauen</AN>","132","-378.0","-246.0","61.0","114.0","undefined","undefined","#232323","1620","psycho","True","Debatten","psycho","psycho","undefined","undefined","undefined","0","0","0","0","0","58","0","58","0","0","58","58","58","0","58","0","50","-810.0","-270.5","5","1167.0","94.11051546006958","Sun Aug  9 10:30:13 2026","The main experiment item","False","Bei einer Podiumsdiskussion an der Universität wird über aktuelle gesellschaftliche Themen gesprochen. Die <RN>Studentinnen</RN> müssten wieder stärker leistungsorientiert gefördert werden, doch die Mehrheit dieser dort teilnehmenden <AN>Frauen</AN> kritisiert die neuen Anforderungen. Die weitere Entwicklung bleibt Gegenstand öffentlicher Debatten.","experiment.osexp","D:\ET_course_project_gender-bias\experiment","False","mono","False","39","no","white","no","yes","1080","1","space","psycho","178.0","3.0","117","4","58","58","D:\ET_course_project_gender-bias\experiment\subject-10.csv","150","psycho","an_found","Neonatal Nightingale","4.1.14","579.0","178.0","2","0","space","NA","space","space","space","13644.094199989922","NA","18281.626299984055","13644.094199989922","True","53","2","<RN>Studentinnen</RN>","272","124.0","396.0","-173.0","-120.0","2","psycho","4","Bei einer Podiumsdiskussion an der Universität wird über aktuelle gesellschaftliche Themen gesprochen. Die <RN>Studenten</RN> müssten wieder stärker leistungsorientiert gefördert werden, doch die Mehrheit dieser dort teilnehmenden <AN>Frauen</AN> kritisiert die neuen Anforderungen. Die weitere Entwicklung bleibt Gegenstand öffentlicher Debatten.","Bei einer Podiumsdiskussion an der Universität wird über aktuelle gesellschaftliche Themen gesprochen. Die <RN>Studenten</RN> müssten wieder stärker leistungsorientiert gefördert werden, doch die Mehrheit dieser dort teilnehmenden <AN>Frauen</AN> kritisiert die neuen Anforderungen. Die weitere Entwicklung bleibt Gegenstand öffentlicher Debatten.","0","1024","2","48000","-16","53","4","132","-246.0","-114.0","61.0","114.0","experiment","10","even","424626.42539999797","-810.0","-290.0","NA","5025.657100020908","5026.025300001493","109558.4882000112","127840.88840000913","424613.01930001355","127892.8534000006","461206.1167000211","109345.29220001423","NA","461160.7936999935","447515.9864000161","424613.0624000216","127892.88450000458","424612.5858000014","109552.35569999786","447512.0672000048","Experiment","0","0","0","10","1920","Debatten.","53","25","197"
"<AN>Männer</AN>","C1","<RN>Dozenten</RN>","undefined","undefined","True","53","4","<AN>Frauen</AN>","132","-378.0","-246.0","61.0","114.0","undefined","undefined","#232323","1620","psycho","True","Debatten","psycho","psycho","undefined","undefined","undefined","0","0","0","0","0","59","0","59","0","0","59","59","59","0","59","0","50","-810.0","-270.5","5","1167.0","94.11051546006958","Sun Aug  9 10:30:13 2026","The main experiment item","False","Bei einer Podiumsdiskussion an der Universität wird über aktuelle gesellschaftliche Themen gesprochen. Die <RN>Studentinnen</RN> müssten wieder stärker leistungsorientiert gefördert werden, doch die Mehrheit dieser dort teilnehmenden <AN>Frauen</AN> kritisiert die neuen Anforderungen. Die weitere Entwicklung bleibt Gegenstand öffentlicher Debatten.","experiment.osexp","D:\ET_course_project_gender-bias\experiment","False","mono","False","39","no","white","no","yes","1080","9","space","psycho","178.0","3.0","117","5","59","59","D:\ET_course_project_gender-bias\experiment\subject-10.csv","150","psycho","an_found","Neonatal Nightingale","4.1.14","579.0","178.0","2","0","space","NA","space","space","space","13644.094199989922","NA","18281.626299984055","13644.094199989922","True","53","2","<RN>Studentinnen</RN>","272","124.0","396.0","-173.0","-120.0","2","psycho","4","Bei einer Podiumsdiskussion an der Universität wird über aktuelle gesellschaftliche Themen gesprochen. Die <RN>Studenten</RN> müssten wieder stärker leistungsorientiert gefördert werden, doch die Mehrheit dieser dort teilnehmenden <AN>Frauen</AN> kritisiert die neuen Anforderungen. Die weitere Entwicklung bleibt Gegenstand öffentlicher Debatten.","Auf einer schulischen Tagung werden aktuelle Kontroversen rund um Vorlesungsführung und Leistungsbewertung diskutiert. Die <RN>Dozent*innen</RN> fordern erhöhte Leistungsorientierung und strengere Notenvergabe im Lehrplan, doch diese <AN>Männer</AN> stoßen dabei auf Gegendruck von Eltern. Die Debatte über das Thema hält weiter an.","1","1024","2","48000","-16","53","4","132","-246.0","-114.0","61.0","114.0","experiment","10","even","424626.42539999797","-810.0","-290.0","NA","5025.657100020908","5026.025300001493","109558.4882000112","127840.88840000913","461234.609200008","127892.8534000006","461234.67030000756","109345.29220001423","NA","461160.7936999935","447515.9864000161","424613.0624000216","127892.88450000458","461234.1776000103","109552.35569999786","447512.0672000048","Experiment","0","0","0","10","1920","Debatten.","53","25","197"
"<AN>Männer</AN>","C5","<RN>Krankenpfleger*innen</RN>","undefined","undefined","True","53","4","<AN>Frauen</AN>","132","-378.0","-246.0","61.0","114.0","undefined","undefined","#232323","1620","psycho","True","Debatten","psycho","psycho","undefined","undefined","undefined","0","0","0","0","0","60","0","60","0","0","60","60","60","0","60","0","50","-810.0","-270.5","5","1167.0","94.11051546006958","Sun Aug  9 10:30:13 2026","The main experiment item","False","Bei einer Podiumsdiskussion an der Universität wird über aktuelle gesellschaftliche Themen gesprochen. Die <RN>Studentinnen</RN> müssten wieder stärker leistungsorientiert gefördert werden, doch die Mehrheit dieser dort teilnehmenden <AN>Frauen</AN> kritisiert die neuen Anforderungen. Die weitere Entwicklung bleibt Gegenstand öffentlicher Debatten.","experiment.osexp","D:\ET_course_project_gender-bias\experiment","False","mono","False","39","no","white","no","yes","1080","16","space","psycho","178.0","3.0","117","2","60","60","D:\ET_course_project_gender-bias\experiment\subject-10.csv","150","psycho","an_found","Neonatal Nightingale","4.1.14","579.0","178.0","2","0","space","NA","space","space","space","13644.094199989922","NA","18281.626299984055","13644.094199989922","True","53","2","<RN>Studentinnen</RN>","272","124.0","396.0","-173.0","-120.0","2","psycho","4","Bei einer Podiumsdiskussion an der Universität wird über aktuelle gesellschaftliche Themen gesprochen. Die <RN>Studenten</RN> müssten wieder stärker leistungsorientiert gefördert werden, doch die Mehrheit dieser dort teilnehmenden <AN>Frauen</AN> kritisiert die neuen Anforderungen. Die weitere Entwicklung bleibt Gegenstand öffentlicher Debatten.","Bei einer Informationsveranstaltung im Krankenhaus wird über aktuelle Impfreformen und deren Auswirkungen gesprochen. Die <RN>Krankenschwestern</RN> diskutieren über Long Covid und setzen sich für mehr Unterstützung ein, doch diese <AN>Männer</AN> lehnen die Vorschläge ab. Die nächsten Schritte werden derzeit kontrovers diskutiert.","1","1024","2","48000","-16","53","4","132","-246.0","-114.0","61.0","114.0","experiment","10","even","424626.42539999797","-810.0","-290.0","NA","5025.657100020908","5026.025300001493","109558.4882000112","127840.88840000913","461262.0633000042","127892.8534000006","461262.10570000694","109345.29220001423","NA","461160.7936999935","447515.9864000161","424613.0624000216","127892.88450000458","461261.8297000008","109552.35569999786","447512.0672000048","Experiment","0","0","0","10","1920","Debatten.","53","25","197"
"<AN>Frauen</AN>","C2","<RN>Lehrer</RN>","undefined","undefined","True","53","4","<AN>Frauen</AN>","132","-378.0","-246.0","61.0","114.0","undefined","undefined","#232323","1620","psycho","True","Debatten","psycho","psycho","undefined","undefined","undefined","0","0","0","0","0","61","0","61","0","0","61","61","61","0","61","0","50","-810.0","-270.5","5","1167.0","94.11051546006958","Sun Aug  9 10:30:13 2026","The main experiment item","False","Bei einer Podiumsdiskussion an der Universität wird über aktuelle gesellschaftliche Themen gesprochen. Die <RN>Studentinnen</RN> müssten wieder stärker leistungsorientiert gefördert werden, doch die Mehrheit dieser dort teilnehmenden <AN>Frauen</AN> kritisiert die neuen Anforderungen. Die weitere Entwicklung bleibt Gegenstand öffentlicher Debatten.","experiment.osexp","D:\ET_course_project_gender-bias\experiment","False","mono","False","39","no","white","no","yes","1080","6","space","psycho","178.0","3.0","117","3","61","61","D:\ET_course_project_gender-bias\experiment\subject-10.csv","150","psycho","an_found","Neonatal Nightingale","4.1.14","579.0","178.0","2","0","space","NA","space","space","space","13644.094199989922","NA","18281.626299984055","13644.094199989922","True","53","2","<RN>Studentinnen</RN>","272","124.0","396.0","-173.0","-120.0","2","psycho","4","Bei einer Podiumsdiskussion an der Universität wird über aktuelle gesellschaftliche Themen gesprochen. Die <RN>Studenten</RN> müssten wieder stärker leistungsorientiert gefördert werden, doch die Mehrheit dieser dort teilnehmenden <AN>Frauen</AN> kritisiert die neuen Anforderungen. Die weitere Entwicklung bleibt Gegenstand öffentlicher Debatten.","Auf einer Konferenz zu Bildungsfragen in Stuttgart  wird derzeit über aktuelle schulische Themen gesprochen. Die <RN>Lehrer</RN> sollen mehr auf Disziplin und Konsequenzen im Unterricht setzen, doch aus pädagogischen Gründen lehnen diese <AN>Frauen</AN> die Vorschläge ab. Die kommenden Entwicklungen sind weiterhin Gegenstand von Diskussionen.","1","1024","2","48000","-16","53","4","132","-246.0","-114.0","61.0","114.0","experiment","10","even","424626.42539999797","-810.0","-290.0","NA","5025.657100020908","5026.025300001493","109558.4882000112","127840.88840000913","461291.8347000086","127892.8534000006","461291.9211999979","109345.29220001423","NA","461160.7936999935","447515.9864000161","424613.0624000216","127892.88450000458","461291.5512000036","109552.35569999786","447512.0672000048","Experiment","0","0","0","10","1920","Debatten.","53","25","197"
"<AN>Männer</AN>","C3","<RN>Lehrerinnen</RN>","undefined","undefined","True","53","4","<AN>Männer</AN>","135","-333.0","-198.0","61.0","114.0","undefined","undefined","#232323","1620","psycho","True","Diskussionen","psycho","psycho","undefined","undefined","undefined","0","0","0","0","0","62","0","62","0","0","62","62","62","0","62","0","50","-810.0","-270.5","5","1004.0","81.57116285845139","Sun Aug  9 10:30:13 2026","The main experiment item","False","Auf einer Konferenz zu Bildungsfragen in Stuttgart wird derzeit über aktuelle schulische Themen gesprochen. Die <RN>Lehrerinnen</RN> sollen mehr auf Disziplin und Konsequenzen im Unterricht setzen, doch aus pädagogischen Gründen lehnen diese <AN>Männer</AN> die Vorschläge ab. Die kommenden Entwicklungen sind weiterhin Gegenstand von Diskussionen.","experiment.osexp","D:\ET_course_project_gender-bias\experiment","False","mono","False","39","no","white","no","yes","1080","6","space","psycho","178.0","3.0","117","4","62","62","D:\ET_course_project_gender-bias\experiment\subject-10.csv","150","psycho","an_found","Neonatal Nightingale","4.1.14","508.0","178.0","2","0","space","NA","space","space","space","11908.639400004176","NA","18281.626299984055","11908.639400004176","True","53","2","<RN>Lehrerinnen</RN>","247","167.0","414.0","-173.0","-120.0","2","psycho","4","Auf einer Konferenz zu Bildungsfragen in Stuttgart wird derzeit über aktuelle schulische Themen gesprochen. Die <RN>Lehrer</RN> sollen mehr auf Disziplin und Konsequenzen im Unterricht setzen, doch aus pädagogischen Gründen lehnen diese <AN>Frauen</AN> die Vorschläge ab. Die kommenden Entwicklungen sind weiterhin Gegenstand von Diskussionen.","Auf einer Konferenz zu Bildungsfragen in Stuttgart wird derzeit über aktuelle schulische Themen gesprochen. Die <RN>Lehrer</RN> sollen mehr auf Disziplin und Konsequenzen im Unterricht setzen, doch aus pädagogischen Gründen lehnen diese <AN>Frauen</AN> die Vorschläge ab. Die kommenden Entwicklungen sind weiterhin Gegenstand von Diskussionen.","0","1024","2","48000","-16","53","4","135","-198.0","-63.0","61.0","114.0","experiment","10","even","461332.2194000066","-810.0","-290.0","NA","5025.657100020908","5026.025300001493","109558.4882000112","127840.88840000913","461320.61950000934","127892.8534000006","490717.8916000121","109345.29220001423","NA","490672.4585000193","478763.3704000036","461320.6452000013","127892.88450000458","461320.5280000111","109552.35569999786","478759.999300004","Experiment","0","0","0","11","1920","Diskussionen.","53","25","289"
"<AN>Männer</AN>","C3","<RN>Arbeitnehmerinnen</RN>","undefined","undefined","True","53","4","<AN>Männer</AN>","135","-333.0","-198.0","61.0","114.0","undefined","undefined","#232323","1620","psycho","True","Diskussionen","psycho","psycho","undefined","undefined","undefined","0","0","0","0","0","63","0","63","0","0","63","63","63","0","63","0","50","-810.0","-270.5","5","1004.0","81.57116285845139","Sun Aug  9 10:30:13 2026","The main experiment item","False","Auf einer Konferenz zu Bildungsfragen in Stuttgart wird derzeit über aktuelle schulische Themen gesprochen. Die <RN>Lehrerinnen</RN> sollen mehr auf Disziplin und Konsequenzen im Unterricht setzen, doch aus pädagogischen Gründen lehnen diese <AN>Männer</AN> die Vorschläge ab. Die kommenden Entwicklungen sind weiterhin Gegenstand von Diskussionen.","experiment.osexp","D:\ET_course_project_gender-bias\experiment","False","mono","False","39","no","white","no","yes","1080","5","space","psycho","178.0","3.0","117","5","63","63","D:\ET_course_project_gender-bias\experiment\subject-10.csv","150","psycho","an_found","Neonatal Nightingale","4.1.14","508.0","178.0","2","0","space","NA","space","space","space","11908.639400004176","NA","18281.626299984055","11908.639400004176","True","53","2","<RN>Lehrerinnen</RN>","247","167.0","414.0","-173.0","-120.0","2","psycho","4","Auf einer Konferenz zu Bildungsfragen in Stuttgart wird derzeit über aktuelle schulische Themen gesprochen. Die <RN>Lehrer</RN> sollen mehr auf Disziplin und Konsequenzen im Unterricht setzen, doch aus pädagogischen Gründen lehnen diese <AN>Frauen</AN> die Vorschläge ab. Die kommenden Entwicklungen sind weiterhin Gegenstand von Diskussionen.","Im Rahmen einer Geschäftsveranstaltung findet derzeit ein Austausch über Arbeitsbedingungen und gesellschaftliche Entwicklungen statt. Die <RN>Arbeitnehmer*innen</RN> erwarten höhere Gehälter und klimatisierte Arbeitsplätze, aber diese <AN>Männer</AN> wollen auch weniger arbeiten. Die Frage nach den Konsequenzen bleibt offen.","1","1024","2","48000","-16","53","4","135","-198.0","-63.0","61.0","114.0","experiment","10","even","461332.2194000066","-810.0","-290.0","NA","5025.657100020908","5026.025300001493","109558.4882000112","127840.88840000913","490745.41400000453","127892.8534000006","490745.45869999565","109345.29220001423","NA","490672.4585000193","478763.3704000036","461320.6452000013","127892.88450000458","490745.31769999885","109552.35569999786","478759.999300004","Experiment","0","0","0","11","1920","Diskussionen.","53","25","289"
"<AN>Frauen</AN>","C6","<RN>Pfleger*innen</RN>","undefined","undefined","True","53","4","<AN>Männer</AN>","135","-333.0","-198.0","61.0","114.0","undefined","undefined","#232323","1620","psycho","True","Diskussionen","psycho","psycho","undefined","undefined","undefined","0","0","0","0","0","64","0","64","0","0","64","64","64","0","64","0","50","-810.0","-270.5","5","1004.0","81.57116285845139","Sun Aug  9 10:30:13 2026","The main experiment item","False","Auf einer Konferenz zu Bildungsfragen in Stuttgart wird derzeit über aktuelle schulische Themen gesprochen. Die <RN>Lehrerinnen</RN> sollen mehr auf Disziplin und Konsequenzen im Unterricht setzen, doch aus pädagogischen Gründen lehnen diese <AN>Männer</AN> die Vorschläge ab. Die kommenden Entwicklungen sind weiterhin Gegenstand von Diskussionen.","experiment.osexp","D:\ET_course_project_gender-bias\experiment","False","mono","False","39","no","white","no","yes","1080","2","space","psycho","178.0","3.0","117","5","64","64","D:\ET_course_project_gender-bias\experiment\subject-10.csv","150","psycho","an_found","Neonatal Nightingale","4.1.14","508.0","178.0","2","0","space","NA","space","space","space","11908.639400004176","NA","18281.626299984055","11908.639400004176","True","53","2","<RN>Lehrerinnen</RN>","247","167.0","414.0","-173.0","-120.0","2","psycho","4","Auf einer Konferenz zu Bildungsfragen in Stuttgart wird derzeit über aktuelle schulische Themen gesprochen. Die <RN>Lehrer</RN> sollen mehr auf Disziplin und Konsequenzen im Unterricht setzen, doch aus pädagogischen Gründen lehnen diese <AN>Frauen</AN> die Vorschläge ab. Die kommenden Entwicklungen sind weiterhin Gegenstand von Diskussionen.","Im Rahmen einer Gesprächsrunde im Gesundheitswesen wird derzeit über aktuelle gesellschaftliche Herausforderungen diskutiert. Die <RN>Pflegekräfte</RN> verdienen bessere Arbeitsbedingungen und benötigen mehr Unterstützung, doch diese <AN>Männer</AN> fühlen sich politisch nicht ausreichend unterstützt. Die nächsten Schritte werden derzeit kontrovers diskutiert.","1","1024","2","48000","-16","53","4","135","-198.0","-63.0","61.0","114.0","experiment","10","even","461332.2194000066","-810.0","-290.0","NA","5025.657100020908","5026.025300001493","109558.4882000112","127840.88840000913","490772.4741999991","127892.8534000006","490772.5302000181","109345.29220001423","NA","490672.4585000193","478763.3704000036","461320.6452000013","127892.88450000458","490771.94760000566","109552.35569999786","478759.999300004","Experiment","0","0","0","11","1920","Diskussionen.","53","25","289"
"<AN>Männer</AN>","C1","<RN>Aktivisten</RN>","undefined","undefined","True","53","4","<AN>Männer</AN>","135","-333.0","-198.0","61.0","114.0","undefined","undefined","#232323","1620","psycho","True","Diskussionen","psycho","psycho","undefined","undefined","undefined","0","0","0","0","0","65","0","65","0","0","65","65","65","0","65","0","50","-810.0","-270.5","5","1004.0","81.57116285845139","Sun Aug  9 10:30:13 2026","The main experiment item","False","Auf einer Konferenz zu Bildungsfragen in Stuttgart wird derzeit über aktuelle schulische Themen gesprochen. Die <RN>Lehrerinnen</RN> sollen mehr auf Disziplin und Konsequenzen im Unterricht setzen, doch aus pädagogischen Gründen lehnen diese <AN>Männer</AN> die Vorschläge ab. Die kommenden Entwicklungen sind weiterhin Gegenstand von Diskussionen.","experiment.osexp","D:\ET_course_project_gender-bias\experiment","False","mono","False","39","no","white","no","yes","1080","11","space","psycho","178.0","3.0","117","3","65","65","D:\ET_course_project_gender-bias\experiment\subject-10.csv","150","psycho","an_found","Neonatal Nightingale","4.1.14","508.0","178.0","2","0","space","NA","space","space","space","11908.639400004176","NA","18281.626299984055","11908.639400004176","True","53","2","<RN>Lehrerinnen</RN>","247","167.0","414.0","-173.0","-120.0","2","psycho","4","Auf einer Konferenz zu Bildungsfragen in Stuttgart wird derzeit über aktuelle schulische Themen gesprochen. Die <RN>Lehrer</RN> sollen mehr auf Disziplin und Konsequenzen im Unterricht setzen, doch aus pädagogischen Gründen lehnen diese <AN>Frauen</AN> die Vorschläge ab. Die kommenden Entwicklungen sind weiterhin Gegenstand von Diskussionen.","Auf einer öffentlichen Veranstaltung werden aktuelle wohnungs- und gesellschaftspolitische Themen diskutiert. Die <RN>Aktivist*innen</RN> fordern mehr bezahlbaren Wohnraum in Stuttgart für alle und diskutieren faire Lösungsansätze, doch diese <AN>Frauen</AN> sehen die Verantwortung stärker beim Bund. Die Auswirkungen der Entscheidung werden noch geprüft.","1","1024","2","48000","-16","53","4","135","-198.0","-63.0","61.0","114.0","experiment","10","even","461332.2194000066","-810.0","-290.0","NA","5025.657100020908","5026.025300001493","109558.4882000112","127840.88840000913","490799.8997000104","127892.8534000006","490799.94310002076","109345.29220001423","NA","490672.4585000193","478763.3704000036","461320.6452000013","127892.88450000458","490799.65279999305","109552.35569999786","478759.999300004","Experiment","0","0","0","11","1920","Diskussionen.","53","25","289"
"<AN>Frauen</AN>","C4","<RN>Ingenieurinnen</RN>","undefined","undefined","True","53","4","<AN>Männer</AN>","135","-333.0","-198.0","61.0","114.0","undefined","undefined","#232323","1620","psycho","True","Diskussionen","psycho","psycho","undefined","undefined","undefined","0","0","0","0","0","66","0","66","0","0","66","66","66","0","66","0","50","-810.0","-270.5","5","1004.0","81.57116285845139","Sun Aug  9 10:30:13 2026","The main experiment item","False","Auf einer Konferenz zu Bildungsfragen in Stuttgart wird derzeit über aktuelle schulische Themen gesprochen. Die <RN>Lehrerinnen</RN> sollen mehr auf Disziplin und Konsequenzen im Unterricht setzen, doch aus pädagogischen Gründen lehnen diese <AN>Männer</AN> die Vorschläge ab. Die kommenden Entwicklungen sind weiterhin Gegenstand von Diskussionen.","experiment.osexp","D:\ET_course_project_gender-bias\experiment","False","mono","False","39","no","white","no","yes","1080","17","space","psycho","178.0","3.0","117","6","66","66","D:\ET_course_project_gender-bias\experiment\subject-10.csv","150","psycho","an_found","Neonatal Nightingale","4.1.14","508.0","178.0","2","0","space","NA","space","space","space","11908.639400004176","NA","18281.626299984055","11908.639400004176","True","53","2","<RN>Lehrerinnen</RN>","247","167.0","414.0","-173.0","-120.0","2","psycho","4","Auf einer Konferenz zu Bildungsfragen in Stuttgart wird derzeit über aktuelle schulische Themen gesprochen. Die <RN>Lehrer</RN> sollen mehr auf Disziplin und Konsequenzen im Unterricht setzen, doch aus pädagogischen Gründen lehnen diese <AN>Frauen</AN> die Vorschläge ab. Die kommenden Entwicklungen sind weiterhin Gegenstand von Diskussionen.","Im Rahmen einer städtischen Planungsrunde wird über die zukünftige Mobilität und den Ausbau des Nahverkehrs diskutiert. Die <RN>Ingenieurinnen</RN> diskutieren über nachhaltige Verkehrskonzepte und setzen sich für den Ausbau des ÖPNV ein, doch diese <AN>Männer</AN> lehnen die Vorschläge ab. Die nächsten Schritte werden derzeit kontrovers diskutiert.","1","1024","2","48000","-16","53","4","135","-198.0","-63.0","61.0","114.0","experiment","10","even","461332.2194000066","-810.0","-290.0","NA","5025.657100020908","5026.025300001493","109558.4882000112","127840.88840000913","490826.8323999946","127892.8534000006","490826.87630000873","109345.29220001423","NA","490672.4585000193","478763.3704000036","461320.6452000013","127892.88450000458","490826.5789000143","109552.35569999786","478759.999300004","Experiment","0","0","0","11","1920","Diskussionen.","53","25","289"
"<AN>Männer</AN>","C1","<RN>Experten</RN>","undefined","undefined","True","53","4","<AN>Männer</AN>","135","-333.0","-198.0","61.0","114.0","undefined","undefined","#232323","1620","psycho","True","Diskussionen","psycho","psycho","undefined","undefined","undefined","0","0","0","0","0","67","0","67","0","0","67","67","67","0","67","0","50","-810.0","-270.5","5","1004.0","81.57116285845139","Sun Aug  9 10:30:13 2026","The main experiment item","False","Auf einer Konferenz zu Bildungsfragen in Stuttgart wird derzeit über aktuelle schulische Themen gesprochen. Die <RN>Lehrerinnen</RN> sollen mehr auf Disziplin und Konsequenzen im Unterricht setzen, doch aus pädagogischen Gründen lehnen diese <AN>Männer</AN> die Vorschläge ab. Die kommenden Entwicklungen sind weiterhin Gegenstand von Diskussionen.","experiment.osexp","D:\ET_course_project_gender-bias\experiment","False","mono","False","39","no","white","no","yes","1080","7","space","psycho","178.0","3.0","117","1","67","67","D:\ET_course_project_gender-bias\experiment\subject-10.csv","150","psycho","an_found","Neonatal Nightingale","4.1.14","508.0","178.0","2","0","space","NA","space","space","space","11908.639400004176","NA","18281.626299984055","11908.639400004176","True","53","2","<RN>Lehrerinnen</RN>","247","167.0","414.0","-173.0","-120.0","2","psycho","4","Auf einer Konferenz zu Bildungsfragen in Stuttgart wird derzeit über aktuelle schulische Themen gesprochen. Die <RN>Lehrer</RN> sollen mehr auf Disziplin und Konsequenzen im Unterricht setzen, doch aus pädagogischen Gründen lehnen diese <AN>Frauen</AN> die Vorschläge ab. Die kommenden Entwicklungen sind weiterhin Gegenstand von Diskussionen.","Beim Sommerfest eines Unternehmens wird über wirtschaftliche Entwicklungen und gesellschaftliche Herausforderungen diskutiert. Die <RN>Fachleute</RN> sehen große Herausforderungen im nächsten Geschäftsjahr, dennoch bleiben diese <AN>Männer</AN> optimistisch. Die unternehmerischen Folgen werden unterschiedlich bewertet.","1","1024","2","48000","-16","53","4","135","-198.0","-63.0","61.0","114.0","experiment","10","even","461332.2194000066","-810.0","-290.0","NA","5025.657100020908","5026.025300001493","109558.4882000112","127840.88840000913","490855.89920001803","127892.8534000006","490855.9502999997","109345.29220001423","NA","490672.4585000193","478763.3704000036","461320.6452000013","127892.88450000458","490855.6108000048","109552.35569999786","478759.999300004","Experiment","0","0","0","11","1920","Diskussionen.","53","25","289"
"<AN>Frauen</AN>","C4","<RN>Expertinnen</RN>","undefined","undefined","True","53","4","<AN>Männer</AN>","135","-333.0","-198.0","61.0","114.0","undefined","undefined","#232323","1620","psycho","True","Diskussionen","psycho","psycho","undefined","undefined","undefined","0","0","0","0","0","68","0","68","0","0","68","68","68","0","68","0","50","-810.0","-270.5","5","1004.0","81.57116285845139","Sun Aug  9 10:30:13 2026","The main experiment item","False","Auf einer Konferenz zu Bildungsfragen in Stuttgart wird derzeit über aktuelle schulische Themen gesprochen. Die <RN>Lehrerinnen</RN> sollen mehr auf Disziplin und Konsequenzen im Unterricht setzen, doch aus pädagogischen Gründen lehnen diese <AN>Männer</AN> die Vorschläge ab. Die kommenden Entwicklungen sind weiterhin Gegenstand von Diskussionen.","experiment.osexp","D:\ET_course_project_gender-bias\experiment","False","mono","False","39","no","white","no","yes","1080","10","space","psycho","178.0","3.0","117","1","68","68","D:\ET_course_project_gender-bias\experiment\subject-10.csv","150","psycho","an_found","Neonatal Nightingale","4.1.14","508.0","178.0","2","0","space","NA","space","space","space","11908.639400004176","NA","18281.626299984055","11908.639400004176","True","53","2","<RN>Lehrerinnen</RN>","247","167.0","414.0","-173.0","-120.0","2","psycho","4","Auf einer Konferenz zu Bildungsfragen in Stuttgart wird derzeit über aktuelle schulische Themen gesprochen. Die <RN>Lehrer</RN> sollen mehr auf Disziplin und Konsequenzen im Unterricht setzen, doch aus pädagogischen Gründen lehnen diese <AN>Frauen</AN> die Vorschläge ab. Die kommenden Entwicklungen sind weiterhin Gegenstand von Diskussionen.","Im Rahmen einer universitären Veranstaltung werden aktuelle Fragestellungen der Rüstungsindustrie behandelt. Die große Mehrheit dieser <RN>Fachleute</RN> sieht eine stärkere Aufrüstung für Deutschland als notwendig, doch diese Gruppe von <AN>Frauen</AN> kritisiert dessen Finanzierung. Die Auswirkungen der Entscheidung werden noch geprüft.","1","1024","2","48000","-16","53","4","135","-198.0","-63.0","61.0","114.0","experiment","10","even","461332.2194000066","-810.0","-290.0","NA","5025.657100020908","5026.025300001493","109558.4882000112","127840.88840000913","490884.3173000205","127892.8534000006","490884.36940000975","109345.29220001423","NA","490672.4585000193","478763.3704000036","461320.6452000013","127892.88450000458","490884.08869999694","109552.35569999786","478759.999300004","Experiment","0","0","0","11","1920","Diskussionen.","53","25","289"
"<AN>Frauen</AN>","C4","<RN>Polizistinnen</RN>","undefined","undefined","True","53","4","<AN>Männer</AN>","135","-333.0","-198.0","61.0","114.0","undefined","undefined","#232323","1620","psycho","True","Diskussionen","psycho","psycho","undefined","undefined","undefined","0","0","0","0","0","69","0","69","0","0","69","69","69","0","69","0","50","-810.0","-270.5","5","1004.0","81.57116285845139","Sun Aug  9 10:30:13 2026","The main experiment item","False","Auf einer Konferenz zu Bildungsfragen in Stuttgart wird derzeit über aktuelle schulische Themen gesprochen. Die <RN>Lehrerinnen</RN> sollen mehr auf Disziplin und Konsequenzen im Unterricht setzen, doch aus pädagogischen Gründen lehnen diese <AN>Männer</AN> die Vorschläge ab. Die kommenden Entwicklungen sind weiterhin Gegenstand von Diskussionen.","experiment.osexp","D:\ET_course_project_gender-bias\experiment","False","mono","False","39","no","white","no","yes","1080","18","space","psycho","178.0","3.0","117","5","69","69","D:\ET_course_project_gender-bias\experiment\subject-10.csv","150","psycho","an_found","Neonatal Nightingale","4.1.14","508.0","178.0","2","0","space","NA","space","space","space","11908.639400004176","NA","18281.626299984055","11908.639400004176","True","53","2","<RN>Lehrerinnen</RN>","247","167.0","414.0","-173.0","-120.0","2","psycho","4","Auf einer Konferenz zu Bildungsfragen in Stuttgart wird derzeit über aktuelle schulische Themen gesprochen. Die <RN>Lehrer</RN> sollen mehr auf Disziplin und Konsequenzen im Unterricht setzen, doch aus pädagogischen Gründen lehnen diese <AN>Frauen</AN> die Vorschläge ab. Die kommenden Entwicklungen sind weiterhin Gegenstand von Diskussionen.","Bei einer öffentlichen Sitzung im Rathaus wird über neue Verkehrsregelungen gesprochen. Die <RN>Polizistinnen</RN> diskutieren laut über mehr Sicherheit im Straßenverkehr und setzen sich für strengere Kontrollen ein, doch diese <AN>Männer</AN> lehnen die Vorschläge ab. Die nächsten Maßnahmen werden derzeit kontrovers verhandelt.","1","1024","2","48000","-16","53","4","135","-198.0","-63.0","61.0","114.0","experiment","10","even","461332.2194000066","-810.0","-290.0","NA","5025.657100020908","5026.025300001493","109558.4882000112","127840.88840000913","490911.01120001986","127892.8534000006","490911.0598000116","109345.29220001423","NA","490672.4585000193","478763.3704000036","461320.6452000013","127892.88450000458","490910.92220001156","109552.35569999786","478759.999300004","Experiment","0","0","0","11","1920","Diskussionen.","53","25","289"
"<AN>Männer</AN>","C3","<RN>Pflegerinnen</RN>","undefined","undefined","True","53","4","<AN>Männer</AN>","135","-333.0","-198.0","61.0","114.0","undefined","undefined","#232323","1620","psycho","True","Diskussionen","psycho","psycho","undefined","undefined","undefined","0","0","0","0","0","70","0","70","0","0","70","70","70","0","70","0","50","-810.0","-270.5","5","1004.0","81.57116285845139","Sun Aug  9 10:30:13 2026","The main experiment item","False","Auf einer Konferenz zu Bildungsfragen in Stuttgart wird derzeit über aktuelle schulische Themen gesprochen. Die <RN>Lehrerinnen</RN> sollen mehr auf Disziplin und Konsequenzen im Unterricht setzen, doch aus pädagogischen Gründen lehnen diese <AN>Männer</AN> die Vorschläge ab. Die kommenden Entwicklungen sind weiterhin Gegenstand von Diskussionen.","experiment.osexp","D:\ET_course_project_gender-bias\experiment","False","mono","False","39","no","white","no","yes","1080","2","space","psycho","178.0","3.0","117","2","70","70","D:\ET_course_project_gender-bias\experiment\subject-10.csv","150","psycho","an_found","Neonatal Nightingale","4.1.14","508.0","178.0","2","0","space","NA","space","space","space","11908.639400004176","NA","18281.626299984055","11908.639400004176","True","53","2","<RN>Lehrerinnen</RN>","247","167.0","414.0","-173.0","-120.0","2","psycho","4","Auf einer Konferenz zu Bildungsfragen in Stuttgart wird derzeit über aktuelle schulische Themen gesprochen. Die <RN>Lehrer</RN> sollen mehr auf Disziplin und Konsequenzen im Unterricht setzen, doch aus pädagogischen Gründen lehnen diese <AN>Frauen</AN> die Vorschläge ab. Die kommenden Entwicklungen sind weiterhin Gegenstand von Diskussionen.","Im Rahmen einer Gesprächsrunde im Gesundheitswesen wird derzeit über aktuelle gesellschaftliche Herausforderungen diskutiert. Die <RN>Pflegekräfte</RN> verdienen bessere Arbeitsbedingungen und benötigen mehr Unterstützung, doch diese <AN>Männer</AN> fühlen sich politisch nicht ausreichend unterstützt. Die nächsten Schritte werden derzeit kontrovers diskutiert.","1","1024","2","48000","-16","53","4","135","-198.0","-63.0","61.0","114.0","experiment","10","even","461332.2194000066","-810.0","-290.0","NA","5025.657100020908","5026.025300001493","109558.4882000112","127840.88840000913","490941.6652000218","127892.8534000006","490941.7185000202","109345.29220001423","NA","490672.4585000193","478763.3704000036","461320.6452000013","127892.88450000458","490941.423900018","109552.35569999786","478759.999300004","Experiment","0","0","0","11","1920","Diskussionen.","53","25","289"
"<AN>Frauen</AN>","C2","<RN>Experten</RN>","undefined","undefined","True","53","4","<AN>Männer</AN>","135","-333.0","-198.0","61.0","114.0","undefined","undefined","#232323","1620","psycho","True","Diskussionen","psycho","psycho","undefined","undefined","undefined","0","0","0","0","0","71","0","71","0","0","71","71","71","0","71","0","50","-810.0","-270.5","5","1004.0","81.57116285845139","Sun Aug  9 10:30:13 2026","The main experiment item","False","Auf einer Konferenz zu Bildungsfragen in Stuttgart wird derzeit über aktuelle schulische Themen gesprochen. Die <RN>Lehrerinnen</RN> sollen mehr auf Disziplin und Konsequenzen im Unterricht setzen, doch aus pädagogischen Gründen lehnen diese <AN>Männer</AN> die Vorschläge ab. Die kommenden Entwicklungen sind weiterhin Gegenstand von Diskussionen.","experiment.osexp","D:\ET_course_project_gender-bias\experiment","False","mono","False","39","no","white","no","yes","1080","10","space","psycho","178.0","3.0","117","5","71","71","D:\ET_course_project_gender-bias\experiment\subject-10.csv","150","psycho","an_found","Neonatal Nightingale","4.1.14","508.0","178.0","2","0","space","NA","space","space","space","11908.639400004176","NA","18281.626299984055","11908.639400004176","True","53","2","<RN>Lehrerinnen</RN>","247","167.0","414.0","-173.0","-120.0","2","psycho","4","Auf einer Konferenz zu Bildungsfragen in Stuttgart wird derzeit über aktuelle schulische Themen gesprochen. Die <RN>Lehrer</RN> sollen mehr auf Disziplin und Konsequenzen im Unterricht setzen, doch aus pädagogischen Gründen lehnen diese <AN>Frauen</AN> die Vorschläge ab. Die kommenden Entwicklungen sind weiterhin Gegenstand von Diskussionen.","Im Rahmen einer universitären Veranstaltung werden aktuelle Fragestellungen der Rüstungsindustrie behandelt. Die große Mehrheit dieser <RN>Fachleute</RN> sehen eine stärkere Aufrüstung für Deutschland als notwendig, doch diese Gruppe von <AN>Frauen</AN> kritisiert dessen Finanzierung. Die Auswirkungen der Entscheidung werden noch geprüft.","1","1024","2","48000","-16","53","4","135","-198.0","-63.0","61.0","114.0","experiment","10","even","461332.2194000066","-810.0","-290.0","NA","5025.657100020908","5026.025300001493","109558.4882000112","127840.88840000913","490973.68330002064","127892.8534000006","490973.737399996","109345.29220001423","NA","490672.4585000193","478763.3704000036","461320.6452000013","127892.88450000458","490973.5389999987","109552.35569999786","478759.999300004","Experiment","0","0","0","11","1920","Diskussionen.","53","25","289"
"<AN>Männer</AN>","C3","<RN>Expertinnen</RN>","undefined","undefined","True","53","4","<AN>Männer</AN>","135","-333.0","-198.0","61.0","114.0","undefined","undefined","#232323","1620","psycho","True","Diskussionen","psycho","psycho","undefined","undefined","undefined","0","0","0","0","0","72","0","72","0","0","72","72","72","0","72","0","50","-810.0","-270.5","5","1004.0","81.57116285845139","Sun Aug  9 10:30:13 2026","The main experiment item","False","Auf einer Konferenz zu Bildungsfragen in Stuttgart wird derzeit über aktuelle schulische Themen gesprochen. Die <RN>Lehrerinnen</RN> sollen mehr auf Disziplin und Konsequenzen im Unterricht setzen, doch aus pädagogischen Gründen lehnen diese <AN>Männer</AN> die Vorschläge ab. Die kommenden Entwicklungen sind weiterhin Gegenstand von Diskussionen.","experiment.osexp","D:\ET_course_project_gender-bias\experiment","False","mono","False","39","no","white","no","yes","1080","7","space","psycho","178.0","3.0","117","3","72","72","D:\ET_course_project_gender-bias\experiment\subject-10.csv","150","psycho","an_found","Neonatal Nightingale","4.1.14","508.0","178.0","2","0","space","NA","space","space","space","11908.639400004176","NA","18281.626299984055","11908.639400004176","True","53","2","<RN>Lehrerinnen</RN>","247","167.0","414.0","-173.0","-120.0","2","psycho","4","Auf einer Konferenz zu Bildungsfragen in Stuttgart wird derzeit über aktuelle schulische Themen gesprochen. Die <RN>Lehrer</RN> sollen mehr auf Disziplin und Konsequenzen im Unterricht setzen, doch aus pädagogischen Gründen lehnen diese <AN>Frauen</AN> die Vorschläge ab. Die kommenden Entwicklungen sind weiterhin Gegenstand von Diskussionen.","Beim Sommerfest eines Unternehmens wird über wirtschaftliche Entwicklungen und gesellschaftliche Herausforderungen diskutiert. Die <RN>Fachleute</RN> sehen große Herausforderungen im nächsten Geschäftsjahr, dennoch bleiben diese <AN>Männer</AN> optimistisch. Die unternehmerischen Folgen werden unterschiedlich bewertet.","1","1024","2","48000","-16","53","4","135","-198.0","-63.0","61.0","114.0","experiment","10","even","461332.2194000066","-810.0","-290.0","NA","5025.657100020908","5026.025300001493","109558.4882000112","127840.88840000913","491001.0150000162","127892.8534000006","491001.07100000605","109345.29220001423","NA","490672.4585000193","478763.3704000036","461320.6452000013","127892.88450000458","491000.61800002004","109552.35569999786","478759.999300004","Experiment","0","0","0","11","1920","Diskussionen.","53","25","289"
"<AN>Männern</AN>","C5","<RN>Expert*innen</RN>","undefined","undefined","True","53","4","<AN>Männer</AN>","135","-333.0","-198.0","61.0","114.0","undefined","undefined","#232323","1620","psycho","True","Diskussionen","psycho","psycho","undefined","undefined","undefined","0","0","0","0","0","73","0","73","0","0","73","73","73","0","73","0","50","-810.0","-270.5","5","1004.0","81.57116285845139","Sun Aug  9 10:30:13 2026","The main experiment item","False","Auf einer Konferenz zu Bildungsfragen in Stuttgart wird derzeit über aktuelle schulische Themen gesprochen. Die <RN>Lehrerinnen</RN> sollen mehr auf Disziplin und Konsequenzen im Unterricht setzen, doch aus pädagogischen Gründen lehnen diese <AN>Männer</AN> die Vorschläge ab. Die kommenden Entwicklungen sind weiterhin Gegenstand von Diskussionen.","experiment.osexp","D:\ET_course_project_gender-bias\experiment","False","mono","False","39","no","white","no","yes","1080","10","space","psycho","178.0","3.0","117","2","73","73","D:\ET_course_project_gender-bias\experiment\subject-10.csv","150","psycho","an_found","Neonatal Nightingale","4.1.14","508.0","178.0","2","0","space","NA","space","space","space","11908.639400004176","NA","18281.626299984055","11908.639400004176","True","53","2","<RN>Lehrerinnen</RN>","247","167.0","414.0","-173.0","-120.0","2","psycho","4","Auf einer Konferenz zu Bildungsfragen in Stuttgart wird derzeit über aktuelle schulische Themen gesprochen. Die <RN>Lehrer</RN> sollen mehr auf Disziplin und Konsequenzen im Unterricht setzen, doch aus pädagogischen Gründen lehnen diese <AN>Frauen</AN> die Vorschläge ab. Die kommenden Entwicklungen sind weiterhin Gegenstand von Diskussionen.","Im Rahmen einer universitären Veranstaltung werden aktuelle Fragestellungen der Rüstungsindustrie behandelt. Die große Mehrheit dieser <RN>Fachleute</RN> sehen eine stärkere Aufrüstung für Deutschland als notwendig, doch diese Gruppe von <AN>Frauen</AN> kritisiert dessen Finanzierung. Die Auswirkungen der Entscheidung werden noch geprüft.","1","1024","2","48000","-16","53","4","135","-198.0","-63.0","61.0","114.0","experiment","10","even","461332.2194000066","-810.0","-290.0","NA","5025.657100020908","5026.025300001493","109558.4882000112","127840.88840000913","491027.67530002166","127892.8534000006","491027.71100000245","109345.29220001423","NA","490672.4585000193","478763.3704000036","461320.6452000013","127892.88450000458","491027.5662000058","109552.35569999786","478759.999300004","Experiment","0","0","0","11","1920","Diskussionen.","53","25","289"
"<AN>Männer</AN>","C5","<RN>Arbeitnehmer*innen</RN>","undefined","undefined","True","53","4","<AN>Männer</AN>","135","-333.0","-198.0","61.0","114.0","undefined","undefined","#232323","1620","psycho","True","Diskussionen","psycho","psycho","undefined","undefined","undefined","0","0","0","0","0","74","0","74","0","0","74","74","74","0","74","0","50","-810.0","-270.5","5","1004.0","81.57116285845139","Sun Aug  9 10:30:13 2026","The main experiment item","False","Auf einer Konferenz zu Bildungsfragen in Stuttgart wird derzeit über aktuelle schulische Themen gesprochen. Die <RN>Lehrerinnen</RN> sollen mehr auf Disziplin und Konsequenzen im Unterricht setzen, doch aus pädagogischen Gründen lehnen diese <AN>Männer</AN> die Vorschläge ab. Die kommenden Entwicklungen sind weiterhin Gegenstand von Diskussionen.","experiment.osexp","D:\ET_course_project_gender-bias\experiment","False","mono","False","39","no","white","no","yes","1080","12","space","psycho","178.0","3.0","117","6","74","74","D:\ET_course_project_gender-bias\experiment\subject-10.csv","150","psycho","an_found","Neonatal Nightingale","4.1.14","508.0","178.0","2","0","space","NA","space","space","space","11908.639400004176","NA","18281.626299984055","11908.639400004176","True","53","2","<RN>Lehrerinnen</RN>","247","167.0","414.0","-173.0","-120.0","2","psycho","4","Auf einer Konferenz zu Bildungsfragen in Stuttgart wird derzeit über aktuelle schulische Themen gesprochen. Die <RN>Lehrer</RN> sollen mehr auf Disziplin und Konsequenzen im Unterricht setzen, doch aus pädagogischen Gründen lehnen diese <AN>Frauen</AN> die Vorschläge ab. Die kommenden Entwicklungen sind weiterhin Gegenstand von Diskussionen.","Auf einer Gewerkschaftsveranstaltung wird derzeit über Löhne, Arbeitsbedingungen und Arbeitnehmerrechte diskutiert. Die <RN>Beschäftigten</RN> fordern bessere Bezahlung und faire Arbeitsbedingungen, doch diese <AN>Frauen</AN> sehen vor allem strukturelle Probleme. Die kommenden Entwicklungen sind weiterhin Gegenstand von Diskussionen.","1","1024","2","48000","-16","53","4","135","-198.0","-63.0","61.0","114.0","experiment","10","even","461332.2194000066","-810.0","-290.0","NA","5025.657100020908","5026.025300001493","109558.4882000112","127840.88840000913","491055.4437999963","127892.8534000006","491055.4783999978","109345.29220001423","NA","490672.4585000193","478763.3704000036","461320.6452000013","127892.88450000458","491055.35979999695","109552.35569999786","478759.999300004","Experiment","0","0","0","11","1920","Diskussionen.","53","25","289"
"<AN>Männer</AN>","C3","<RN>Polizistinnen</RN>","undefined","undefined","True","53","4","<AN>Männer</AN>","135","-202.0","-67.0","61.0","114.0","undefined","undefined","#232323","1620","psycho","True","verhandelt","psycho","psycho","undefined","undefined","undefined","0","0","0","0","0","75","0","75","0","0","75","75","75","0","75","0","50","-810.0","-270.5","5","1026.0","91.04107987496637","Sun Aug  9 10:30:13 2026","The main experiment item","False","Bei einer öffentlichen Sitzung im Rathaus wird über neue Verkehrsregelungen gesprochen. Die <RN>Polizistinnen</RN> diskutieren laut über mehr Sicherheit im Straßenverkehr und setzen sich für strengere Kontrollen ein, doch diese <AN>Männer</AN> lehnen die Vorschläge ab. Die nächsten Maßnahmen werden derzeit kontrovers verhandelt.","experiment.osexp","D:\ET_course_project_gender-bias\experiment","False","mono","False","39","no","white","no","yes","1080","18","space","psycho","178.0","3.0","117","4","75","75","D:\ET_course_project_gender-bias\experiment\subject-10.csv","150","psycho","an_found","Neonatal Nightingale","4.1.14","485.0","178.0","2","0","space","NA","space","space","space","9621.011800016277","NA","18281.626299984055","9621.011800016277","True","53","2","<RN>Polizistinnen</RN>","294","-13.0","281.0","-173.0","-120.0","2","psycho","4","Bei einer öffentlichen Sitzung im Rathaus wird über neue Verkehrsregelungen gesprochen. Die <RN>Polizistinnen</RN> diskutieren laut über mehr Sicherheit im Straßenverkehr und setzen sich für strengere Kontrollen ein, doch diese <AN>Männer</AN> lehnen die Vorschläge ab. Die nächsten Maßnahmen werden derzeit kontrovers verhandelt.","Bei einer öffentlichen Sitzung im Rathaus wird über neue Verkehrsregelungen gesprochen. Die <RN>Polizistinnen</RN> diskutieren laut über mehr Sicherheit im Straßenverkehr und setzen sich für strengere Kontrollen ein, doch diese <AN>Männer</AN> lehnen die Vorschläge ab. Die nächsten Maßnahmen werden derzeit kontrovers verhandelt.","0","1024","2","48000","-16","53","4","135","-67.0","68.0","61.0","114.0","experiment","10","even","491094.3549000076","-810.0","-290.0","NA","5025.657100020908","5026.025300001493","109558.4882000112","127840.88840000913","491082.60320001864","127892.8534000006","515182.1698000131","109345.29220001423","NA","515137.0433999982","505515.0944000052","491082.6420999947","127892.88450000458","491082.47720001964","109552.35569999786","505512.1754000138","Experiment","0","0","0","12","1920","verhandelt.","53","25","244"
"<AN>Frauen</AN>","C2","<RN>Krankenpfleger</RN>","undefined","undefined","True","53","4","<AN>Männer</AN>","135","-202.0","-67.0","61.0","114.0","undefined","undefined","#232323","1620","psycho","True","verhandelt","psycho","psycho","undefined","undefined","undefined","0","0","0","0","0","76","0","76","0","0","76","76","76","0","76","0","50","-810.0","-270.5","5","1026.0","91.04107987496637","Sun Aug  9 10:30:13 2026","The main experiment item","False","Bei einer öffentlichen Sitzung im Rathaus wird über neue Verkehrsregelungen gesprochen. Die <RN>Polizistinnen</RN> diskutieren laut über mehr Sicherheit im Straßenverkehr und setzen sich für strengere Kontrollen ein, doch diese <AN>Männer</AN> lehnen die Vorschläge ab. Die nächsten Maßnahmen werden derzeit kontrovers verhandelt.","experiment.osexp","D:\ET_course_project_gender-bias\experiment","False","mono","False","39","no","white","no","yes","1080","16","space","psycho","178.0","3.0","117","5","76","76","D:\ET_course_project_gender-bias\experiment\subject-10.csv","150","psycho","an_found","Neonatal Nightingale","4.1.14","485.0","178.0","2","0","space","NA","space","space","space","9621.011800016277","NA","18281.626299984055","9621.011800016277","True","53","2","<RN>Polizistinnen</RN>","294","-13.0","281.0","-173.0","-120.0","2","psycho","4","Bei einer öffentlichen Sitzung im Rathaus wird über neue Verkehrsregelungen gesprochen. Die <RN>Polizistinnen</RN> diskutieren laut über mehr Sicherheit im Straßenverkehr und setzen sich für strengere Kontrollen ein, doch diese <AN>Männer</AN> lehnen die Vorschläge ab. Die nächsten Maßnahmen werden derzeit kontrovers verhandelt.","Bei einer Informationsveranstaltung im Krankenhaus wird über aktuelle Impfreformen und deren Auswirkungen gesprochen. Die <RN>Krankenschwestern</RN> diskutieren über Langzeitfolgen von Corona und setzen sich für mehr Unterstützung ein, doch diese <AN>Männer</AN> lehnen die Vorschläge ab. Die nächsten Schritte werden derzeit kontrovers diskutiert.","1","1024","2","48000","-16","53","4","135","-67.0","68.0","61.0","114.0","experiment","10","even","491094.3549000076","-810.0","-290.0","NA","5025.657100020908","5026.025300001493","109558.4882000112","127840.88840000913","515209.4728999946","127892.8534000006","515209.5093000098","109345.29220001423","NA","515137.0433999982","505515.0944000052","491082.6420999947","127892.88450000458","515209.36249999795","109552.35569999786","505512.1754000138","Experiment","0","0","0","12","1920","verhandelt.","53","25","244"
"<AN>Frauen</AN>","C6","<RN>Krankenpfleger*innen</RN>","undefined","undefined","True","53","4","<AN>Männer</AN>","135","-202.0","-67.0","61.0","114.0","undefined","undefined","#232323","1620","psycho","True","verhandelt","psycho","psycho","undefined","undefined","undefined","0","0","0","0","0","77","0","77","0","0","77","77","77","0","77","0","50","-810.0","-270.5","5","1026.0","91.04107987496637","Sun Aug  9 10:30:13 2026","The main experiment item","False","Bei einer öffentlichen Sitzung im Rathaus wird über neue Verkehrsregelungen gesprochen. Die <RN>Polizistinnen</RN> diskutieren laut über mehr Sicherheit im Straßenverkehr und setzen sich für strengere Kontrollen ein, doch diese <AN>Männer</AN> lehnen die Vorschläge ab. Die nächsten Maßnahmen werden derzeit kontrovers verhandelt.","experiment.osexp","D:\ET_course_project_gender-bias\experiment","False","mono","False","39","no","white","no","yes","1080","16","space","psycho","178.0","3.0","117","3","77","77","D:\ET_course_project_gender-bias\experiment\subject-10.csv","150","psycho","an_found","Neonatal Nightingale","4.1.14","485.0","178.0","2","0","space","NA","space","space","space","9621.011800016277","NA","18281.626299984055","9621.011800016277","True","53","2","<RN>Polizistinnen</RN>","294","-13.0","281.0","-173.0","-120.0","2","psycho","4","Bei einer öffentlichen Sitzung im Rathaus wird über neue Verkehrsregelungen gesprochen. Die <RN>Polizistinnen</RN> diskutieren laut über mehr Sicherheit im Straßenverkehr und setzen sich für strengere Kontrollen ein, doch diese <AN>Männer</AN> lehnen die Vorschläge ab. Die nächsten Maßnahmen werden derzeit kontrovers verhandelt.","Bei einer Informationsveranstaltung im Krankenhaus wird über aktuelle Impfreformen und deren Auswirkungen gesprochen. Die <RN>Krankenschwestern</RN> diskutieren über Long Covid und setzen sich für mehr Unterstützung ein, doch diese <AN>Männer</AN> lehnen die Vorschläge ab. Die nächsten Schritte werden derzeit kontrovers diskutiert.","1","1024","2","48000","-16","53","4","135","-67.0","68.0","61.0","114.0","experiment","10","even","491094.3549000076","-810.0","-290.0","NA","5025.657100020908","5026.025300001493","109558.4882000112","127840.88840000913","515237.0235999988","127892.8534000006","515237.0609000209","109345.29220001423","NA","515137.0433999982","505515.0944000052","491082.6420999947","127892.88450000458","515236.93569999887","109552.35569999786","505512.1754000138","Experiment","0","0","0","12","1920","verhandelt.","53","25","244"
"<AN>Frauen</AN>","C6","<RN>Expert*innen</RN>","undefined","undefined","True","53","4","<AN>Männer</AN>","135","-202.0","-67.0","61.0","114.0","undefined","undefined","#232323","1620","psycho","True","verhandelt","psycho","psycho","undefined","undefined","undefined","0","0","0","0","0","78","0","78","0","0","78","78","78","0","78","0","50","-810.0","-270.5","5","1026.0","91.04107987496637","Sun Aug  9 10:30:13 2026","The main experiment item","False","Bei einer öffentlichen Sitzung im Rathaus wird über neue Verkehrsregelungen gesprochen. Die <RN>Polizistinnen</RN> diskutieren laut über mehr Sicherheit im Straßenverkehr und setzen sich für strengere Kontrollen ein, doch diese <AN>Männer</AN> lehnen die Vorschläge ab. Die nächsten Maßnahmen werden derzeit kontrovers verhandelt.","experiment.osexp","D:\ET_course_project_gender-bias\experiment","False","mono","False","39","no","white","no","yes","1080","7","space","psycho","178.0","3.0","117","6","78","78","D:\ET_course_project_gender-bias\experiment\subject-10.csv","150","psycho","an_found","Neonatal Nightingale","4.1.14","485.0","178.0","2","0","space","NA","space","space","space","9621.011800016277","NA","18281.626299984055","9621.011800016277","True","53","2","<RN>Polizistinnen</RN>","294","-13.0","281.0","-173.0","-120.0","2","psycho","4","Bei einer öffentlichen Sitzung im Rathaus wird über neue Verkehrsregelungen gesprochen. Die <RN>Polizistinnen</RN> diskutieren laut über mehr Sicherheit im Straßenverkehr und setzen sich für strengere Kontrollen ein, doch diese <AN>Männer</AN> lehnen die Vorschläge ab. Die nächsten Maßnahmen werden derzeit kontrovers verhandelt.","Beim Sommerfest eines Unternehmens wird über wirtschaftliche Entwicklungen und gesellschaftliche Herausforderungen diskutiert. Die <RN>Fachleute</RN> sehen große Herausforderungen im nächsten Geschäftsjahr, dennoch bleiben diese <AN>Männer</AN> optimistisch. Die unternehmerischen Folgen werden unterschiedlich bewertet.","1","1024","2","48000","-16","53","4","135","-67.0","68.0","61.0","114.0","experiment","10","even","491094.3549000076","-810.0","-290.0","NA","5025.657100020908","5026.025300001493","109558.4882000112","127840.88840000913","515264.66760001495","127892.8534000006","515264.7296000214","109345.29220001423","NA","515137.0433999982","505515.0944000052","491082.6420999947","127892.88450000458","515264.3936999957","109552.35569999786","505512.1754000138","Experiment","0","0","0","12","1920","verhandelt.","53","25","244"
"<AN>Frauen</AN>","C4","<RN>Professorinnen</RN>","undefined","undefined","True","53","4","<AN>Männer</AN>","135","-202.0","-67.0","61.0","114.0","undefined","undefined","#232323","1620","psycho","True","verhandelt","psycho","psycho","undefined","undefined","undefined","0","0","0","0","0","79","0","79","0","0","79","79","79","0","79","0","50","-810.0","-270.5","5","1026.0","91.04107987496637","Sun Aug  9 10:30:13 2026","The main experiment item","False","Bei einer öffentlichen Sitzung im Rathaus wird über neue Verkehrsregelungen gesprochen. Die <RN>Polizistinnen</RN> diskutieren laut über mehr Sicherheit im Straßenverkehr und setzen sich für strengere Kontrollen ein, doch diese <AN>Männer</AN> lehnen die Vorschläge ab. Die nächsten Maßnahmen werden derzeit kontrovers verhandelt.","experiment.osexp","D:\ET_course_project_gender-bias\experiment","False","mono","False","39","no","white","no","yes","1080","15","space","psycho","178.0","3.0","117","2","79","79","D:\ET_course_project_gender-bias\experiment\subject-10.csv","150","psycho","an_found","Neonatal Nightingale","4.1.14","485.0","178.0","2","0","space","NA","space","space","space","9621.011800016277","NA","18281.626299984055","9621.011800016277","True","53","2","<RN>Polizistinnen</RN>","294","-13.0","281.0","-173.0","-120.0","2","psycho","4","Bei einer öffentlichen Sitzung im Rathaus wird über neue Verkehrsregelungen gesprochen. Die <RN>Polizistinnen</RN> diskutieren laut über mehr Sicherheit im Straßenverkehr und setzen sich für strengere Kontrollen ein, doch diese <AN>Männer</AN> lehnen die Vorschläge ab. Die nächsten Maßnahmen werden derzeit kontrovers verhandelt.","Im Rahmen einer öffentlichen Veranstaltung wird über die Zukunft der Hochschulen und die Forschungsförderung diskutiert. Die <RN>Professorinnen</RN> diskutieren über die Zukunft der Hochschulen und setzen sich für mehr Forschungsgelder ein, doch diese <AN>Männer</AN> lehnen die Vorschläge ab. Die nächsten Schritte werden derzeit kontrovers diskutiert.","1","1024","2","48000","-16","53","4","135","-67.0","68.0","61.0","114.0","experiment","10","even","491094.3549000076","-810.0","-290.0","NA","5025.657100020908","5026.025300001493","109558.4882000112","127840.88840000913","515292.35719999997","127892.8534000006","515292.4125000136","109345.29220001423","NA","515137.0433999982","505515.0944000052","491082.6420999947","127892.88450000458","515292.0709000027","109552.35569999786","505512.1754000138","Experiment","0","0","0","12","1920","verhandelt.","53","25","244"
"<AN>Frauen</AN>","C4","<RN>Expertinnen</RN>","undefined","undefined","True","53","4","<AN>Männer</AN>","135","-202.0","-67.0","61.0","114.0","undefined","undefined","#232323","1620","psycho","True","verhandelt","psycho","psycho","undefined","undefined","undefined","0","0","0","0","0","80","0","80","0","0","80","80","80","0","80","0","50","-810.0","-270.5","5","1026.0","91.04107987496637","Sun Aug  9 10:30:13 2026","The main experiment item","False","Bei einer öffentlichen Sitzung im Rathaus wird über neue Verkehrsregelungen gesprochen. Die <RN>Polizistinnen</RN> diskutieren laut über mehr Sicherheit im Straßenverkehr und setzen sich für strengere Kontrollen ein, doch diese <AN>Männer</AN> lehnen die Vorschläge ab. Die nächsten Maßnahmen werden derzeit kontrovers verhandelt.","experiment.osexp","D:\ET_course_project_gender-bias\experiment","False","mono","False","39","no","white","no","yes","1080","14","space","psycho","178.0","3.0","117","3","80","80","D:\ET_course_project_gender-bias\experiment\subject-10.csv","150","psycho","an_found","Neonatal Nightingale","4.1.14","485.0","178.0","2","0","space","NA","space","space","space","9621.011800016277","NA","18281.626299984055","9621.011800016277","True","53","2","<RN>Polizistinnen</RN>","294","-13.0","281.0","-173.0","-120.0","2","psycho","4","Bei einer öffentlichen Sitzung im Rathaus wird über neue Verkehrsregelungen gesprochen. Die <RN>Polizistinnen</RN> diskutieren laut über mehr Sicherheit im Straßenverkehr und setzen sich für strengere Kontrollen ein, doch diese <AN>Männer</AN> lehnen die Vorschläge ab. Die nächsten Maßnahmen werden derzeit kontrovers verhandelt.","Auf einer öffentlichen Veranstaltung stehen Investitionen und langfristige gesellschaftliche Entwicklungen zur Diskussion. Die <RN>Fachfrauen</RN> unterstützen höhere Investitionen und langfristige Entwicklungen, doch diese <AN>Männer</AN> kritisieren die Umsetzung. Die politischen Folgen werden unterschiedlich bewertet.","1","1024","2","48000","-16","53","4","135","-67.0","68.0","61.0","114.0","experiment","10","even","491094.3549000076","-810.0","-290.0","NA","5025.657100020908","5026.025300001493","109558.4882000112","127840.88840000913","515318.53910000063","127892.8534000006","515318.5870000161","109345.29220001423","NA","515137.0433999982","505515.0944000052","491082.6420999947","127892.88450000458","515318.11630001175","109552.35569999786","505512.1754000138","Experiment","0","0","0","12","1920","verhandelt.","53","25","244"
"<AN>Männer</AN>","C1","<RN>Studenten</RN>","undefined","undefined","True","53","4","<AN>Männer</AN>","135","-202.0","-67.0","61.0","114.0","undefined","undefined","#232323","1620","psycho","True","verhandelt","psycho","psycho","undefined","undefined","undefined","0","0","0","0","0","81","0","81","0","0","81","81","81","0","81","0","50","-810.0","-270.5","5","1026.0","91.04107987496637","Sun Aug  9 10:30:13 2026","The main experiment item","False","Bei einer öffentlichen Sitzung im Rathaus wird über neue Verkehrsregelungen gesprochen. Die <RN>Polizistinnen</RN> diskutieren laut über mehr Sicherheit im Straßenverkehr und setzen sich für strengere Kontrollen ein, doch diese <AN>Männer</AN> lehnen die Vorschläge ab. Die nächsten Maßnahmen werden derzeit kontrovers verhandelt.","experiment.osexp","D:\ET_course_project_gender-bias\experiment","False","mono","False","39","no","white","no","yes","1080","1","space","psycho","178.0","3.0","117","1","81","81","D:\ET_course_project_gender-bias\experiment\subject-10.csv","150","psycho","an_found","Neonatal Nightingale","4.1.14","485.0","178.0","2","0","space","NA","space","space","space","9621.011800016277","NA","18281.626299984055","9621.011800016277","True","53","2","<RN>Polizistinnen</RN>","294","-13.0","281.0","-173.0","-120.0","2","psycho","4","Bei einer öffentlichen Sitzung im Rathaus wird über neue Verkehrsregelungen gesprochen. Die <RN>Polizistinnen</RN> diskutieren laut über mehr Sicherheit im Straßenverkehr und setzen sich für strengere Kontrollen ein, doch diese <AN>Männer</AN> lehnen die Vorschläge ab. Die nächsten Maßnahmen werden derzeit kontrovers verhandelt.","Bei einer Podiumsdiskussion an der Universität wird über aktuelle gesellschaftliche Themen gesprochen. Die <RN>Studenten</RN> müssten wieder stärker leistungsorientiert gefördert werden, doch die Mehrheit dieser dort teilnehmenden <AN>Frauen</AN> kritisiert die neuen Anforderungen. Die weitere Entwicklung bleibt Gegenstand öffentlicher Debatten.","1","1024","2","48000","-16","53","4","135","-67.0","68.0","61.0","114.0","experiment","10","even","491094.3549000076","-810.0","-290.0","NA","5025.657100020908","5026.025300001493","109558.4882000112","127840.88840000913","515347.8161999956","127892.8534000006","515347.8629000019","109345.29220001423","NA","515137.0433999982","505515.0944000052","491082.6420999947","127892.88450000458","515347.5141999952","109552.35569999786","505512.1754000138","Experiment","0","0","0","12","1920","verhandelt.","53","25","244"
"<AN>Frauen</AN>","C2","<RN>Aktivisten</RN>","undefined","undefined","True","53","4","<AN>Frauen</AN>","132","-201.0","-69.0","61.0","114.0","undefined","undefined","#232323","1620","psycho","True","geprüft","psycho","psycho","undefined","undefined","undefined","0","0","0","0","0","82","0","82","0","0","82","82","82","0","82","0","50","-810.0","-270.5","5","1182.0","83.28298182654123","Sun Aug  9 10:30:13 2026","The main experiment item","False","Auf einer öffentlichen Veranstaltung werden aktuelle wohnungs- und gesellschaftspolitische Themen diskutiert. Die <RN>Aktivisten</RN> fordern mehr bezahlbaren Wohnraum in Stuttgart für alle und diskutieren faire Lösungsansätze, doch diese <AN>Frauen</AN> sehen die Verantwortung stärker beim Bund. Die Auswirkungen der Entscheidung werden noch geprüft.","experiment.osexp","D:\ET_course_project_gender-bias\experiment","False","mono","False","39","no","white","no","yes","1080","11","space","psycho","178.0","3.0","117","4","82","82","D:\ET_course_project_gender-bias\experiment\subject-10.csv","150","psycho","an_found","Neonatal Nightingale","4.1.14","572.0","178.0","2","0","space","NA","space","space","space","11812.614000024041","NA","18281.626299984055","11812.614000024041","True","53","2","<RN>Aktivisten</RN>","228","261.0","489.0","-173.0","-120.0","2","psycho","4","Auf einer öffentlichen Veranstaltung werden aktuelle wohnungs- und gesellschaftspolitische Themen diskutiert. Die <RN>Aktivist*innen</RN> fordern mehr bezahlbaren Wohnraum in Stuttgart für alle und diskutieren faire Lösungsansätze, doch diese <AN>Frauen</AN> sehen die Verantwortung stärker beim Bund. Die Auswirkungen der Entscheidung werden noch geprüft.","Auf einer öffentlichen Veranstaltung werden aktuelle wohnungs- und gesellschaftspolitische Themen diskutiert. Die <RN>Aktivist*innen</RN> fordern mehr bezahlbaren Wohnraum in Stuttgart für alle und diskutieren faire Lösungsansätze, doch diese <AN>Frauen</AN> sehen die Verantwortung stärker beim Bund. Die Auswirkungen der Entscheidung werden noch geprüft.","0","1024","2","48000","-16","53","4","132","-69.0","63.0","61.0","114.0","experiment","10","even","515386.167699995","-810.0","-290.0","NA","5025.657100020908","5026.025300001493","109558.4882000112","127840.88840000913","515374.5445999957","127892.8534000006","548414.2158000031","109345.29220001423","NA","548368.616199994","536555.4091999948","515374.576400005","127892.88450000458","515374.2903000093","109552.35569999786","536552.0754000172","Experiment","0","0","0","13","1920","geprüft.","53","25","175"
"<AN>Frauen</AN>","C4","<RN>Pflegerinnen</RN>","undefined","undefined","True","53","4","<AN>Frauen</AN>","132","-201.0","-69.0","61.0","114.0","undefined","undefined","#232323","1620","psycho","True","geprüft","psycho","psycho","undefined","undefined","undefined","0","0","0","0","0","83","0","83","0","0","83","83","83","0","83","0","50","-810.0","-270.5","5","1182.0","83.28298182654123","Sun Aug  9 10:30:13 2026","The main experiment item","False","Auf einer öffentlichen Veranstaltung werden aktuelle wohnungs- und gesellschaftspolitische Themen diskutiert. Die <RN>Aktivisten</RN> fordern mehr bezahlbaren Wohnraum in Stuttgart für alle und diskutieren faire Lösungsansätze, doch diese <AN>Frauen</AN> sehen die Verantwortung stärker beim Bund. Die Auswirkungen der Entscheidung werden noch geprüft.","experiment.osexp","D:\ET_course_project_gender-bias\experiment","False","mono","False","39","no","white","no","yes","1080","2","space","psycho","178.0","3.0","117","3","83","83","D:\ET_course_project_gender-bias\experiment\subject-10.csv","150","psycho","an_found","Neonatal Nightingale","4.1.14","572.0","178.0","2","0","space","NA","space","space","space","11812.614000024041","NA","18281.626299984055","11812.614000024041","True","53","2","<RN>Aktivisten</RN>","228","261.0","489.0","-173.0","-120.0","2","psycho","4","Auf einer öffentlichen Veranstaltung werden aktuelle wohnungs- und gesellschaftspolitische Themen diskutiert. Die <RN>Aktivist*innen</RN> fordern mehr bezahlbaren Wohnraum in Stuttgart für alle und diskutieren faire Lösungsansätze, doch diese <AN>Frauen</AN> sehen die Verantwortung stärker beim Bund. Die Auswirkungen der Entscheidung werden noch geprüft.","Im Rahmen einer Gesprächsrunde im Gesundheitswesen wird derzeit über aktuelle gesellschaftliche Herausforderungen diskutiert. Die <RN>Pflegekräfte</RN> verdienen bessere Arbeitsbedingungen und benötigen mehr Unterstützung, doch diese <AN>Männer</AN> fühlen sich politisch nicht ausreichend unterstützt. Die nächsten Schritte werden derzeit kontrovers diskutiert.","1","1024","2","48000","-16","53","4","132","-69.0","63.0","61.0","114.0","experiment","10","even","515386.167699995","-810.0","-290.0","NA","5025.657100020908","5026.025300001493","109558.4882000112","127840.88840000913","548443.2077000092","127892.8534000006","548443.2454000053","109345.29220001423","NA","548368.616199994","536555.4091999948","515374.576400005","127892.88450000458","548443.1035000016","109552.35569999786","536552.0754000172","Experiment","0","0","0","13","1920","geprüft.","53","25","175"
"<AN>Frauen</AN>","C4","<RN>Expertinnen</RN>","undefined","undefined","True","53","4","<AN>Frauen</AN>","132","-309.0","-177.0","61.0","114.0","undefined","undefined","#232323","1620","psycho","True","bewertet","psycho","psycho","undefined","undefined","undefined","0","0","0","0","0","84","0","84","0","0","84","84","84","0","84","0","50","-810.0","-270.5","5","528.0","75.46201448463988","Sun Aug  9 10:30:13 2026","The main experiment item","False","Beim Sommerfest eines Unternehmens wird über wirtschaftliche Entwicklungen und gesellschaftliche Herausforderungen diskutiert. Die <RN>Expertinnen</RN> sehen große Herausforderungen im nächsten Geschäftsjahr, dennoch bleiben diese <AN>Frauen</AN> optimistisch. Die unternehmerischen Folgen werden unterschiedlich bewertet.","experiment.osexp","D:\ET_course_project_gender-bias\experiment","False","mono","False","39","no","white","no","yes","1080","7","space","psycho","178.0","3.0","117","4","84","84","D:\ET_course_project_gender-bias\experiment\subject-10.csv","150","psycho","an_found","Neonatal Nightingale","4.1.14","-60.0","178.0","2","0","space","NA","space","space","space","10540.525399992475","NA","18281.626299984055","10540.525399992475","True","53","3","<RN>Expertinnen</RN>","248","-810.0","-562.0","-56.0","-3.0","2","psycho","4","Beim Sommerfest eines Unternehmens wird über wirtschaftliche Entwicklungen und gesellschaftliche Herausforderungen diskutiert. Die <RN>Fachleute</RN> sehen große Herausforderungen im nächsten Geschäftsjahr, dennoch bleiben diese <AN>Männer</AN> optimistisch. Die unternehmerischen Folgen werden unterschiedlich bewertet.","Beim Sommerfest eines Unternehmens wird über wirtschaftliche Entwicklungen und gesellschaftliche Herausforderungen diskutiert. Die <RN>Fachleute</RN> sehen große Herausforderungen im nächsten Geschäftsjahr, dennoch bleiben diese <AN>Männer</AN> optimistisch. Die unternehmerischen Folgen werden unterschiedlich bewertet.","0","1024","2","48000","-16","53","4","132","-177.0","-45.0","61.0","114.0","experiment","10","even","548482.3608000006","-810.0","-290.0","NA","5025.657100020908","5026.025300001493","109558.4882000112","127840.88840000913","548471.1053000065","127892.8534000006","577557.7204000147","109345.29220001423","NA","577512.5615000143","566971.4683000057","548471.1495999945","127892.88450000458","548470.8637000003","109552.35569999786","566968.0006999988","Experiment","0","0","0","14","1920","bewertet.","53","25","197"
"<AN>Männer</AN>","C1","<RN>Professoren</RN>","undefined","undefined","True","53","4","<AN>Frauen</AN>","132","-309.0","-177.0","61.0","114.0","undefined","undefined","#232323","1620","psycho","True","bewertet","psycho","psycho","undefined","undefined","undefined","0","0","0","0","0","85","0","85","0","0","85","85","85","0","85","0","50","-810.0","-270.5","5","528.0","75.46201448463988","Sun Aug  9 10:30:13 2026","The main experiment item","False","Beim Sommerfest eines Unternehmens wird über wirtschaftliche Entwicklungen und gesellschaftliche Herausforderungen diskutiert. Die <RN>Expertinnen</RN> sehen große Herausforderungen im nächsten Geschäftsjahr, dennoch bleiben diese <AN>Frauen</AN> optimistisch. Die unternehmerischen Folgen werden unterschiedlich bewertet.","experiment.osexp","D:\ET_course_project_gender-bias\experiment","False","mono","False","39","no","white","no","yes","1080","15","space","psycho","178.0","3.0","117","5","85","85","D:\ET_course_project_gender-bias\experiment\subject-10.csv","150","psycho","an_found","Neonatal Nightingale","4.1.14","-60.0","178.0","2","0","space","NA","space","space","space","10540.525399992475","NA","18281.626299984055","10540.525399992475","True","53","3","<RN>Expertinnen</RN>","248","-810.0","-562.0","-56.0","-3.0","2","psycho","4","Beim Sommerfest eines Unternehmens wird über wirtschaftliche Entwicklungen und gesellschaftliche Herausforderungen diskutiert. Die <RN>Fachleute</RN> sehen große Herausforderungen im nächsten Geschäftsjahr, dennoch bleiben diese <AN>Männer</AN> optimistisch. Die unternehmerischen Folgen werden unterschiedlich bewertet.","Im Rahmen einer öffentlichen Veranstaltung wird über die Zukunft der Hochschulen und die Forschungsförderung diskutiert. Die <RN>Professorinnen</RN> diskutieren über die Zukunft der Hochschulen und setzen sich für mehr Forschungsgelder ein, doch diese <AN>Männer</AN> lehnen die Vorschläge ab. Die nächsten Schritte werden derzeit kontrovers diskutiert.","1","1024","2","48000","-16","53","4","132","-177.0","-45.0","61.0","114.0","experiment","10","even","548482.3608000006","-810.0","-290.0","NA","5025.657100020908","5026.025300001493","109558.4882000112","127840.88840000913","577584.8895999952","127892.8534000006","577584.9270000181","109345.29220001423","NA","577512.5615000143","566971.4683000057","548471.1495999945","127892.88450000458","577584.7862999944","109552.35569999786","566968.0006999988","Experiment","0","0","0","14","1920","bewertet.","53","25","197"
"<AN>Frauen</AN>","C6","<RN>Lehrer*innen</RN>","undefined","undefined","True","53","4","<AN>Frauen</AN>","132","-309.0","-177.0","61.0","114.0","undefined","undefined","#232323","1620","psycho","True","bewertet","psycho","psycho","undefined","undefined","undefined","0","0","0","0","0","86","0","86","0","0","86","86","86","0","86","0","50","-810.0","-270.5","5","528.0","75.46201448463988","Sun Aug  9 10:30:13 2026","The main experiment item","False","Beim Sommerfest eines Unternehmens wird über wirtschaftliche Entwicklungen und gesellschaftliche Herausforderungen diskutiert. Die <RN>Expertinnen</RN> sehen große Herausforderungen im nächsten Geschäftsjahr, dennoch bleiben diese <AN>Frauen</AN> optimistisch. Die unternehmerischen Folgen werden unterschiedlich bewertet.","experiment.osexp","D:\ET_course_project_gender-bias\experiment","False","mono","False","39","no","white","no","yes","1080","6","space","psycho","178.0","3.0","117","1","86","86","D:\ET_course_project_gender-bias\experiment\subject-10.csv","150","psycho","an_found","Neonatal Nightingale","4.1.14","-60.0","178.0","2","0","space","NA","space","space","space","10540.525399992475","NA","18281.626299984055","10540.525399992475","True","53","3","<RN>Expertinnen</RN>","248","-810.0","-562.0","-56.0","-3.0","2","psycho","4","Beim Sommerfest eines Unternehmens wird über wirtschaftliche Entwicklungen und gesellschaftliche Herausforderungen diskutiert. Die <RN>Fachleute</RN> sehen große Herausforderungen im nächsten Geschäftsjahr, dennoch bleiben diese <AN>Männer</AN> optimistisch. Die unternehmerischen Folgen werden unterschiedlich bewertet.","Auf einer Konferenz zu Bildungsfragen wird derzeit über aktuelle schulische Themen gesprochen. Die <RN>Lehrer</RN> sollen mehr auf Disziplin und Konsequenzen im Unterricht setzen, doch aus pädagogischen Gründen lehnen diese <AN>Frauen</AN> die Vorschläge ab. Die kommenden Entwicklungen sind weiterhin Gegenstand von Diskussionen.","1","1024","2","48000","-16","53","4","132","-177.0","-45.0","61.0","114.0","experiment","10","even","548482.3608000006","-810.0","-290.0","NA","5025.657100020908","5026.025300001493","109558.4882000112","127840.88840000913","577612.1184999938","127892.8534000006","577612.1589000104","109345.29220001423","NA","577512.5615000143","566971.4683000057","548471.1495999945","127892.88450000458","577611.931899999","109552.35569999786","566968.0006999988","Experiment","0","0","0","14","1920","bewertet.","53","25","197"
"<AN>Frauen</AN>","C6","<RN>Arbeitnehmer*innen</RN>","undefined","undefined","True","53","4","<AN>Frauen</AN>","132","-309.0","-177.0","61.0","114.0","undefined","undefined","#232323","1620","psycho","True","bewertet","psycho","psycho","undefined","undefined","undefined","0","0","0","0","0","87","0","87","0","0","87","87","87","0","87","0","50","-810.0","-270.5","5","528.0","75.46201448463988","Sun Aug  9 10:30:13 2026","The main experiment item","False","Beim Sommerfest eines Unternehmens wird über wirtschaftliche Entwicklungen und gesellschaftliche Herausforderungen diskutiert. Die <RN>Expertinnen</RN> sehen große Herausforderungen im nächsten Geschäftsjahr, dennoch bleiben diese <AN>Frauen</AN> optimistisch. Die unternehmerischen Folgen werden unterschiedlich bewertet.","experiment.osexp","D:\ET_course_project_gender-bias\experiment","False","mono","False","39","no","white","no","yes","1080","5","space","psycho","178.0","3.0","117","2","87","87","D:\ET_course_project_gender-bias\experiment\subject-10.csv","150","psycho","an_found","Neonatal Nightingale","4.1.14","-60.0","178.0","2","0","space","NA","space","space","space","10540.525399992475","NA","18281.626299984055","10540.525399992475","True","53","3","<RN>Expertinnen</RN>","248","-810.0","-562.0","-56.0","-3.0","2","psycho","4","Beim Sommerfest eines Unternehmens wird über wirtschaftliche Entwicklungen und gesellschaftliche Herausforderungen diskutiert. Die <RN>Fachleute</RN> sehen große Herausforderungen im nächsten Geschäftsjahr, dennoch bleiben diese <AN>Männer</AN> optimistisch. Die unternehmerischen Folgen werden unterschiedlich bewertet.","Im Rahmen einer Geschäftsveranstaltung findet derzeit ein Austausch über Arbeitsbedingungen und gesellschaftliche Entwicklungen statt. Die <RN>Arbeitnehmer*innen</RN> erwarten höhere Gehälter und klimatisierte Arbeitsplätze, aber diese <AN>Männer</AN> wollen auch weniger arbeiten. Die Frage nach den Konsequenzen bleibt offen.","1","1024","2","48000","-16","53","4","132","-177.0","-45.0","61.0","114.0","experiment","10","even","548482.3608000006","-810.0","-290.0","NA","5025.657100020908","5026.025300001493","109558.4882000112","127840.88840000913","577639.539900003","127892.8534000006","577639.5888999978","109345.29220001423","NA","577512.5615000143","566971.4683000057","548471.1495999945","127892.88450000458","577639.069900004","109552.35569999786","566968.0006999988","Experiment","0","0","0","14","1920","bewertet.","53","25","197"
"<AN>Männer</AN>","C1","<RN>Polizisten</RN>","undefined","undefined","True","53","4","<AN>Frauen</AN>","132","-309.0","-177.0","61.0","114.0","undefined","undefined","#232323","1620","psycho","True","bewertet","psycho","psycho","undefined","undefined","undefined","0","0","0","0","0","88","0","88","0","0","88","88","88","0","88","0","50","-810.0","-270.5","5","528.0","75.46201448463988","Sun Aug  9 10:30:13 2026","The main experiment item","False","Beim Sommerfest eines Unternehmens wird über wirtschaftliche Entwicklungen und gesellschaftliche Herausforderungen diskutiert. Die <RN>Expertinnen</RN> sehen große Herausforderungen im nächsten Geschäftsjahr, dennoch bleiben diese <AN>Frauen</AN> optimistisch. Die unternehmerischen Folgen werden unterschiedlich bewertet.","experiment.osexp","D:\ET_course_project_gender-bias\experiment","False","mono","False","39","no","white","no","yes","1080","18","space","psycho","178.0","3.0","117","2","88","88","D:\ET_course_project_gender-bias\experiment\subject-10.csv","150","psycho","an_found","Neonatal Nightingale","4.1.14","-60.0","178.0","2","0","space","NA","space","space","space","10540.525399992475","NA","18281.626299984055","10540.525399992475","True","53","3","<RN>Expertinnen</RN>","248","-810.0","-562.0","-56.0","-3.0","2","psycho","4","Beim Sommerfest eines Unternehmens wird über wirtschaftliche Entwicklungen und gesellschaftliche Herausforderungen diskutiert. Die <RN>Fachleute</RN> sehen große Herausforderungen im nächsten Geschäftsjahr, dennoch bleiben diese <AN>Männer</AN> optimistisch. Die unternehmerischen Folgen werden unterschiedlich bewertet.","Bei einer öffentlichen Sitzung im Rathaus wird über neue Verkehrsregelungen gesprochen. Die <RN>Polizistinnen</RN> diskutieren laut über mehr Sicherheit im Straßenverkehr und setzen sich für strengere Kontrollen ein, doch diese <AN>Männer</AN> lehnen die Vorschläge ab. Die nächsten Maßnahmen werden derzeit kontrovers verhandelt.","1","1024","2","48000","-16","53","4","132","-177.0","-45.0","61.0","114.0","experiment","10","even","548482.3608000006","-810.0","-290.0","NA","5025.657100020908","5026.025300001493","109558.4882000112","127840.88840000913","577666.582100006","127892.8534000006","577666.6422999988","109345.29220001423","NA","577512.5615000143","566971.4683000057","548471.1495999945","127892.88450000458","577666.2168000184","109552.35569999786","566968.0006999988","Experiment","0","0","0","14","1920","bewertet.","53","25","197"
"<AN>Männer</AN>","C5","<RN>Arbeitnehmer*innen</RN>","undefined","undefined","True","53","4","<AN>Frauen</AN>","132","-309.0","-177.0","61.0","114.0","undefined","undefined","#232323","1620","psycho","True","bewertet","psycho","psycho","undefined","undefined","undefined","0","0","0","0","0","89","0","89","0","0","89","89","89","0","89","0","50","-810.0","-270.5","5","528.0","75.46201448463988","Sun Aug  9 10:30:13 2026","The main experiment item","False","Beim Sommerfest eines Unternehmens wird über wirtschaftliche Entwicklungen und gesellschaftliche Herausforderungen diskutiert. Die <RN>Expertinnen</RN> sehen große Herausforderungen im nächsten Geschäftsjahr, dennoch bleiben diese <AN>Frauen</AN> optimistisch. Die unternehmerischen Folgen werden unterschiedlich bewertet.","experiment.osexp","D:\ET_course_project_gender-bias\experiment","False","mono","False","39","no","white","no","yes","1080","5","space","psycho","178.0","3.0","117","1","89","89","D:\ET_course_project_gender-bias\experiment\subject-10.csv","150","psycho","an_found","Neonatal Nightingale","4.1.14","-60.0","178.0","2","0","space","NA","space","space","space","10540.525399992475","NA","18281.626299984055","10540.525399992475","True","53","3","<RN>Expertinnen</RN>","248","-810.0","-562.0","-56.0","-3.0","2","psycho","4","Beim Sommerfest eines Unternehmens wird über wirtschaftliche Entwicklungen und gesellschaftliche Herausforderungen diskutiert. Die <RN>Fachleute</RN> sehen große Herausforderungen im nächsten Geschäftsjahr, dennoch bleiben diese <AN>Männer</AN> optimistisch. Die unternehmerischen Folgen werden unterschiedlich bewertet.","Im Rahmen einer Geschäftsveranstaltung findet derzeit ein Austausch über Arbeitsbedingungen und gesellschaftliche Entwicklungen statt. Die <RN>Arbeitnehmer*innen</RN> erwarten höhere Gehälter und klimatisierte Arbeitsplätze, aber diese <AN>Männer</AN> wollen auch weniger arbeiten. Die Frage nach den Konsequenzen bleibt offen.","1","1024","2","48000","-16","53","4","132","-177.0","-45.0","61.0","114.0","experiment","10","even","548482.3608000006","-810.0","-290.0","NA","5025.657100020908","5026.025300001493","109558.4882000112","127840.88840000913","577692.930499994","127892.8534000006","577692.9833000177","109345.29220001423","NA","577512.5615000143","566971.4683000057","548471.1495999945","127892.88450000458","577692.7227000124","109552.35569999786","566968.0006999988","Experiment","0","0","0","14","1920","bewertet.","53","25","197"
"<AN>Frauen</AN>","C6","<RN>Polizist*innen</RN>","undefined","undefined","True","53","4","<AN>Frauen</AN>","132","-309.0","-177.0","61.0","114.0","undefined","undefined","#232323","1620","psycho","True","bewertet","psycho","psycho","undefined","undefined","undefined","0","0","0","0","0","90","0","90","0","0","90","90","90","0","90","0","50","-810.0","-270.5","5","528.0","75.46201448463988","Sun Aug  9 10:30:13 2026","The main experiment item","False","Beim Sommerfest eines Unternehmens wird über wirtschaftliche Entwicklungen und gesellschaftliche Herausforderungen diskutiert. Die <RN>Expertinnen</RN> sehen große Herausforderungen im nächsten Geschäftsjahr, dennoch bleiben diese <AN>Frauen</AN> optimistisch. Die unternehmerischen Folgen werden unterschiedlich bewertet.","experiment.osexp","D:\ET_course_project_gender-bias\experiment","False","mono","False","39","no","white","no","yes","1080","18","space","psycho","178.0","3.0","117","1","90","90","D:\ET_course_project_gender-bias\experiment\subject-10.csv","150","psycho","an_found","Neonatal Nightingale","4.1.14","-60.0","178.0","2","0","space","NA","space","space","space","10540.525399992475","NA","18281.626299984055","10540.525399992475","True","53","3","<RN>Expertinnen</RN>","248","-810.0","-562.0","-56.0","-3.0","2","psycho","4","Beim Sommerfest eines Unternehmens wird über wirtschaftliche Entwicklungen und gesellschaftliche Herausforderungen diskutiert. Die <RN>Fachleute</RN> sehen große Herausforderungen im nächsten Geschäftsjahr, dennoch bleiben diese <AN>Männer</AN> optimistisch. Die unternehmerischen Folgen werden unterschiedlich bewertet.","Bei einer öffentlichen Sitzung im Rathaus wird über neue Verkehrsregelungen gesprochen. Die <RN>Polizistinnen</RN> diskutieren laut über mehr Sicherheit im Straßenverkehr und setzen sich für strengere Kontrollen ein, doch diese <AN>Männer</AN> lehnen die Vorschläge ab. Die nächsten Maßnahmen werden derzeit kontrovers verhandelt.","1","1024","2","48000","-16","53","4","132","-177.0","-45.0","61.0","114.0","experiment","10","even","548482.3608000006","-810.0","-290.0","NA","5025.657100020908","5026.025300001493","109558.4882000112","127840.88840000913","577720.3985000087","127892.8534000006","577720.4343000194","109345.29220001423","NA","577512.5615000143","566971.4683000057","548471.1495999945","127892.88450000458","577720.310500008","109552.35569999786","566968.0006999988","Experiment","0","0","0","14","1920","bewertet.","53","25","197"
"<AN>Frauen</AN>","C2","<RN>Dozenten</RN>","undefined","undefined","True","53","4","<AN>Frauen</AN>","132","-309.0","-177.0","61.0","114.0","undefined","undefined","#232323","1620","psycho","True","bewertet","psycho","psycho","undefined","undefined","undefined","0","0","0","0","0","91","0","91","0","0","91","91","91","0","91","0","50","-810.0","-270.5","5","528.0","75.46201448463988","Sun Aug  9 10:30:13 2026","The main experiment item","False","Beim Sommerfest eines Unternehmens wird über wirtschaftliche Entwicklungen und gesellschaftliche Herausforderungen diskutiert. Die <RN>Expertinnen</RN> sehen große Herausforderungen im nächsten Geschäftsjahr, dennoch bleiben diese <AN>Frauen</AN> optimistisch. Die unternehmerischen Folgen werden unterschiedlich bewertet.","experiment.osexp","D:\ET_course_project_gender-bias\experiment","False","mono","False","39","no","white","no","yes","1080","9","space","psycho","178.0","3.0","117","6","91","91","D:\ET_course_project_gender-bias\experiment\subject-10.csv","150","psycho","an_found","Neonatal Nightingale","4.1.14","-60.0","178.0","2","0","space","NA","space","space","space","10540.525399992475","NA","18281.626299984055","10540.525399992475","True","53","3","<RN>Expertinnen</RN>","248","-810.0","-562.0","-56.0","-3.0","2","psycho","4","Beim Sommerfest eines Unternehmens wird über wirtschaftliche Entwicklungen und gesellschaftliche Herausforderungen diskutiert. Die <RN>Fachleute</RN> sehen große Herausforderungen im nächsten Geschäftsjahr, dennoch bleiben diese <AN>Männer</AN> optimistisch. Die unternehmerischen Folgen werden unterschiedlich bewertet.","Auf einer schulischen Tagung werden aktuelle Kontroversen rund um Vorlesungsführung und Leistungsbewertung diskutiert. Die <RN>Dozent*innen</RN> fordern erhöhte Leistungsorientierung und strengere Notenvergabe im Lehrplan, doch diese <AN>Männer</AN> stoßen dabei auf Gegendruck von Eltern. Die Debatte über das Thema hält weiter an.","1","1024","2","48000","-16","53","4","132","-177.0","-45.0","61.0","114.0","experiment","10","even","548482.3608000006","-810.0","-290.0","NA","5025.657100020908","5026.025300001493","109558.4882000112","127840.88840000913","577749.6387000137","127892.8534000006","577749.6779999929","109345.29220001423","NA","577512.5615000143","566971.4683000057","548471.1495999945","127892.88450000458","577749.2955000198","109552.35569999786","566968.0006999988","Experiment","0","0","0","14","1920","bewertet.","53","25","197"
"<AN>Frauen</AN>","C6","<RN>Einwohner*innen</RN>","undefined","undefined","True","53","4","<AN>Frauen</AN>","132","-309.0","-177.0","61.0","114.0","undefined","undefined","#232323","1620","psycho","True","bewertet","psycho","psycho","undefined","undefined","undefined","0","0","0","0","0","92","0","92","0","0","92","92","92","0","92","0","50","-810.0","-270.5","5","528.0","75.46201448463988","Sun Aug  9 10:30:13 2026","The main experiment item","False","Beim Sommerfest eines Unternehmens wird über wirtschaftliche Entwicklungen und gesellschaftliche Herausforderungen diskutiert. Die <RN>Expertinnen</RN> sehen große Herausforderungen im nächsten Geschäftsjahr, dennoch bleiben diese <AN>Frauen</AN> optimistisch. Die unternehmerischen Folgen werden unterschiedlich bewertet.","experiment.osexp","D:\ET_course_project_gender-bias\experiment","False","mono","False","39","no","white","no","yes","1080","8","space","psycho","178.0","3.0","117","5","92","92","D:\ET_course_project_gender-bias\experiment\subject-10.csv","150","psycho","an_found","Neonatal Nightingale","4.1.14","-60.0","178.0","2","0","space","NA","space","space","space","10540.525399992475","NA","18281.626299984055","10540.525399992475","True","53","3","<RN>Expertinnen</RN>","248","-810.0","-562.0","-56.0","-3.0","2","psycho","4","Beim Sommerfest eines Unternehmens wird über wirtschaftliche Entwicklungen und gesellschaftliche Herausforderungen diskutiert. Die <RN>Fachleute</RN> sehen große Herausforderungen im nächsten Geschäftsjahr, dennoch bleiben diese <AN>Männer</AN> optimistisch. Die unternehmerischen Folgen werden unterschiedlich bewertet.","Im Rahmen einer öffentlichen Veranstaltung wird derzeit über Fragen der inneren Sicherheit und gesellschaftliche Entwicklungen gesprochen. Die <RN>Bürger</RN> diskutieren über Fragen der Sicherheit bezüglich der aktuellen Krise, doch diese <AN>Männer</AN> fordern härtere Maßnahmen. Die weiteren Maßnahmen stoßen auf geteilte Reaktionen.","1","1024","2","48000","-16","53","4","132","-177.0","-45.0","61.0","114.0","experiment","10","even","548482.3608000006","-810.0","-290.0","NA","5025.657100020908","5026.025300001493","109558.4882000112","127840.88840000913","577776.1372000095","127892.8534000006","577776.17680002","109345.29220001423","NA","577512.5615000143","566971.4683000057","548471.1495999945","127892.88450000458","577775.9832000011","109552.35569999786","566968.0006999988","Experiment","0","0","0","14","1920","bewertet.","53","25","197"
"<AN>Männer</AN>","C5","<RN>Professor*innen</RN>","undefined","undefined","True","53","4","<AN>Frauen</AN>","132","-309.0","-177.0","61.0","114.0","undefined","undefined","#232323","1620","psycho","True","bewertet","psycho","psycho","undefined","undefined","undefined","0","0","0","0","0","93","0","93","0","0","93","93","93","0","93","0","50","-810.0","-270.5","5","528.0","75.46201448463988","Sun Aug  9 10:30:13 2026","The main experiment item","False","Beim Sommerfest eines Unternehmens wird über wirtschaftliche Entwicklungen und gesellschaftliche Herausforderungen diskutiert. Die <RN>Expertinnen</RN> sehen große Herausforderungen im nächsten Geschäftsjahr, dennoch bleiben diese <AN>Frauen</AN> optimistisch. Die unternehmerischen Folgen werden unterschiedlich bewertet.","experiment.osexp","D:\ET_course_project_gender-bias\experiment","False","mono","False","39","no","white","no","yes","1080","15","space","psycho","178.0","3.0","117","3","93","93","D:\ET_course_project_gender-bias\experiment\subject-10.csv","150","psycho","an_found","Neonatal Nightingale","4.1.14","-60.0","178.0","2","0","space","NA","space","space","space","10540.525399992475","NA","18281.626299984055","10540.525399992475","True","53","3","<RN>Expertinnen</RN>","248","-810.0","-562.0","-56.0","-3.0","2","psycho","4","Beim Sommerfest eines Unternehmens wird über wirtschaftliche Entwicklungen und gesellschaftliche Herausforderungen diskutiert. Die <RN>Fachleute</RN> sehen große Herausforderungen im nächsten Geschäftsjahr, dennoch bleiben diese <AN>Männer</AN> optimistisch. Die unternehmerischen Folgen werden unterschiedlich bewertet.","Im Rahmen einer öffentlichen Veranstaltung wird über die Zukunft der Hochschulen und die Forschungsförderung diskutiert. Die <RN>Professorinnen</RN> diskutieren über die Zukunft der Hochschulen und setzen sich für mehr Forschungsgelder ein, doch diese <AN>Männer</AN> lehnen die Vorschläge ab. Die nächsten Schritte werden derzeit kontrovers diskutiert.","1","1024","2","48000","-16","53","4","132","-177.0","-45.0","61.0","114.0","experiment","10","even","548482.3608000006","-810.0","-290.0","NA","5025.657100020908","5026.025300001493","109558.4882000112","127840.88840000913","577802.3628999945","127892.8534000006","577802.4028000073","109345.29220001423","NA","577512.5615000143","566971.4683000057","548471.1495999945","127892.88450000458","577802.2174000216","109552.35569999786","566968.0006999988","Experiment","0","0","0","14","1920","bewertet.","53","25","197"
"<AN>Männer</AN>","C5","<RN>Expert*innen</RN>","undefined","undefined","True","53","4","<AN>Frauen</AN>","132","-309.0","-177.0","61.0","114.0","undefined","undefined","#232323","1620","psycho","True","bewertet","psycho","psycho","undefined","undefined","undefined","0","0","0","0","0","94","0","94","0","0","94","94","94","0","94","0","50","-810.0","-270.5","5","528.0","75.46201448463988","Sun Aug  9 10:30:13 2026","The main experiment item","False","Beim Sommerfest eines Unternehmens wird über wirtschaftliche Entwicklungen und gesellschaftliche Herausforderungen diskutiert. Die <RN>Expertinnen</RN> sehen große Herausforderungen im nächsten Geschäftsjahr, dennoch bleiben diese <AN>Frauen</AN> optimistisch. Die unternehmerischen Folgen werden unterschiedlich bewertet.","experiment.osexp","D:\ET_course_project_gender-bias\experiment","False","mono","False","39","no","white","no","yes","1080","7","space","psycho","178.0","3.0","117","5","94","94","D:\ET_course_project_gender-bias\experiment\subject-10.csv","150","psycho","an_found","Neonatal Nightingale","4.1.14","-60.0","178.0","2","0","space","NA","space","space","space","10540.525399992475","NA","18281.626299984055","10540.525399992475","True","53","3","<RN>Expertinnen</RN>","248","-810.0","-562.0","-56.0","-3.0","2","psycho","4","Beim Sommerfest eines Unternehmens wird über wirtschaftliche Entwicklungen und gesellschaftliche Herausforderungen diskutiert. Die <RN>Fachleute</RN> sehen große Herausforderungen im nächsten Geschäftsjahr, dennoch bleiben diese <AN>Männer</AN> optimistisch. Die unternehmerischen Folgen werden unterschiedlich bewertet.","Beim Sommerfest eines Unternehmens wird über wirtschaftliche Entwicklungen und gesellschaftliche Herausforderungen diskutiert. Die <RN>Fachleute</RN> sehen große Herausforderungen im nächsten Geschäftsjahr, dennoch bleiben diese <AN>Männer</AN> optimistisch. Die unternehmerischen Folgen werden unterschiedlich bewertet.","1","1024","2","48000","-16","53","4","132","-177.0","-45.0","61.0","114.0","experiment","10","even","548482.3608000006","-810.0","-290.0","NA","5025.657100020908","5026.025300001493","109558.4882000112","127840.88840000913","577831.8051999959","127892.8534000006","577831.8471999955","109345.29220001423","NA","577512.5615000143","566971.4683000057","548471.1495999945","127892.88450000458","577831.5292000188","109552.35569999786","566968.0006999988","Experiment","0","0","0","14","1920","bewertet.","53","25","197"
"<AN>Frauen</AN>","C2","<RN>Einwohner</RN>","undefined","undefined","True","53","4","<AN>Frauen</AN>","132","-309.0","-177.0","61.0","114.0","undefined","undefined","#232323","1620","psycho","True","bewertet","psycho","psycho","undefined","undefined","undefined","0","0","0","0","0","95","0","95","0","0","95","95","95","0","95","0","50","-810.0","-270.5","5","528.0","75.46201448463988","Sun Aug  9 10:30:13 2026","The main experiment item","False","Beim Sommerfest eines Unternehmens wird über wirtschaftliche Entwicklungen und gesellschaftliche Herausforderungen diskutiert. Die <RN>Expertinnen</RN> sehen große Herausforderungen im nächsten Geschäftsjahr, dennoch bleiben diese <AN>Frauen</AN> optimistisch. Die unternehmerischen Folgen werden unterschiedlich bewertet.","experiment.osexp","D:\ET_course_project_gender-bias\experiment","False","mono","False","39","no","white","no","yes","1080","8","space","psycho","178.0","3.0","117","1","95","95","D:\ET_course_project_gender-bias\experiment\subject-10.csv","150","psycho","an_found","Neonatal Nightingale","4.1.14","-60.0","178.0","2","0","space","NA","space","space","space","10540.525399992475","NA","18281.626299984055","10540.525399992475","True","53","3","<RN>Expertinnen</RN>","248","-810.0","-562.0","-56.0","-3.0","2","psycho","4","Beim Sommerfest eines Unternehmens wird über wirtschaftliche Entwicklungen und gesellschaftliche Herausforderungen diskutiert. Die <RN>Fachleute</RN> sehen große Herausforderungen im nächsten Geschäftsjahr, dennoch bleiben diese <AN>Männer</AN> optimistisch. Die unternehmerischen Folgen werden unterschiedlich bewertet.","Im Rahmen einer öffentlichen Veranstaltung wird derzeit über Fragen der inneren Sicherheit und gesellschaftliche Entwicklungen gesprochen. Die <RN>Bürger</RN> diskutieren über Fragen der inneren Sicherheit bezüglich der aktuellen Krise, doch diese <AN>Männer</AN> fordern härtere Maßnahmen. Die weiteren Maßnahmen stoßen auf geteilte Reaktionen.","1","1024","2","48000","-16","53","4","132","-177.0","-45.0","61.0","114.0","experiment","10","even","548482.3608000006","-810.0","-290.0","NA","5025.657100020908","5026.025300001493","109558.4882000112","127840.88840000913","577857.9987999983","127892.8534000006","577858.0526000005","109345.29220001423","NA","577512.5615000143","566971.4683000057","548471.1495999945","127892.88450000458","577857.7019000077","109552.35569999786","566968.0006999988","Experiment","0","0","0","14","1920","bewertet.","53","25","197"
"<AN>Frauen</AN>","C2","<RN>Arbeitnehmer</RN>","undefined","undefined","True","53","4","<AN>Frauen</AN>","132","-305.0","-173.0","61.0","114.0","undefined","undefined","#232323","1620","psycho","True","offen","psycho","psycho","undefined","undefined","undefined","0","0","0","0","0","96","0","96","0","0","96","96","96","0","96","0","50","-810.0","-270.5","5","454.0","91.25276066837651","Sun Aug  9 10:30:13 2026","The main experiment item","False","Im Rahmen einer Geschäftsveranstaltung findet derzeit ein Austausch über Arbeitsbedingungen und gesellschaftliche Entwicklungen statt. Die <RN>Arbeitnehmer</RN> erwarten höhere Gehälter und klimatisierte Arbeitsplätze, trotzdem wollen diese <AN>Frauen</AN> auch weniger arbeiten. Die Frage nach den Konsequenzen bleibt offen.","experiment.osexp","D:\ET_course_project_gender-bias\experiment","False","mono","False","39","no","white","no","yes","1080","5","space","psycho","178.0","3.0","117","4","96","96","D:\ET_course_project_gender-bias\experiment\subject-10.csv","150","psycho","an_found","Neonatal Nightingale","4.1.14","-202.0","178.0","2","0","space","NA","space","space","space","11613.195900019491","NA","18281.626299984055","11613.195900019491","True","53","3","<RN>Arbeitnehmer</RN>","274","-810.0","-536.0","-56.0","-3.0","2","psycho","4","Im Rahmen einer Geschäftsveranstaltung findet derzeit ein Austausch über Arbeitsbedingungen und gesellschaftliche Entwicklungen statt. Die <RN>Arbeitnehmer*innen</RN> erwarten höhere Gehälter und klimatisierte Arbeitsplätze, trotzdem wollen diese <AN>Männer</AN> auch weniger arbeiten. Die Frage nach den Konsequenzen bleibt offen.","Im Rahmen einer Geschäftsveranstaltung findet derzeit ein Austausch über Arbeitsbedingungen und gesellschaftliche Entwicklungen statt. Die <RN>Arbeitnehmer*innen</RN> erwarten höhere Gehälter und klimatisierte Arbeitsplätze, trotzdem wollen diese <AN>Männer</AN> auch weniger arbeiten. Die Frage nach den Konsequenzen bleibt offen.","0","1024","2","48000","-16","53","4","132","-173.0","-41.0","61.0","114.0","experiment","10","even","577905.4206000001","-810.0","-290.0","NA","5025.657100020908","5026.025300001493","109558.4882000112","127840.88840000913","577893.2415000163","127892.8534000006","602133.7026999972","109345.29220001423","NA","602088.527200016","590474.7964999988","577893.2790000108","127892.88450000458","577892.8514000145","109552.35569999786","590471.9927000115","Experiment","0","0","0","15","1920","offen.","53","25","129"
"<AN>Frauen</AN>","C4","<RN>Einwohnerinnen</RN>","undefined","undefined","True","53","4","<AN>Frauen</AN>","132","-305.0","-173.0","61.0","114.0","undefined","undefined","#232323","1620","psycho","True","offen","psycho","psycho","undefined","undefined","undefined","0","0","0","0","0","97","0","97","0","0","97","97","97","0","97","0","50","-810.0","-270.5","5","454.0","91.25276066837651","Sun Aug  9 10:30:13 2026","The main experiment item","False","Im Rahmen einer Geschäftsveranstaltung findet derzeit ein Austausch über Arbeitsbedingungen und gesellschaftliche Entwicklungen statt. Die <RN>Arbeitnehmer</RN> erwarten höhere Gehälter und klimatisierte Arbeitsplätze, trotzdem wollen diese <AN>Frauen</AN> auch weniger arbeiten. Die Frage nach den Konsequenzen bleibt offen.","experiment.osexp","D:\ET_course_project_gender-bias\experiment","False","mono","False","39","no","white","no","yes","1080","8","space","psycho","178.0","3.0","117","3","97","97","D:\ET_course_project_gender-bias\experiment\subject-10.csv","150","psycho","an_found","Neonatal Nightingale","4.1.14","-202.0","178.0","2","0","space","NA","space","space","space","11613.195900019491","NA","18281.626299984055","11613.195900019491","True","53","3","<RN>Arbeitnehmer</RN>","274","-810.0","-536.0","-56.0","-3.0","2","psycho","4","Im Rahmen einer Geschäftsveranstaltung findet derzeit ein Austausch über Arbeitsbedingungen und gesellschaftliche Entwicklungen statt. Die <RN>Arbeitnehmer*innen</RN> erwarten höhere Gehälter und klimatisierte Arbeitsplätze, trotzdem wollen diese <AN>Männer</AN> auch weniger arbeiten. Die Frage nach den Konsequenzen bleibt offen.","Im Rahmen einer öffentlichen Veranstaltung wird derzeit über Fragen der inneren Sicherheit und gesellschaftliche Entwicklungen gesprochen. Die <RN>Bürger</RN> diskutieren über Fragen der inneren Sicherheit bezüglich der aktuellen Krise, doch diese <AN>Männer</AN> fordern härtere Maßnahmen. Die weiteren Maßnahmen stoßen auf geteilte Reaktionen.","1","1024","2","48000","-16","53","4","132","-173.0","-41.0","61.0","114.0","experiment","10","even","577905.4206000001","-810.0","-290.0","NA","5025.657100020908","5026.025300001493","109558.4882000112","127840.88840000913","602161.6861000075","127892.8534000006","602161.7451000202","109345.29220001423","NA","602088.527200016","590474.7964999988","577893.2790000108","127892.88450000458","602161.3707000215","109552.35569999786","590471.9927000115","Experiment","0","0","0","15","1920","offen.","53","25","129"
"<AN>Männer</AN>","C1","<RN>Pfleger</RN>","undefined","undefined","True","53","4","<AN>Frauen</AN>","132","-305.0","-173.0","61.0","114.0","undefined","undefined","#232323","1620","psycho","True","offen","psycho","psycho","undefined","undefined","undefined","0","0","0","0","0","98","0","98","0","0","98","98","98","0","98","0","50","-810.0","-270.5","5","454.0","91.25276066837651","Sun Aug  9 10:30:13 2026","The main experiment item","False","Im Rahmen einer Geschäftsveranstaltung findet derzeit ein Austausch über Arbeitsbedingungen und gesellschaftliche Entwicklungen statt. Die <RN>Arbeitnehmer</RN> erwarten höhere Gehälter und klimatisierte Arbeitsplätze, trotzdem wollen diese <AN>Frauen</AN> auch weniger arbeiten. Die Frage nach den Konsequenzen bleibt offen.","experiment.osexp","D:\ET_course_project_gender-bias\experiment","False","mono","False","39","no","white","no","yes","1080","2","space","psycho","178.0","3.0","117","6","98","98","D:\ET_course_project_gender-bias\experiment\subject-10.csv","150","psycho","an_found","Neonatal Nightingale","4.1.14","-202.0","178.0","2","0","space","NA","space","space","space","11613.195900019491","NA","18281.626299984055","11613.195900019491","True","53","3","<RN>Arbeitnehmer</RN>","274","-810.0","-536.0","-56.0","-3.0","2","psycho","4","Im Rahmen einer Geschäftsveranstaltung findet derzeit ein Austausch über Arbeitsbedingungen und gesellschaftliche Entwicklungen statt. Die <RN>Arbeitnehmer*innen</RN> erwarten höhere Gehälter und klimatisierte Arbeitsplätze, trotzdem wollen diese <AN>Männer</AN> auch weniger arbeiten. Die Frage nach den Konsequenzen bleibt offen.","Im Rahmen einer Gesprächsrunde im Gesundheitswesen wird derzeit über aktuelle gesellschaftliche Herausforderungen diskutiert. Die <RN>Pflegekräfte</RN> verdienen bessere Arbeitsbedingungen und benötigen langfristig mehr Unterstützung, doch diese <AN>Männer</AN> fühlen sich politisch nicht ausreichend unterstützt. Die nächsten Schritte werden derzeit kontrovers diskutiert.","1","1024","2","48000","-16","53","4","132","-173.0","-41.0","61.0","114.0","experiment","10","even","577905.4206000001","-810.0","-290.0","NA","5025.657100020908","5026.025300001493","109558.4882000112","127840.88840000913","602189.4980000216","127892.8534000006","602189.545900008","109345.29220001423","NA","602088.527200016","590474.7964999988","577893.2790000108","127892.88450000458","602189.0989000094","109552.35569999786","590471.9927000115","Experiment","0","0","0","15","1920","offen.","53","25","129"
"<AN>Männer</AN>","C5","<RN>Einwohner*innen</RN>","undefined","undefined","True","53","4","<AN>Männer</AN>","135","-179.0","-44.0","61.0","114.0","undefined","undefined","#232323","1620","psycho","True","Reaktionen","psycho","psycho","undefined","undefined","undefined","0","0","0","0","0","99","0","99","0","0","99","99","99","0","99","0","50","-810.0","-270.5","5","893.0","64.0109637009161","Sun Aug  9 10:30:13 2026","The main experiment item","False","Im Rahmen einer öffentlichen Veranstaltung wird derzeit über Fragen der inneren Sicherheit und gesellschaftliche Entwicklungen gesprochen. Die <RN>Einwohner*innen</RN> diskutieren über Fragen der Sicherheit bezüglich der aktuellen Krise, doch diese <AN>Männer</AN> fordern härtere Maßnahmen. Die weiteren Maßnahmen stoßen auf geteilte Reaktionen.","experiment.osexp","D:\ET_course_project_gender-bias\experiment","False","mono","False","39","no","white","no","yes","1080","8","space","psycho","178.0","3.0","117","4","99","99","D:\ET_course_project_gender-bias\experiment\subject-10.csv","150","psycho","an_found","Neonatal Nightingale","4.1.14","350.0","178.0","2","0","space","NA","space","space","space","9828.652900003362","NA","18281.626299984055","9828.652900003362","True","53","3","<RN>Einwohner*innen</RN>","340","-810.0","-470.0","-56.0","-3.0","2","psycho","4","Im Rahmen einer öffentlichen Veranstaltung wird derzeit über Fragen der inneren Sicherheit und gesellschaftliche Entwicklungen gesprochen. Die <RN>Bürger</RN> diskutieren über Fragen der Sicherheit bezüglich der aktuellen Krise, doch diese <AN>Männer</AN> fordern härtere Maßnahmen. Die weiteren Maßnahmen stoßen auf geteilte Reaktionen.","Im Rahmen einer öffentlichen Veranstaltung wird derzeit über Fragen der inneren Sicherheit und gesellschaftliche Entwicklungen gesprochen. Die <RN>Bürger</RN> diskutieren über Fragen der Sicherheit bezüglich der aktuellen Krise, doch diese <AN>Männer</AN> fordern härtere Maßnahmen. Die weiteren Maßnahmen stoßen auf geteilte Reaktionen.","0","1024","2","48000","-16","53","4","135","-44.0","91.0","61.0","114.0","experiment","10","even","602228.2556999999","-810.0","-290.0","NA","5025.657100020908","5026.025300001493","109558.4882000112","127840.88840000913","602216.5768000123","127892.8534000006","633693.5863000108","109345.29220001423","NA","633648.688700021","623819.3515000166","602216.620799998","127892.88450000458","602216.3410000212","109552.35569999786","623815.9871000098","Experiment","0","0","0","16","1920","Reaktionen.","53","25","242"
"<AN>Männer</AN>","C1","<RN>Unternehmer</RN>","undefined","undefined","True","53","4","<AN>Männer</AN>","135","-197.0","-62.0","61.0","114.0","undefined","undefined","#232323","1620","psycho","True","umstritten","psycho","psycho","undefined","undefined","undefined","0","0","0","0","0","100","0","100","0","0","100","100","100","0","100","0","50","-810.0","-270.5","5","1152.0","71.27345690283303","Sun Aug  9 10:30:13 2026","The main experiment item","False","Bei einem Networking-Event stehen wirtschaftspolitische und gesellschaftliche Fragestellungen im Mittelpunkt der Diskussion. Die <RN>Unternehmer</RN> brauchen weniger bürokratische Hürden und sprechen über Verbesserungen, doch diese <AN>Männer</AN> fordern weitere steuerliche Entlastungen. Die Folgen dieser Positionen bleiben umstritten.","experiment.osexp","D:\ET_course_project_gender-bias\experiment","False","mono","False","39","no","white","no","yes","1080","4","space","psycho","178.0","3.0","117","4","100","100","D:\ET_course_project_gender-bias\experiment\subject-10.csv","150","psycho","an_found","Neonatal Nightingale","4.1.14","610.0","178.0","2","0","space","NA","space","space","space","8892.412999994121","NA","18281.626299984055","8892.412999994121","True","53","3","<RN>Unternehmer</RN>","249","-810.0","-561.0","-56.0","-3.0","2","psycho","4","Bei einem Networking-Event stehen wirtschaftspolitische und gesellschaftliche Fragestellungen im Mittelpunkt der Diskussion. Die <RN>Unternehmer</RN> brauchen weniger bürokratische Hürden und sprechen über Verbesserungen, doch diese <AN>Männer</AN> fordern weitere steuerliche Entlastungen. Die Folgen dieser Positionen bleiben umstritten.","Bei einem Networking-Event stehen wirtschaftspolitische und gesellschaftliche Fragestellungen im Mittelpunkt der Diskussion. Die <RN>Unternehmer</RN> brauchen weniger bürokratische Hürden und sprechen über Verbesserungen, doch diese <AN>Männer</AN> fordern weitere steuerliche Entlastungen. Die Folgen dieser Positionen bleiben umstritten.","0","1024","2","48000","-16","53","4","135","-62.0","73.0","61.0","114.0","experiment","10","even","633733.7821999972","-810.0","-290.0","NA","5025.657100020908","5026.025300001493","109558.4882000112","127840.88840000913","633721.8734000053","127892.8534000006","662654.291600018","109345.29220001423","NA","662608.9785000077","653715.6025000149","633721.8995000003","127892.88450000458","633721.7810000002","109552.35569999786","653711.9779000059","Experiment","0","0","0","17","1920","umstritten.","53","25","243"
"<AN>Frauen</AN>","C6","<RN>Unternehmer*innen</RN>","undefined","undefined","True","53","4","<AN>Männer</AN>","135","-197.0","-62.0","61.0","114.0","undefined","undefined","#232323","1620","psycho","True","umstritten","psycho","psycho","undefined","undefined","undefined","0","0","0","0","0","101","0","101","0","0","101","101","101","0","101","0","50","-810.0","-270.5","5","1152.0","71.27345690283303","Sun Aug  9 10:30:13 2026","The main experiment item","False","Bei einem Networking-Event stehen wirtschaftspolitische und gesellschaftliche Fragestellungen im Mittelpunkt der Diskussion. Die <RN>Unternehmer</RN> brauchen weniger bürokratische Hürden und sprechen über Verbesserungen, doch diese <AN>Männer</AN> fordern weitere steuerliche Entlastungen. Die Folgen dieser Positionen bleiben umstritten.","experiment.osexp","D:\ET_course_project_gender-bias\experiment","False","mono","False","39","no","white","no","yes","1080","4","space","psycho","178.0","3.0","117","3","101","101","D:\ET_course_project_gender-bias\experiment\subject-10.csv","150","psycho","an_found","Neonatal Nightingale","4.1.14","610.0","178.0","2","0","space","NA","space","space","space","8892.412999994121","NA","18281.626299984055","8892.412999994121","True","53","3","<RN>Unternehmer</RN>","249","-810.0","-561.0","-56.0","-3.0","2","psycho","4","Bei einem Networking-Event stehen wirtschaftspolitische und gesellschaftliche Fragestellungen im Mittelpunkt der Diskussion. Die <RN>Unternehmer</RN> brauchen weniger bürokratische Hürden und sprechen über Verbesserungen, doch diese <AN>Männer</AN> fordern weitere steuerliche Entlastungen. Die Folgen dieser Positionen bleiben umstritten.","Bei einem Networking-Event stehen wirtschaftspolitische und gesellschaftliche Fragestellungen im Mittelpunkt der Diskussion. Die <RN>Unternehmer</RN> brauchen weniger bürokratische Hürden und sprechen über Verbesserungen, doch diese <AN>Männer</AN> fordern weitere steuerliche Entlastungen. Die Folgen dieser Positionen bleiben umstritten.","1","1024","2","48000","-16","53","4","135","-62.0","73.0","61.0","114.0","experiment","10","even","633733.7821999972","-810.0","-290.0","NA","5025.657100020908","5026.025300001493","109558.4882000112","127840.88840000913","662681.298200012","127892.8534000006","662681.3353000034","109345.29220001423","NA","662608.9785000077","653715.6025000149","633721.8995000003","127892.88450000458","662681.2001999933","109552.35569999786","653711.9779000059","Experiment","0","0","0","17","1920","umstritten.","53","25","243"
"<AN>Männer</AN>","C3","<RN>Krankenschwestern</RN>","undefined","undefined","True","53","4","<AN>Männer</AN>","135","-197.0","-62.0","61.0","114.0","undefined","undefined","#232323","1620","psycho","True","umstritten","psycho","psycho","undefined","undefined","undefined","0","0","0","0","0","102","0","102","0","0","102","102","102","0","102","0","50","-810.0","-270.5","5","1152.0","71.27345690283303","Sun Aug  9 10:30:13 2026","The main experiment item","False","Bei einem Networking-Event stehen wirtschaftspolitische und gesellschaftliche Fragestellungen im Mittelpunkt der Diskussion. Die <RN>Unternehmer</RN> brauchen weniger bürokratische Hürden und sprechen über Verbesserungen, doch diese <AN>Männer</AN> fordern weitere steuerliche Entlastungen. Die Folgen dieser Positionen bleiben umstritten.","experiment.osexp","D:\ET_course_project_gender-bias\experiment","False","mono","False","39","no","white","no","yes","1080","16","space","psycho","178.0","3.0","117","6","102","102","D:\ET_course_project_gender-bias\experiment\subject-10.csv","150","psycho","an_found","Neonatal Nightingale","4.1.14","610.0","178.0","2","0","space","NA","space","space","space","8892.412999994121","NA","18281.626299984055","8892.412999994121","True","53","3","<RN>Unternehmer</RN>","249","-810.0","-561.0","-56.0","-3.0","2","psycho","4","Bei einem Networking-Event stehen wirtschaftspolitische und gesellschaftliche Fragestellungen im Mittelpunkt der Diskussion. Die <RN>Unternehmer</RN> brauchen weniger bürokratische Hürden und sprechen über Verbesserungen, doch diese <AN>Männer</AN> fordern weitere steuerliche Entlastungen. Die Folgen dieser Positionen bleiben umstritten.","Bei einer Informationsveranstaltung im Krankenhaus wird über aktuelle Impfreformen und deren Auswirkungen gesprochen. Die <RN>Krankenschwestern</RN> diskutieren über Langzeitfolgen von Corona und setzen sich für mehr Unterstützung ein, doch diese <AN>Männer</AN> lehnen die Vorschläge ab. Die nächsten Schritte werden derzeit kontrovers diskutiert.","1","1024","2","48000","-16","53","4","135","-62.0","73.0","61.0","114.0","experiment","10","even","633733.7821999972","-810.0","-290.0","NA","5025.657100020908","5026.025300001493","109558.4882000112","127840.88840000913","662708.4978000203","127892.8534000006","662708.5375000024","109345.29220001423","NA","662608.9785000077","653715.6025000149","633721.8995000003","127892.88450000458","662708.2858000067","109552.35569999786","653711.9779000059","Experiment","0","0","0","17","1920","umstritten.","53","25","243"
"<AN>Frauen</AN>","C6","<RN>Arbeitnehmer*innen</RN>","undefined","undefined","True","53","4","<AN>Männer</AN>","135","-197.0","-62.0","61.0","114.0","undefined","undefined","#232323","1620","psycho","True","umstritten","psycho","psycho","undefined","undefined","undefined","0","0","0","0","0","103","0","103","0","0","103","103","103","0","103","0","50","-810.0","-270.5","5","1152.0","71.27345690283303","Sun Aug  9 10:30:13 2026","The main experiment item","False","Bei einem Networking-Event stehen wirtschaftspolitische und gesellschaftliche Fragestellungen im Mittelpunkt der Diskussion. Die <RN>Unternehmer</RN> brauchen weniger bürokratische Hürden und sprechen über Verbesserungen, doch diese <AN>Männer</AN> fordern weitere steuerliche Entlastungen. Die Folgen dieser Positionen bleiben umstritten.","experiment.osexp","D:\ET_course_project_gender-bias\experiment","False","mono","False","39","no","white","no","yes","1080","12","space","psycho","178.0","3.0","117","1","103","103","D:\ET_course_project_gender-bias\experiment\subject-10.csv","150","psycho","an_found","Neonatal Nightingale","4.1.14","610.0","178.0","2","0","space","NA","space","space","space","8892.412999994121","NA","18281.626299984055","8892.412999994121","True","53","3","<RN>Unternehmer</RN>","249","-810.0","-561.0","-56.0","-3.0","2","psycho","4","Bei einem Networking-Event stehen wirtschaftspolitische und gesellschaftliche Fragestellungen im Mittelpunkt der Diskussion. Die <RN>Unternehmer</RN> brauchen weniger bürokratische Hürden und sprechen über Verbesserungen, doch diese <AN>Männer</AN> fordern weitere steuerliche Entlastungen. Die Folgen dieser Positionen bleiben umstritten.","Auf einer Gewerkschaftsveranstaltung wird derzeit über Löhne, Arbeitsbedingungen und Arbeitnehmerrechte diskutiert. Die <RN>Beschäftigten</RN> fordern bessere Bezahlung und faire Arbeitsbedingungen, doch diese <AN>Frauen</AN> sehen vor allem strukturelle Probleme. Die kommenden Entwicklungen sind weiterhin Gegenstand von Diskussionen.","1","1024","2","48000","-16","53","4","135","-62.0","73.0","61.0","114.0","experiment","10","even","633733.7821999972","-810.0","-290.0","NA","5025.657100020908","5026.025300001493","109558.4882000112","127840.88840000913","662739.5001999976","127892.8534000006","662739.5508000045","109345.29220001423","NA","662608.9785000077","653715.6025000149","633721.8995000003","127892.88450000458","662738.6163000192","109552.35569999786","653711.9779000059","Experiment","0","0","0","17","1920","umstritten.","53","25","243"
"<AN>Männer</AN>","C1","<RN>Arbeitnehmer</RN>","undefined","undefined","True","53","4","<AN>Männer</AN>","135","-197.0","-62.0","61.0","114.0","undefined","undefined","#232323","1620","psycho","True","umstritten","psycho","psycho","undefined","undefined","undefined","0","0","0","0","0","104","0","104","0","0","104","104","104","0","104","0","50","-810.0","-270.5","5","1152.0","71.27345690283303","Sun Aug  9 10:30:13 2026","The main experiment item","False","Bei einem Networking-Event stehen wirtschaftspolitische und gesellschaftliche Fragestellungen im Mittelpunkt der Diskussion. Die <RN>Unternehmer</RN> brauchen weniger bürokratische Hürden und sprechen über Verbesserungen, doch diese <AN>Männer</AN> fordern weitere steuerliche Entlastungen. Die Folgen dieser Positionen bleiben umstritten.","experiment.osexp","D:\ET_course_project_gender-bias\experiment","False","mono","False","39","no","white","no","yes","1080","5","space","psycho","178.0","3.0","117","3","104","104","D:\ET_course_project_gender-bias\experiment\subject-10.csv","150","psycho","an_found","Neonatal Nightingale","4.1.14","610.0","178.0","2","0","space","NA","space","space","space","8892.412999994121","NA","18281.626299984055","8892.412999994121","True","53","3","<RN>Unternehmer</RN>","249","-810.0","-561.0","-56.0","-3.0","2","psycho","4","Bei einem Networking-Event stehen wirtschaftspolitische und gesellschaftliche Fragestellungen im Mittelpunkt der Diskussion. Die <RN>Unternehmer</RN> brauchen weniger bürokratische Hürden und sprechen über Verbesserungen, doch diese <AN>Männer</AN> fordern weitere steuerliche Entlastungen. Die Folgen dieser Positionen bleiben umstritten.","Im Rahmen einer Geschäftsveranstaltung findet derzeit ein Austausch über Arbeitsbedingungen und gesellschaftliche Entwicklungen statt. Die <RN>Arbeitnehmer*innen</RN> erwarten höhere Gehälter und klimatisierte Arbeitsplätze, trotzdem wollen diese <AN>Männer</AN> auch weniger arbeiten. Die Frage nach den Konsequenzen bleibt offen.","1","1024","2","48000","-16","53","4","135","-62.0","73.0","61.0","114.0","experiment","10","even","633733.7821999972","-810.0","-290.0","NA","5025.657100020908","5026.025300001493","109558.4882000112","127840.88840000913","662765.8889000013","127892.8534000006","662765.9272000019","109345.29220001423","NA","662608.9785000077","653715.6025000149","633721.8995000003","127892.88450000458","662765.7124999969","109552.35569999786","653711.9779000059","Experiment","0","0","0","17","1920","umstritten.","53","25","243"
"<AN>Männern</AN>","C3","<RN>Einwohnerinnen</RN>","undefined","undefined","True","53","4","<AN>Männer</AN>","135","-197.0","-62.0","61.0","114.0","undefined","undefined","#232323","1620","psycho","True","umstritten","psycho","psycho","undefined","undefined","undefined","0","0","0","0","0","105","0","105","0","0","105","105","105","0","105","0","50","-810.0","-270.5","5","1152.0","71.27345690283303","Sun Aug  9 10:30:13 2026","The main experiment item","False","Bei einem Networking-Event stehen wirtschaftspolitische und gesellschaftliche Fragestellungen im Mittelpunkt der Diskussion. Die <RN>Unternehmer</RN> brauchen weniger bürokratische Hürden und sprechen über Verbesserungen, doch diese <AN>Männer</AN> fordern weitere steuerliche Entlastungen. Die Folgen dieser Positionen bleiben umstritten.","experiment.osexp","D:\ET_course_project_gender-bias\experiment","False","mono","False","39","no","white","no","yes","1080","13","space","psycho","178.0","3.0","117","3","105","105","D:\ET_course_project_gender-bias\experiment\subject-10.csv","150","psycho","an_found","Neonatal Nightingale","4.1.14","610.0","178.0","2","0","space","NA","space","space","space","8892.412999994121","NA","18281.626299984055","8892.412999994121","True","53","3","<RN>Unternehmer</RN>","249","-810.0","-561.0","-56.0","-3.0","2","psycho","4","Bei einem Networking-Event stehen wirtschaftspolitische und gesellschaftliche Fragestellungen im Mittelpunkt der Diskussion. Die <RN>Unternehmer</RN> brauchen weniger bürokratische Hürden und sprechen über Verbesserungen, doch diese <AN>Männer</AN> fordern weitere steuerliche Entlastungen. Die Folgen dieser Positionen bleiben umstritten.","Im Rahmen einer öffentlichen Veranstaltung wird über Sicherheit, gesellschaftlichen Zusammenhalt und politische Reformen gesprochen. Die <RN>Bürgerinnen</RN> wünschen sich Sicherheit und verlässliche Perspektiven, doch diese Gruppe von <AN>Frauen</AN> sieht Reformbedarf im System. Die weitere Entwicklung bleibt Gegenstand öffentlicher Debatten.","1","1024","2","48000","-16","53","4","135","-62.0","73.0","61.0","114.0","experiment","10","even","633733.7821999972","-810.0","-290.0","NA","5025.657100020908","5026.025300001493","109558.4882000112","127840.88840000913","662800.7611000212","127892.8534000006","662800.8185999934","109345.29220001423","NA","662608.9785000077","653715.6025000149","633721.8995000003","127892.88450000458","662800.4377000034","109552.35569999786","653711.9779000059","Experiment","0","0","0","17","1920","umstritten.","53","25","243"
"<AN>Frauen</AN>","C2","<RN>Ingenieure</RN>","undefined","undefined","True","53","4","<AN>Frauen</AN>","132","-85.0","47.0","61.0","114.0","undefined","undefined","#232323","1620","psycho","True","diskutiert","psycho","psycho","undefined","undefined","undefined","0","0","0","0","0","106","0","106","0","0","106","106","106","0","106","0","50","-810.0","-270.5","5","1003.0","90.66890821709502","Sun Aug  9 10:30:13 2026","The main experiment item","False","Im Rahmen einer städtischen Planungsrunde wird über die zukünftige Mobilität und den Ausbau des Nahverkehrs diskutiert. Die <RN>Ingenieure</RN> diskutieren über nachhaltige Verkehrskonzepte und setzen sich für den Ausbau des ÖPNV ein, doch diese <AN>Frauen</AN> lehnen die Vorschläge ab. Die nächsten Schritte werden derzeit kontrovers diskutiert.","experiment.osexp","D:\ET_course_project_gender-bias\experiment","False","mono","False","39","no","white","no","yes","1080","17","space","psycho","178.0","3.0","117","4","106","106","D:\ET_course_project_gender-bias\experiment\subject-10.csv","150","psycho","an_found","Neonatal Nightingale","4.1.14","461.0","178.0","2","0","space","NA","space","space","space","12092.482000007294","NA","18281.626299984055","12092.482000007294","True","53","2","<RN>Ingenieure</RN>","225","480.0","705.0","-173.0","-120.0","2","psycho","4","Im Rahmen einer städtischen Planungsrunde wird über die zukünftige Mobilität und den Ausbau des Nahverkehrs diskutiert. Die <RN>Ingenieurinnen</RN> diskutieren über nachhaltige Verkehrskonzepte und setzen sich für den Ausbau des ÖPNV ein, doch diese <AN>Männer</AN> lehnen die Vorschläge ab. Die nächsten Schritte werden derzeit kontrovers diskutiert.","Im Rahmen einer städtischen Planungsrunde wird über die zukünftige Mobilität und den Ausbau des Nahverkehrs diskutiert. Die <RN>Ingenieurinnen</RN> diskutieren über nachhaltige Verkehrskonzepte und setzen sich für den Ausbau des ÖPNV ein, doch diese <AN>Männer</AN> lehnen die Vorschläge ab. Die nächsten Schritte werden derzeit kontrovers diskutiert.","0","1024","2","48000","-16","53","4","132","47.0","179.0","61.0","114.0","experiment","10","even","662837.7489999984","-810.0","-290.0","NA","5025.657100020908","5026.025300001493","109558.4882000112","127840.88840000913","662826.5874000208","127892.8534000006","689509.5988000103","109345.29220001423","NA","689464.7022999998","677371.5198000136","662826.6154000012","127892.88450000458","662826.4135000063","109552.35569999786","677368.1411000143","Experiment","0","0","0","18","1920","diskutiert.","53","25","243"
"<AN>Frauen</AN>","C6","<RN>Ingenieur*innen</RN>","undefined","undefined","True","53","4","<AN>Frauen</AN>","132","-85.0","47.0","61.0","114.0","undefined","undefined","#232323","1620","psycho","True","diskutiert","psycho","psycho","undefined","undefined","undefined","0","0","0","0","0","107","0","107","0","0","107","107","107","0","107","0","50","-810.0","-270.5","5","1003.0","90.66890821709502","Sun Aug  9 10:30:13 2026","The main experiment item","False","Im Rahmen einer städtischen Planungsrunde wird über die zukünftige Mobilität und den Ausbau des Nahverkehrs diskutiert. Die <RN>Ingenieure</RN> diskutieren über nachhaltige Verkehrskonzepte und setzen sich für den Ausbau des ÖPNV ein, doch diese <AN>Frauen</AN> lehnen die Vorschläge ab. Die nächsten Schritte werden derzeit kontrovers diskutiert.","experiment.osexp","D:\ET_course_project_gender-bias\experiment","False","mono","False","39","no","white","no","yes","1080","17","space","psycho","178.0","3.0","117","2","107","107","D:\ET_course_project_gender-bias\experiment\subject-10.csv","150","psycho","an_found","Neonatal Nightingale","4.1.14","461.0","178.0","2","0","space","NA","space","space","space","12092.482000007294","NA","18281.626299984055","12092.482000007294","True","53","2","<RN>Ingenieure</RN>","225","480.0","705.0","-173.0","-120.0","2","psycho","4","Im Rahmen einer städtischen Planungsrunde wird über die zukünftige Mobilität und den Ausbau des Nahverkehrs diskutiert. Die <RN>Ingenieurinnen</RN> diskutieren über nachhaltige Verkehrskonzepte und setzen sich für den Ausbau des ÖPNV ein, doch diese <AN>Männer</AN> lehnen die Vorschläge ab. Die nächsten Schritte werden derzeit kontrovers diskutiert.","Im Rahmen einer städtischen Planungsrunde wird über die zukünftige Mobilität und den Ausbau des Nahverkehrs diskutiert. Die <RN>Ingenieurinnen</RN> diskutieren über Verkehrskonzepte und setzen sich für den Ausbau des ÖPNV ein, doch diese <AN>Männer</AN> lehnen die Vorschläge ab. Die nächsten Schritte werden derzeit kontrovers diskutiert.","1","1024","2","48000","-16","53","4","132","47.0","179.0","61.0","114.0","experiment","10","even","662837.7489999984","-810.0","-290.0","NA","5025.657100020908","5026.025300001493","109558.4882000112","127840.88840000913","689784.9778000091","127892.8534000006","689785.054500011","109345.29220001423","NA","689464.7022999998","677371.5198000136","662826.6154000012","127892.88450000458","689784.3284000119","109552.35569999786","677368.1411000143","Experiment","0","0","0","18","1920","diskutiert.","53","25","243"
