"AN","Code","RN","acc","accuracy","an_found","an_height","an_line","an_text","an_width","an_x1","an_x2","an_y1","an_y2","average_response_time","avg_rt","background","box_width","canvas_backend","central_fixation","clean_word","clock_backend","color_backend","correct","correct_instruction","correct_question_sketchpad","count_ending_sketchpad","count_experiment","count_eyetracker_calibration","count_instruction","count_instruction_pygaze_log","count_list_filter","count_liste_auswahl","count_logger","count_pygaze_start_recording","count_pygaze_stop_recording","count_question_pygaze_log","count_question_sketchpad","count_sentence_script","count_trial_loop","count_trial_sequence","count_var_init_inline_script","cross_size","cross_x","cross_y","current_line","current_line_width","d","datetime","description","disable_garbage_collection","display_sentence","experiment_file","experiment_path","font_bold","font_family","font_italic","font_size","font_underline","foreground","form_clicks","fullscreen","height","item","key","keyboard_backend","last_line_y","line_height_factor","line_spacing","list","live_row","live_row_trial_loop","logfile","margin","mouse_backend","name","opensesame_codename","opensesame_version","position_x","position_y","psychopy_screen","repeat_cycle","response","response_ending_sketchpad","response_instruction","response_key","response_question_sketchpad","response_time","response_time_ending_sketchpad","response_time_instruction","response_time_question_sketchpad","rn_found","rn_height","rn_line","rn_text","rn_width","rn_x1","rn_x2","rn_y1","rn_y2","round_decimals","sampler_backend","selected_list","sentence","sentence_text","skip_trial","sound_buf_size","sound_channels","sound_freq","sound_sample_size","spill_height","spill_line","spill_width","spill_x1","spill_x2","spill_y1","spill_y2","start","subject_nr","subject_parity","t0","text_start_x","text_start_y","time_ending_sketchpad","time_experiment","time_eyetracker_calibration","time_instruction","time_instruction_pygaze_log","time_list_filter","time_liste_auswahl","time_logger","time_pygaze_start_recording","time_pygaze_stop_recording","time_question_pygaze_log","time_question_sketchpad","time_sentence_script","time_trial_loop","time_trial_sequence","time_var_init_inline_script","timestamp","title","total_correct","total_response_time","total_responses","trial_counter","width","word","word_height","word_spacing","word_width"
"<AN>Frauen</AN>","C6","<RN>Arbeitnehmer*innen</RN>","undefined","undefined","None","None","None","None","None","None","None","None","None","undefined","undefined","#232323","None","psycho","None","None","psycho","psycho","undefined","undefined","None","0","0","0","0","0","0","0","0","0","0","0","0","0","0","0","0","None","None","None","None","None","None","Tue Jul 28 13:53:00 2026","The main experiment item","False","None","experiment.osexp","D:\ET_course_project_gender-bias\experiment","False","mono","False","18","no","white","no","yes","1080","5","None","psycho","None","None","None","2","0","0","D:\ET_course_project_gender-bias\experiment\subject-4.csv","None","psycho","an_found","Neonatal Nightingale","4.1.14","None","None","2","0","space","NA","space","None","NA","16807.517200000802","NA","16807.517200000802","NA","None","None","None","None","None","None","None","None","None","2","psycho","4","None","Im Rahmen einer Geschäftsveranstaltung findet derzeit ein Austausch über Arbeitsbedingungen und gesellschaftliche Entwicklungen statt. Die <RN>Arbeitnehmer*innen</RN> erwarten höhere Gehälter und klimatisierte Arbeitsplätze, aber diese <AN>Männer</AN> wollen auch weniger arbeiten. Die Frage nach den Konsequenzen bleibt offen.","1","1024","2","48000","-16","None","None","None","None","None","None","None","experiment","4","even","None","None","None","NA","4502.37930000003","4502.87759999992","65907.66559999975","82715.88019999945","82790.99329999917","82764.2911999992","82791.03579999901","64972.35249999903","NA","NA","NA","NA","82764.32349999959","82790.8582","65901.37110000069","None","Experiment","0","0","0","0","1920","None","None","None","None"
"<AN>Männer</AN>","C3","<RN>Arbeitnehmerinnen</RN>","undefined","undefined","None","None","None","None","None","None","None","None","None","undefined","undefined","#232323","None","psycho","None","None","psycho","psycho","undefined","undefined","None","0","0","0","0","0","1","0","1","0","0","1","1","1","0","1","0","None","None","None","None","None","None","Tue Jul 28 13:53:00 2026","The main experiment item","False","None","experiment.osexp","D:\ET_course_project_gender-bias\experiment","False","mono","False","18","no","white","no","yes","1080","5","None","psycho","None","None","None","5","1","1","D:\ET_course_project_gender-bias\experiment\subject-4.csv","None","psycho","an_found","Neonatal Nightingale","4.1.14","None","None","2","0","space","NA","space","None","NA","16807.517200000802","NA","16807.517200000802","NA","None","None","None","None","None","None","None","None","None","2","psycho","4","None","Im Rahmen einer Geschäftsveranstaltung findet derzeit ein Austausch über Arbeitsbedingungen und gesellschaftliche Entwicklungen statt. Die <RN>Arbeitnehmer*innen</RN> erwarten höhere Gehälter und klimatisierte Arbeitsplätze, aber diese <AN>Männer</AN> wollen auch weniger arbeiten. Die Frage nach den Konsequenzen bleibt offen.","1","1024","2","48000","-16","None","None","None","None","None","None","None","experiment","4","even","None","None","None","NA","4502.37930000003","4502.87759999992","65907.66559999975","82715.88019999945","82825.90510000045","82764.2911999992","82825.94539999991","64972.35249999903","NA","NA","NA","NA","82764.32349999959","82825.72339999933","65901.37110000069","None","Experiment","0","0","0","0","1920","None","None","None","None"
"<AN>Männer</AN>","C3","<RN>Unternehmerinnen</RN>","undefined","undefined","None","None","None","None","None","None","None","None","None","undefined","undefined","#232323","None","psycho","None","None","psycho","psycho","undefined","undefined","None","0","0","0","0","0","2","0","2","0","0","2","2","2","0","2","0","None","None","None","None","None","None","Tue Jul 28 13:53:00 2026","The main experiment item","False","None","experiment.osexp","D:\ET_course_project_gender-bias\experiment","False","mono","False","18","no","white","no","yes","1080","4","None","psycho","None","None","None","6","2","2","D:\ET_course_project_gender-bias\experiment\subject-4.csv","None","psycho","an_found","Neonatal Nightingale","4.1.14","None","None","2","0","space","NA","space","None","NA","16807.517200000802","NA","16807.517200000802","NA","None","None","None","None","None","None","None","None","None","2","psycho","4","None","Bei einem Networking-Event stehen wirtschaftspolitische und gesellschaftliche Fragestellungen im Mittelpunkt der Diskussion. Die <RN>Unternehmer</RN> brauchen weniger bürokratische Hürden und sprechen über Verbesserungen, doch diese <AN>Männer</AN> fordern weitere steuerliche Entlastungen. Die Folgen dieser Positionen bleiben umstritten.","1","1024","2","48000","-16","None","None","None","None","None","None","None","experiment","4","even","None","None","None","NA","4502.37930000003","4502.87759999992","65907.66559999975","82715.88019999945","82851.15939999923","82764.2911999992","82851.1982","64972.35249999903","NA","NA","NA","NA","82764.32349999959","82850.95200000069","65901.37110000069","None","Experiment","0","0","0","0","1920","None","None","None","None"
"<AN>Frauen</AN>","C2","<RN>Experten</RN>","undefined","undefined","None","None","None","None","None","None","None","None","None","undefined","undefined","#232323","None","psycho","None","None","psycho","psycho","undefined","undefined","None","0","0","0","0","0","3","0","3","0","0","3","3","3","0","3","0","None","None","None","None","None","None","Tue Jul 28 13:53:00 2026","The main experiment item","False","None","experiment.osexp","D:\ET_course_project_gender-bias\experiment","False","mono","False","18","no","white","no","yes","1080","7","None","psycho","None","None","None","2","3","3","D:\ET_course_project_gender-bias\experiment\subject-4.csv","None","psycho","an_found","Neonatal Nightingale","4.1.14","None","None","2","0","space","NA","space","None","NA","16807.517200000802","NA","16807.517200000802","NA","None","None","None","None","None","None","None","None","None","2","psycho","4","None","Beim Sommerfest eines Unternehmens wird über wirtschaftliche Entwicklungen und gesellschaftliche Herausforderungen diskutiert. Die <RN>Fachleute</RN> sehen große Herausforderungen im nächsten Geschäftsjahr, dennoch bleiben diese <AN>Männer</AN> optimistisch. Die unternehmerischen Folgen werden unterschiedlich bewertet.","1","1024","2","48000","-16","None","None","None","None","None","None","None","experiment","4","even","None","None","None","NA","4502.37930000003","4502.87759999992","65907.66559999975","82715.88019999945","82877.84470000042","82764.2911999992","82877.8843","64972.35249999903","NA","NA","NA","NA","82764.32349999959","82877.6672999993","65901.37110000069","None","Experiment","0","0","0","0","1920","None","None","None","None"
"<AN>Frauen</AN>","C6","<RN>Student*innen</RN>","undefined","undefined","None","None","None","None","None","None","None","None","None","undefined","undefined","#232323","None","psycho","None","None","psycho","psycho","undefined","undefined","None","0","0","0","0","0","4","0","4","0","0","4","4","4","0","4","0","None","None","None","None","None","None","Tue Jul 28 13:53:00 2026","The main experiment item","False","None","experiment.osexp","D:\ET_course_project_gender-bias\experiment","False","mono","False","18","no","white","no","yes","1080","1","None","psycho","None","None","None","6","4","4","D:\ET_course_project_gender-bias\experiment\subject-4.csv","None","psycho","an_found","Neonatal Nightingale","4.1.14","None","None","2","0","space","NA","space","None","NA","16807.517200000802","NA","16807.517200000802","NA","None","None","None","None","None","None","None","None","None","2","psycho","4","None","Bei einer Podiumsdiskussion an der Universität wird über aktuelle gesellschaftliche Themen gesprochen. Die <RN>Studenten</RN> müssten wieder stärker leistungsorientiert gefördert werden, doch die Mehrheit dieser dort teilnehmenden <AN>Frauen</AN> kritisiert die neuen Anforderungen. Die weitere Entwicklung bleibt Gegenstand öffentlicher Debatten.","1","1024","2","48000","-16","None","None","None","None","None","None","None","experiment","4","even","None","None","None","NA","4502.37930000003","4502.87759999992","65907.66559999975","82715.88019999945","82906.028899999","82764.2911999992","82906.0685000004","64972.35249999903","NA","NA","NA","NA","82764.32349999959","82905.87839999898","65901.37110000069","None","Experiment","0","0","0","0","1920","None","None","None","None"
"<AN>Frauen</AN>","C6","<RN>Lehrer*innen</RN>","undefined","undefined","None","None","None","None","None","None","None","None","None","undefined","undefined","#232323","None","psycho","None","None","psycho","psycho","undefined","undefined","None","0","0","0","0","0","5","0","5","0","0","5","5","5","0","5","0","None","None","None","None","None","None","Tue Jul 28 13:53:00 2026","The main experiment item","False","None","experiment.osexp","D:\ET_course_project_gender-bias\experiment","False","mono","False","18","no","white","no","yes","1080","6","None","psycho","None","None","None","1","5","5","D:\ET_course_project_gender-bias\experiment\subject-4.csv","None","psycho","an_found","Neonatal Nightingale","4.1.14","None","None","2","0","space","NA","space","None","NA","16807.517200000802","NA","16807.517200000802","NA","None","None","None","None","None","None","None","None","None","2","psycho","4","None","Auf einer Konferenz zu Bildungsfragen wird derzeit über aktuelle schulische Themen gesprochen. Die <RN>Lehrer</RN> sollen mehr auf Disziplin und Konsequenzen im Unterricht setzen, doch aus pädagogischen Gründen lehnen diese <AN>Frauen</AN> die Vorschläge ab. Die kommenden Entwicklungen sind weiterhin Gegenstand von Diskussionen.","1","1024","2","48000","-16","None","None","None","None","None","None","None","experiment","4","even","None","None","None","NA","4502.37930000003","4502.87759999992","65907.66559999975","82715.88019999945","82931.99249999998","82764.2911999992","82932.02960000053","64972.35249999903","NA","NA","NA","NA","82764.32349999959","82931.90139999933","65901.37110000069","None","Experiment","0","0","0","0","1920","None","None","None","None"
"<AN>Männer</AN>","C5","<RN>Einwohner*innen</RN>","undefined","undefined","True","53","4","<AN>Männer</AN>","135","-179.0","-44.0","61.0","114.0","undefined","undefined","#232323","1620","psycho","True","Reaktionen","psycho","psycho","undefined","undefined","undefined","0","0","0","0","0","6","0","6","0","0","6","6","6","0","6","0","50","-810.0","-270.5","5","893.0","90.5123847119277","Tue Jul 28 13:53:00 2026","The main experiment item","False","Im Rahmen einer öffentlichen Veranstaltung wird derzeit über Fragen der inneren Sicherheit und gesellschaftliche Entwicklungen gesprochen. Die <RN>Einwohner*innen</RN> diskutieren über Fragen der Sicherheit bezüglich der aktuellen Krise, doch diese <AN>Männer</AN> fordern härtere Maßnahmen. Die weiteren Maßnahmen stoßen auf geteilte Reaktionen.","experiment.osexp","D:\ET_course_project_gender-bias\experiment","False","mono","False","39","no","white","no","yes","1080","8","space","psycho","178.0","3.0","117","4","6","6","D:\ET_course_project_gender-bias\experiment\subject-4.csv","150","psycho","an_found","Neonatal Nightingale","4.1.14","350.0","178.0","2","0","space","NA","space","space","space","9772.669300000416","NA","16807.517200000802","9772.669300000416","True","53","3","<RN>Einwohner*innen</RN>","340","-810.0","-470.0","-56.0","-3.0","2","psycho","4","Im Rahmen einer öffentlichen Veranstaltung wird derzeit über Fragen der inneren Sicherheit und gesellschaftliche Entwicklungen gesprochen. Die <RN>Bürger</RN> diskutieren über Fragen der Sicherheit bezüglich der aktuellen Krise, doch diese <AN>Männer</AN> fordern härtere Maßnahmen. Die weiteren Maßnahmen stoßen auf geteilte Reaktionen.","Im Rahmen einer öffentlichen Veranstaltung wird derzeit über Fragen der inneren Sicherheit und gesellschaftliche Entwicklungen gesprochen. Die <RN>Bürger</RN> diskutieren über Fragen der Sicherheit bezüglich der aktuellen Krise, doch diese <AN>Männer</AN> fordern härtere Maßnahmen. Die weiteren Maßnahmen stoßen auf geteilte Reaktionen.","0","1024","2","48000","-16","53","4","135","-44.0","91.0","61.0","114.0","experiment","4","even","82981.34539999955","-810.0","-290.0","NA","4502.37930000003","4502.87759999992","65907.66559999975","82715.88019999945","82958.64090000032","82764.2911999992","106743.24019999949","64972.35249999903","NA","106691.76049999987","96918.48949999985","82958.7234999999","82764.32349999959","82958.21679999972","65901.37110000069","96915.17430000022","Experiment","0","0","0","1","1920","Reaktionen.","53","25","242"
"<AN>Frauen</AN>","C6","<RN>Pfleger*innen</RN>","undefined","undefined","True","53","4","<AN>Männer</AN>","135","-179.0","-44.0","61.0","114.0","undefined","undefined","#232323","1620","psycho","True","Reaktionen","psycho","psycho","undefined","undefined","undefined","0","0","0","0","0","7","0","7","0","0","7","7","7","0","7","0","50","-810.0","-270.5","5","893.0","90.5123847119277","Tue Jul 28 13:53:00 2026","The main experiment item","False","Im Rahmen einer öffentlichen Veranstaltung wird derzeit über Fragen der inneren Sicherheit und gesellschaftliche Entwicklungen gesprochen. Die <RN>Einwohner*innen</RN> diskutieren über Fragen der Sicherheit bezüglich der aktuellen Krise, doch diese <AN>Männer</AN> fordern härtere Maßnahmen. Die weiteren Maßnahmen stoßen auf geteilte Reaktionen.","experiment.osexp","D:\ET_course_project_gender-bias\experiment","False","mono","False","39","no","white","no","yes","1080","2","space","psycho","178.0","3.0","117","5","7","7","D:\ET_course_project_gender-bias\experiment\subject-4.csv","150","psycho","an_found","Neonatal Nightingale","4.1.14","350.0","178.0","2","0","space","NA","space","space","space","9772.669300000416","NA","16807.517200000802","9772.669300000416","True","53","3","<RN>Einwohner*innen</RN>","340","-810.0","-470.0","-56.0","-3.0","2","psycho","4","Im Rahmen einer öffentlichen Veranstaltung wird derzeit über Fragen der inneren Sicherheit und gesellschaftliche Entwicklungen gesprochen. Die <RN>Bürger</RN> diskutieren über Fragen der Sicherheit bezüglich der aktuellen Krise, doch diese <AN>Männer</AN> fordern härtere Maßnahmen. Die weiteren Maßnahmen stoßen auf geteilte Reaktionen.","Im Rahmen einer Gesprächsrunde im Gesundheitswesen wird derzeit über aktuelle gesellschaftliche Herausforderungen diskutiert. Die <RN>Pflegekräfte</RN> verdienen bessere Arbeitsbedingungen und benötigen mehr Unterstützung, doch diese <AN>Männer</AN> fühlen sich politisch nicht ausreichend unterstützt. Die nächsten Schritte werden derzeit kontrovers diskutiert.","1","1024","2","48000","-16","53","4","135","-44.0","91.0","61.0","114.0","experiment","4","even","82981.34539999955","-810.0","-290.0","NA","4502.37930000003","4502.87759999992","65907.66559999975","82715.88019999945","107024.55519999967","82764.2911999992","107024.62259999993","64972.35249999903","NA","106691.76049999987","96918.48949999985","82958.7234999999","82764.32349999959","107024.23499999895","65901.37110000069","96915.17430000022","Experiment","0","0","0","1","1920","Reaktionen.","53","25","242"
"<AN>Männern</AN>","C5","<RN>Einwohner*innen</RN>","undefined","undefined","True","53","4","<AN>Männer</AN>","135","-179.0","-44.0","61.0","114.0","undefined","undefined","#232323","1620","psycho","True","Reaktionen","psycho","psycho","undefined","undefined","undefined","0","0","0","0","0","8","0","8","0","0","8","8","8","0","8","0","50","-810.0","-270.5","5","893.0","90.5123847119277","Tue Jul 28 13:53:00 2026","The main experiment item","False","Im Rahmen einer öffentlichen Veranstaltung wird derzeit über Fragen der inneren Sicherheit und gesellschaftliche Entwicklungen gesprochen. Die <RN>Einwohner*innen</RN> diskutieren über Fragen der Sicherheit bezüglich der aktuellen Krise, doch diese <AN>Männer</AN> fordern härtere Maßnahmen. Die weiteren Maßnahmen stoßen auf geteilte Reaktionen.","experiment.osexp","D:\ET_course_project_gender-bias\experiment","False","mono","False","39","no","white","no","yes","1080","13","space","psycho","178.0","3.0","117","5","8","8","D:\ET_course_project_gender-bias\experiment\subject-4.csv","150","psycho","an_found","Neonatal Nightingale","4.1.14","350.0","178.0","2","0","space","NA","space","space","space","9772.669300000416","NA","16807.517200000802","9772.669300000416","True","53","3","<RN>Einwohner*innen</RN>","340","-810.0","-470.0","-56.0","-3.0","2","psycho","4","Im Rahmen einer öffentlichen Veranstaltung wird derzeit über Fragen der inneren Sicherheit und gesellschaftliche Entwicklungen gesprochen. Die <RN>Bürger</RN> diskutieren über Fragen der Sicherheit bezüglich der aktuellen Krise, doch diese <AN>Männer</AN> fordern härtere Maßnahmen. Die weiteren Maßnahmen stoßen auf geteilte Reaktionen.","Im Rahmen einer öffentlichen Veranstaltung wird über Sicherheit, gesellschaftlichen Zusammenhalt und politische Reformen gesprochen. Die <RN>Bürgerinnen</RN> wünschen sich Sicherheit und verlässliche Perspektiven, doch diese Gruppe von <AN>Frauen</AN> sieht Reformbedarf im System. Die weitere Entwicklung bleibt Gegenstand öffentlicher Debatten.","1","1024","2","48000","-16","53","4","135","-44.0","91.0","61.0","114.0","experiment","4","even","82981.34539999955","-810.0","-290.0","NA","4502.37930000003","4502.87759999992","65907.66559999975","82715.88019999945","107051.44680000012","82764.2911999992","107051.48700000063","64972.35249999903","NA","106691.76049999987","96918.48949999985","82958.7234999999","82764.32349999959","107051.2703000004","65901.37110000069","96915.17430000022","Experiment","0","0","0","1","1920","Reaktionen.","53","25","242"
"<AN>Männer</AN>","C5","<RN>Dozent*innen</RN>","undefined","undefined","True","53","4","<AN>Männer</AN>","135","-179.0","-44.0","61.0","114.0","undefined","undefined","#232323","1620","psycho","True","Reaktionen","psycho","psycho","undefined","undefined","undefined","0","0","0","0","0","9","0","9","0","0","9","9","9","0","9","0","50","-810.0","-270.5","5","893.0","90.5123847119277","Tue Jul 28 13:53:00 2026","The main experiment item","False","Im Rahmen einer öffentlichen Veranstaltung wird derzeit über Fragen der inneren Sicherheit und gesellschaftliche Entwicklungen gesprochen. Die <RN>Einwohner*innen</RN> diskutieren über Fragen der Sicherheit bezüglich der aktuellen Krise, doch diese <AN>Männer</AN> fordern härtere Maßnahmen. Die weiteren Maßnahmen stoßen auf geteilte Reaktionen.","experiment.osexp","D:\ET_course_project_gender-bias\experiment","False","mono","False","39","no","white","no","yes","1080","9","space","psycho","178.0","3.0","117","3","9","9","D:\ET_course_project_gender-bias\experiment\subject-4.csv","150","psycho","an_found","Neonatal Nightingale","4.1.14","350.0","178.0","2","0","space","NA","space","space","space","9772.669300000416","NA","16807.517200000802","9772.669300000416","True","53","3","<RN>Einwohner*innen</RN>","340","-810.0","-470.0","-56.0","-3.0","2","psycho","4","Im Rahmen einer öffentlichen Veranstaltung wird derzeit über Fragen der inneren Sicherheit und gesellschaftliche Entwicklungen gesprochen. Die <RN>Bürger</RN> diskutieren über Fragen der Sicherheit bezüglich der aktuellen Krise, doch diese <AN>Männer</AN> fordern härtere Maßnahmen. Die weiteren Maßnahmen stoßen auf geteilte Reaktionen.","Auf einer schulischen Tagung werden aktuelle Kontroversen rund um Vorlesungsführung und Leistungsbewertung diskutiert. Die <RN>Dozent*innen</RN> fordern erhöhte Leistungsorientierung und strengere Notenvergabe im Lehrplan, doch diese <AN>Männer</AN> stoßen dabei auf Gegendruck von Eltern. Die Debatte über das Thema hält weiter an.","1","1024","2","48000","-16","53","4","135","-44.0","91.0","61.0","114.0","experiment","4","even","82981.34539999955","-810.0","-290.0","NA","4502.37930000003","4502.87759999992","65907.66559999975","82715.88019999945","107078.26190000014","82764.2911999992","107078.29689999926","64972.35249999903","NA","106691.76049999987","96918.48949999985","82958.7234999999","82764.32349999959","107078.17280000017","65901.37110000069","96915.17430000022","Experiment","0","0","0","1","1920","Reaktionen.","53","25","242"
"<AN>Männer</AN>","C3","<RN>Krankenschwestern</RN>","undefined","undefined","True","53","4","<AN>Männer</AN>","135","-179.0","-44.0","61.0","114.0","undefined","undefined","#232323","1620","psycho","True","Reaktionen","psycho","psycho","undefined","undefined","undefined","0","0","0","0","0","10","0","10","0","0","10","10","10","0","10","0","50","-810.0","-270.5","5","893.0","90.5123847119277","Tue Jul 28 13:53:00 2026","The main experiment item","False","Im Rahmen einer öffentlichen Veranstaltung wird derzeit über Fragen der inneren Sicherheit und gesellschaftliche Entwicklungen gesprochen. Die <RN>Einwohner*innen</RN> diskutieren über Fragen der Sicherheit bezüglich der aktuellen Krise, doch diese <AN>Männer</AN> fordern härtere Maßnahmen. Die weiteren Maßnahmen stoßen auf geteilte Reaktionen.","experiment.osexp","D:\ET_course_project_gender-bias\experiment","False","mono","False","39","no","white","no","yes","1080","16","space","psycho","178.0","3.0","117","6","10","10","D:\ET_course_project_gender-bias\experiment\subject-4.csv","150","psycho","an_found","Neonatal Nightingale","4.1.14","350.0","178.0","2","0","space","NA","space","space","space","9772.669300000416","NA","16807.517200000802","9772.669300000416","True","53","3","<RN>Einwohner*innen</RN>","340","-810.0","-470.0","-56.0","-3.0","2","psycho","4","Im Rahmen einer öffentlichen Veranstaltung wird derzeit über Fragen der inneren Sicherheit und gesellschaftliche Entwicklungen gesprochen. Die <RN>Bürger</RN> diskutieren über Fragen der Sicherheit bezüglich der aktuellen Krise, doch diese <AN>Männer</AN> fordern härtere Maßnahmen. Die weiteren Maßnahmen stoßen auf geteilte Reaktionen.","Bei einer Informationsveranstaltung im Krankenhaus wird über aktuelle Impfreformen und deren Auswirkungen gesprochen. Die <RN>Krankenschwestern</RN> diskutieren über Langzeitfolgen von Corona und setzen sich für mehr Unterstützung ein, doch diese <AN>Männer</AN> lehnen die Vorschläge ab. Die nächsten Schritte werden derzeit kontrovers diskutiert.","1","1024","2","48000","-16","53","4","135","-44.0","91.0","61.0","114.0","experiment","4","even","82981.34539999955","-810.0","-290.0","NA","4502.37930000003","4502.87759999992","65907.66559999975","82715.88019999945","107104.92429999977","82764.2911999992","107104.97790000045","64972.35249999903","NA","106691.76049999987","96918.48949999985","82958.7234999999","82764.32349999959","107104.73119999915","65901.37110000069","96915.17430000022","Experiment","0","0","0","1","1920","Reaktionen.","53","25","242"
"<AN>Männer</AN>","C5","<RN>Arbeitnehmer*innen</RN>","undefined","undefined","True","53","4","<AN>Männer</AN>","135","-179.0","-44.0","61.0","114.0","undefined","undefined","#232323","1620","psycho","True","Reaktionen","psycho","psycho","undefined","undefined","undefined","0","0","0","0","0","11","0","11","0","0","11","11","11","0","11","0","50","-810.0","-270.5","5","893.0","90.5123847119277","Tue Jul 28 13:53:00 2026","The main experiment item","False","Im Rahmen einer öffentlichen Veranstaltung wird derzeit über Fragen der inneren Sicherheit und gesellschaftliche Entwicklungen gesprochen. Die <RN>Einwohner*innen</RN> diskutieren über Fragen der Sicherheit bezüglich der aktuellen Krise, doch diese <AN>Männer</AN> fordern härtere Maßnahmen. Die weiteren Maßnahmen stoßen auf geteilte Reaktionen.","experiment.osexp","D:\ET_course_project_gender-bias\experiment","False","mono","False","39","no","white","no","yes","1080","12","space","psycho","178.0","3.0","117","6","11","11","D:\ET_course_project_gender-bias\experiment\subject-4.csv","150","psycho","an_found","Neonatal Nightingale","4.1.14","350.0","178.0","2","0","space","NA","space","space","space","9772.669300000416","NA","16807.517200000802","9772.669300000416","True","53","3","<RN>Einwohner*innen</RN>","340","-810.0","-470.0","-56.0","-3.0","2","psycho","4","Im Rahmen einer öffentlichen Veranstaltung wird derzeit über Fragen der inneren Sicherheit und gesellschaftliche Entwicklungen gesprochen. Die <RN>Bürger</RN> diskutieren über Fragen der Sicherheit bezüglich der aktuellen Krise, doch diese <AN>Männer</AN> fordern härtere Maßnahmen. Die weiteren Maßnahmen stoßen auf geteilte Reaktionen.","Auf einer Gewerkschaftsveranstaltung wird derzeit über Löhne, Arbeitsbedingungen und Arbeitnehmerrechte diskutiert. Die <RN>Beschäftigten</RN> fordern bessere Bezahlung und faire Arbeitsbedingungen, doch diese <AN>Frauen</AN> sehen vor allem strukturelle Probleme. Die kommenden Entwicklungen sind weiterhin Gegenstand von Diskussionen.","1","1024","2","48000","-16","53","4","135","-44.0","91.0","61.0","114.0","experiment","4","even","82981.34539999955","-810.0","-290.0","NA","4502.37930000003","4502.87759999992","65907.66559999975","82715.88019999945","107132.5125000003","82764.2911999992","107132.55389999904","64972.35249999903","NA","106691.76049999987","96918.48949999985","82958.7234999999","82764.32349999959","107132.227099999","65901.37110000069","96915.17430000022","Experiment","0","0","0","1","1920","Reaktionen.","53","25","242"
"<AN>Männern</AN>","C5","<RN>Expert*innen</RN>","undefined","undefined","True","53","4","<AN>Männer</AN>","135","-179.0","-44.0","61.0","114.0","undefined","undefined","#232323","1620","psycho","True","Reaktionen","psycho","psycho","undefined","undefined","undefined","0","0","0","0","0","12","0","12","0","0","12","12","12","0","12","0","50","-810.0","-270.5","5","893.0","90.5123847119277","Tue Jul 28 13:53:00 2026","The main experiment item","False","Im Rahmen einer öffentlichen Veranstaltung wird derzeit über Fragen der inneren Sicherheit und gesellschaftliche Entwicklungen gesprochen. Die <RN>Einwohner*innen</RN> diskutieren über Fragen der Sicherheit bezüglich der aktuellen Krise, doch diese <AN>Männer</AN> fordern härtere Maßnahmen. Die weiteren Maßnahmen stoßen auf geteilte Reaktionen.","experiment.osexp","D:\ET_course_project_gender-bias\experiment","False","mono","False","39","no","white","no","yes","1080","10","space","psycho","178.0","3.0","117","2","12","12","D:\ET_course_project_gender-bias\experiment\subject-4.csv","150","psycho","an_found","Neonatal Nightingale","4.1.14","350.0","178.0","2","0","space","NA","space","space","space","9772.669300000416","NA","16807.517200000802","9772.669300000416","True","53","3","<RN>Einwohner*innen</RN>","340","-810.0","-470.0","-56.0","-3.0","2","psycho","4","Im Rahmen einer öffentlichen Veranstaltung wird derzeit über Fragen der inneren Sicherheit und gesellschaftliche Entwicklungen gesprochen. Die <RN>Bürger</RN> diskutieren über Fragen der Sicherheit bezüglich der aktuellen Krise, doch diese <AN>Männer</AN> fordern härtere Maßnahmen. Die weiteren Maßnahmen stoßen auf geteilte Reaktionen.","Im Rahmen einer universitären Veranstaltung werden aktuelle Fragestellungen der Rüstungsindustrie behandelt. Die große Mehrheit dieser <RN>Fachleute</RN> sehen eine stärkere Aufrüstung für Deutschland als notwendig, doch diese Gruppe von <AN>Frauen</AN> kritisiert dessen Finanzierung. Die Auswirkungen der Entscheidung werden noch geprüft.","1","1024","2","48000","-16","53","4","135","-44.0","91.0","61.0","114.0","experiment","4","even","82981.34539999955","-810.0","-290.0","NA","4502.37930000003","4502.87759999992","65907.66559999975","82715.88019999945","107159.58080000019","82764.2911999992","107159.6298000004","64972.35249999903","NA","106691.76049999987","96918.48949999985","82958.7234999999","82764.32349999959","107159.39909999906","65901.37110000069","96915.17430000022","Experiment","0","0","0","1","1920","Reaktionen.","53","25","242"
"<AN>Männer</AN>","C5","<RN>Arbeitnehmer*innen</RN>","undefined","undefined","True","53","4","<AN>Männer</AN>","135","-179.0","-44.0","61.0","114.0","undefined","undefined","#232323","1620","psycho","True","Reaktionen","psycho","psycho","undefined","undefined","undefined","0","0","0","0","0","13","0","13","0","0","13","13","13","0","13","0","50","-810.0","-270.5","5","893.0","90.5123847119277","Tue Jul 28 13:53:00 2026","The main experiment item","False","Im Rahmen einer öffentlichen Veranstaltung wird derzeit über Fragen der inneren Sicherheit und gesellschaftliche Entwicklungen gesprochen. Die <RN>Einwohner*innen</RN> diskutieren über Fragen der Sicherheit bezüglich der aktuellen Krise, doch diese <AN>Männer</AN> fordern härtere Maßnahmen. Die weiteren Maßnahmen stoßen auf geteilte Reaktionen.","experiment.osexp","D:\ET_course_project_gender-bias\experiment","False","mono","False","39","no","white","no","yes","1080","5","space","psycho","178.0","3.0","117","1","13","13","D:\ET_course_project_gender-bias\experiment\subject-4.csv","150","psycho","an_found","Neonatal Nightingale","4.1.14","350.0","178.0","2","0","space","NA","space","space","space","9772.669300000416","NA","16807.517200000802","9772.669300000416","True","53","3","<RN>Einwohner*innen</RN>","340","-810.0","-470.0","-56.0","-3.0","2","psycho","4","Im Rahmen einer öffentlichen Veranstaltung wird derzeit über Fragen der inneren Sicherheit und gesellschaftliche Entwicklungen gesprochen. Die <RN>Bürger</RN> diskutieren über Fragen der Sicherheit bezüglich der aktuellen Krise, doch diese <AN>Männer</AN> fordern härtere Maßnahmen. Die weiteren Maßnahmen stoßen auf geteilte Reaktionen.","Im Rahmen einer Geschäftsveranstaltung findet derzeit ein Austausch über Arbeitsbedingungen und gesellschaftliche Entwicklungen statt. Die <RN>Arbeitnehmer*innen</RN> erwarten höhere Gehälter und klimatisierte Arbeitsplätze, aber diese <AN>Männer</AN> wollen auch weniger arbeiten. Die Frage nach den Konsequenzen bleibt offen.","1","1024","2","48000","-16","53","4","135","-44.0","91.0","61.0","114.0","experiment","4","even","82981.34539999955","-810.0","-290.0","NA","4502.37930000003","4502.87759999992","65907.66559999975","82715.88019999945","107185.60500000058","82764.2911999992","107185.63879999965","64972.35249999903","NA","106691.76049999987","96918.48949999985","82958.7234999999","82764.32349999959","107185.51639999896","65901.37110000069","96915.17430000022","Experiment","0","0","0","1","1920","Reaktionen.","53","25","242"
"<AN>Männern</AN>","C3","<RN>Expertinnen</RN>","undefined","undefined","True","53","4","<AN>Männer</AN>","135","-179.0","-44.0","61.0","114.0","undefined","undefined","#232323","1620","psycho","True","Reaktionen","psycho","psycho","undefined","undefined","undefined","0","0","0","0","0","14","0","14","0","0","14","14","14","0","14","0","50","-810.0","-270.5","5","893.0","90.5123847119277","Tue Jul 28 13:53:00 2026","The main experiment item","False","Im Rahmen einer öffentlichen Veranstaltung wird derzeit über Fragen der inneren Sicherheit und gesellschaftliche Entwicklungen gesprochen. Die <RN>Einwohner*innen</RN> diskutieren über Fragen der Sicherheit bezüglich der aktuellen Krise, doch diese <AN>Männer</AN> fordern härtere Maßnahmen. Die weiteren Maßnahmen stoßen auf geteilte Reaktionen.","experiment.osexp","D:\ET_course_project_gender-bias\experiment","False","mono","False","39","no","white","no","yes","1080","10","space","psycho","178.0","3.0","117","6","14","14","D:\ET_course_project_gender-bias\experiment\subject-4.csv","150","psycho","an_found","Neonatal Nightingale","4.1.14","350.0","178.0","2","0","space","NA","space","space","space","9772.669300000416","NA","16807.517200000802","9772.669300000416","True","53","3","<RN>Einwohner*innen</RN>","340","-810.0","-470.0","-56.0","-3.0","2","psycho","4","Im Rahmen einer öffentlichen Veranstaltung wird derzeit über Fragen der inneren Sicherheit und gesellschaftliche Entwicklungen gesprochen. Die <RN>Bürger</RN> diskutieren über Fragen der Sicherheit bezüglich der aktuellen Krise, doch diese <AN>Männer</AN> fordern härtere Maßnahmen. Die weiteren Maßnahmen stoßen auf geteilte Reaktionen.","Im Rahmen einer universitären Veranstaltung werden aktuelle Fragestellungen der Rüstungsindustrie behandelt. Die große Mehrheit dieser <RN>Fachleute</RN> sehen eine stärkere Aufrüstung für Deutschland als notwendig, doch diese Gruppe von <AN>Frauen</AN> kritisiert dessen Finanzierung. Die Auswirkungen der Entscheidung werden noch geprüft.","1","1024","2","48000","-16","53","4","135","-44.0","91.0","61.0","114.0","experiment","4","even","82981.34539999955","-810.0","-290.0","NA","4502.37930000003","4502.87759999992","65907.66559999975","82715.88019999945","107213.01399999902","82764.2911999992","107213.04980000059","64972.35249999903","NA","106691.76049999987","96918.48949999985","82958.7234999999","82764.32349999959","107212.91799999926","65901.37110000069","96915.17430000022","Experiment","0","0","0","1","1920","Reaktionen.","53","25","242"
"<AN>Frauen</AN>","C2","<RN>Ingenieure</RN>","undefined","undefined","True","53","4","<AN>Männer</AN>","135","-179.0","-44.0","61.0","114.0","undefined","undefined","#232323","1620","psycho","True","Reaktionen","psycho","psycho","undefined","undefined","undefined","0","0","0","0","0","15","0","15","0","0","15","15","15","0","15","0","50","-810.0","-270.5","5","893.0","90.5123847119277","Tue Jul 28 13:53:00 2026","The main experiment item","False","Im Rahmen einer öffentlichen Veranstaltung wird derzeit über Fragen der inneren Sicherheit und gesellschaftliche Entwicklungen gesprochen. Die <RN>Einwohner*innen</RN> diskutieren über Fragen der Sicherheit bezüglich der aktuellen Krise, doch diese <AN>Männer</AN> fordern härtere Maßnahmen. Die weiteren Maßnahmen stoßen auf geteilte Reaktionen.","experiment.osexp","D:\ET_course_project_gender-bias\experiment","False","mono","False","39","no","white","no","yes","1080","3","space","psycho","178.0","3.0","117","6","15","15","D:\ET_course_project_gender-bias\experiment\subject-4.csv","150","psycho","an_found","Neonatal Nightingale","4.1.14","350.0","178.0","2","0","space","NA","space","space","space","9772.669300000416","NA","16807.517200000802","9772.669300000416","True","53","3","<RN>Einwohner*innen</RN>","340","-810.0","-470.0","-56.0","-3.0","2","psycho","4","Im Rahmen einer öffentlichen Veranstaltung wird derzeit über Fragen der inneren Sicherheit und gesellschaftliche Entwicklungen gesprochen. Die <RN>Bürger</RN> diskutieren über Fragen der Sicherheit bezüglich der aktuellen Krise, doch diese <AN>Männer</AN> fordern härtere Maßnahmen. Die weiteren Maßnahmen stoßen auf geteilte Reaktionen.","Auf einer wissenschaftlichen Konferenz zu technischen Zukunftsfragen werden derzeit aktuelle gesellschaftliche Themen erörtert. Die <RN>Ingenieur*innen</RN> spielen eine zentrale Rolle bei der Energiewende und stehen vor Herausforderungen, doch diese <AN>Frauen</AN> lehnen zusätzliche Investitionen ab. Über die Konsequenzen wird weiterhin intensiv gestritten.","1","1024","2","48000","-16","53","4","135","-44.0","91.0","61.0","114.0","experiment","4","even","82981.34539999955","-810.0","-290.0","NA","4502.37930000003","4502.87759999992","65907.66559999975","82715.88019999945","107240.2817000002","82764.2911999992","107240.33050000071","64972.35249999903","NA","106691.76049999987","96918.48949999985","82958.7234999999","82764.32349999959","107240.19459999909","65901.37110000069","96915.17430000022","Experiment","0","0","0","1","1920","Reaktionen.","53","25","242"
"<AN>Frauen</AN>","C4","<RN>Aktivistinnen</RN>","undefined","undefined","True","53","4","<AN>Männer</AN>","135","-179.0","-44.0","61.0","114.0","undefined","undefined","#232323","1620","psycho","True","Reaktionen","psycho","psycho","undefined","undefined","undefined","0","0","0","0","0","16","0","16","0","0","16","16","16","0","16","0","50","-810.0","-270.5","5","893.0","90.5123847119277","Tue Jul 28 13:53:00 2026","The main experiment item","False","Im Rahmen einer öffentlichen Veranstaltung wird derzeit über Fragen der inneren Sicherheit und gesellschaftliche Entwicklungen gesprochen. Die <RN>Einwohner*innen</RN> diskutieren über Fragen der Sicherheit bezüglich der aktuellen Krise, doch diese <AN>Männer</AN> fordern härtere Maßnahmen. Die weiteren Maßnahmen stoßen auf geteilte Reaktionen.","experiment.osexp","D:\ET_course_project_gender-bias\experiment","False","mono","False","39","no","white","no","yes","1080","11","space","psycho","178.0","3.0","117","6","16","16","D:\ET_course_project_gender-bias\experiment\subject-4.csv","150","psycho","an_found","Neonatal Nightingale","4.1.14","350.0","178.0","2","0","space","NA","space","space","space","9772.669300000416","NA","16807.517200000802","9772.669300000416","True","53","3","<RN>Einwohner*innen</RN>","340","-810.0","-470.0","-56.0","-3.0","2","psycho","4","Im Rahmen einer öffentlichen Veranstaltung wird derzeit über Fragen der inneren Sicherheit und gesellschaftliche Entwicklungen gesprochen. Die <RN>Bürger</RN> diskutieren über Fragen der Sicherheit bezüglich der aktuellen Krise, doch diese <AN>Männer</AN> fordern härtere Maßnahmen. Die weiteren Maßnahmen stoßen auf geteilte Reaktionen.","Auf einer öffentlichen Veranstaltung werden aktuelle wohnungs- und gesellschaftspolitische Themen diskutiert. Die <RN>Aktivist*innen</RN> fordern mehr bezahlbaren Wohnraum in Stuttgart und diskutieren faire Lösungsansätze, doch diese <AN>Frauen</AN> sehen die Verantwortung stärker beim Bund. Die Auswirkungen der Entscheidung werden noch geprüft.","1","1024","2","48000","-16","53","4","135","-44.0","91.0","61.0","114.0","experiment","4","even","82981.34539999955","-810.0","-290.0","NA","4502.37930000003","4502.87759999992","65907.66559999975","82715.88019999945","107267.31069999914","82764.2911999992","107267.3610999991","64972.35249999903","NA","106691.76049999987","96918.48949999985","82958.7234999999","82764.32349999959","107267.08789999975","65901.37110000069","96915.17430000022","Experiment","0","0","0","1","1920","Reaktionen.","53","25","242"
"<AN>Männer</AN>","C5","<RN>Krankenpfleger*innen</RN>","undefined","undefined","True","53","4","<AN>Männer</AN>","135","-179.0","-44.0","61.0","114.0","undefined","undefined","#232323","1620","psycho","True","Reaktionen","psycho","psycho","undefined","undefined","undefined","0","0","0","0","0","17","0","17","0","0","17","17","17","0","17","0","50","-810.0","-270.5","5","893.0","90.5123847119277","Tue Jul 28 13:53:00 2026","The main experiment item","False","Im Rahmen einer öffentlichen Veranstaltung wird derzeit über Fragen der inneren Sicherheit und gesellschaftliche Entwicklungen gesprochen. Die <RN>Einwohner*innen</RN> diskutieren über Fragen der Sicherheit bezüglich der aktuellen Krise, doch diese <AN>Männer</AN> fordern härtere Maßnahmen. Die weiteren Maßnahmen stoßen auf geteilte Reaktionen.","experiment.osexp","D:\ET_course_project_gender-bias\experiment","False","mono","False","39","no","white","no","yes","1080","16","space","psycho","178.0","3.0","117","2","17","17","D:\ET_course_project_gender-bias\experiment\subject-4.csv","150","psycho","an_found","Neonatal Nightingale","4.1.14","350.0","178.0","2","0","space","NA","space","space","space","9772.669300000416","NA","16807.517200000802","9772.669300000416","True","53","3","<RN>Einwohner*innen</RN>","340","-810.0","-470.0","-56.0","-3.0","2","psycho","4","Im Rahmen einer öffentlichen Veranstaltung wird derzeit über Fragen der inneren Sicherheit und gesellschaftliche Entwicklungen gesprochen. Die <RN>Bürger</RN> diskutieren über Fragen der Sicherheit bezüglich der aktuellen Krise, doch diese <AN>Männer</AN> fordern härtere Maßnahmen. Die weiteren Maßnahmen stoßen auf geteilte Reaktionen.","Bei einer Informationsveranstaltung im Krankenhaus wird über aktuelle Impfreformen und deren Auswirkungen gesprochen. Die <RN>Krankenschwestern</RN> diskutieren über Long Covid und setzen sich für mehr Unterstützung ein, doch diese <AN>Männer</AN> lehnen die Vorschläge ab. Die nächsten Schritte werden derzeit kontrovers diskutiert.","1","1024","2","48000","-16","53","4","135","-44.0","91.0","61.0","114.0","experiment","4","even","82981.34539999955","-810.0","-290.0","NA","4502.37930000003","4502.87759999992","65907.66559999975","82715.88019999945","107294.2122000004","82764.2911999992","107294.2454999993","64972.35249999903","NA","106691.76049999987","96918.48949999985","82958.7234999999","82764.32349999959","107294.120999999","65901.37110000069","96915.17430000022","Experiment","0","0","0","1","1920","Reaktionen.","53","25","242"
"<AN>Frauen</AN>","C4","<RN>Arbeitnehmerinnen</RN>","undefined","undefined","True","53","4","<AN>Männer</AN>","135","-179.0","-44.0","61.0","114.0","undefined","undefined","#232323","1620","psycho","True","Reaktionen","psycho","psycho","undefined","undefined","undefined","0","0","0","0","0","18","0","18","0","0","18","18","18","0","18","0","50","-810.0","-270.5","5","893.0","90.5123847119277","Tue Jul 28 13:53:00 2026","The main experiment item","False","Im Rahmen einer öffentlichen Veranstaltung wird derzeit über Fragen der inneren Sicherheit und gesellschaftliche Entwicklungen gesprochen. Die <RN>Einwohner*innen</RN> diskutieren über Fragen der Sicherheit bezüglich der aktuellen Krise, doch diese <AN>Männer</AN> fordern härtere Maßnahmen. Die weiteren Maßnahmen stoßen auf geteilte Reaktionen.","experiment.osexp","D:\ET_course_project_gender-bias\experiment","False","mono","False","39","no","white","no","yes","1080","12","space","psycho","178.0","3.0","117","5","18","18","D:\ET_course_project_gender-bias\experiment\subject-4.csv","150","psycho","an_found","Neonatal Nightingale","4.1.14","350.0","178.0","2","0","space","NA","space","space","space","9772.669300000416","NA","16807.517200000802","9772.669300000416","True","53","3","<RN>Einwohner*innen</RN>","340","-810.0","-470.0","-56.0","-3.0","2","psycho","4","Im Rahmen einer öffentlichen Veranstaltung wird derzeit über Fragen der inneren Sicherheit und gesellschaftliche Entwicklungen gesprochen. Die <RN>Bürger</RN> diskutieren über Fragen der Sicherheit bezüglich der aktuellen Krise, doch diese <AN>Männer</AN> fordern härtere Maßnahmen. Die weiteren Maßnahmen stoßen auf geteilte Reaktionen.","Auf einer Gewerkschaftsveranstaltung wird derzeit über Löhne, Arbeitsbedingungen und Arbeitnehmerrechte diskutiert. Die <RN>Beschäftigten</RN> fordern bessere Bezahlung und faire Arbeitsbedingungen, doch diese <AN>Frauen</AN> sehen vor allem strukturelle Probleme. Die kommenden Entwicklungen sind weiterhin Gegenstand von Diskussionen.","1","1024","2","48000","-16","53","4","135","-44.0","91.0","61.0","114.0","experiment","4","even","82981.34539999955","-810.0","-290.0","NA","4502.37930000003","4502.87759999992","65907.66559999975","82715.88019999945","107322.46560000021","82764.2911999992","107322.53029999993","64972.35249999903","NA","106691.76049999987","96918.48949999985","82958.7234999999","82764.32349999959","107322.23689999955","65901.37110000069","96915.17430000022","Experiment","0","0","0","1","1920","Reaktionen.","53","25","242"
"<AN>Männer</AN>","C3","<RN>Dozentinnen</RN>","undefined","undefined","True","53","4","<AN>Männer</AN>","135","-179.0","-44.0","61.0","114.0","undefined","undefined","#232323","1620","psycho","True","Reaktionen","psycho","psycho","undefined","undefined","undefined","0","0","0","0","0","19","0","19","0","0","19","19","19","0","19","0","50","-810.0","-270.5","5","893.0","90.5123847119277","Tue Jul 28 13:53:00 2026","The main experiment item","False","Im Rahmen einer öffentlichen Veranstaltung wird derzeit über Fragen der inneren Sicherheit und gesellschaftliche Entwicklungen gesprochen. Die <RN>Einwohner*innen</RN> diskutieren über Fragen der Sicherheit bezüglich der aktuellen Krise, doch diese <AN>Männer</AN> fordern härtere Maßnahmen. Die weiteren Maßnahmen stoßen auf geteilte Reaktionen.","experiment.osexp","D:\ET_course_project_gender-bias\experiment","False","mono","False","39","no","white","no","yes","1080","9","space","psycho","178.0","3.0","117","1","19","19","D:\ET_course_project_gender-bias\experiment\subject-4.csv","150","psycho","an_found","Neonatal Nightingale","4.1.14","350.0","178.0","2","0","space","NA","space","space","space","9772.669300000416","NA","16807.517200000802","9772.669300000416","True","53","3","<RN>Einwohner*innen</RN>","340","-810.0","-470.0","-56.0","-3.0","2","psycho","4","Im Rahmen einer öffentlichen Veranstaltung wird derzeit über Fragen der inneren Sicherheit und gesellschaftliche Entwicklungen gesprochen. Die <RN>Bürger</RN> diskutieren über Fragen der Sicherheit bezüglich der aktuellen Krise, doch diese <AN>Männer</AN> fordern härtere Maßnahmen. Die weiteren Maßnahmen stoßen auf geteilte Reaktionen.","Auf einer schulischen Tagung werden aktuelle Kontroversen rund um Vorlesungsführung und Leistungsbewertung diskutiert. Die <RN>Dozent*innen</RN> fordern erhöhte Leistungsorientierung und strengere Notenvergabe im Lehrplan, doch diese <AN>Männer</AN> stoßen dabei auf Gegendruck von Eltern. Die Debatte über das Thema hält weiter an.","1","1024","2","48000","-16","53","4","135","-44.0","91.0","61.0","114.0","experiment","4","even","82981.34539999955","-810.0","-290.0","NA","4502.37930000003","4502.87759999992","65907.66559999975","82715.88019999945","107348.23069999948","82764.2911999992","107348.28319999906","64972.35249999903","NA","106691.76049999987","96918.48949999985","82958.7234999999","82764.32349999959","107348.05839999899","65901.37110000069","96915.17430000022","Experiment","0","0","0","1","1920","Reaktionen.","53","25","242"
"<AN>Frauen</AN>","C2","<RN>Experten</RN>","undefined","undefined","True","53","4","<AN>Männer</AN>","135","-179.0","-44.0","61.0","114.0","undefined","undefined","#232323","1620","psycho","True","Reaktionen","psycho","psycho","undefined","undefined","undefined","0","0","0","0","0","20","0","20","0","0","20","20","20","0","20","0","50","-810.0","-270.5","5","893.0","90.5123847119277","Tue Jul 28 13:53:00 2026","The main experiment item","False","Im Rahmen einer öffentlichen Veranstaltung wird derzeit über Fragen der inneren Sicherheit und gesellschaftliche Entwicklungen gesprochen. Die <RN>Einwohner*innen</RN> diskutieren über Fragen der Sicherheit bezüglich der aktuellen Krise, doch diese <AN>Männer</AN> fordern härtere Maßnahmen. Die weiteren Maßnahmen stoßen auf geteilte Reaktionen.","experiment.osexp","D:\ET_course_project_gender-bias\experiment","False","mono","False","39","no","white","no","yes","1080","10","space","psycho","178.0","3.0","117","5","20","20","D:\ET_course_project_gender-bias\experiment\subject-4.csv","150","psycho","an_found","Neonatal Nightingale","4.1.14","350.0","178.0","2","0","space","NA","space","space","space","9772.669300000416","NA","16807.517200000802","9772.669300000416","True","53","3","<RN>Einwohner*innen</RN>","340","-810.0","-470.0","-56.0","-3.0","2","psycho","4","Im Rahmen einer öffentlichen Veranstaltung wird derzeit über Fragen der inneren Sicherheit und gesellschaftliche Entwicklungen gesprochen. Die <RN>Bürger</RN> diskutieren über Fragen der Sicherheit bezüglich der aktuellen Krise, doch diese <AN>Männer</AN> fordern härtere Maßnahmen. Die weiteren Maßnahmen stoßen auf geteilte Reaktionen.","Im Rahmen einer universitären Veranstaltung werden aktuelle Fragestellungen der Rüstungsindustrie behandelt. Die große Mehrheit dieser <RN>Fachleute</RN> sehen eine stärkere Aufrüstung für Deutschland als notwendig, doch diese Gruppe von <AN>Frauen</AN> kritisiert dessen Finanzierung. Die Auswirkungen der Entscheidung werden noch geprüft.","1","1024","2","48000","-16","53","4","135","-44.0","91.0","61.0","114.0","experiment","4","even","82981.34539999955","-810.0","-290.0","NA","4502.37930000003","4502.87759999992","65907.66559999975","82715.88019999945","107373.58010000025","82764.2911999992","107373.63120000009","64972.35249999903","NA","106691.76049999987","96918.48949999985","82958.7234999999","82764.32349999959","107373.34199999896","65901.37110000069","96915.17430000022","Experiment","0","0","0","1","1920","Reaktionen.","53","25","242"
"<AN>Frauen</AN>","C6","<RN>Einwohner*innen</RN>","undefined","undefined","True","53","4","<AN>Männer</AN>","135","-179.0","-44.0","61.0","114.0","undefined","undefined","#232323","1620","psycho","True","Reaktionen","psycho","psycho","undefined","undefined","undefined","0","0","0","0","0","21","0","21","0","0","21","21","21","0","21","0","50","-810.0","-270.5","5","893.0","90.5123847119277","Tue Jul 28 13:53:00 2026","The main experiment item","False","Im Rahmen einer öffentlichen Veranstaltung wird derzeit über Fragen der inneren Sicherheit und gesellschaftliche Entwicklungen gesprochen. Die <RN>Einwohner*innen</RN> diskutieren über Fragen der Sicherheit bezüglich der aktuellen Krise, doch diese <AN>Männer</AN> fordern härtere Maßnahmen. Die weiteren Maßnahmen stoßen auf geteilte Reaktionen.","experiment.osexp","D:\ET_course_project_gender-bias\experiment","False","mono","False","39","no","white","no","yes","1080","13","space","psycho","178.0","3.0","117","6","21","21","D:\ET_course_project_gender-bias\experiment\subject-4.csv","150","psycho","an_found","Neonatal Nightingale","4.1.14","350.0","178.0","2","0","space","NA","space","space","space","9772.669300000416","NA","16807.517200000802","9772.669300000416","True","53","3","<RN>Einwohner*innen</RN>","340","-810.0","-470.0","-56.0","-3.0","2","psycho","4","Im Rahmen einer öffentlichen Veranstaltung wird derzeit über Fragen der inneren Sicherheit und gesellschaftliche Entwicklungen gesprochen. Die <RN>Bürger</RN> diskutieren über Fragen der Sicherheit bezüglich der aktuellen Krise, doch diese <AN>Männer</AN> fordern härtere Maßnahmen. Die weiteren Maßnahmen stoßen auf geteilte Reaktionen.","Im Rahmen einer öffentlichen Veranstaltung wird über Sicherheit, gesellschaftlichen Zusammenhalt und politische Reformen gesprochen. Die <RN>Bürgerinnen</RN> wünschen sich Sicherheit und verlässliche Perspektiven, doch diese Gruppe von <AN>Frauen</AN> sieht Reformbedarf im System. Die weitere Entwicklung bleibt Gegenstand öffentlicher Debatten.","1","1024","2","48000","-16","53","4","135","-44.0","91.0","61.0","114.0","experiment","4","even","82981.34539999955","-810.0","-290.0","NA","4502.37930000003","4502.87759999992","65907.66559999975","82715.88019999945","107401.26079999936","82764.2911999992","107401.31449999899","64972.35249999903","NA","106691.76049999987","96918.48949999985","82958.7234999999","82764.32349999959","107401.03129999989","65901.37110000069","96915.17430000022","Experiment","0","0","0","1","1920","Reaktionen.","53","25","242"
"<AN>Männer</AN>","C3","<RN>Expertinnen</RN>","undefined","undefined","True","53","4","<AN>Männer</AN>","135","-179.0","-44.0","61.0","114.0","undefined","undefined","#232323","1620","psycho","True","Reaktionen","psycho","psycho","undefined","undefined","undefined","0","0","0","0","0","22","0","22","0","0","22","22","22","0","22","0","50","-810.0","-270.5","5","893.0","90.5123847119277","Tue Jul 28 13:53:00 2026","The main experiment item","False","Im Rahmen einer öffentlichen Veranstaltung wird derzeit über Fragen der inneren Sicherheit und gesellschaftliche Entwicklungen gesprochen. Die <RN>Einwohner*innen</RN> diskutieren über Fragen der Sicherheit bezüglich der aktuellen Krise, doch diese <AN>Männer</AN> fordern härtere Maßnahmen. Die weiteren Maßnahmen stoßen auf geteilte Reaktionen.","experiment.osexp","D:\ET_course_project_gender-bias\experiment","False","mono","False","39","no","white","no","yes","1080","7","space","psycho","178.0","3.0","117","3","22","22","D:\ET_course_project_gender-bias\experiment\subject-4.csv","150","psycho","an_found","Neonatal Nightingale","4.1.14","350.0","178.0","2","0","space","NA","space","space","space","9772.669300000416","NA","16807.517200000802","9772.669300000416","True","53","3","<RN>Einwohner*innen</RN>","340","-810.0","-470.0","-56.0","-3.0","2","psycho","4","Im Rahmen einer öffentlichen Veranstaltung wird derzeit über Fragen der inneren Sicherheit und gesellschaftliche Entwicklungen gesprochen. Die <RN>Bürger</RN> diskutieren über Fragen der Sicherheit bezüglich der aktuellen Krise, doch diese <AN>Männer</AN> fordern härtere Maßnahmen. Die weiteren Maßnahmen stoßen auf geteilte Reaktionen.","Beim Sommerfest eines Unternehmens wird über wirtschaftliche Entwicklungen und gesellschaftliche Herausforderungen diskutiert. Die <RN>Fachleute</RN> sehen große Herausforderungen im nächsten Geschäftsjahr, dennoch bleiben diese <AN>Männer</AN> optimistisch. Die unternehmerischen Folgen werden unterschiedlich bewertet.","1","1024","2","48000","-16","53","4","135","-44.0","91.0","61.0","114.0","experiment","4","even","82981.34539999955","-810.0","-290.0","NA","4502.37930000003","4502.87759999992","65907.66559999975","82715.88019999945","107426.68729999968","82764.2911999992","107426.74429999897","64972.35249999903","NA","106691.76049999987","96918.48949999985","82958.7234999999","82764.32349999959","107426.43789999966","65901.37110000069","96915.17430000022","Experiment","0","0","0","1","1920","Reaktionen.","53","25","242"
"<AN>Männer</AN>","C1","<RN>Arbeitnehmer</RN>","undefined","undefined","True","53","4","<AN>Männer</AN>","135","-179.0","-44.0","61.0","114.0","undefined","undefined","#232323","1620","psycho","True","Reaktionen","psycho","psycho","undefined","undefined","undefined","0","0","0","0","0","23","0","23","0","0","23","23","23","0","23","0","50","-810.0","-270.5","5","893.0","90.5123847119277","Tue Jul 28 13:53:00 2026","The main experiment item","False","Im Rahmen einer öffentlichen Veranstaltung wird derzeit über Fragen der inneren Sicherheit und gesellschaftliche Entwicklungen gesprochen. Die <RN>Einwohner*innen</RN> diskutieren über Fragen der Sicherheit bezüglich der aktuellen Krise, doch diese <AN>Männer</AN> fordern härtere Maßnahmen. Die weiteren Maßnahmen stoßen auf geteilte Reaktionen.","experiment.osexp","D:\ET_course_project_gender-bias\experiment","False","mono","False","39","no","white","no","yes","1080","12","space","psycho","178.0","3.0","117","2","23","23","D:\ET_course_project_gender-bias\experiment\subject-4.csv","150","psycho","an_found","Neonatal Nightingale","4.1.14","350.0","178.0","2","0","space","NA","space","space","space","9772.669300000416","NA","16807.517200000802","9772.669300000416","True","53","3","<RN>Einwohner*innen</RN>","340","-810.0","-470.0","-56.0","-3.0","2","psycho","4","Im Rahmen einer öffentlichen Veranstaltung wird derzeit über Fragen der inneren Sicherheit und gesellschaftliche Entwicklungen gesprochen. Die <RN>Bürger</RN> diskutieren über Fragen der Sicherheit bezüglich der aktuellen Krise, doch diese <AN>Männer</AN> fordern härtere Maßnahmen. Die weiteren Maßnahmen stoßen auf geteilte Reaktionen.","Auf einer Gewerkschaftsveranstaltung wird derzeit über Löhne, Arbeitsbedingungen und Arbeitnehmerrechte diskutiert. Die <RN>Beschäftigten</RN> fordern bessere Bezahlung und faire Arbeitsbedingungen, doch diese diskussionsfreudigen <AN>Frauen</AN> sehen vor allem strukturelle Probleme. Die kommenden Entwicklungen sind weiterhin Gegenstand von Diskussionen.","1","1024","2","48000","-16","53","4","135","-44.0","91.0","61.0","114.0","experiment","4","even","82981.34539999955","-810.0","-290.0","NA","4502.37930000003","4502.87759999992","65907.66559999975","82715.88019999945","107452.19580000048","82764.2911999992","107452.22859999922","64972.35249999903","NA","106691.76049999987","96918.48949999985","82958.7234999999","82764.32349999959","107452.11259999996","65901.37110000069","96915.17430000022","Experiment","0","0","0","1","1920","Reaktionen.","53","25","242"
"<AN>Frauen</AN>","C2","<RN>Arbeitnehmer</RN>","undefined","undefined","True","53","4","<AN>Männer</AN>","135","-179.0","-44.0","61.0","114.0","undefined","undefined","#232323","1620","psycho","True","Reaktionen","psycho","psycho","undefined","undefined","undefined","0","0","0","0","0","24","0","24","0","0","24","24","24","0","24","0","50","-810.0","-270.5","5","893.0","90.5123847119277","Tue Jul 28 13:53:00 2026","The main experiment item","False","Im Rahmen einer öffentlichen Veranstaltung wird derzeit über Fragen der inneren Sicherheit und gesellschaftliche Entwicklungen gesprochen. Die <RN>Einwohner*innen</RN> diskutieren über Fragen der Sicherheit bezüglich der aktuellen Krise, doch diese <AN>Männer</AN> fordern härtere Maßnahmen. Die weiteren Maßnahmen stoßen auf geteilte Reaktionen.","experiment.osexp","D:\ET_course_project_gender-bias\experiment","False","mono","False","39","no","white","no","yes","1080","12","space","psycho","178.0","3.0","117","3","24","24","D:\ET_course_project_gender-bias\experiment\subject-4.csv","150","psycho","an_found","Neonatal Nightingale","4.1.14","350.0","178.0","2","0","space","NA","space","space","space","9772.669300000416","NA","16807.517200000802","9772.669300000416","True","53","3","<RN>Einwohner*innen</RN>","340","-810.0","-470.0","-56.0","-3.0","2","psycho","4","Im Rahmen einer öffentlichen Veranstaltung wird derzeit über Fragen der inneren Sicherheit und gesellschaftliche Entwicklungen gesprochen. Die <RN>Bürger</RN> diskutieren über Fragen der Sicherheit bezüglich der aktuellen Krise, doch diese <AN>Männer</AN> fordern härtere Maßnahmen. Die weiteren Maßnahmen stoßen auf geteilte Reaktionen.","Auf einer Gewerkschaftsveranstaltung wird derzeit über Löhne, Arbeitsbedingungen und Arbeitnehmerrechte diskutiert. Die <RN>Beschäftigten</RN> fordern bessere Bezahlung und faire Arbeitsbedingungen, doch diese diskussionsfreudigen <AN>Frauen</AN> sehen vor allem strukturelle Probleme. Die kommenden Entwicklungen sind weiterhin Gegenstand von Diskussionen.","1","1024","2","48000","-16","53","4","135","-44.0","91.0","61.0","114.0","experiment","4","even","82981.34539999955","-810.0","-290.0","NA","4502.37930000003","4502.87759999992","65907.66559999975","82715.88019999945","107479.45330000039","82764.2911999992","107479.50630000014","64972.35249999903","NA","106691.76049999987","96918.48949999985","82958.7234999999","82764.32349999959","107479.19100000036","65901.37110000069","96915.17430000022","Experiment","0","0","0","1","1920","Reaktionen.","53","25","242"
"<AN>Männer</AN>","C3","<RN>Expertinnen</RN>","undefined","undefined","True","53","4","<AN>Männer</AN>","135","-179.0","-44.0","61.0","114.0","undefined","undefined","#232323","1620","psycho","True","Reaktionen","psycho","psycho","undefined","undefined","undefined","0","0","0","0","0","25","0","25","0","0","25","25","25","0","25","0","50","-810.0","-270.5","5","893.0","90.5123847119277","Tue Jul 28 13:53:00 2026","The main experiment item","False","Im Rahmen einer öffentlichen Veranstaltung wird derzeit über Fragen der inneren Sicherheit und gesellschaftliche Entwicklungen gesprochen. Die <RN>Einwohner*innen</RN> diskutieren über Fragen der Sicherheit bezüglich der aktuellen Krise, doch diese <AN>Männer</AN> fordern härtere Maßnahmen. Die weiteren Maßnahmen stoßen auf geteilte Reaktionen.","experiment.osexp","D:\ET_course_project_gender-bias\experiment","False","mono","False","39","no","white","no","yes","1080","14","space","psycho","178.0","3.0","117","2","25","25","D:\ET_course_project_gender-bias\experiment\subject-4.csv","150","psycho","an_found","Neonatal Nightingale","4.1.14","350.0","178.0","2","0","space","NA","space","space","space","9772.669300000416","NA","16807.517200000802","9772.669300000416","True","53","3","<RN>Einwohner*innen</RN>","340","-810.0","-470.0","-56.0","-3.0","2","psycho","4","Im Rahmen einer öffentlichen Veranstaltung wird derzeit über Fragen der inneren Sicherheit und gesellschaftliche Entwicklungen gesprochen. Die <RN>Bürger</RN> diskutieren über Fragen der Sicherheit bezüglich der aktuellen Krise, doch diese <AN>Männer</AN> fordern härtere Maßnahmen. Die weiteren Maßnahmen stoßen auf geteilte Reaktionen.","Auf einer öffentlichen Veranstaltung stehen Investitionen und langfristige gesellschaftliche Entwicklungen zur Diskussion. Die <RN>Fachfrauen</RN> unterstützen höhere Investitionen und langfristige Entwicklungen, doch diese <AN>Männer</AN> kritisieren die Umsetzung. Die politischen Folgen werden unterschiedlich bewertet.","1","1024","2","48000","-16","53","4","135","-44.0","91.0","61.0","114.0","experiment","4","even","82981.34539999955","-810.0","-290.0","NA","4502.37930000003","4502.87759999992","65907.66559999975","82715.88019999945","107505.3026000005","82764.2911999992","107505.33679999899","64972.35249999903","NA","106691.76049999987","96918.48949999985","82958.7234999999","82764.32349999959","107505.2199999991","65901.37110000069","96915.17430000022","Experiment","0","0","0","1","1920","Reaktionen.","53","25","242"
"<AN>Frauen</AN>","C4","<RN>Expertinnen</RN>","undefined","undefined","True","53","4","<AN>Frauen</AN>","132","-309.0","-177.0","61.0","114.0","undefined","undefined","#232323","1620","psycho","True","bewertet","psycho","psycho","undefined","undefined","undefined","0","0","0","0","0","26","0","26","0","0","26","26","26","0","26","0","50","-810.0","-270.5","5","528.0","95.11769532615894","Tue Jul 28 13:53:00 2026","The main experiment item","False","Beim Sommerfest eines Unternehmens wird über wirtschaftliche Entwicklungen und gesellschaftliche Herausforderungen diskutiert. Die <RN>Expertinnen</RN> sehen große Herausforderungen im nächsten Geschäftsjahr, dennoch bleiben diese <AN>Frauen</AN> optimistisch. Die unternehmerischen Folgen werden unterschiedlich bewertet.","experiment.osexp","D:\ET_course_project_gender-bias\experiment","False","mono","False","39","no","white","no","yes","1080","7","space","psycho","178.0","3.0","117","4","26","26","D:\ET_course_project_gender-bias\experiment\subject-4.csv","150","psycho","an_found","Neonatal Nightingale","4.1.14","-60.0","178.0","2","0","space","NA","space","space","space","10388.64379999906","NA","16807.517200000802","10388.64379999906","True","53","3","<RN>Expertinnen</RN>","248","-810.0","-562.0","-56.0","-3.0","2","psycho","4","Beim Sommerfest eines Unternehmens wird über wirtschaftliche Entwicklungen und gesellschaftliche Herausforderungen diskutiert. Die <RN>Fachleute</RN> sehen große Herausforderungen im nächsten Geschäftsjahr, dennoch bleiben diese <AN>Männer</AN> optimistisch. Die unternehmerischen Folgen werden unterschiedlich bewertet.","Beim Sommerfest eines Unternehmens wird über wirtschaftliche Entwicklungen und gesellschaftliche Herausforderungen diskutiert. Die <RN>Fachleute</RN> sehen große Herausforderungen im nächsten Geschäftsjahr, dennoch bleiben diese <AN>Männer</AN> optimistisch. Die unternehmerischen Folgen werden unterschiedlich bewertet.","0","1024","2","48000","-16","53","4","132","-177.0","-45.0","61.0","114.0","experiment","4","even","107545.08309999983","-810.0","-290.0","NA","4502.37930000003","4502.87759999992","65907.66559999975","82715.88019999945","107533.65870000016","82764.2911999992","139257.25430000055","64972.35249999903","NA","139211.88559999975","128822.57960000061","107533.69199999906","82764.32349999959","107533.54919999947","65901.37110000069","128819.27229999928","Experiment","0","0","0","2","1920","bewertet.","53","25","197"
"<AN>Frauen</AN>","C6","<RN>Expert*innen</RN>","undefined","undefined","True","53","4","<AN>Frauen</AN>","132","-309.0","-177.0","61.0","114.0","undefined","undefined","#232323","1620","psycho","True","bewertet","psycho","psycho","undefined","undefined","undefined","0","0","0","0","0","27","0","27","0","0","27","27","27","0","27","0","50","-810.0","-270.5","5","528.0","95.11769532615894","Tue Jul 28 13:53:00 2026","The main experiment item","False","Beim Sommerfest eines Unternehmens wird über wirtschaftliche Entwicklungen und gesellschaftliche Herausforderungen diskutiert. Die <RN>Expertinnen</RN> sehen große Herausforderungen im nächsten Geschäftsjahr, dennoch bleiben diese <AN>Frauen</AN> optimistisch. Die unternehmerischen Folgen werden unterschiedlich bewertet.","experiment.osexp","D:\ET_course_project_gender-bias\experiment","False","mono","False","39","no","white","no","yes","1080","14","space","psycho","178.0","3.0","117","5","27","27","D:\ET_course_project_gender-bias\experiment\subject-4.csv","150","psycho","an_found","Neonatal Nightingale","4.1.14","-60.0","178.0","2","0","space","NA","space","space","space","10388.64379999906","NA","16807.517200000802","10388.64379999906","True","53","3","<RN>Expertinnen</RN>","248","-810.0","-562.0","-56.0","-3.0","2","psycho","4","Beim Sommerfest eines Unternehmens wird über wirtschaftliche Entwicklungen und gesellschaftliche Herausforderungen diskutiert. Die <RN>Fachleute</RN> sehen große Herausforderungen im nächsten Geschäftsjahr, dennoch bleiben diese <AN>Männer</AN> optimistisch. Die unternehmerischen Folgen werden unterschiedlich bewertet.","Auf einer öffentlichen Veranstaltung stehen Investitionen und langfristige gesellschaftliche Entwicklungen zur Diskussion. Die <RN>Fachfrauen</RN> unterstützen höhere Investitionen und langfristige Entwicklungen, doch diese <AN>Männer</AN> kritisieren die Umsetzung. Die politischen Folgen werden unterschiedlich bewertet.","1","1024","2","48000","-16","53","4","132","-177.0","-45.0","61.0","114.0","experiment","4","even","107545.08309999983","-810.0","-290.0","NA","4502.37930000003","4502.87759999992","65907.66559999975","82715.88019999945","139285.25470000022","82764.2911999992","139285.30270000012","64972.35249999903","NA","139211.88559999975","128822.57960000061","107533.69199999906","82764.32349999959","139284.71360000002","65901.37110000069","128819.27229999928","Experiment","0","0","0","2","1920","bewertet.","53","25","197"
"<AN>Frauen</AN>","C2","<RN>Pfleger</RN>","undefined","undefined","True","53","4","<AN>Frauen</AN>","132","-309.0","-177.0","61.0","114.0","undefined","undefined","#232323","1620","psycho","True","bewertet","psycho","psycho","undefined","undefined","undefined","0","0","0","0","0","28","0","28","0","0","28","28","28","0","28","0","50","-810.0","-270.5","5","528.0","95.11769532615894","Tue Jul 28 13:53:00 2026","The main experiment item","False","Beim Sommerfest eines Unternehmens wird über wirtschaftliche Entwicklungen und gesellschaftliche Herausforderungen diskutiert. Die <RN>Expertinnen</RN> sehen große Herausforderungen im nächsten Geschäftsjahr, dennoch bleiben diese <AN>Frauen</AN> optimistisch. Die unternehmerischen Folgen werden unterschiedlich bewertet.","experiment.osexp","D:\ET_course_project_gender-bias\experiment","False","mono","False","39","no","white","no","yes","1080","2","space","psycho","178.0","3.0","117","1","28","28","D:\ET_course_project_gender-bias\experiment\subject-4.csv","150","psycho","an_found","Neonatal Nightingale","4.1.14","-60.0","178.0","2","0","space","NA","space","space","space","10388.64379999906","NA","16807.517200000802","10388.64379999906","True","53","3","<RN>Expertinnen</RN>","248","-810.0","-562.0","-56.0","-3.0","2","psycho","4","Beim Sommerfest eines Unternehmens wird über wirtschaftliche Entwicklungen und gesellschaftliche Herausforderungen diskutiert. Die <RN>Fachleute</RN> sehen große Herausforderungen im nächsten Geschäftsjahr, dennoch bleiben diese <AN>Männer</AN> optimistisch. Die unternehmerischen Folgen werden unterschiedlich bewertet.","Im Rahmen einer Gesprächsrunde im Gesundheitswesen wird derzeit über aktuelle gesellschaftliche Herausforderungen diskutiert. Die <RN>Pflegekräfte</RN> verdienen bessere Arbeitsbedingungen und benötigen langfristig mehr Unterstützung, doch diese <AN>Männer</AN> fühlen sich politisch nicht ausreichend unterstützt. Die nächsten Schritte werden derzeit kontrovers diskutiert.","1","1024","2","48000","-16","53","4","132","-177.0","-45.0","61.0","114.0","experiment","4","even","107545.08309999983","-810.0","-290.0","NA","4502.37930000003","4502.87759999992","65907.66559999975","82715.88019999945","139314.22480000037","82764.2911999992","139314.26909999936","64972.35249999903","NA","139211.88559999975","128822.57960000061","107533.69199999906","82764.32349999959","139313.93899999966","65901.37110000069","128819.27229999928","Experiment","0","0","0","2","1920","bewertet.","53","25","197"
"<AN>Frauen</AN>","C2","<RN>Einwohner</RN>","undefined","undefined","True","53","4","<AN>Frauen</AN>","132","-309.0","-177.0","61.0","114.0","undefined","undefined","#232323","1620","psycho","True","bewertet","psycho","psycho","undefined","undefined","undefined","0","0","0","0","0","29","0","29","0","0","29","29","29","0","29","0","50","-810.0","-270.5","5","528.0","95.11769532615894","Tue Jul 28 13:53:00 2026","The main experiment item","False","Beim Sommerfest eines Unternehmens wird über wirtschaftliche Entwicklungen und gesellschaftliche Herausforderungen diskutiert. Die <RN>Expertinnen</RN> sehen große Herausforderungen im nächsten Geschäftsjahr, dennoch bleiben diese <AN>Frauen</AN> optimistisch. Die unternehmerischen Folgen werden unterschiedlich bewertet.","experiment.osexp","D:\ET_course_project_gender-bias\experiment","False","mono","False","39","no","white","no","yes","1080","8","space","psycho","178.0","3.0","117","1","29","29","D:\ET_course_project_gender-bias\experiment\subject-4.csv","150","psycho","an_found","Neonatal Nightingale","4.1.14","-60.0","178.0","2","0","space","NA","space","space","space","10388.64379999906","NA","16807.517200000802","10388.64379999906","True","53","3","<RN>Expertinnen</RN>","248","-810.0","-562.0","-56.0","-3.0","2","psycho","4","Beim Sommerfest eines Unternehmens wird über wirtschaftliche Entwicklungen und gesellschaftliche Herausforderungen diskutiert. Die <RN>Fachleute</RN> sehen große Herausforderungen im nächsten Geschäftsjahr, dennoch bleiben diese <AN>Männer</AN> optimistisch. Die unternehmerischen Folgen werden unterschiedlich bewertet.","Im Rahmen einer öffentlichen Veranstaltung wird derzeit über Fragen der inneren Sicherheit und gesellschaftliche Entwicklungen gesprochen. Die <RN>Bürger</RN> diskutieren über Fragen der inneren Sicherheit bezüglich der aktuellen Krise, doch diese <AN>Männer</AN> fordern härtere Maßnahmen. Die weiteren Maßnahmen stoßen auf geteilte Reaktionen.","1","1024","2","48000","-16","53","4","132","-177.0","-45.0","61.0","114.0","experiment","4","even","107545.08309999983","-810.0","-290.0","NA","4502.37930000003","4502.87759999992","65907.66559999975","82715.88019999945","139340.1085000005","82764.2911999992","139340.1460999994","64972.35249999903","NA","139211.88559999975","128822.57960000061","107533.69199999906","82764.32349999959","139339.9258999998","65901.37110000069","128819.27229999928","Experiment","0","0","0","2","1920","bewertet.","53","25","197"
"<AN>Männer</AN>","C1","<RN>Studenten</RN>","undefined","undefined","True","53","4","<AN>Frauen</AN>","132","-309.0","-177.0","61.0","114.0","undefined","undefined","#232323","1620","psycho","True","bewertet","psycho","psycho","undefined","undefined","undefined","0","0","0","0","0","30","0","30","0","0","30","30","30","0","30","0","50","-810.0","-270.5","5","528.0","95.11769532615894","Tue Jul 28 13:53:00 2026","The main experiment item","False","Beim Sommerfest eines Unternehmens wird über wirtschaftliche Entwicklungen und gesellschaftliche Herausforderungen diskutiert. Die <RN>Expertinnen</RN> sehen große Herausforderungen im nächsten Geschäftsjahr, dennoch bleiben diese <AN>Frauen</AN> optimistisch. Die unternehmerischen Folgen werden unterschiedlich bewertet.","experiment.osexp","D:\ET_course_project_gender-bias\experiment","False","mono","False","39","no","white","no","yes","1080","1","space","psycho","178.0","3.0","117","1","30","30","D:\ET_course_project_gender-bias\experiment\subject-4.csv","150","psycho","an_found","Neonatal Nightingale","4.1.14","-60.0","178.0","2","0","space","NA","space","space","space","10388.64379999906","NA","16807.517200000802","10388.64379999906","True","53","3","<RN>Expertinnen</RN>","248","-810.0","-562.0","-56.0","-3.0","2","psycho","4","Beim Sommerfest eines Unternehmens wird über wirtschaftliche Entwicklungen und gesellschaftliche Herausforderungen diskutiert. Die <RN>Fachleute</RN> sehen große Herausforderungen im nächsten Geschäftsjahr, dennoch bleiben diese <AN>Männer</AN> optimistisch. Die unternehmerischen Folgen werden unterschiedlich bewertet.","Bei einer Podiumsdiskussion an der Universität wird über aktuelle gesellschaftliche Themen gesprochen. Die <RN>Studenten</RN> müssten wieder stärker leistungsorientiert gefördert werden, doch die Mehrheit dieser dort teilnehmenden <AN>Frauen</AN> kritisiert die neuen Anforderungen. Die weitere Entwicklung bleibt Gegenstand öffentlicher Debatten.","1","1024","2","48000","-16","53","4","132","-177.0","-45.0","61.0","114.0","experiment","4","even","107545.08309999983","-810.0","-290.0","NA","4502.37930000003","4502.87759999992","65907.66559999975","82715.88019999945","139366.27279999992","82764.2911999992","139366.33629999962","64972.35249999903","NA","139211.88559999975","128822.57960000061","107533.69199999906","82764.32349999959","139365.9788999994","65901.37110000069","128819.27229999928","Experiment","0","0","0","2","1920","bewertet.","53","25","197"
"<AN>Frauen</AN>","C4","<RN>Arbeitnehmerinnen</RN>","undefined","undefined","True","53","4","<AN>Frauen</AN>","132","-309.0","-177.0","61.0","114.0","undefined","undefined","#232323","1620","psycho","True","bewertet","psycho","psycho","undefined","undefined","undefined","0","0","0","0","0","31","0","31","0","0","31","31","31","0","31","0","50","-810.0","-270.5","5","528.0","95.11769532615894","Tue Jul 28 13:53:00 2026","The main experiment item","False","Beim Sommerfest eines Unternehmens wird über wirtschaftliche Entwicklungen und gesellschaftliche Herausforderungen diskutiert. Die <RN>Expertinnen</RN> sehen große Herausforderungen im nächsten Geschäftsjahr, dennoch bleiben diese <AN>Frauen</AN> optimistisch. Die unternehmerischen Folgen werden unterschiedlich bewertet.","experiment.osexp","D:\ET_course_project_gender-bias\experiment","False","mono","False","39","no","white","no","yes","1080","5","space","psycho","178.0","3.0","117","6","31","31","D:\ET_course_project_gender-bias\experiment\subject-4.csv","150","psycho","an_found","Neonatal Nightingale","4.1.14","-60.0","178.0","2","0","space","NA","space","space","space","10388.64379999906","NA","16807.517200000802","10388.64379999906","True","53","3","<RN>Expertinnen</RN>","248","-810.0","-562.0","-56.0","-3.0","2","psycho","4","Beim Sommerfest eines Unternehmens wird über wirtschaftliche Entwicklungen und gesellschaftliche Herausforderungen diskutiert. Die <RN>Fachleute</RN> sehen große Herausforderungen im nächsten Geschäftsjahr, dennoch bleiben diese <AN>Männer</AN> optimistisch. Die unternehmerischen Folgen werden unterschiedlich bewertet.","Im Rahmen einer Geschäftsveranstaltung findet derzeit ein Austausch über Arbeitsbedingungen und gesellschaftliche Entwicklungen statt. Die <RN>Arbeitnehmer*innen</RN> erwarten höhere Gehälter und klimatisierte Arbeitsplätze, aber diese <AN>Männer</AN> wollen auch weniger arbeiten. Die Frage nach den Konsequenzen bleibt offen.","1","1024","2","48000","-16","53","4","132","-177.0","-45.0","61.0","114.0","experiment","4","even","107545.08309999983","-810.0","-290.0","NA","4502.37930000003","4502.87759999992","65907.66559999975","82715.88019999945","139393.48450000034","82764.2911999992","139393.5237000005","64972.35249999903","NA","139211.88559999975","128822.57960000061","107533.69199999906","82764.32349999959","139393.32540000032","65901.37110000069","128819.27229999928","Experiment","0","0","0","2","1920","bewertet.","53","25","197"
"<AN>Männer</AN>","C5","<RN>Student*innen</RN>","undefined","undefined","True","53","4","<AN>Frauen</AN>","132","-309.0","-177.0","61.0","114.0","undefined","undefined","#232323","1620","psycho","True","bewertet","psycho","psycho","undefined","undefined","undefined","0","0","0","0","0","32","0","32","0","0","32","32","32","0","32","0","50","-810.0","-270.5","5","528.0","95.11769532615894","Tue Jul 28 13:53:00 2026","The main experiment item","False","Beim Sommerfest eines Unternehmens wird über wirtschaftliche Entwicklungen und gesellschaftliche Herausforderungen diskutiert. Die <RN>Expertinnen</RN> sehen große Herausforderungen im nächsten Geschäftsjahr, dennoch bleiben diese <AN>Frauen</AN> optimistisch. Die unternehmerischen Folgen werden unterschiedlich bewertet.","experiment.osexp","D:\ET_course_project_gender-bias\experiment","False","mono","False","39","no","white","no","yes","1080","1","space","psycho","178.0","3.0","117","5","32","32","D:\ET_course_project_gender-bias\experiment\subject-4.csv","150","psycho","an_found","Neonatal Nightingale","4.1.14","-60.0","178.0","2","0","space","NA","space","space","space","10388.64379999906","NA","16807.517200000802","10388.64379999906","True","53","3","<RN>Expertinnen</RN>","248","-810.0","-562.0","-56.0","-3.0","2","psycho","4","Beim Sommerfest eines Unternehmens wird über wirtschaftliche Entwicklungen und gesellschaftliche Herausforderungen diskutiert. Die <RN>Fachleute</RN> sehen große Herausforderungen im nächsten Geschäftsjahr, dennoch bleiben diese <AN>Männer</AN> optimistisch. Die unternehmerischen Folgen werden unterschiedlich bewertet.","Bei einer Podiumsdiskussion an der Universität wird über aktuelle gesellschaftliche Themen gesprochen. Die <RN>Studenten</RN> müssten wieder stärker leistungsorientiert gefördert werden, doch die Mehrheit dieser dort teilnehmenden <AN>Frauen</AN> kritisiert die neuen Anforderungen. Die weitere Entwicklung bleibt Gegenstand öffentlicher Debatten.","1","1024","2","48000","-16","53","4","132","-177.0","-45.0","61.0","114.0","experiment","4","even","107545.08309999983","-810.0","-290.0","NA","4502.37930000003","4502.87759999992","65907.66559999975","82715.88019999945","139419.18210000038","82764.2911999992","139419.21919999912","64972.35249999903","NA","139211.88559999975","128822.57960000061","107533.69199999906","82764.32349999959","139419.00519999943","65901.37110000069","128819.27229999928","Experiment","0","0","0","2","1920","bewertet.","53","25","197"
"<AN>Frauen</AN>","C4","<RN>Einwohnerinnen</RN>","undefined","undefined","True","53","4","<AN>Frauen</AN>","132","-309.0","-177.0","61.0","114.0","undefined","undefined","#232323","1620","psycho","True","bewertet","psycho","psycho","undefined","undefined","undefined","0","0","0","0","0","33","0","33","0","0","33","33","33","0","33","0","50","-810.0","-270.5","5","528.0","95.11769532615894","Tue Jul 28 13:53:00 2026","The main experiment item","False","Beim Sommerfest eines Unternehmens wird über wirtschaftliche Entwicklungen und gesellschaftliche Herausforderungen diskutiert. Die <RN>Expertinnen</RN> sehen große Herausforderungen im nächsten Geschäftsjahr, dennoch bleiben diese <AN>Frauen</AN> optimistisch. Die unternehmerischen Folgen werden unterschiedlich bewertet.","experiment.osexp","D:\ET_course_project_gender-bias\experiment","False","mono","False","39","no","white","no","yes","1080","8","space","psycho","178.0","3.0","117","3","33","33","D:\ET_course_project_gender-bias\experiment\subject-4.csv","150","psycho","an_found","Neonatal Nightingale","4.1.14","-60.0","178.0","2","0","space","NA","space","space","space","10388.64379999906","NA","16807.517200000802","10388.64379999906","True","53","3","<RN>Expertinnen</RN>","248","-810.0","-562.0","-56.0","-3.0","2","psycho","4","Beim Sommerfest eines Unternehmens wird über wirtschaftliche Entwicklungen und gesellschaftliche Herausforderungen diskutiert. Die <RN>Fachleute</RN> sehen große Herausforderungen im nächsten Geschäftsjahr, dennoch bleiben diese <AN>Männer</AN> optimistisch. Die unternehmerischen Folgen werden unterschiedlich bewertet.","Im Rahmen einer öffentlichen Veranstaltung wird derzeit über Fragen der inneren Sicherheit und gesellschaftliche Entwicklungen gesprochen. Die <RN>Bürger</RN> diskutieren über Fragen der inneren Sicherheit bezüglich der aktuellen Krise, doch diese <AN>Männer</AN> fordern härtere Maßnahmen. Die weiteren Maßnahmen stoßen auf geteilte Reaktionen.","1","1024","2","48000","-16","53","4","132","-177.0","-45.0","61.0","114.0","experiment","4","even","107545.08309999983","-810.0","-290.0","NA","4502.37930000003","4502.87759999992","65907.66559999975","82715.88019999945","139446.54450000054","82764.2911999992","139446.6059999995","64972.35249999903","NA","139211.88559999975","128822.57960000061","107533.69199999906","82764.32349999959","139446.29440000062","65901.37110000069","128819.27229999928","Experiment","0","0","0","2","1920","bewertet.","53","25","197"
"<AN>Männer</AN>","C1","<RN>Professoren</RN>","undefined","undefined","True","53","4","<AN>Frauen</AN>","132","-309.0","-177.0","61.0","114.0","undefined","undefined","#232323","1620","psycho","True","bewertet","psycho","psycho","undefined","undefined","undefined","0","0","0","0","0","34","0","34","0","0","34","34","34","0","34","0","50","-810.0","-270.5","5","528.0","95.11769532615894","Tue Jul 28 13:53:00 2026","The main experiment item","False","Beim Sommerfest eines Unternehmens wird über wirtschaftliche Entwicklungen und gesellschaftliche Herausforderungen diskutiert. Die <RN>Expertinnen</RN> sehen große Herausforderungen im nächsten Geschäftsjahr, dennoch bleiben diese <AN>Frauen</AN> optimistisch. Die unternehmerischen Folgen werden unterschiedlich bewertet.","experiment.osexp","D:\ET_course_project_gender-bias\experiment","False","mono","False","39","no","white","no","yes","1080","15","space","psycho","178.0","3.0","117","5","34","34","D:\ET_course_project_gender-bias\experiment\subject-4.csv","150","psycho","an_found","Neonatal Nightingale","4.1.14","-60.0","178.0","2","0","space","NA","space","space","space","10388.64379999906","NA","16807.517200000802","10388.64379999906","True","53","3","<RN>Expertinnen</RN>","248","-810.0","-562.0","-56.0","-3.0","2","psycho","4","Beim Sommerfest eines Unternehmens wird über wirtschaftliche Entwicklungen und gesellschaftliche Herausforderungen diskutiert. Die <RN>Fachleute</RN> sehen große Herausforderungen im nächsten Geschäftsjahr, dennoch bleiben diese <AN>Männer</AN> optimistisch. Die unternehmerischen Folgen werden unterschiedlich bewertet.","Im Rahmen einer öffentlichen Veranstaltung wird über die Zukunft der Hochschulen und die Forschungsförderung diskutiert. Die <RN>Professorinnen</RN> diskutieren über die Zukunft der Hochschulen und setzen sich für mehr Forschungsgelder ein, doch diese <AN>Männer</AN> lehnen die Vorschläge ab. Die nächsten Schritte werden derzeit kontrovers diskutiert.","1","1024","2","48000","-16","53","4","132","-177.0","-45.0","61.0","114.0","experiment","4","even","107545.08309999983","-810.0","-290.0","NA","4502.37930000003","4502.87759999992","65907.66559999975","82715.88019999945","139473.4535000007","82764.2911999992","139473.4924000004","64972.35249999903","NA","139211.88559999975","128822.57960000061","107533.69199999906","82764.32349999959","139473.29239999998","65901.37110000069","128819.27229999928","Experiment","0","0","0","2","1920","bewertet.","53","25","197"
"<AN>Frauen</AN>","C4","<RN>Ingenieurinnen</RN>","undefined","undefined","True","53","4","<AN>Frauen</AN>","132","-309.0","-177.0","61.0","114.0","undefined","undefined","#232323","1620","psycho","True","bewertet","psycho","psycho","undefined","undefined","undefined","0","0","0","0","0","35","0","35","0","0","35","35","35","0","35","0","50","-810.0","-270.5","5","528.0","95.11769532615894","Tue Jul 28 13:53:00 2026","The main experiment item","False","Beim Sommerfest eines Unternehmens wird über wirtschaftliche Entwicklungen und gesellschaftliche Herausforderungen diskutiert. Die <RN>Expertinnen</RN> sehen große Herausforderungen im nächsten Geschäftsjahr, dennoch bleiben diese <AN>Frauen</AN> optimistisch. Die unternehmerischen Folgen werden unterschiedlich bewertet.","experiment.osexp","D:\ET_course_project_gender-bias\experiment","False","mono","False","39","no","white","no","yes","1080","17","space","psycho","178.0","3.0","117","6","35","35","D:\ET_course_project_gender-bias\experiment\subject-4.csv","150","psycho","an_found","Neonatal Nightingale","4.1.14","-60.0","178.0","2","0","space","NA","space","space","space","10388.64379999906","NA","16807.517200000802","10388.64379999906","True","53","3","<RN>Expertinnen</RN>","248","-810.0","-562.0","-56.0","-3.0","2","psycho","4","Beim Sommerfest eines Unternehmens wird über wirtschaftliche Entwicklungen und gesellschaftliche Herausforderungen diskutiert. Die <RN>Fachleute</RN> sehen große Herausforderungen im nächsten Geschäftsjahr, dennoch bleiben diese <AN>Männer</AN> optimistisch. Die unternehmerischen Folgen werden unterschiedlich bewertet.","Im Rahmen einer städtischen Planungsrunde wird über die zukünftige Mobilität und den Ausbau des Nahverkehrs diskutiert. Die <RN>Ingenieurinnen</RN> diskutieren über nachhaltige Verkehrskonzepte und setzen sich für den Ausbau des ÖPNV ein, doch diese <AN>Männer</AN> lehnen die Vorschläge ab. Die nächsten Schritte werden derzeit kontrovers diskutiert.","1","1024","2","48000","-16","53","4","132","-177.0","-45.0","61.0","114.0","experiment","4","even","107545.08309999983","-810.0","-290.0","NA","4502.37930000003","4502.87759999992","65907.66559999975","82715.88019999945","139499.69729999977","82764.2911999992","139499.73730000056","64972.35249999903","NA","139211.88559999975","128822.57960000061","107533.69199999906","82764.32349999959","139499.49109999943","65901.37110000069","128819.27229999928","Experiment","0","0","0","2","1920","bewertet.","53","25","197"
"<AN>Männer</AN>","C5","<RN>Expert*innen</RN>","undefined","undefined","True","53","4","<AN>Frauen</AN>","132","-309.0","-177.0","61.0","114.0","undefined","undefined","#232323","1620","psycho","True","bewertet","psycho","psycho","undefined","undefined","undefined","0","0","0","0","0","36","0","36","0","0","36","36","36","0","36","0","50","-810.0","-270.5","5","528.0","95.11769532615894","Tue Jul 28 13:53:00 2026","The main experiment item","False","Beim Sommerfest eines Unternehmens wird über wirtschaftliche Entwicklungen und gesellschaftliche Herausforderungen diskutiert. Die <RN>Expertinnen</RN> sehen große Herausforderungen im nächsten Geschäftsjahr, dennoch bleiben diese <AN>Frauen</AN> optimistisch. Die unternehmerischen Folgen werden unterschiedlich bewertet.","experiment.osexp","D:\ET_course_project_gender-bias\experiment","False","mono","False","39","no","white","no","yes","1080","7","space","psycho","178.0","3.0","117","5","36","36","D:\ET_course_project_gender-bias\experiment\subject-4.csv","150","psycho","an_found","Neonatal Nightingale","4.1.14","-60.0","178.0","2","0","space","NA","space","space","space","10388.64379999906","NA","16807.517200000802","10388.64379999906","True","53","3","<RN>Expertinnen</RN>","248","-810.0","-562.0","-56.0","-3.0","2","psycho","4","Beim Sommerfest eines Unternehmens wird über wirtschaftliche Entwicklungen und gesellschaftliche Herausforderungen diskutiert. Die <RN>Fachleute</RN> sehen große Herausforderungen im nächsten Geschäftsjahr, dennoch bleiben diese <AN>Männer</AN> optimistisch. Die unternehmerischen Folgen werden unterschiedlich bewertet.","Beim Sommerfest eines Unternehmens wird über wirtschaftliche Entwicklungen und gesellschaftliche Herausforderungen diskutiert. Die <RN>Fachleute</RN> sehen große Herausforderungen im nächsten Geschäftsjahr, dennoch bleiben diese <AN>Männer</AN> optimistisch. Die unternehmerischen Folgen werden unterschiedlich bewertet.","1","1024","2","48000","-16","53","4","132","-177.0","-45.0","61.0","114.0","experiment","4","even","107545.08309999983","-810.0","-290.0","NA","4502.37930000003","4502.87759999992","65907.66559999975","82715.88019999945","139526.11590000015","82764.2911999992","139526.15789999982","64972.35249999903","NA","139211.88559999975","128822.57960000061","107533.69199999906","82764.32349999959","139525.9980999999","65901.37110000069","128819.27229999928","Experiment","0","0","0","2","1920","bewertet.","53","25","197"
"<AN>Männern</AN>","C3","<RN>Einwohnerinnen</RN>","undefined","undefined","True","53","4","<AN>Frauen</AN>","132","-309.0","-177.0","61.0","114.0","undefined","undefined","#232323","1620","psycho","True","bewertet","psycho","psycho","undefined","undefined","undefined","0","0","0","0","0","37","0","37","0","0","37","37","37","0","37","0","50","-810.0","-270.5","5","528.0","95.11769532615894","Tue Jul 28 13:53:00 2026","The main experiment item","False","Beim Sommerfest eines Unternehmens wird über wirtschaftliche Entwicklungen und gesellschaftliche Herausforderungen diskutiert. Die <RN>Expertinnen</RN> sehen große Herausforderungen im nächsten Geschäftsjahr, dennoch bleiben diese <AN>Frauen</AN> optimistisch. Die unternehmerischen Folgen werden unterschiedlich bewertet.","experiment.osexp","D:\ET_course_project_gender-bias\experiment","False","mono","False","39","no","white","no","yes","1080","13","space","psycho","178.0","3.0","117","3","37","37","D:\ET_course_project_gender-bias\experiment\subject-4.csv","150","psycho","an_found","Neonatal Nightingale","4.1.14","-60.0","178.0","2","0","space","NA","space","space","space","10388.64379999906","NA","16807.517200000802","10388.64379999906","True","53","3","<RN>Expertinnen</RN>","248","-810.0","-562.0","-56.0","-3.0","2","psycho","4","Beim Sommerfest eines Unternehmens wird über wirtschaftliche Entwicklungen und gesellschaftliche Herausforderungen diskutiert. Die <RN>Fachleute</RN> sehen große Herausforderungen im nächsten Geschäftsjahr, dennoch bleiben diese <AN>Männer</AN> optimistisch. Die unternehmerischen Folgen werden unterschiedlich bewertet.","Im Rahmen einer öffentlichen Veranstaltung wird über Sicherheit, gesellschaftlichen Zusammenhalt und politische Reformen gesprochen. Die <RN>Bürgerinnen</RN> wünschen sich Sicherheit und verlässliche Perspektiven, doch diese Gruppe von <AN>Frauen</AN> sieht Reformbedarf im System. Die weitere Entwicklung bleibt Gegenstand öffentlicher Debatten.","1","1024","2","48000","-16","53","4","132","-177.0","-45.0","61.0","114.0","experiment","4","even","107545.08309999983","-810.0","-290.0","NA","4502.37930000003","4502.87759999992","65907.66559999975","82715.88019999945","139553.66119999962","82764.2911999992","139553.69919999974","64972.35249999903","NA","139211.88559999975","128822.57960000061","107533.69199999906","82764.32349999959","139553.4955999992","65901.37110000069","128819.27229999928","Experiment","0","0","0","2","1920","bewertet.","53","25","197"
"<AN>Männer</AN>","C1","<RN>Arbeitnehmer</RN>","undefined","undefined","True","53","4","<AN>Frauen</AN>","132","-309.0","-177.0","61.0","114.0","undefined","undefined","#232323","1620","psycho","True","bewertet","psycho","psycho","undefined","undefined","undefined","0","0","0","0","0","38","0","38","0","0","38","38","38","0","38","0","50","-810.0","-270.5","5","528.0","95.11769532615894","Tue Jul 28 13:53:00 2026","The main experiment item","False","Beim Sommerfest eines Unternehmens wird über wirtschaftliche Entwicklungen und gesellschaftliche Herausforderungen diskutiert. Die <RN>Expertinnen</RN> sehen große Herausforderungen im nächsten Geschäftsjahr, dennoch bleiben diese <AN>Frauen</AN> optimistisch. Die unternehmerischen Folgen werden unterschiedlich bewertet.","experiment.osexp","D:\ET_course_project_gender-bias\experiment","False","mono","False","39","no","white","no","yes","1080","5","space","psycho","178.0","3.0","117","3","38","38","D:\ET_course_project_gender-bias\experiment\subject-4.csv","150","psycho","an_found","Neonatal Nightingale","4.1.14","-60.0","178.0","2","0","space","NA","space","space","space","10388.64379999906","NA","16807.517200000802","10388.64379999906","True","53","3","<RN>Expertinnen</RN>","248","-810.0","-562.0","-56.0","-3.0","2","psycho","4","Beim Sommerfest eines Unternehmens wird über wirtschaftliche Entwicklungen und gesellschaftliche Herausforderungen diskutiert. Die <RN>Fachleute</RN> sehen große Herausforderungen im nächsten Geschäftsjahr, dennoch bleiben diese <AN>Männer</AN> optimistisch. Die unternehmerischen Folgen werden unterschiedlich bewertet.","Im Rahmen einer Geschäftsveranstaltung findet derzeit ein Austausch über Arbeitsbedingungen und gesellschaftliche Entwicklungen statt. Die <RN>Arbeitnehmer*innen</RN> erwarten höhere Gehälter und klimatisierte Arbeitsplätze, trotzdem wollen diese <AN>Männer</AN> auch weniger arbeiten. Die Frage nach den Konsequenzen bleibt offen.","1","1024","2","48000","-16","53","4","132","-177.0","-45.0","61.0","114.0","experiment","4","even","107545.08309999983","-810.0","-290.0","NA","4502.37930000003","4502.87759999992","65907.66559999975","82715.88019999945","139579.35840000026","82764.2911999992","139579.39799999987","64972.35249999903","NA","139211.88559999975","128822.57960000061","107533.69199999906","82764.32349999959","139579.1704000003","65901.37110000069","128819.27229999928","Experiment","0","0","0","2","1920","bewertet.","53","25","197"
"<AN>Frauen</AN>","C4","<RN>Einwohnerinnen</RN>","undefined","undefined","True","53","4","<AN>Frauen</AN>","132","-309.0","-177.0","61.0","114.0","undefined","undefined","#232323","1620","psycho","True","Debatten","psycho","psycho","undefined","undefined","undefined","0","0","0","0","0","39","0","39","0","0","39","39","39","0","39","0","50","-810.0","-270.5","5","981.0","65.82379390463605","Tue Jul 28 13:53:00 2026","The main experiment item","False","Im Rahmen einer öffentlichen Veranstaltung wird über Sicherheit, gesellschaftlichen Zusammenhalt und politische Reformen gesprochen. Die <RN>Einwohnerinnen</RN> wünschen sich Sicherheit und verlässliche Perspektiven, doch diese Gruppe von <AN>Frauen</AN> sieht Reformbedarf im System. Die weitere Entwicklung bleibt Gegenstand öffentlicher Debatten.","experiment.osexp","D:\ET_course_project_gender-bias\experiment","False","mono","False","39","no","white","no","yes","1080","13","space","psycho","178.0","3.0","117","4","39","39","D:\ET_course_project_gender-bias\experiment\subject-4.csv","150","psycho","an_found","Neonatal Nightingale","4.1.14","393.0","178.0","2","0","space","NA","space","space","space","13628.506200000644","NA","16807.517200000802","13628.506200000644","True","53","3","<RN>Einwohnerinnen</RN>","317","-810.0","-493.0","-56.0","-3.0","2","psycho","4","Im Rahmen einer öffentlichen Veranstaltung wird über Sicherheit, gesellschaftlichen Zusammenhalt und politische Reformen gesprochen. Die <RN>Bürgerinnen</RN> wünschen sich Sicherheit und verlässliche Perspektiven, doch diese Gruppe von <AN>Frauen</AN> sieht Reformbedarf im System. Die weitere Entwicklung bleibt Gegenstand öffentlicher Debatten.","Im Rahmen einer öffentlichen Veranstaltung wird über Sicherheit, gesellschaftlichen Zusammenhalt und politische Reformen gesprochen. Die <RN>Bürgerinnen</RN> wünschen sich Sicherheit und verlässliche Perspektiven, doch diese Gruppe von <AN>Frauen</AN> sieht Reformbedarf im System. Die weitere Entwicklung bleibt Gegenstand öffentlicher Debatten.","0","1024","2","48000","-16","53","4","132","-177.0","-45.0","61.0","114.0","experiment","4","even","139618.1703000002","-810.0","-290.0","NA","4502.37930000003","4502.87759999992","65907.66559999975","82715.88019999945","139606.85009999905","82764.2911999992","178201.04990000074","64972.35249999903","NA","178155.80709999995","164526.6843999998","139606.90120000072","82764.32349999959","139606.51739999957","65901.37110000069","164523.18390000073","Experiment","0","0","0","3","1920","Debatten.","53","25","197"
"<AN>Männer</AN>","C1","<RN>Unternehmer</RN>","undefined","undefined","True","53","4","<AN>Männer</AN>","135","-197.0","-62.0","61.0","114.0","undefined","undefined","#232323","1620","psycho","True","umstritten","psycho","psycho","undefined","undefined","undefined","0","0","0","0","0","40","0","40","0","0","40","40","40","0","40","0","50","-810.0","-270.5","5","1152.0","89.71378601040084","Tue Jul 28 13:53:00 2026","The main experiment item","False","Bei einem Networking-Event stehen wirtschaftspolitische und gesellschaftliche Fragestellungen im Mittelpunkt der Diskussion. Die <RN>Unternehmer</RN> brauchen weniger bürokratische Hürden und sprechen über Verbesserungen, doch diese <AN>Männer</AN> fordern weitere steuerliche Entlastungen. Die Folgen dieser Positionen bleiben umstritten.","experiment.osexp","D:\ET_course_project_gender-bias\experiment","False","mono","False","39","no","white","no","yes","1080","4","space","psycho","178.0","3.0","117","4","40","40","D:\ET_course_project_gender-bias\experiment\subject-4.csv","150","psycho","an_found","Neonatal Nightingale","4.1.14","610.0","178.0","2","0","space","NA","space","space","space","12404.436099999642","NA","16807.517200000802","12404.436099999642","True","53","3","<RN>Unternehmer</RN>","249","-810.0","-561.0","-56.0","-3.0","2","psycho","4","Bei einem Networking-Event stehen wirtschaftspolitische und gesellschaftliche Fragestellungen im Mittelpunkt der Diskussion. Die <RN>Unternehmer</RN> brauchen weniger bürokratische Hürden und sprechen über Verbesserungen, doch diese <AN>Männer</AN> fordern weitere steuerliche Entlastungen. Die Folgen dieser Positionen bleiben umstritten.","Bei einem Networking-Event stehen wirtschaftspolitische und gesellschaftliche Fragestellungen im Mittelpunkt der Diskussion. Die <RN>Unternehmer</RN> brauchen weniger bürokratische Hürden und sprechen über Verbesserungen, doch diese <AN>Männer</AN> fordern weitere steuerliche Entlastungen. Die Folgen dieser Positionen bleiben umstritten.","0","1024","2","48000","-16","53","4","135","-62.0","73.0","61.0","114.0","experiment","4","even","178240.72499999966","-810.0","-290.0","NA","4502.37930000003","4502.87759999992","65907.66559999975","82715.88019999945","178229.2450999994","82764.2911999992","219177.7631999994","64972.35249999903","NA","219131.73370000004","206726.74969999935","178229.3004000003","82764.32349999959","178228.42619999938","65901.37110000069","206723.20389999915","Experiment","0","0","0","4","1920","umstritten.","53","25","243"
"<AN>Männer</AN>","C3","<RN>Lehrerinnen</RN>","undefined","undefined","True","53","4","<AN>Männer</AN>","135","-333.0","-198.0","61.0","114.0","undefined","undefined","#232323","1620","psycho","True","Diskussionen","psycho","psycho","undefined","undefined","undefined","0","0","0","0","0","41","0","41","0","0","41","41","41","0","41","0","50","-810.0","-270.5","5","1004.0","76.22673070780355","Tue Jul 28 13:53:00 2026","The main experiment item","False","Auf einer Konferenz zu Bildungsfragen in Stuttgart wird derzeit über aktuelle schulische Themen gesprochen. Die <RN>Lehrerinnen</RN> sollen mehr auf Disziplin und Konsequenzen im Unterricht setzen, doch aus pädagogischen Gründen lehnen diese <AN>Männer</AN> die Vorschläge ab. Die kommenden Entwicklungen sind weiterhin Gegenstand von Diskussionen.","experiment.osexp","D:\ET_course_project_gender-bias\experiment","False","mono","False","39","no","white","no","yes","1080","6","space","psycho","178.0","3.0","117","4","41","41","D:\ET_course_project_gender-bias\experiment\subject-4.csv","150","psycho","an_found","Neonatal Nightingale","4.1.14","508.0","178.0","2","0","space","NA","space","space","space","9972.563199999044","NA","16807.517200000802","9972.563199999044","True","53","2","<RN>Lehrerinnen</RN>","247","167.0","414.0","-173.0","-120.0","2","psycho","4","Auf einer Konferenz zu Bildungsfragen in Stuttgart wird derzeit über aktuelle schulische Themen gesprochen. Die <RN>Lehrer</RN> sollen mehr auf Disziplin und Konsequenzen im Unterricht setzen, doch aus pädagogischen Gründen lehnen diese <AN>Frauen</AN> die Vorschläge ab. Die kommenden Entwicklungen sind weiterhin Gegenstand von Diskussionen.","Auf einer Konferenz zu Bildungsfragen in Stuttgart wird derzeit über aktuelle schulische Themen gesprochen. Die <RN>Lehrer</RN> sollen mehr auf Disziplin und Konsequenzen im Unterricht setzen, doch aus pädagogischen Gründen lehnen diese <AN>Frauen</AN> die Vorschläge ab. Die kommenden Entwicklungen sind weiterhin Gegenstand von Diskussionen.","0","1024","2","48000","-16","53","4","135","-198.0","-63.0","61.0","114.0","experiment","4","even","219216.32669999963","-810.0","-290.0","NA","4502.37930000003","4502.87759999992","65907.66559999975","82715.88019999945","219204.6083000005","82764.2911999992","249616.70050000068","64972.35249999903","NA","249571.63480000052","239598.59490000055","219204.6559999999","82764.32349999959","219204.18160000007","65901.37110000069","239595.15199999989","Experiment","0","0","0","5","1920","Diskussionen.","53","25","289"
"<AN>Männer</AN>","C3","<RN>Polizistinnen</RN>","undefined","undefined","True","53","4","<AN>Männer</AN>","135","-202.0","-67.0","61.0","114.0","undefined","undefined","#232323","1620","psycho","True","verhandelt","psycho","psycho","undefined","undefined","undefined","0","0","0","0","0","42","0","42","0","0","42","42","42","0","42","0","50","-810.0","-270.5","5","1026.0","88.23927471778086","Tue Jul 28 13:53:00 2026","The main experiment item","False","Bei einer öffentlichen Sitzung im Rathaus wird über neue Verkehrsregelungen gesprochen. Die <RN>Polizistinnen</RN> diskutieren laut über mehr Sicherheit im Straßenverkehr und setzen sich für strengere Kontrollen ein, doch diese <AN>Männer</AN> lehnen die Vorschläge ab. Die nächsten Maßnahmen werden derzeit kontrovers verhandelt.","experiment.osexp","D:\ET_course_project_gender-bias\experiment","False","mono","False","39","no","white","no","yes","1080","18","space","psycho","178.0","3.0","117","4","42","42","D:\ET_course_project_gender-bias\experiment\subject-4.csv","150","psycho","an_found","Neonatal Nightingale","4.1.14","485.0","178.0","2","0","space","NA","space","space","space","9756.55659999937","NA","16807.517200000802","9756.55659999937","True","53","2","<RN>Polizistinnen</RN>","294","-13.0","281.0","-173.0","-120.0","2","psycho","4","Bei einer öffentlichen Sitzung im Rathaus wird über neue Verkehrsregelungen gesprochen. Die <RN>Polizistinnen</RN> diskutieren laut über mehr Sicherheit im Straßenverkehr und setzen sich für strengere Kontrollen ein, doch diese <AN>Männer</AN> lehnen die Vorschläge ab. Die nächsten Maßnahmen werden derzeit kontrovers verhandelt.","Bei einer öffentlichen Sitzung im Rathaus wird über neue Verkehrsregelungen gesprochen. Die <RN>Polizistinnen</RN> diskutieren laut über mehr Sicherheit im Straßenverkehr und setzen sich für strengere Kontrollen ein, doch diese <AN>Männer</AN> lehnen die Vorschläge ab. Die nächsten Maßnahmen werden derzeit kontrovers verhandelt.","0","1024","2","48000","-16","53","4","135","-67.0","68.0","61.0","114.0","experiment","4","even","249658.25620000032","-810.0","-290.0","NA","4502.37930000003","4502.87759999992","65907.66559999975","82715.88019999945","249645.8977000002","82764.2911999992","278729.7135999997","64972.35249999903","NA","278683.75129999913","268926.6497999997","249645.94120000038","82764.32349999959","249645.49289999923","65901.37110000069","268923.208799999","Experiment","0","0","0","6","1920","verhandelt.","53","25","244"
"<AN>Frauen</AN>","C4","<RN>Krankenschwestern</RN>","undefined","undefined","True","53","4","<AN>Männer</AN>","135","-202.0","-67.0","61.0","114.0","undefined","undefined","#232323","1620","psycho","True","verhandelt","psycho","psycho","undefined","undefined","undefined","0","0","0","0","0","43","0","43","0","0","43","43","43","0","43","0","50","-810.0","-270.5","5","1026.0","88.23927471778086","Tue Jul 28 13:53:00 2026","The main experiment item","False","Bei einer öffentlichen Sitzung im Rathaus wird über neue Verkehrsregelungen gesprochen. Die <RN>Polizistinnen</RN> diskutieren laut über mehr Sicherheit im Straßenverkehr und setzen sich für strengere Kontrollen ein, doch diese <AN>Männer</AN> lehnen die Vorschläge ab. Die nächsten Maßnahmen werden derzeit kontrovers verhandelt.","experiment.osexp","D:\ET_course_project_gender-bias\experiment","False","mono","False","39","no","white","no","yes","1080","16","space","psycho","178.0","3.0","117","1","43","43","D:\ET_course_project_gender-bias\experiment\subject-4.csv","150","psycho","an_found","Neonatal Nightingale","4.1.14","485.0","178.0","2","0","space","NA","space","space","space","9756.55659999937","NA","16807.517200000802","9756.55659999937","True","53","2","<RN>Polizistinnen</RN>","294","-13.0","281.0","-173.0","-120.0","2","psycho","4","Bei einer öffentlichen Sitzung im Rathaus wird über neue Verkehrsregelungen gesprochen. Die <RN>Polizistinnen</RN> diskutieren laut über mehr Sicherheit im Straßenverkehr und setzen sich für strengere Kontrollen ein, doch diese <AN>Männer</AN> lehnen die Vorschläge ab. Die nächsten Maßnahmen werden derzeit kontrovers verhandelt.","Bei einer Informationsveranstaltung im Krankenhaus wird über aktuelle Impfreformen und deren Auswirkungen gesprochen. Die <RN>Krankenschwestern</RN> diskutieren über Langzeitfolgen von Corona und setzen sich für mehr Unterstützung ein, doch diese <AN>Männer</AN> lehnen die Vorschläge ab. Die nächsten Schritte werden derzeit kontrovers diskutiert.","1","1024","2","48000","-16","53","4","135","-67.0","68.0","61.0","114.0","experiment","4","even","249658.25620000032","-810.0","-290.0","NA","4502.37930000003","4502.87759999992","65907.66559999975","82715.88019999945","278756.51169999945","82764.2911999992","278756.5510000004","64972.35249999903","NA","278683.75129999913","268926.6497999997","249645.94120000038","82764.32349999959","278756.40179999935","65901.37110000069","268923.208799999","Experiment","0","0","0","6","1920","verhandelt.","53","25","244"
"<AN>Frauen</AN>","C2","<RN>Aktivisten</RN>","undefined","undefined","True","53","4","<AN>Frauen</AN>","132","-201.0","-69.0","61.0","114.0","undefined","undefined","#232323","1620","psycho","True","geprüft","psycho","psycho","undefined","undefined","undefined","0","0","0","0","0","44","0","44","0","0","44","44","44","0","44","0","50","-810.0","-270.5","5","1182.0","99.58102890490743","Tue Jul 28 13:53:00 2026","The main experiment item","False","Auf einer öffentlichen Veranstaltung werden aktuelle wohnungs- und gesellschaftspolitische Themen diskutiert. Die <RN>Aktivisten</RN> fordern mehr bezahlbaren Wohnraum in Stuttgart für alle und diskutieren faire Lösungsansätze, doch diese <AN>Frauen</AN> sehen die Verantwortung stärker beim Bund. Die Auswirkungen der Entscheidung werden noch geprüft.","experiment.osexp","D:\ET_course_project_gender-bias\experiment","False","mono","False","39","no","white","no","yes","1080","11","space","psycho","178.0","3.0","117","4","44","44","D:\ET_course_project_gender-bias\experiment\subject-4.csv","150","psycho","an_found","Neonatal Nightingale","4.1.14","572.0","178.0","2","0","space","NA","space","space","space","12940.411300000036","NA","16807.517200000802","12940.411300000036","True","53","2","<RN>Aktivisten</RN>","228","261.0","489.0","-173.0","-120.0","2","psycho","4","Auf einer öffentlichen Veranstaltung werden aktuelle wohnungs- und gesellschaftspolitische Themen diskutiert. Die <RN>Aktivist*innen</RN> fordern mehr bezahlbaren Wohnraum in Stuttgart für alle und diskutieren faire Lösungsansätze, doch diese <AN>Frauen</AN> sehen die Verantwortung stärker beim Bund. Die Auswirkungen der Entscheidung werden noch geprüft.","Auf einer öffentlichen Veranstaltung werden aktuelle wohnungs- und gesellschaftspolitische Themen diskutiert. Die <RN>Aktivist*innen</RN> fordern mehr bezahlbaren Wohnraum in Stuttgart für alle und diskutieren faire Lösungsansätze, doch diese <AN>Frauen</AN> sehen die Verantwortung stärker beim Bund. Die Auswirkungen der Entscheidung werden noch geprüft.","0","1024","2","48000","-16","53","4","132","-69.0","63.0","61.0","114.0","experiment","4","even","278795.9628999997","-810.0","-290.0","NA","4502.37930000003","4502.87759999992","65907.66559999975","82715.88019999945","278784.7454999992","82764.2911999992","312057.10010000074","64972.35249999903","NA","312011.93369999964","299070.7947999999","278784.7743999992","82764.32349999959","278784.56249999907","65901.37110000069","299067.2063000002","Experiment","0","0","0","7","1920","geprüft.","53","25","175"
"<AN>Männer</AN>","C3","<RN>Ingenieurinnen</RN>","undefined","undefined","True","53","4","<AN>Frauen</AN>","132","-201.0","-69.0","61.0","114.0","undefined","undefined","#232323","1620","psycho","True","geprüft","psycho","psycho","undefined","undefined","undefined","0","0","0","0","0","45","0","45","0","0","45","45","45","0","45","0","50","-810.0","-270.5","5","1182.0","99.58102890490743","Tue Jul 28 13:53:00 2026","The main experiment item","False","Auf einer öffentlichen Veranstaltung werden aktuelle wohnungs- und gesellschaftspolitische Themen diskutiert. Die <RN>Aktivisten</RN> fordern mehr bezahlbaren Wohnraum in Stuttgart für alle und diskutieren faire Lösungsansätze, doch diese <AN>Frauen</AN> sehen die Verantwortung stärker beim Bund. Die Auswirkungen der Entscheidung werden noch geprüft.","experiment.osexp","D:\ET_course_project_gender-bias\experiment","False","mono","False","39","no","white","no","yes","1080","3","space","psycho","178.0","3.0","117","1","45","45","D:\ET_course_project_gender-bias\experiment\subject-4.csv","150","psycho","an_found","Neonatal Nightingale","4.1.14","572.0","178.0","2","0","space","NA","space","space","space","12940.411300000036","NA","16807.517200000802","12940.411300000036","True","53","2","<RN>Aktivisten</RN>","228","261.0","489.0","-173.0","-120.0","2","psycho","4","Auf einer öffentlichen Veranstaltung werden aktuelle wohnungs- und gesellschaftspolitische Themen diskutiert. Die <RN>Aktivist*innen</RN> fordern mehr bezahlbaren Wohnraum in Stuttgart für alle und diskutieren faire Lösungsansätze, doch diese <AN>Frauen</AN> sehen die Verantwortung stärker beim Bund. Die Auswirkungen der Entscheidung werden noch geprüft.","Auf einer wissenschaftlichen Konferenz zu technischen Zukunftsfragen werden derzeit aktuelle gesellschaftliche Themen erörtert. Die <RN>Ingenieur*innen</RN> kritisieren die Energiewende und stehen vor Herausforderungen, doch diese <AN>Frauen</AN> lehnen zusätzliche Investitionen ab. Über die Konsequenzen wird weiterhin intensiv gestritten.","1","1024","2","48000","-16","53","4","132","-69.0","63.0","61.0","114.0","experiment","4","even","278795.9628999997","-810.0","-290.0","NA","4502.37930000003","4502.87759999992","65907.66559999975","82715.88019999945","312083.82689999964","82764.2911999992","312083.8805999992","64972.35249999903","NA","312011.93369999964","299070.7947999999","278784.7743999992","82764.32349999959","312083.60489999905","65901.37110000069","299067.2063000002","Experiment","0","0","0","7","1920","geprüft.","53","25","175"
"<AN>Frauen</AN>","C2","<RN>Einwohner</RN>","undefined","undefined","True","53","4","<AN>Frauen</AN>","132","-201.0","-69.0","61.0","114.0","undefined","undefined","#232323","1620","psycho","True","geprüft","psycho","psycho","undefined","undefined","undefined","0","0","0","0","0","46","0","46","0","0","46","46","46","0","46","0","50","-810.0","-270.5","5","1182.0","99.58102890490743","Tue Jul 28 13:53:00 2026","The main experiment item","False","Auf einer öffentlichen Veranstaltung werden aktuelle wohnungs- und gesellschaftspolitische Themen diskutiert. Die <RN>Aktivisten</RN> fordern mehr bezahlbaren Wohnraum in Stuttgart für alle und diskutieren faire Lösungsansätze, doch diese <AN>Frauen</AN> sehen die Verantwortung stärker beim Bund. Die Auswirkungen der Entscheidung werden noch geprüft.","experiment.osexp","D:\ET_course_project_gender-bias\experiment","False","mono","False","39","no","white","no","yes","1080","13","space","psycho","178.0","3.0","117","2","46","46","D:\ET_course_project_gender-bias\experiment\subject-4.csv","150","psycho","an_found","Neonatal Nightingale","4.1.14","572.0","178.0","2","0","space","NA","space","space","space","12940.411300000036","NA","16807.517200000802","12940.411300000036","True","53","2","<RN>Aktivisten</RN>","228","261.0","489.0","-173.0","-120.0","2","psycho","4","Auf einer öffentlichen Veranstaltung werden aktuelle wohnungs- und gesellschaftspolitische Themen diskutiert. Die <RN>Aktivist*innen</RN> fordern mehr bezahlbaren Wohnraum in Stuttgart für alle und diskutieren faire Lösungsansätze, doch diese <AN>Frauen</AN> sehen die Verantwortung stärker beim Bund. Die Auswirkungen der Entscheidung werden noch geprüft.","Im Rahmen einer öffentlichen Veranstaltung wird über Sicherheit, gesellschaftlichen Zusammenhalt und politische Reformen gesprochen. Die <RN>Bürgerinnen</RN> wünschen sich mehr Sicherheit und verlässliche Perspektiven, doch diese Gruppe von <AN>Frauen</AN> sieht Reformbedarf im System. Die weitere Entwicklung bleibt Gegenstand öffentlicher Debatten.","1","1024","2","48000","-16","53","4","132","-69.0","63.0","61.0","114.0","experiment","4","even","278795.9628999997","-810.0","-290.0","NA","4502.37930000003","4502.87759999992","65907.66559999975","82715.88019999945","312112.02480000065","82764.2911999992","312112.076899999","64972.35249999903","NA","312011.93369999964","299070.7947999999","278784.7743999992","82764.32349999959","312111.5193000005","65901.37110000069","299067.2063000002","Experiment","0","0","0","7","1920","geprüft.","53","25","175"
"<AN>Frauen</AN>","C4","<RN>Dozentinnen</RN>","undefined","undefined","True","53","4","<AN>Frauen</AN>","132","-201.0","-69.0","61.0","114.0","undefined","undefined","#232323","1620","psycho","True","geprüft","psycho","psycho","undefined","undefined","undefined","0","0","0","0","0","47","0","47","0","0","47","47","47","0","47","0","50","-810.0","-270.5","5","1182.0","99.58102890490743","Tue Jul 28 13:53:00 2026","The main experiment item","False","Auf einer öffentlichen Veranstaltung werden aktuelle wohnungs- und gesellschaftspolitische Themen diskutiert. Die <RN>Aktivisten</RN> fordern mehr bezahlbaren Wohnraum in Stuttgart für alle und diskutieren faire Lösungsansätze, doch diese <AN>Frauen</AN> sehen die Verantwortung stärker beim Bund. Die Auswirkungen der Entscheidung werden noch geprüft.","experiment.osexp","D:\ET_course_project_gender-bias\experiment","False","mono","False","39","no","white","no","yes","1080","9","space","psycho","178.0","3.0","117","2","47","47","D:\ET_course_project_gender-bias\experiment\subject-4.csv","150","psycho","an_found","Neonatal Nightingale","4.1.14","572.0","178.0","2","0","space","NA","space","space","space","12940.411300000036","NA","16807.517200000802","12940.411300000036","True","53","2","<RN>Aktivisten</RN>","228","261.0","489.0","-173.0","-120.0","2","psycho","4","Auf einer öffentlichen Veranstaltung werden aktuelle wohnungs- und gesellschaftspolitische Themen diskutiert. Die <RN>Aktivist*innen</RN> fordern mehr bezahlbaren Wohnraum in Stuttgart für alle und diskutieren faire Lösungsansätze, doch diese <AN>Frauen</AN> sehen die Verantwortung stärker beim Bund. Die Auswirkungen der Entscheidung werden noch geprüft.","Auf einer schulischen Tagung werden aktuelle Kontroversen rund um Vorlesungsführung und Leistungsbewertung diskutiert. Die <RN>Dozent*innen</RN> fordern erhöhte Leistungsorientierung und strengere Notenvergabe im Lehrplan, doch diese <AN>Männer</AN> stoßen dabei auf Gegendruck von Eltern. Die Debatte über das Thema hält weiter an.","1","1024","2","48000","-16","53","4","132","-69.0","63.0","61.0","114.0","experiment","4","even","278795.9628999997","-810.0","-290.0","NA","4502.37930000003","4502.87759999992","65907.66559999975","82715.88019999945","312139.3439999992","82764.2911999992","312139.3962000002","64972.35249999903","NA","312011.93369999964","299070.7947999999","278784.7743999992","82764.32349999959","312139.08359999914","65901.37110000069","299067.2063000002","Experiment","0","0","0","7","1920","geprüft.","53","25","175"
"<AN>Frauen</AN>","C2","<RN>Studenten</RN>","undefined","undefined","True","53","4","<AN>Frauen</AN>","132","-201.0","-69.0","61.0","114.0","undefined","undefined","#232323","1620","psycho","True","geprüft","psycho","psycho","undefined","undefined","undefined","0","0","0","0","0","48","0","48","0","0","48","48","48","0","48","0","50","-810.0","-270.5","5","1182.0","99.58102890490743","Tue Jul 28 13:53:00 2026","The main experiment item","False","Auf einer öffentlichen Veranstaltung werden aktuelle wohnungs- und gesellschaftspolitische Themen diskutiert. Die <RN>Aktivisten</RN> fordern mehr bezahlbaren Wohnraum in Stuttgart für alle und diskutieren faire Lösungsansätze, doch diese <AN>Frauen</AN> sehen die Verantwortung stärker beim Bund. Die Auswirkungen der Entscheidung werden noch geprüft.","experiment.osexp","D:\ET_course_project_gender-bias\experiment","False","mono","False","39","no","white","no","yes","1080","1","space","psycho","178.0","3.0","117","2","48","48","D:\ET_course_project_gender-bias\experiment\subject-4.csv","150","psycho","an_found","Neonatal Nightingale","4.1.14","572.0","178.0","2","0","space","NA","space","space","space","12940.411300000036","NA","16807.517200000802","12940.411300000036","True","53","2","<RN>Aktivisten</RN>","228","261.0","489.0","-173.0","-120.0","2","psycho","4","Auf einer öffentlichen Veranstaltung werden aktuelle wohnungs- und gesellschaftspolitische Themen diskutiert. Die <RN>Aktivist*innen</RN> fordern mehr bezahlbaren Wohnraum in Stuttgart für alle und diskutieren faire Lösungsansätze, doch diese <AN>Frauen</AN> sehen die Verantwortung stärker beim Bund. Die Auswirkungen der Entscheidung werden noch geprüft.","Bei einer Podiumsdiskussion an der Universität wird über aktuelle gesellschaftliche Themen gesprochen. Die <RN>Studenten</RN> müssten wieder stärker leistungsorientiert gefördert werden, doch die Mehrheit dieser dort teilnehmenden <AN>Frauen</AN> kritisiert die neuen Anforderungen. Die weitere Entwicklung bleibt Gegenstand öffentlicher Debatten.","1","1024","2","48000","-16","53","4","132","-69.0","63.0","61.0","114.0","experiment","4","even","278795.9628999997","-810.0","-290.0","NA","4502.37930000003","4502.87759999992","65907.66559999975","82715.88019999945","312166.71510000015","82764.2911999992","312166.75810000015","64972.35249999903","NA","312011.93369999964","299070.7947999999","278784.7743999992","82764.32349999959","312166.56189999956","65901.37110000069","299067.2063000002","Experiment","0","0","0","7","1920","geprüft.","53","25","175"
"<AN>Frauen</AN>","C6","<RN>Unternehmer*innen</RN>","undefined","undefined","True","53","4","<AN>Frauen</AN>","132","-201.0","-69.0","61.0","114.0","undefined","undefined","#232323","1620","psycho","True","geprüft","psycho","psycho","undefined","undefined","undefined","0","0","0","0","0","49","0","49","0","0","49","49","49","0","49","0","50","-810.0","-270.5","5","1182.0","99.58102890490743","Tue Jul 28 13:53:00 2026","The main experiment item","False","Auf einer öffentlichen Veranstaltung werden aktuelle wohnungs- und gesellschaftspolitische Themen diskutiert. Die <RN>Aktivisten</RN> fordern mehr bezahlbaren Wohnraum in Stuttgart für alle und diskutieren faire Lösungsansätze, doch diese <AN>Frauen</AN> sehen die Verantwortung stärker beim Bund. Die Auswirkungen der Entscheidung werden noch geprüft.","experiment.osexp","D:\ET_course_project_gender-bias\experiment","False","mono","False","39","no","white","no","yes","1080","4","space","psycho","178.0","3.0","117","3","49","49","D:\ET_course_project_gender-bias\experiment\subject-4.csv","150","psycho","an_found","Neonatal Nightingale","4.1.14","572.0","178.0","2","0","space","NA","space","space","space","12940.411300000036","NA","16807.517200000802","12940.411300000036","True","53","2","<RN>Aktivisten</RN>","228","261.0","489.0","-173.0","-120.0","2","psycho","4","Auf einer öffentlichen Veranstaltung werden aktuelle wohnungs- und gesellschaftspolitische Themen diskutiert. Die <RN>Aktivist*innen</RN> fordern mehr bezahlbaren Wohnraum in Stuttgart für alle und diskutieren faire Lösungsansätze, doch diese <AN>Frauen</AN> sehen die Verantwortung stärker beim Bund. Die Auswirkungen der Entscheidung werden noch geprüft.","Bei einem Networking-Event stehen wirtschaftspolitische und gesellschaftliche Fragestellungen im Mittelpunkt der Diskussion. Die <RN>Unternehmer</RN> brauchen weniger bürokratische Hürden und sprechen über Verbesserungen, doch diese <AN>Männer</AN> fordern weitere steuerliche Entlastungen. Die Folgen dieser Positionen bleiben umstritten.","1","1024","2","48000","-16","53","4","132","-69.0","63.0","61.0","114.0","experiment","4","even","278795.9628999997","-810.0","-290.0","NA","4502.37930000003","4502.87759999992","65907.66559999975","82715.88019999945","312192.5596000001","82764.2911999992","312192.5943000006","64972.35249999903","NA","312011.93369999964","299070.7947999999","278784.7743999992","82764.32349999959","312192.47560000076","65901.37110000069","299067.2063000002","Experiment","0","0","0","7","1920","geprüft.","53","25","175"
"<AN>Frauen</AN>","C2","<RN>Polizisten</RN>","undefined","undefined","True","53","4","<AN>Frauen</AN>","132","-201.0","-69.0","61.0","114.0","undefined","undefined","#232323","1620","psycho","True","geprüft","psycho","psycho","undefined","undefined","undefined","0","0","0","0","0","50","0","50","0","0","50","50","50","0","50","0","50","-810.0","-270.5","5","1182.0","99.58102890490743","Tue Jul 28 13:53:00 2026","The main experiment item","False","Auf einer öffentlichen Veranstaltung werden aktuelle wohnungs- und gesellschaftspolitische Themen diskutiert. Die <RN>Aktivisten</RN> fordern mehr bezahlbaren Wohnraum in Stuttgart für alle und diskutieren faire Lösungsansätze, doch diese <AN>Frauen</AN> sehen die Verantwortung stärker beim Bund. Die Auswirkungen der Entscheidung werden noch geprüft.","experiment.osexp","D:\ET_course_project_gender-bias\experiment","False","mono","False","39","no","white","no","yes","1080","18","space","psycho","178.0","3.0","117","3","50","50","D:\ET_course_project_gender-bias\experiment\subject-4.csv","150","psycho","an_found","Neonatal Nightingale","4.1.14","572.0","178.0","2","0","space","NA","space","space","space","12940.411300000036","NA","16807.517200000802","12940.411300000036","True","53","2","<RN>Aktivisten</RN>","228","261.0","489.0","-173.0","-120.0","2","psycho","4","Auf einer öffentlichen Veranstaltung werden aktuelle wohnungs- und gesellschaftspolitische Themen diskutiert. Die <RN>Aktivist*innen</RN> fordern mehr bezahlbaren Wohnraum in Stuttgart für alle und diskutieren faire Lösungsansätze, doch diese <AN>Frauen</AN> sehen die Verantwortung stärker beim Bund. Die Auswirkungen der Entscheidung werden noch geprüft.","Bei einer öffentlichen Sitzung im Rathaus wird über neue Verkehrsregelungen gesprochen. Die <RN>Polizistinnen</RN> diskutieren laut über mehr Sicherheit im Straßenverkehr und setzen sich für strengere Kontrollen ein, doch diese <AN>Männer</AN> lehnen die Vorschläge ab. Die nächsten Maßnahmen werden derzeit kontrovers verhandelt.","1","1024","2","48000","-16","53","4","132","-69.0","63.0","61.0","114.0","experiment","4","even","278795.9628999997","-810.0","-290.0","NA","4502.37930000003","4502.87759999992","65907.66559999975","82715.88019999945","312219.6738000002","82764.2911999992","312219.7114999999","64972.35249999903","NA","312011.93369999964","299070.7947999999","278784.7743999992","82764.32349999959","312219.5173","65901.37110000069","299067.2063000002","Experiment","0","0","0","7","1920","geprüft.","53","25","175"
"<AN>Frauen</AN>","C2","<RN>Dozenten</RN>","undefined","undefined","True","53","4","<AN>Frauen</AN>","132","-201.0","-69.0","61.0","114.0","undefined","undefined","#232323","1620","psycho","True","geprüft","psycho","psycho","undefined","undefined","undefined","0","0","0","0","0","51","0","51","0","0","51","51","51","0","51","0","50","-810.0","-270.5","5","1182.0","99.58102890490743","Tue Jul 28 13:53:00 2026","The main experiment item","False","Auf einer öffentlichen Veranstaltung werden aktuelle wohnungs- und gesellschaftspolitische Themen diskutiert. Die <RN>Aktivisten</RN> fordern mehr bezahlbaren Wohnraum in Stuttgart für alle und diskutieren faire Lösungsansätze, doch diese <AN>Frauen</AN> sehen die Verantwortung stärker beim Bund. Die Auswirkungen der Entscheidung werden noch geprüft.","experiment.osexp","D:\ET_course_project_gender-bias\experiment","False","mono","False","39","no","white","no","yes","1080","9","space","psycho","178.0","3.0","117","6","51","51","D:\ET_course_project_gender-bias\experiment\subject-4.csv","150","psycho","an_found","Neonatal Nightingale","4.1.14","572.0","178.0","2","0","space","NA","space","space","space","12940.411300000036","NA","16807.517200000802","12940.411300000036","True","53","2","<RN>Aktivisten</RN>","228","261.0","489.0","-173.0","-120.0","2","psycho","4","Auf einer öffentlichen Veranstaltung werden aktuelle wohnungs- und gesellschaftspolitische Themen diskutiert. Die <RN>Aktivist*innen</RN> fordern mehr bezahlbaren Wohnraum in Stuttgart für alle und diskutieren faire Lösungsansätze, doch diese <AN>Frauen</AN> sehen die Verantwortung stärker beim Bund. Die Auswirkungen der Entscheidung werden noch geprüft.","Auf einer schulischen Tagung werden aktuelle Kontroversen rund um Vorlesungsführung und Leistungsbewertung diskutiert. Die <RN>Dozent*innen</RN> fordern erhöhte Leistungsorientierung und strengere Notenvergabe im Lehrplan, doch diese <AN>Männer</AN> stoßen dabei auf Gegendruck von Eltern. Die Debatte über das Thema hält weiter an.","1","1024","2","48000","-16","53","4","132","-69.0","63.0","61.0","114.0","experiment","4","even","278795.9628999997","-810.0","-290.0","NA","4502.37930000003","4502.87759999992","65907.66559999975","82715.88019999945","312246.3953999995","82764.2911999992","312246.44439999975","64972.35249999903","NA","312011.93369999964","299070.7947999999","278784.7743999992","82764.32349999959","312246.1784999996","65901.37110000069","299067.2063000002","Experiment","0","0","0","7","1920","geprüft.","53","25","175"
"<AN>Frauen</AN>","C2","<RN>Krankenpfleger</RN>","undefined","undefined","True","53","4","<AN>Frauen</AN>","132","-201.0","-69.0","61.0","114.0","undefined","undefined","#232323","1620","psycho","True","geprüft","psycho","psycho","undefined","undefined","undefined","0","0","0","0","0","52","0","52","0","0","52","52","52","0","52","0","50","-810.0","-270.5","5","1182.0","99.58102890490743","Tue Jul 28 13:53:00 2026","The main experiment item","False","Auf einer öffentlichen Veranstaltung werden aktuelle wohnungs- und gesellschaftspolitische Themen diskutiert. Die <RN>Aktivisten</RN> fordern mehr bezahlbaren Wohnraum in Stuttgart für alle und diskutieren faire Lösungsansätze, doch diese <AN>Frauen</AN> sehen die Verantwortung stärker beim Bund. Die Auswirkungen der Entscheidung werden noch geprüft.","experiment.osexp","D:\ET_course_project_gender-bias\experiment","False","mono","False","39","no","white","no","yes","1080","16","space","psycho","178.0","3.0","117","5","52","52","D:\ET_course_project_gender-bias\experiment\subject-4.csv","150","psycho","an_found","Neonatal Nightingale","4.1.14","572.0","178.0","2","0","space","NA","space","space","space","12940.411300000036","NA","16807.517200000802","12940.411300000036","True","53","2","<RN>Aktivisten</RN>","228","261.0","489.0","-173.0","-120.0","2","psycho","4","Auf einer öffentlichen Veranstaltung werden aktuelle wohnungs- und gesellschaftspolitische Themen diskutiert. Die <RN>Aktivist*innen</RN> fordern mehr bezahlbaren Wohnraum in Stuttgart für alle und diskutieren faire Lösungsansätze, doch diese <AN>Frauen</AN> sehen die Verantwortung stärker beim Bund. Die Auswirkungen der Entscheidung werden noch geprüft.","Bei einer Informationsveranstaltung im Krankenhaus wird über aktuelle Impfreformen und deren Auswirkungen gesprochen. Die <RN>Krankenschwestern</RN> diskutieren über Langzeitfolgen von Corona und setzen sich für mehr Unterstützung ein, doch diese <AN>Männer</AN> lehnen die Vorschläge ab. Die nächsten Schritte werden derzeit kontrovers diskutiert.","1","1024","2","48000","-16","53","4","132","-69.0","63.0","61.0","114.0","experiment","4","even","278795.9628999997","-810.0","-290.0","NA","4502.37930000003","4502.87759999992","65907.66559999975","82715.88019999945","312272.1584999999","82764.2911999992","312272.2016000007","64972.35249999903","NA","312011.93369999964","299070.7947999999","278784.7743999992","82764.32349999959","312271.9677999994","65901.37110000069","299067.2063000002","Experiment","0","0","0","7","1920","geprüft.","53","25","175"
"<AN>Männer</AN>","C1","<RN>Experten</RN>","undefined","undefined","True","53","4","<AN>Frauen</AN>","132","-201.0","-69.0","61.0","114.0","undefined","undefined","#232323","1620","psycho","True","geprüft","psycho","psycho","undefined","undefined","undefined","0","0","0","0","0","53","0","53","0","0","53","53","53","0","53","0","50","-810.0","-270.5","5","1182.0","99.58102890490743","Tue Jul 28 13:53:00 2026","The main experiment item","False","Auf einer öffentlichen Veranstaltung werden aktuelle wohnungs- und gesellschaftspolitische Themen diskutiert. Die <RN>Aktivisten</RN> fordern mehr bezahlbaren Wohnraum in Stuttgart für alle und diskutieren faire Lösungsansätze, doch diese <AN>Frauen</AN> sehen die Verantwortung stärker beim Bund. Die Auswirkungen der Entscheidung werden noch geprüft.","experiment.osexp","D:\ET_course_project_gender-bias\experiment","False","mono","False","39","no","white","no","yes","1080","14","space","psycho","178.0","3.0","117","6","53","53","D:\ET_course_project_gender-bias\experiment\subject-4.csv","150","psycho","an_found","Neonatal Nightingale","4.1.14","572.0","178.0","2","0","space","NA","space","space","space","12940.411300000036","NA","16807.517200000802","12940.411300000036","True","53","2","<RN>Aktivisten</RN>","228","261.0","489.0","-173.0","-120.0","2","psycho","4","Auf einer öffentlichen Veranstaltung werden aktuelle wohnungs- und gesellschaftspolitische Themen diskutiert. Die <RN>Aktivist*innen</RN> fordern mehr bezahlbaren Wohnraum in Stuttgart für alle und diskutieren faire Lösungsansätze, doch diese <AN>Frauen</AN> sehen die Verantwortung stärker beim Bund. Die Auswirkungen der Entscheidung werden noch geprüft.","Auf einer öffentlichen Veranstaltung stehen Investitionen und langfristige gesellschaftliche Entwicklungen zur Diskussion. Die <RN>Fachfrauen</RN> unterstützen höhere Investitionen und langfristige Entwicklungen, doch diese <AN>Männer</AN> kritisieren die Umsetzung. Die politischen Folgen werden unterschiedlich bewertet.","1","1024","2","48000","-16","53","4","132","-69.0","63.0","61.0","114.0","experiment","4","even","278795.9628999997","-810.0","-290.0","NA","4502.37930000003","4502.87759999992","65907.66559999975","82715.88019999945","312543.6915999999","82764.2911999992","312543.7485000002","64972.35249999903","NA","312011.93369999964","299070.7947999999","278784.7743999992","82764.32349999959","312543.4605999999","65901.37110000069","299067.2063000002","Experiment","0","0","0","7","1920","geprüft.","53","25","175"
"<AN>Frauen</AN>","C2","<RN>Unternehmer</RN>","undefined","undefined","True","53","4","<AN>Frauen</AN>","132","-201.0","-69.0","61.0","114.0","undefined","undefined","#232323","1620","psycho","True","geprüft","psycho","psycho","undefined","undefined","undefined","0","0","0","0","0","54","0","54","0","0","54","54","54","0","54","0","50","-810.0","-270.5","5","1182.0","99.58102890490743","Tue Jul 28 13:53:00 2026","The main experiment item","False","Auf einer öffentlichen Veranstaltung werden aktuelle wohnungs- und gesellschaftspolitische Themen diskutiert. Die <RN>Aktivisten</RN> fordern mehr bezahlbaren Wohnraum in Stuttgart für alle und diskutieren faire Lösungsansätze, doch diese <AN>Frauen</AN> sehen die Verantwortung stärker beim Bund. Die Auswirkungen der Entscheidung werden noch geprüft.","experiment.osexp","D:\ET_course_project_gender-bias\experiment","False","mono","False","39","no","white","no","yes","1080","4","space","psycho","178.0","3.0","117","5","54","54","D:\ET_course_project_gender-bias\experiment\subject-4.csv","150","psycho","an_found","Neonatal Nightingale","4.1.14","572.0","178.0","2","0","space","NA","space","space","space","12940.411300000036","NA","16807.517200000802","12940.411300000036","True","53","2","<RN>Aktivisten</RN>","228","261.0","489.0","-173.0","-120.0","2","psycho","4","Auf einer öffentlichen Veranstaltung werden aktuelle wohnungs- und gesellschaftspolitische Themen diskutiert. Die <RN>Aktivist*innen</RN> fordern mehr bezahlbaren Wohnraum in Stuttgart für alle und diskutieren faire Lösungsansätze, doch diese <AN>Frauen</AN> sehen die Verantwortung stärker beim Bund. Die Auswirkungen der Entscheidung werden noch geprüft.","Bei einem Networking-Event stehen wirtschaftspolitische und gesellschaftliche Fragestellungen im Mittelpunkt der Diskussion. Die <RN>Unternehmer</RN> brauchen weniger bürokratische Hürden und sprechen über Verbesserungen, doch diese <AN>Männer</AN> fordern weitere steuerliche Entlastungen. Die Folgen dieser Positionen bleiben umstritten.","1","1024","2","48000","-16","53","4","132","-69.0","63.0","61.0","114.0","experiment","4","even","278795.9628999997","-810.0","-290.0","NA","4502.37930000003","4502.87759999992","65907.66559999975","82715.88019999945","312569.66020000074","82764.2911999992","312569.7115999992","64972.35249999903","NA","312011.93369999964","299070.7947999999","278784.7743999992","82764.32349999959","312569.4210999991","65901.37110000069","299067.2063000002","Experiment","0","0","0","7","1920","geprüft.","53","25","175"
"<AN>Männer</AN>","C5","<RN>Polizist*innen</RN>","undefined","undefined","True","53","4","<AN>Frauen</AN>","132","-201.0","-69.0","61.0","114.0","undefined","undefined","#232323","1620","psycho","True","geprüft","psycho","psycho","undefined","undefined","undefined","0","0","0","0","0","55","0","55","0","0","55","55","55","0","55","0","50","-810.0","-270.5","5","1182.0","99.58102890490743","Tue Jul 28 13:53:00 2026","The main experiment item","False","Auf einer öffentlichen Veranstaltung werden aktuelle wohnungs- und gesellschaftspolitische Themen diskutiert. Die <RN>Aktivisten</RN> fordern mehr bezahlbaren Wohnraum in Stuttgart für alle und diskutieren faire Lösungsansätze, doch diese <AN>Frauen</AN> sehen die Verantwortung stärker beim Bund. Die Auswirkungen der Entscheidung werden noch geprüft.","experiment.osexp","D:\ET_course_project_gender-bias\experiment","False","mono","False","39","no","white","no","yes","1080","18","space","psycho","178.0","3.0","117","6","55","55","D:\ET_course_project_gender-bias\experiment\subject-4.csv","150","psycho","an_found","Neonatal Nightingale","4.1.14","572.0","178.0","2","0","space","NA","space","space","space","12940.411300000036","NA","16807.517200000802","12940.411300000036","True","53","2","<RN>Aktivisten</RN>","228","261.0","489.0","-173.0","-120.0","2","psycho","4","Auf einer öffentlichen Veranstaltung werden aktuelle wohnungs- und gesellschaftspolitische Themen diskutiert. Die <RN>Aktivist*innen</RN> fordern mehr bezahlbaren Wohnraum in Stuttgart für alle und diskutieren faire Lösungsansätze, doch diese <AN>Frauen</AN> sehen die Verantwortung stärker beim Bund. Die Auswirkungen der Entscheidung werden noch geprüft.","Bei einer öffentlichen Sitzung im Rathaus wird über neue Verkehrsregelungen gesprochen. Die <RN>Polizistinnen</RN> diskutieren laut über mehr Sicherheit im Straßenverkehr und setzen sich für strengere Kontrollen ein, doch diese <AN>Männer</AN> lehnen die Vorschläge ab. Die nächsten Maßnahmen werden derzeit kontrovers verhandelt.","1","1024","2","48000","-16","53","4","132","-69.0","63.0","61.0","114.0","experiment","4","even","278795.9628999997","-810.0","-290.0","NA","4502.37930000003","4502.87759999992","65907.66559999975","82715.88019999945","312604.68650000077","82764.2911999992","312604.7269999999","64972.35249999903","NA","312011.93369999964","299070.7947999999","278784.7743999992","82764.32349999959","312604.5257000005","65901.37110000069","299067.2063000002","Experiment","0","0","0","7","1920","geprüft.","53","25","175"
"<AN>Männern</AN>","C1","<RN>Einwohner</RN>","undefined","undefined","True","53","4","<AN>Frauen</AN>","132","-201.0","-69.0","61.0","114.0","undefined","undefined","#232323","1620","psycho","True","geprüft","psycho","psycho","undefined","undefined","undefined","0","0","0","0","0","56","0","56","0","0","56","56","56","0","56","0","50","-810.0","-270.5","5","1182.0","99.58102890490743","Tue Jul 28 13:53:00 2026","The main experiment item","False","Auf einer öffentlichen Veranstaltung werden aktuelle wohnungs- und gesellschaftspolitische Themen diskutiert. Die <RN>Aktivisten</RN> fordern mehr bezahlbaren Wohnraum in Stuttgart für alle und diskutieren faire Lösungsansätze, doch diese <AN>Frauen</AN> sehen die Verantwortung stärker beim Bund. Die Auswirkungen der Entscheidung werden noch geprüft.","experiment.osexp","D:\ET_course_project_gender-bias\experiment","False","mono","False","39","no","white","no","yes","1080","13","space","psycho","178.0","3.0","117","1","56","56","D:\ET_course_project_gender-bias\experiment\subject-4.csv","150","psycho","an_found","Neonatal Nightingale","4.1.14","572.0","178.0","2","0","space","NA","space","space","space","12940.411300000036","NA","16807.517200000802","12940.411300000036","True","53","2","<RN>Aktivisten</RN>","228","261.0","489.0","-173.0","-120.0","2","psycho","4","Auf einer öffentlichen Veranstaltung werden aktuelle wohnungs- und gesellschaftspolitische Themen diskutiert. Die <RN>Aktivist*innen</RN> fordern mehr bezahlbaren Wohnraum in Stuttgart für alle und diskutieren faire Lösungsansätze, doch diese <AN>Frauen</AN> sehen die Verantwortung stärker beim Bund. Die Auswirkungen der Entscheidung werden noch geprüft.","Im Rahmen einer öffentlichen Veranstaltung wird über Sicherheit, gesellschaftlichen Zusammenhalt und politische Reformen gesprochen. Die <RN>Bürgerinnen</RN> wünschen sich mehr Sicherheit und verlässliche Perspektiven, doch diese Gruppe von <AN>Frauen</AN> sieht Reformbedarf im System. Die weitere Entwicklung bleibt Gegenstand öffentlicher Debatten.","1","1024","2","48000","-16","53","4","132","-69.0","63.0","61.0","114.0","experiment","4","even","278795.9628999997","-810.0","-290.0","NA","4502.37930000003","4502.87759999992","65907.66559999975","82715.88019999945","312633.1071999994","82764.2911999992","312633.15669999976","64972.35249999903","NA","312011.93369999964","299070.7947999999","278784.7743999992","82764.32349999959","312632.9241000003","65901.37110000069","299067.2063000002","Experiment","0","0","0","7","1920","geprüft.","53","25","175"
"<AN>Männer</AN>","C5","<RN>Ingenieur*innen</RN>","undefined","undefined","True","53","4","<AN>Frauen</AN>","132","-201.0","-69.0","61.0","114.0","undefined","undefined","#232323","1620","psycho","True","geprüft","psycho","psycho","undefined","undefined","undefined","0","0","0","0","0","57","0","57","0","0","57","57","57","0","57","0","50","-810.0","-270.5","5","1182.0","99.58102890490743","Tue Jul 28 13:53:00 2026","The main experiment item","False","Auf einer öffentlichen Veranstaltung werden aktuelle wohnungs- und gesellschaftspolitische Themen diskutiert. Die <RN>Aktivisten</RN> fordern mehr bezahlbaren Wohnraum in Stuttgart für alle und diskutieren faire Lösungsansätze, doch diese <AN>Frauen</AN> sehen die Verantwortung stärker beim Bund. Die Auswirkungen der Entscheidung werden noch geprüft.","experiment.osexp","D:\ET_course_project_gender-bias\experiment","False","mono","False","39","no","white","no","yes","1080","17","space","psycho","178.0","3.0","117","1","57","57","D:\ET_course_project_gender-bias\experiment\subject-4.csv","150","psycho","an_found","Neonatal Nightingale","4.1.14","572.0","178.0","2","0","space","NA","space","space","space","12940.411300000036","NA","16807.517200000802","12940.411300000036","True","53","2","<RN>Aktivisten</RN>","228","261.0","489.0","-173.0","-120.0","2","psycho","4","Auf einer öffentlichen Veranstaltung werden aktuelle wohnungs- und gesellschaftspolitische Themen diskutiert. Die <RN>Aktivist*innen</RN> fordern mehr bezahlbaren Wohnraum in Stuttgart für alle und diskutieren faire Lösungsansätze, doch diese <AN>Frauen</AN> sehen die Verantwortung stärker beim Bund. Die Auswirkungen der Entscheidung werden noch geprüft.","Im Rahmen einer städtischen Planungsrunde wird über die zukünftige Mobilität und den Ausbau des Nahverkehrs diskutiert. Die <RN>Ingenieurinnen</RN> diskutieren über nachhaltige Verkehrskonzepte und setzen sich für den ÖPNV ein, doch diese <AN>Männer</AN> lehnen die Vorschläge ab. Die nächsten Schritte werden derzeit kontrovers diskutiert.","1","1024","2","48000","-16","53","4","132","-69.0","63.0","61.0","114.0","experiment","4","even","278795.9628999997","-810.0","-290.0","NA","4502.37930000003","4502.87759999992","65907.66559999975","82715.88019999945","312658.19019999984","82764.2911999992","312658.22549999936","64972.35249999903","NA","312011.93369999964","299070.7947999999","278784.7743999992","82764.32349999959","312658.1062000005","65901.37110000069","299067.2063000002","Experiment","0","0","0","7","1920","geprüft.","53","25","175"
"<AN>Männer</AN>","C1","<RN>Ingenieure</RN>","undefined","undefined","True","53","4","<AN>Frauen</AN>","132","-201.0","-69.0","61.0","114.0","undefined","undefined","#232323","1620","psycho","True","geprüft","psycho","psycho","undefined","undefined","undefined","0","0","0","0","0","58","0","58","0","0","58","58","58","0","58","0","50","-810.0","-270.5","5","1182.0","99.58102890490743","Tue Jul 28 13:53:00 2026","The main experiment item","False","Auf einer öffentlichen Veranstaltung werden aktuelle wohnungs- und gesellschaftspolitische Themen diskutiert. Die <RN>Aktivisten</RN> fordern mehr bezahlbaren Wohnraum in Stuttgart für alle und diskutieren faire Lösungsansätze, doch diese <AN>Frauen</AN> sehen die Verantwortung stärker beim Bund. Die Auswirkungen der Entscheidung werden noch geprüft.","experiment.osexp","D:\ET_course_project_gender-bias\experiment","False","mono","False","39","no","white","no","yes","1080","17","space","psycho","178.0","3.0","117","3","58","58","D:\ET_course_project_gender-bias\experiment\subject-4.csv","150","psycho","an_found","Neonatal Nightingale","4.1.14","572.0","178.0","2","0","space","NA","space","space","space","12940.411300000036","NA","16807.517200000802","12940.411300000036","True","53","2","<RN>Aktivisten</RN>","228","261.0","489.0","-173.0","-120.0","2","psycho","4","Auf einer öffentlichen Veranstaltung werden aktuelle wohnungs- und gesellschaftspolitische Themen diskutiert. Die <RN>Aktivist*innen</RN> fordern mehr bezahlbaren Wohnraum in Stuttgart für alle und diskutieren faire Lösungsansätze, doch diese <AN>Frauen</AN> sehen die Verantwortung stärker beim Bund. Die Auswirkungen der Entscheidung werden noch geprüft.","Im Rahmen einer städtischen Planungsrunde wird über die zukünftige Mobilität und den Ausbau des Nahverkehrs diskutiert. Die <RN>Ingenieurinnen</RN> diskutieren über Verkehrskonzepte und setzen sich für den Ausbau des ÖPNV ein, doch diese <AN>Männer</AN> lehnen die Vorschläge ab. Die nächsten Schritte werden derzeit kontrovers diskutiert.","1","1024","2","48000","-16","53","4","132","-69.0","63.0","61.0","114.0","experiment","4","even","278795.9628999997","-810.0","-290.0","NA","4502.37930000003","4502.87759999992","65907.66559999975","82715.88019999945","312684.51249999995","82764.2911999992","312684.54890000063","64972.35249999903","NA","312011.93369999964","299070.7947999999","278784.7743999992","82764.32349999959","312684.4232000003","65901.37110000069","299067.2063000002","Experiment","0","0","0","7","1920","geprüft.","53","25","175"
"<AN>Männer</AN>","C1","<RN>Polizisten</RN>","undefined","undefined","True","53","4","<AN>Frauen</AN>","132","-201.0","-69.0","61.0","114.0","undefined","undefined","#232323","1620","psycho","True","geprüft","psycho","psycho","undefined","undefined","undefined","0","0","0","0","0","59","0","59","0","0","59","59","59","0","59","0","50","-810.0","-270.5","5","1182.0","99.58102890490743","Tue Jul 28 13:53:00 2026","The main experiment item","False","Auf einer öffentlichen Veranstaltung werden aktuelle wohnungs- und gesellschaftspolitische Themen diskutiert. Die <RN>Aktivisten</RN> fordern mehr bezahlbaren Wohnraum in Stuttgart für alle und diskutieren faire Lösungsansätze, doch diese <AN>Frauen</AN> sehen die Verantwortung stärker beim Bund. Die Auswirkungen der Entscheidung werden noch geprüft.","experiment.osexp","D:\ET_course_project_gender-bias\experiment","False","mono","False","39","no","white","no","yes","1080","18","space","psycho","178.0","3.0","117","2","59","59","D:\ET_course_project_gender-bias\experiment\subject-4.csv","150","psycho","an_found","Neonatal Nightingale","4.1.14","572.0","178.0","2","0","space","NA","space","space","space","12940.411300000036","NA","16807.517200000802","12940.411300000036","True","53","2","<RN>Aktivisten</RN>","228","261.0","489.0","-173.0","-120.0","2","psycho","4","Auf einer öffentlichen Veranstaltung werden aktuelle wohnungs- und gesellschaftspolitische Themen diskutiert. Die <RN>Aktivist*innen</RN> fordern mehr bezahlbaren Wohnraum in Stuttgart für alle und diskutieren faire Lösungsansätze, doch diese <AN>Frauen</AN> sehen die Verantwortung stärker beim Bund. Die Auswirkungen der Entscheidung werden noch geprüft.","Bei einer öffentlichen Sitzung im Rathaus wird über neue Verkehrsregelungen gesprochen. Die <RN>Polizistinnen</RN> diskutieren laut über mehr Sicherheit im Straßenverkehr und setzen sich für strengere Kontrollen ein, doch diese <AN>Männer</AN> lehnen die Vorschläge ab. Die nächsten Maßnahmen werden derzeit kontrovers verhandelt.","1","1024","2","48000","-16","53","4","132","-69.0","63.0","61.0","114.0","experiment","4","even","278795.9628999997","-810.0","-290.0","NA","4502.37930000003","4502.87759999992","65907.66559999975","82715.88019999945","312711.73189999897","82764.2911999992","312711.7808000003","64972.35249999903","NA","312011.93369999964","299070.7947999999","278784.7743999992","82764.32349999959","312711.5157999997","65901.37110000069","299067.2063000002","Experiment","0","0","0","7","1920","geprüft.","53","25","175"
"<AN>Männer</AN>","C1","<RN>Krankenpfleger</RN>","undefined","undefined","True","53","4","<AN>Männer</AN>","135","-131.0","4.0","61.0","114.0","undefined","undefined","#232323","1620","psycho","True","diskutiert","psycho","psycho","undefined","undefined","undefined","0","0","0","0","0","60","0","60","0","0","60","60","60","0","60","0","50","-810.0","-270.5","5","1003.0","99.50955567783426","Tue Jul 28 13:53:00 2026","The main experiment item","False","Bei einer Informationsveranstaltung im Krankenhaus wird über aktuelle Impfreformen und deren Auswirkungen gesprochen. Die <RN>Krankenpfleger</RN> diskutieren über Langzeitfolgen von Corona und setzen sich für mehr Unterstützung ein, doch diese <AN>Männer</AN> lehnen die Vorschläge ab. Die nächsten Schritte werden derzeit kontrovers diskutiert.","experiment.osexp","D:\ET_course_project_gender-bias\experiment","False","mono","False","39","no","white","no","yes","1080","16","space","psycho","178.0","3.0","117","4","60","60","D:\ET_course_project_gender-bias\experiment\subject-4.csv","150","psycho","an_found","Neonatal Nightingale","4.1.14","461.0","178.0","2","0","space","NA","space","space","space","10836.596199998865","NA","16807.517200000802","10836.596199998865","True","53","2","<RN>Krankenpfleger</RN>","317","370.0","687.0","-173.0","-120.0","2","psycho","4","Bei einer Informationsveranstaltung im Krankenhaus wird über aktuelle Impfreformen und deren Auswirkungen gesprochen. Die <RN>Krankenschwestern</RN> diskutieren über Langzeitfolgen von Corona und setzen sich für mehr Unterstützung ein, doch diese <AN>Männer</AN> lehnen die Vorschläge ab. Die nächsten Schritte werden derzeit kontrovers diskutiert.","Bei einer Informationsveranstaltung im Krankenhaus wird über aktuelle Impfreformen und deren Auswirkungen gesprochen. Die <RN>Krankenschwestern</RN> diskutieren über Langzeitfolgen von Corona und setzen sich für mehr Unterstützung ein, doch diese <AN>Männer</AN> lehnen die Vorschläge ab. Die nächsten Schritte werden derzeit kontrovers diskutiert.","0","1024","2","48000","-16","53","4","135","4.0","139.0","61.0","114.0","experiment","4","even","312748.8616999999","-810.0","-290.0","NA","4502.37930000003","4502.87759999992","65907.66559999975","82715.88019999945","312738.2479999997","82764.2911999992","347481.1286999993","64972.35249999903","NA","347436.2373999993","336598.59300000063","312738.2796000002","82764.32349999959","312738.05329999956","65901.37110000069","336595.34189999977","Experiment","0","0","0","8","1920","diskutiert.","53","25","243"
"<AN>Männer</AN>","C1","<RN>Pfleger</RN>","undefined","undefined","True","53","4","<AN>Männer</AN>","135","-131.0","4.0","61.0","114.0","undefined","undefined","#232323","1620","psycho","True","diskutiert","psycho","psycho","undefined","undefined","undefined","0","0","0","0","0","61","0","61","0","0","61","61","61","0","61","0","50","-810.0","-270.5","5","1003.0","99.50955567783426","Tue Jul 28 13:53:00 2026","The main experiment item","False","Bei einer Informationsveranstaltung im Krankenhaus wird über aktuelle Impfreformen und deren Auswirkungen gesprochen. Die <RN>Krankenpfleger</RN> diskutieren über Langzeitfolgen von Corona und setzen sich für mehr Unterstützung ein, doch diese <AN>Männer</AN> lehnen die Vorschläge ab. Die nächsten Schritte werden derzeit kontrovers diskutiert.","experiment.osexp","D:\ET_course_project_gender-bias\experiment","False","mono","False","39","no","white","no","yes","1080","2","space","psycho","178.0","3.0","117","6","61","61","D:\ET_course_project_gender-bias\experiment\subject-4.csv","150","psycho","an_found","Neonatal Nightingale","4.1.14","461.0","178.0","2","0","space","NA","space","space","space","10836.596199998865","NA","16807.517200000802","10836.596199998865","True","53","2","<RN>Krankenpfleger</RN>","317","370.0","687.0","-173.0","-120.0","2","psycho","4","Bei einer Informationsveranstaltung im Krankenhaus wird über aktuelle Impfreformen und deren Auswirkungen gesprochen. Die <RN>Krankenschwestern</RN> diskutieren über Langzeitfolgen von Corona und setzen sich für mehr Unterstützung ein, doch diese <AN>Männer</AN> lehnen die Vorschläge ab. Die nächsten Schritte werden derzeit kontrovers diskutiert.","Im Rahmen einer Gesprächsrunde im Gesundheitswesen wird derzeit über aktuelle gesellschaftliche Herausforderungen diskutiert. Die <RN>Pflegekräfte</RN> verdienen bessere Arbeitsbedingungen und benötigen langfristig mehr Unterstützung, doch diese <AN>Männer</AN> fühlen sich politisch nicht ausreichend unterstützt. Die nächsten Schritte werden derzeit kontrovers diskutiert.","1","1024","2","48000","-16","53","4","135","4.0","139.0","61.0","114.0","experiment","4","even","312748.8616999999","-810.0","-290.0","NA","4502.37930000003","4502.87759999992","65907.66559999975","82715.88019999945","347759.80490000074","82764.2911999992","347759.850299999","64972.35249999903","NA","347436.2373999993","336598.59300000063","312738.2796000002","82764.32349999959","347759.3206999991","65901.37110000069","336595.34189999977","Experiment","0","0","0","8","1920","diskutiert.","53","25","243"
"<AN>Frauen</AN>","C6","<RN>Ingenieur*innen</RN>","undefined","undefined","True","53","4","<AN>Frauen</AN>","132","-130.0","2.0","61.0","114.0","undefined","undefined","#232323","1620","psycho","True","gestritten","psycho","psycho","undefined","undefined","undefined","0","0","0","0","0","62","0","62","0","0","62","62","62","0","62","0","50","-810.0","-270.5","5","1137.0","76.38990620232491","Tue Jul 28 13:53:00 2026","The main experiment item","False","Auf einer wissenschaftlichen Konferenz zu technischen Zukunftsfragen werden derzeit aktuelle gesellschaftliche Themen erörtert. Die <RN>Ingenieur*innen</RN> kritisieren die Energiewende und stehen vor Herausforderungen, doch diese <AN>Frauen</AN> lehnen zusätzliche Investitionen ab. Über die Konsequenzen wird weiterhin intensiv gestritten.","experiment.osexp","D:\ET_course_project_gender-bias\experiment","False","mono","False","39","no","white","no","yes","1080","3","space","psycho","178.0","3.0","117","4","62","62","D:\ET_course_project_gender-bias\experiment\subject-4.csv","150","psycho","an_found","Neonatal Nightingale","4.1.14","596.0","178.0","2","0","space","NA","space","space","space","11860.781400000677","NA","16807.517200000802","11860.781400000677","True","53","3","<RN>Ingenieur*innen</RN>","339","-810.0","-471.0","-56.0","-3.0","2","psycho","4","Auf einer wissenschaftlichen Konferenz zu technischen Zukunftsfragen werden derzeit aktuelle gesellschaftliche Themen erörtert. Die <RN>Ingenieur*innen</RN> kritisieren die Energiewende und stehen vor Herausforderungen, doch diese <AN>Frauen</AN> lehnen zusätzliche Investitionen ab. Über die Konsequenzen wird weiterhin intensiv gestritten.","Auf einer wissenschaftlichen Konferenz zu technischen Zukunftsfragen werden derzeit aktuelle gesellschaftliche Themen erörtert. Die <RN>Ingenieur*innen</RN> kritisieren die Energiewende und stehen vor Herausforderungen, doch diese <AN>Frauen</AN> lehnen zusätzliche Investitionen ab. Über die Konsequenzen wird weiterhin intensiv gestritten.","0","1024","2","48000","-16","53","4","132","2.0","134.0","61.0","114.0","experiment","4","even","347797.8681999993","-810.0","-290.0","NA","4502.37930000003","4502.87759999992","65907.66559999975","82715.88019999945","347787.21910000057","82764.2911999992","383449.50939999946","64972.35249999903","NA","383403.7972999995","371542.4445999997","347787.2633999996","82764.32349999959","347786.65489999915","65901.37110000069","371539.17089999956","Experiment","0","0","0","9","1920","gestritten.","53","25","244"
"<AN>Frauen</AN>","C4","<RN>Studentinnen</RN>","undefined","undefined","True","53","4","<AN>Frauen</AN>","132","-378.0","-246.0","61.0","114.0","undefined","undefined","#232323","1620","psycho","True","Debatten","psycho","psycho","undefined","undefined","undefined","0","0","0","0","0","63","0","63","0","0","63","63","63","0","63","0","50","-810.0","-270.5","5","1167.0","84.33529060980348","Tue Jul 28 13:53:00 2026","The main experiment item","False","Bei einer Podiumsdiskussion an der Universität wird über aktuelle gesellschaftliche Themen gesprochen. Die <RN>Studentinnen</RN> müssten wieder stärker leistungsorientiert gefördert werden, doch die Mehrheit dieser dort teilnehmenden <AN>Frauen</AN> kritisiert die neuen Anforderungen. Die weitere Entwicklung bleibt Gegenstand öffentlicher Debatten.","experiment.osexp","D:\ET_course_project_gender-bias\experiment","False","mono","False","39","no","white","no","yes","1080","1","space","psycho","178.0","3.0","117","4","63","63","D:\ET_course_project_gender-bias\experiment\subject-4.csv","150","psycho","an_found","Neonatal Nightingale","4.1.14","579.0","178.0","2","0","space","NA","space","space","space","12108.919199999946","NA","16807.517200000802","12108.919199999946","True","53","2","<RN>Studentinnen</RN>","272","124.0","396.0","-173.0","-120.0","2","psycho","4","Bei einer Podiumsdiskussion an der Universität wird über aktuelle gesellschaftliche Themen gesprochen. Die <RN>Studenten</RN> müssten wieder stärker leistungsorientiert gefördert werden, doch die Mehrheit dieser dort teilnehmenden <AN>Frauen</AN> kritisiert die neuen Anforderungen. Die weitere Entwicklung bleibt Gegenstand öffentlicher Debatten.","Bei einer Podiumsdiskussion an der Universität wird über aktuelle gesellschaftliche Themen gesprochen. Die <RN>Studenten</RN> müssten wieder stärker leistungsorientiert gefördert werden, doch die Mehrheit dieser dort teilnehmenden <AN>Frauen</AN> kritisiert die neuen Anforderungen. Die weitere Entwicklung bleibt Gegenstand öffentlicher Debatten.","0","1024","2","48000","-16","53","4","132","-246.0","-114.0","61.0","114.0","experiment","4","even","383489.424899999","-810.0","-290.0","NA","4502.37930000003","4502.87759999992","65907.66559999975","82715.88019999945","383478.00760000065","82764.2911999992","422137.7169999996","64972.35249999903","NA","422091.9847999994","409982.3071999999","383478.059699999","82764.32349999959","383477.1994000003","65901.37110000069","409979.25059999945","Experiment","0","0","0","10","1920","Debatten.","53","25","197"
"<AN>Männer</AN>","C1","<RN>Ingenieure</RN>","undefined","undefined","True","53","4","<AN>Frauen</AN>","132","-378.0","-246.0","61.0","114.0","undefined","undefined","#232323","1620","psycho","True","Debatten","psycho","psycho","undefined","undefined","undefined","0","0","0","0","0","64","0","64","0","0","64","64","64","0","64","0","50","-810.0","-270.5","5","1167.0","84.33529060980348","Tue Jul 28 13:53:00 2026","The main experiment item","False","Bei einer Podiumsdiskussion an der Universität wird über aktuelle gesellschaftliche Themen gesprochen. Die <RN>Studentinnen</RN> müssten wieder stärker leistungsorientiert gefördert werden, doch die Mehrheit dieser dort teilnehmenden <AN>Frauen</AN> kritisiert die neuen Anforderungen. Die weitere Entwicklung bleibt Gegenstand öffentlicher Debatten.","experiment.osexp","D:\ET_course_project_gender-bias\experiment","False","mono","False","39","no","white","no","yes","1080","3","space","psycho","178.0","3.0","117","5","64","64","D:\ET_course_project_gender-bias\experiment\subject-4.csv","150","psycho","an_found","Neonatal Nightingale","4.1.14","579.0","178.0","2","0","space","NA","space","space","space","12108.919199999946","NA","16807.517200000802","12108.919199999946","True","53","2","<RN>Studentinnen</RN>","272","124.0","396.0","-173.0","-120.0","2","psycho","4","Bei einer Podiumsdiskussion an der Universität wird über aktuelle gesellschaftliche Themen gesprochen. Die <RN>Studenten</RN> müssten wieder stärker leistungsorientiert gefördert werden, doch die Mehrheit dieser dort teilnehmenden <AN>Frauen</AN> kritisiert die neuen Anforderungen. Die weitere Entwicklung bleibt Gegenstand öffentlicher Debatten.","Auf einer wissenschaftlichen Konferenz zu technischen Zukunftsfragen werden derzeit aktuelle gesellschaftliche Themen erörtert. Die <RN>Ingenieur*innen</RN> kritisieren die Energiewende und stehen vor Herausforderungen, doch diese <AN>Frauen</AN> lehnen zusätzliche Investitionen ab. Über die Konsequenzen wird weiterhin intensiv gestritten.","1","1024","2","48000","-16","53","4","132","-246.0","-114.0","61.0","114.0","experiment","4","even","383489.424899999","-810.0","-290.0","NA","4502.37930000003","4502.87759999992","65907.66559999975","82715.88019999945","422166.57639999903","82764.2911999992","422166.64149999997","64972.35249999903","NA","422091.9847999994","409982.3071999999","383478.059699999","82764.32349999959","422165.9273999994","65901.37110000069","409979.25059999945","Experiment","0","0","0","10","1920","Debatten.","53","25","197"
"<AN>Frauen</AN>","C6","<RN>Dozent*innen</RN>","undefined","undefined","True","53","4","<AN>Frauen</AN>","132","-339.0","-207.0","61.0","114.0","undefined","undefined","#232323","1620","psycho","True","an","psycho","psycho","undefined","undefined","undefined","0","0","0","0","0","65","0","65","0","0","65","65","65","0","65","0","50","-810.0","-270.5","5","795.0","99.55728618880693","Tue Jul 28 13:53:00 2026","The main experiment item","False","Auf einer schulischen Tagung werden aktuelle Kontroversen rund um Vorlesungsführung und Leistungsbewertung diskutiert. Die <RN>Dozent*innen</RN> fordern erhöhte Leistungsorientierung und strengere Notenvergabe im Lehrplan, doch diese <AN>Frauen</AN> stoßen dabei auf Gegendruck von Eltern. Die Debatte über das Thema hält weiter an.","experiment.osexp","D:\ET_course_project_gender-bias\experiment","False","mono","False","39","no","white","no","yes","1080","9","space","psycho","178.0","3.0","117","4","65","65","D:\ET_course_project_gender-bias\experiment\subject-4.csv","150","psycho","an_found","Neonatal Nightingale","4.1.14","69.0","178.0","2","0","space","NA","space","space","space","9885.191999999748","NA","16807.517200000802","9885.191999999748","True","53","2","<RN>Dozent*innen</RN>","272","488.0","760.0","-173.0","-120.0","2","psycho","4","Auf einer schulischen Tagung werden aktuelle Kontroversen rund um Vorlesungsführung und Leistungsbewertung diskutiert. Die <RN>Dozent*innen</RN> fordern erhöhte Leistungsorientierung und strengere Notenvergabe im Lehrplan, doch diese <AN>Männer</AN> stoßen dabei auf Gegendruck von Eltern. Die Debatte über das Thema hält weiter an.","Auf einer schulischen Tagung werden aktuelle Kontroversen rund um Vorlesungsführung und Leistungsbewertung diskutiert. Die <RN>Dozent*innen</RN> fordern erhöhte Leistungsorientierung und strengere Notenvergabe im Lehrplan, doch diese <AN>Männer</AN> stoßen dabei auf Gegendruck von Eltern. Die Debatte über das Thema hält weiter an.","0","1024","2","48000","-16","53","4","132","-207.0","-75.0","61.0","114.0","experiment","4","even","422204.37089999905","-810.0","-290.0","NA","4502.37930000003","4502.87759999992","65907.66559999975","82715.88019999945","422192.733599999","82764.2911999992","454025.1857999992","64972.35249999903","NA","453979.74310000066","444093.9873000007","422192.7667","82764.32349999959","422192.52779999987","65901.37110000069","444091.1696999992","Experiment","0","0","0","11","1920","an.","53","25","59"
"<AN>Männer</AN>","C3","<RN>Aktivistinnen</RN>","undefined","undefined","True","53","4","<AN>Frauen</AN>","132","-339.0","-207.0","61.0","114.0","undefined","undefined","#232323","1620","psycho","True","an","psycho","psycho","undefined","undefined","undefined","0","0","0","0","0","66","0","66","0","0","66","66","66","0","66","0","50","-810.0","-270.5","5","795.0","99.55728618880693","Tue Jul 28 13:53:00 2026","The main experiment item","False","Auf einer schulischen Tagung werden aktuelle Kontroversen rund um Vorlesungsführung und Leistungsbewertung diskutiert. Die <RN>Dozent*innen</RN> fordern erhöhte Leistungsorientierung und strengere Notenvergabe im Lehrplan, doch diese <AN>Frauen</AN> stoßen dabei auf Gegendruck von Eltern. Die Debatte über das Thema hält weiter an.","experiment.osexp","D:\ET_course_project_gender-bias\experiment","False","mono","False","39","no","white","no","yes","1080","11","space","psycho","178.0","3.0","117","5","66","66","D:\ET_course_project_gender-bias\experiment\subject-4.csv","150","psycho","an_found","Neonatal Nightingale","4.1.14","69.0","178.0","2","0","space","NA","space","space","space","9885.191999999748","NA","16807.517200000802","9885.191999999748","True","53","2","<RN>Dozent*innen</RN>","272","488.0","760.0","-173.0","-120.0","2","psycho","4","Auf einer schulischen Tagung werden aktuelle Kontroversen rund um Vorlesungsführung und Leistungsbewertung diskutiert. Die <RN>Dozent*innen</RN> fordern erhöhte Leistungsorientierung und strengere Notenvergabe im Lehrplan, doch diese <AN>Männer</AN> stoßen dabei auf Gegendruck von Eltern. Die Debatte über das Thema hält weiter an.","Auf einer öffentlichen Veranstaltung werden aktuelle wohnungs- und gesellschaftspolitische Themen diskutiert. Die <RN>Aktivist*innen</RN> fordern mehr bezahlbaren Wohnraum in Stuttgart und diskutieren faire Lösungsansätze, doch diese <AN>Frauen</AN> sehen die Verantwortung stärker beim Bund. Die Auswirkungen der Entscheidung werden noch geprüft.","1","1024","2","48000","-16","53","4","132","-207.0","-75.0","61.0","114.0","experiment","4","even","422204.37089999905","-810.0","-290.0","NA","4502.37930000003","4502.87759999992","65907.66559999975","82715.88019999945","454054.5614999992","82764.2911999992","454054.61520000064","64972.35249999903","NA","453979.74310000066","444093.9873000007","422192.7667","82764.32349999959","454054.18339999963","65901.37110000069","444091.1696999992","Experiment","0","0","0","11","1920","an.","53","25","59"
"<AN>Männer</AN>","C5","<RN>Aktivist*innen</RN>","undefined","undefined","True","53","4","<AN>Frauen</AN>","132","-339.0","-207.0","61.0","114.0","undefined","undefined","#232323","1620","psycho","True","an","psycho","psycho","undefined","undefined","undefined","0","0","0","0","0","67","0","67","0","0","67","67","67","0","67","0","50","-810.0","-270.5","5","795.0","99.55728618880693","Tue Jul 28 13:53:00 2026","The main experiment item","False","Auf einer schulischen Tagung werden aktuelle Kontroversen rund um Vorlesungsführung und Leistungsbewertung diskutiert. Die <RN>Dozent*innen</RN> fordern erhöhte Leistungsorientierung und strengere Notenvergabe im Lehrplan, doch diese <AN>Frauen</AN> stoßen dabei auf Gegendruck von Eltern. Die Debatte über das Thema hält weiter an.","experiment.osexp","D:\ET_course_project_gender-bias\experiment","False","mono","False","39","no","white","no","yes","1080","11","space","psycho","178.0","3.0","117","1","67","67","D:\ET_course_project_gender-bias\experiment\subject-4.csv","150","psycho","an_found","Neonatal Nightingale","4.1.14","69.0","178.0","2","0","space","NA","space","space","space","9885.191999999748","NA","16807.517200000802","9885.191999999748","True","53","2","<RN>Dozent*innen</RN>","272","488.0","760.0","-173.0","-120.0","2","psycho","4","Auf einer schulischen Tagung werden aktuelle Kontroversen rund um Vorlesungsführung und Leistungsbewertung diskutiert. Die <RN>Dozent*innen</RN> fordern erhöhte Leistungsorientierung und strengere Notenvergabe im Lehrplan, doch diese <AN>Männer</AN> stoßen dabei auf Gegendruck von Eltern. Die Debatte über das Thema hält weiter an.","Auf einer öffentlichen Veranstaltung werden aktuelle wohnungs- und gesellschaftspolitische Themen diskutiert. Die <RN>Aktivist*innen</RN> fordern mehr bezahlbaren Wohnraum in Stuttgart und diskutieren faire Lösungsansätze, doch diese <AN>Frauen</AN> sehen die Verantwortung stärker beim Bund. Die Auswirkungen der Entscheidung werden noch geprüft.","1","1024","2","48000","-16","53","4","132","-207.0","-75.0","61.0","114.0","experiment","4","even","422204.37089999905","-810.0","-290.0","NA","4502.37930000003","4502.87759999992","65907.66559999975","82715.88019999945","454080.7177999995","82764.2911999992","454080.7750999993","64972.35249999903","NA","453979.74310000066","444093.9873000007","422192.7667","82764.32349999959","454080.5433000005","65901.37110000069","444091.1696999992","Experiment","0","0","0","11","1920","an.","53","25","59"
"<AN>Männer</AN>","C5","<RN>Professor*innen</RN>","undefined","undefined","True","53","4","<AN>Frauen</AN>","132","-339.0","-207.0","61.0","114.0","undefined","undefined","#232323","1620","psycho","True","an","psycho","psycho","undefined","undefined","undefined","0","0","0","0","0","68","0","68","0","0","68","68","68","0","68","0","50","-810.0","-270.5","5","795.0","99.55728618880693","Tue Jul 28 13:53:00 2026","The main experiment item","False","Auf einer schulischen Tagung werden aktuelle Kontroversen rund um Vorlesungsführung und Leistungsbewertung diskutiert. Die <RN>Dozent*innen</RN> fordern erhöhte Leistungsorientierung und strengere Notenvergabe im Lehrplan, doch diese <AN>Frauen</AN> stoßen dabei auf Gegendruck von Eltern. Die Debatte über das Thema hält weiter an.","experiment.osexp","D:\ET_course_project_gender-bias\experiment","False","mono","False","39","no","white","no","yes","1080","15","space","psycho","178.0","3.0","117","3","68","68","D:\ET_course_project_gender-bias\experiment\subject-4.csv","150","psycho","an_found","Neonatal Nightingale","4.1.14","69.0","178.0","2","0","space","NA","space","space","space","9885.191999999748","NA","16807.517200000802","9885.191999999748","True","53","2","<RN>Dozent*innen</RN>","272","488.0","760.0","-173.0","-120.0","2","psycho","4","Auf einer schulischen Tagung werden aktuelle Kontroversen rund um Vorlesungsführung und Leistungsbewertung diskutiert. Die <RN>Dozent*innen</RN> fordern erhöhte Leistungsorientierung und strengere Notenvergabe im Lehrplan, doch diese <AN>Männer</AN> stoßen dabei auf Gegendruck von Eltern. Die Debatte über das Thema hält weiter an.","Im Rahmen einer öffentlichen Veranstaltung wird über die Zukunft der Hochschulen und die Forschungsförderung diskutiert. Die <RN>Professorinnen</RN> diskutieren über die Zukunft der Hochschulen und setzen sich für mehr Forschungsgelder ein, doch diese <AN>Männer</AN> lehnen die Vorschläge ab. Die nächsten Schritte werden derzeit kontrovers diskutiert.","1","1024","2","48000","-16","53","4","132","-207.0","-75.0","61.0","114.0","experiment","4","even","422204.37089999905","-810.0","-290.0","NA","4502.37930000003","4502.87759999992","65907.66559999975","82715.88019999945","454107.2600000007","82764.2911999992","454107.3342","64972.35249999903","NA","453979.74310000066","444093.9873000007","422192.7667","82764.32349999959","454106.92139999993","65901.37110000069","444091.1696999992","Experiment","0","0","0","11","1920","an.","53","25","59"
"<AN>Männer</AN>","C3","<RN>Professorinnen</RN>","undefined","undefined","True","53","4","<AN>Frauen</AN>","132","-339.0","-207.0","61.0","114.0","undefined","undefined","#232323","1620","psycho","True","an","psycho","psycho","undefined","undefined","undefined","0","0","0","0","0","69","0","69","0","0","69","69","69","0","69","0","50","-810.0","-270.5","5","795.0","99.55728618880693","Tue Jul 28 13:53:00 2026","The main experiment item","False","Auf einer schulischen Tagung werden aktuelle Kontroversen rund um Vorlesungsführung und Leistungsbewertung diskutiert. Die <RN>Dozent*innen</RN> fordern erhöhte Leistungsorientierung und strengere Notenvergabe im Lehrplan, doch diese <AN>Frauen</AN> stoßen dabei auf Gegendruck von Eltern. Die Debatte über das Thema hält weiter an.","experiment.osexp","D:\ET_course_project_gender-bias\experiment","False","mono","False","39","no","white","no","yes","1080","15","space","psycho","178.0","3.0","117","1","69","69","D:\ET_course_project_gender-bias\experiment\subject-4.csv","150","psycho","an_found","Neonatal Nightingale","4.1.14","69.0","178.0","2","0","space","NA","space","space","space","9885.191999999748","NA","16807.517200000802","9885.191999999748","True","53","2","<RN>Dozent*innen</RN>","272","488.0","760.0","-173.0","-120.0","2","psycho","4","Auf einer schulischen Tagung werden aktuelle Kontroversen rund um Vorlesungsführung und Leistungsbewertung diskutiert. Die <RN>Dozent*innen</RN> fordern erhöhte Leistungsorientierung und strengere Notenvergabe im Lehrplan, doch diese <AN>Männer</AN> stoßen dabei auf Gegendruck von Eltern. Die Debatte über das Thema hält weiter an.","Im Rahmen einer öffentlichen Veranstaltung wird über die Zukunft der Hochschulen und die Forschungsförderung diskutiert. Die <RN>Professorinnen</RN> diskutieren über die Zukunft der Hochschulen und setzen sich für mehr Forschungsgelder ein, doch diese <AN>Männer</AN> lehnen die Vorschläge ab. Die nächsten Schritte werden derzeit kontrovers diskutiert.","1","1024","2","48000","-16","53","4","132","-207.0","-75.0","61.0","114.0","experiment","4","even","422204.37089999905","-810.0","-290.0","NA","4502.37930000003","4502.87759999992","65907.66559999975","82715.88019999945","454134.71720000054","82764.2911999992","454134.75749999995","64972.35249999903","NA","453979.74310000066","444093.9873000007","422192.7667","82764.32349999959","454134.5103999993","65901.37110000069","444091.1696999992","Experiment","0","0","0","11","1920","an.","53","25","59"
"<AN>Männer</AN>","C5","<RN>Ingenieur*innen</RN>","undefined","undefined","True","53","4","<AN>Frauen</AN>","132","-339.0","-207.0","61.0","114.0","undefined","undefined","#232323","1620","psycho","True","an","psycho","psycho","undefined","undefined","undefined","0","0","0","0","0","70","0","70","0","0","70","70","70","0","70","0","50","-810.0","-270.5","5","795.0","99.55728618880693","Tue Jul 28 13:53:00 2026","The main experiment item","False","Auf einer schulischen Tagung werden aktuelle Kontroversen rund um Vorlesungsführung und Leistungsbewertung diskutiert. Die <RN>Dozent*innen</RN> fordern erhöhte Leistungsorientierung und strengere Notenvergabe im Lehrplan, doch diese <AN>Frauen</AN> stoßen dabei auf Gegendruck von Eltern. Die Debatte über das Thema hält weiter an.","experiment.osexp","D:\ET_course_project_gender-bias\experiment","False","mono","False","39","no","white","no","yes","1080","3","space","psycho","178.0","3.0","117","3","70","70","D:\ET_course_project_gender-bias\experiment\subject-4.csv","150","psycho","an_found","Neonatal Nightingale","4.1.14","69.0","178.0","2","0","space","NA","space","space","space","9885.191999999748","NA","16807.517200000802","9885.191999999748","True","53","2","<RN>Dozent*innen</RN>","272","488.0","760.0","-173.0","-120.0","2","psycho","4","Auf einer schulischen Tagung werden aktuelle Kontroversen rund um Vorlesungsführung und Leistungsbewertung diskutiert. Die <RN>Dozent*innen</RN> fordern erhöhte Leistungsorientierung und strengere Notenvergabe im Lehrplan, doch diese <AN>Männer</AN> stoßen dabei auf Gegendruck von Eltern. Die Debatte über das Thema hält weiter an.","Auf einer wissenschaftlichen Konferenz zu technischen Zukunftsfragen werden derzeit aktuelle gesellschaftliche Themen erörtert. Die <RN>Ingenieur*innen</RN> kritisieren die Energiewende und stehen vor Herausforderungen, doch diese <AN>Frauen</AN> lehnen zusätzliche Investitionen ab. Über die Konsequenzen wird weiterhin intensiv gestritten.","1","1024","2","48000","-16","53","4","132","-207.0","-75.0","61.0","114.0","experiment","4","even","422204.37089999905","-810.0","-290.0","NA","4502.37930000003","4502.87759999992","65907.66559999975","82715.88019999945","454161.56539999973","82764.2911999992","454161.61719999945","64972.35249999903","NA","453979.74310000066","444093.9873000007","422192.7667","82764.32349999959","454161.3228999995","65901.37110000069","444091.1696999992","Experiment","0","0","0","11","1920","an.","53","25","59"
"<AN>Frauen</AN>","C4","<RN>Polizistinnen</RN>","undefined","undefined","True","53","4","<AN>Frauen</AN>","132","-339.0","-207.0","61.0","114.0","undefined","undefined","#232323","1620","psycho","True","an","psycho","psycho","undefined","undefined","undefined","0","0","0","0","0","71","0","71","0","0","71","71","71","0","71","0","50","-810.0","-270.5","5","795.0","99.55728618880693","Tue Jul 28 13:53:00 2026","The main experiment item","False","Auf einer schulischen Tagung werden aktuelle Kontroversen rund um Vorlesungsführung und Leistungsbewertung diskutiert. Die <RN>Dozent*innen</RN> fordern erhöhte Leistungsorientierung und strengere Notenvergabe im Lehrplan, doch diese <AN>Frauen</AN> stoßen dabei auf Gegendruck von Eltern. Die Debatte über das Thema hält weiter an.","experiment.osexp","D:\ET_course_project_gender-bias\experiment","False","mono","False","39","no","white","no","yes","1080","18","space","psycho","178.0","3.0","117","5","71","71","D:\ET_course_project_gender-bias\experiment\subject-4.csv","150","psycho","an_found","Neonatal Nightingale","4.1.14","69.0","178.0","2","0","space","NA","space","space","space","9885.191999999748","NA","16807.517200000802","9885.191999999748","True","53","2","<RN>Dozent*innen</RN>","272","488.0","760.0","-173.0","-120.0","2","psycho","4","Auf einer schulischen Tagung werden aktuelle Kontroversen rund um Vorlesungsführung und Leistungsbewertung diskutiert. Die <RN>Dozent*innen</RN> fordern erhöhte Leistungsorientierung und strengere Notenvergabe im Lehrplan, doch diese <AN>Männer</AN> stoßen dabei auf Gegendruck von Eltern. Die Debatte über das Thema hält weiter an.","Bei einer öffentlichen Sitzung im Rathaus wird über neue Verkehrsregelungen gesprochen. Die <RN>Polizistinnen</RN> diskutieren laut über mehr Sicherheit im Straßenverkehr und setzen sich für strengere Kontrollen ein, doch diese <AN>Männer</AN> lehnen die Vorschläge ab. Die nächsten Maßnahmen werden derzeit kontrovers verhandelt.","1","1024","2","48000","-16","53","4","132","-207.0","-75.0","61.0","114.0","experiment","4","even","422204.37089999905","-810.0","-290.0","NA","4502.37930000003","4502.87759999992","65907.66559999975","82715.88019999945","454188.7227999996","82764.2911999992","454188.80530000024","64972.35249999903","NA","453979.74310000066","444093.9873000007","422192.7667","82764.32349999959","454188.327599999","65901.37110000069","444091.1696999992","Experiment","0","0","0","11","1920","an.","53","25","59"
"<AN>Männer</AN>","C1","<RN>Dozenten</RN>","undefined","undefined","True","53","4","<AN>Frauen</AN>","132","-339.0","-207.0","61.0","114.0","undefined","undefined","#232323","1620","psycho","True","an","psycho","psycho","undefined","undefined","undefined","0","0","0","0","0","72","0","72","0","0","72","72","72","0","72","0","50","-810.0","-270.5","5","795.0","99.55728618880693","Tue Jul 28 13:53:00 2026","The main experiment item","False","Auf einer schulischen Tagung werden aktuelle Kontroversen rund um Vorlesungsführung und Leistungsbewertung diskutiert. Die <RN>Dozent*innen</RN> fordern erhöhte Leistungsorientierung und strengere Notenvergabe im Lehrplan, doch diese <AN>Frauen</AN> stoßen dabei auf Gegendruck von Eltern. Die Debatte über das Thema hält weiter an.","experiment.osexp","D:\ET_course_project_gender-bias\experiment","False","mono","False","39","no","white","no","yes","1080","9","space","psycho","178.0","3.0","117","5","72","72","D:\ET_course_project_gender-bias\experiment\subject-4.csv","150","psycho","an_found","Neonatal Nightingale","4.1.14","69.0","178.0","2","0","space","NA","space","space","space","9885.191999999748","NA","16807.517200000802","9885.191999999748","True","53","2","<RN>Dozent*innen</RN>","272","488.0","760.0","-173.0","-120.0","2","psycho","4","Auf einer schulischen Tagung werden aktuelle Kontroversen rund um Vorlesungsführung und Leistungsbewertung diskutiert. Die <RN>Dozent*innen</RN> fordern erhöhte Leistungsorientierung und strengere Notenvergabe im Lehrplan, doch diese <AN>Männer</AN> stoßen dabei auf Gegendruck von Eltern. Die Debatte über das Thema hält weiter an.","Auf einer schulischen Tagung werden aktuelle Kontroversen rund um Vorlesungsführung und Leistungsbewertung diskutiert. Die <RN>Dozent*innen</RN> fordern erhöhte Leistungsorientierung und strengere Notenvergabe im Lehrplan, doch diese <AN>Männer</AN> stoßen dabei auf Gegendruck von Eltern. Die Debatte über das Thema hält weiter an.","1","1024","2","48000","-16","53","4","132","-207.0","-75.0","61.0","114.0","experiment","4","even","422204.37089999905","-810.0","-290.0","NA","4502.37930000003","4502.87759999992","65907.66559999975","82715.88019999945","454215.0227000002","82764.2911999992","454215.06059999956","64972.35249999903","NA","453979.74310000066","444093.9873000007","422192.7667","82764.32349999959","454214.8422999999","65901.37110000069","444091.1696999992","Experiment","0","0","0","11","1920","an.","53","25","59"
"<AN>Frauen</AN>","C4","<RN>Ingenieurinnen</RN>","undefined","undefined","True","53","4","<AN>Frauen</AN>","132","-339.0","-207.0","61.0","114.0","undefined","undefined","#232323","1620","psycho","True","an","psycho","psycho","undefined","undefined","undefined","0","0","0","0","0","73","0","73","0","0","73","73","73","0","73","0","50","-810.0","-270.5","5","795.0","99.55728618880693","Tue Jul 28 13:53:00 2026","The main experiment item","False","Auf einer schulischen Tagung werden aktuelle Kontroversen rund um Vorlesungsführung und Leistungsbewertung diskutiert. Die <RN>Dozent*innen</RN> fordern erhöhte Leistungsorientierung und strengere Notenvergabe im Lehrplan, doch diese <AN>Frauen</AN> stoßen dabei auf Gegendruck von Eltern. Die Debatte über das Thema hält weiter an.","experiment.osexp","D:\ET_course_project_gender-bias\experiment","False","mono","False","39","no","white","no","yes","1080","3","space","psycho","178.0","3.0","117","2","73","73","D:\ET_course_project_gender-bias\experiment\subject-4.csv","150","psycho","an_found","Neonatal Nightingale","4.1.14","69.0","178.0","2","0","space","NA","space","space","space","9885.191999999748","NA","16807.517200000802","9885.191999999748","True","53","2","<RN>Dozent*innen</RN>","272","488.0","760.0","-173.0","-120.0","2","psycho","4","Auf einer schulischen Tagung werden aktuelle Kontroversen rund um Vorlesungsführung und Leistungsbewertung diskutiert. Die <RN>Dozent*innen</RN> fordern erhöhte Leistungsorientierung und strengere Notenvergabe im Lehrplan, doch diese <AN>Männer</AN> stoßen dabei auf Gegendruck von Eltern. Die Debatte über das Thema hält weiter an.","Auf einer wissenschaftlichen Konferenz zu technischen Zukunftsfragen werden derzeit aktuelle gesellschaftliche Themen erörtert. Die <RN>Ingenieur*innen</RN> kritisieren die Energiewende und stehen vor Herausforderungen, doch diese <AN>Frauen</AN> lehnen zusätzliche Investitionen ab. Über die Konsequenzen wird weiterhin intensiv gestritten.","1","1024","2","48000","-16","53","4","132","-207.0","-75.0","61.0","114.0","experiment","4","even","422204.37089999905","-810.0","-290.0","NA","4502.37930000003","4502.87759999992","65907.66559999975","82715.88019999945","454242.64419999963","82764.2911999992","454242.68269999995","64972.35249999903","NA","453979.74310000066","444093.9873000007","422192.7667","82764.32349999959","454242.4599999995","65901.37110000069","444091.1696999992","Experiment","0","0","0","11","1920","an.","53","25","59"
"<AN>Männer</AN>","C5","<RN>Pfleger*innen</RN>","undefined","undefined","True","53","4","<AN>Männer</AN>","135","-222.0","-87.0","61.0","114.0","undefined","undefined","#232323","1620","psycho","True","diskutiert","psycho","psycho","undefined","undefined","undefined","0","0","0","0","0","74","0","74","0","0","74","74","74","0","74","0","50","-810.0","-270.5","6","249.0","87.94323389550783","Tue Jul 28 13:53:00 2026","The main experiment item","False","Im Rahmen einer Gesprächsrunde im Gesundheitswesen wird derzeit über aktuelle gesellschaftliche Herausforderungen diskutiert. Die <RN>Pfleger*innen</RN> verdienen bessere Arbeitsbedingungen und benötigen mehr Unterstützung, doch diese <AN>Männer</AN> fühlen sich politisch nicht ausreichend unterstützt. Die nächsten Schritte werden derzeit kontrovers diskutiert.","experiment.osexp","D:\ET_course_project_gender-bias\experiment","False","mono","False","39","no","white","no","yes","1080","2","space","psycho","295.0","3.0","117","4","74","74","D:\ET_course_project_gender-bias\experiment\subject-4.csv","150","psycho","an_found","Neonatal Nightingale","4.1.14","-293.0","295.0","2","0","space","NA","space","space","space","14556.95790000027","NA","16807.517200000802","14556.95790000027","True","53","3","<RN>Pfleger*innen</RN>","294","-810.0","-516.0","-56.0","-3.0","2","psycho","4","Im Rahmen einer Gesprächsrunde im Gesundheitswesen wird derzeit über aktuelle gesellschaftliche Herausforderungen diskutiert. Die <RN>Pflegekräfte</RN> verdienen bessere Arbeitsbedingungen und benötigen mehr Unterstützung, doch diese <AN>Männer</AN> fühlen sich politisch nicht ausreichend unterstützt. Die nächsten Schritte werden derzeit kontrovers diskutiert.","Im Rahmen einer Gesprächsrunde im Gesundheitswesen wird derzeit über aktuelle gesellschaftliche Herausforderungen diskutiert. Die <RN>Pflegekräfte</RN> verdienen bessere Arbeitsbedingungen und benötigen mehr Unterstützung, doch diese <AN>Männer</AN> fühlen sich politisch nicht ausreichend unterstützt. Die nächsten Schritte werden derzeit kontrovers diskutiert.","0","1024","2","48000","-16","53","4","135","-87.0","48.0","61.0","114.0","experiment","4","even","454280.02469999954","-810.0","-290.0","NA","4502.37930000003","4502.87759999992","65907.66559999975","82715.88019999945","454268.3713000006","82764.2911999992","488441.8805000005","64972.35249999903","NA","488395.7661000004","473838.227799999","454268.40119999903","82764.32349999959","454268.16270000016","65901.37110000069","473835.32650000055","Experiment","0","0","0","12","1920","diskutiert.","53","25","243"
"<AN>Frauen</AN>","C6","<RN>Polizist*innen</RN>","undefined","undefined","True","53","4","<AN>Männer</AN>","135","-222.0","-87.0","61.0","114.0","undefined","undefined","#232323","1620","psycho","True","diskutiert","psycho","psycho","undefined","undefined","undefined","0","0","0","0","0","75","0","75","0","0","75","75","75","0","75","0","50","-810.0","-270.5","6","249.0","87.94323389550783","Tue Jul 28 13:53:00 2026","The main experiment item","False","Im Rahmen einer Gesprächsrunde im Gesundheitswesen wird derzeit über aktuelle gesellschaftliche Herausforderungen diskutiert. Die <RN>Pfleger*innen</RN> verdienen bessere Arbeitsbedingungen und benötigen mehr Unterstützung, doch diese <AN>Männer</AN> fühlen sich politisch nicht ausreichend unterstützt. Die nächsten Schritte werden derzeit kontrovers diskutiert.","experiment.osexp","D:\ET_course_project_gender-bias\experiment","False","mono","False","39","no","white","no","yes","1080","18","space","psycho","295.0","3.0","117","1","75","75","D:\ET_course_project_gender-bias\experiment\subject-4.csv","150","psycho","an_found","Neonatal Nightingale","4.1.14","-293.0","295.0","2","0","space","NA","space","space","space","14556.95790000027","NA","16807.517200000802","14556.95790000027","True","53","3","<RN>Pfleger*innen</RN>","294","-810.0","-516.0","-56.0","-3.0","2","psycho","4","Im Rahmen einer Gesprächsrunde im Gesundheitswesen wird derzeit über aktuelle gesellschaftliche Herausforderungen diskutiert. Die <RN>Pflegekräfte</RN> verdienen bessere Arbeitsbedingungen und benötigen mehr Unterstützung, doch diese <AN>Männer</AN> fühlen sich politisch nicht ausreichend unterstützt. Die nächsten Schritte werden derzeit kontrovers diskutiert.","Bei einer öffentlichen Sitzung im Rathaus wird über neue Verkehrsregelungen gesprochen. Die <RN>Polizistinnen</RN> diskutieren laut über mehr Sicherheit im Straßenverkehr und setzen sich für strengere Kontrollen ein, doch diese <AN>Männer</AN> lehnen die Vorschläge ab. Die nächsten Maßnahmen werden derzeit kontrovers verhandelt.","1","1024","2","48000","-16","53","4","135","-87.0","48.0","61.0","114.0","experiment","4","even","454280.02469999954","-810.0","-290.0","NA","4502.37930000003","4502.87759999992","65907.66559999975","82715.88019999945","488470.3219999992","82764.2911999992","488470.3776999995","64972.35249999903","NA","488395.7661000004","473838.227799999","454268.40119999903","82764.32349999959","488469.7140999997","65901.37110000069","473835.32650000055","Experiment","0","0","0","12","1920","diskutiert.","53","25","243"
"<AN>Männer</AN>","C3","<RN>Studentinnen</RN>","undefined","undefined","True","53","4","<AN>Männer</AN>","135","-222.0","-87.0","61.0","114.0","undefined","undefined","#232323","1620","psycho","True","diskutiert","psycho","psycho","undefined","undefined","undefined","0","0","0","0","0","76","0","76","0","0","76","76","76","0","76","0","50","-810.0","-270.5","6","249.0","87.94323389550783","Tue Jul 28 13:53:00 2026","The main experiment item","False","Im Rahmen einer Gesprächsrunde im Gesundheitswesen wird derzeit über aktuelle gesellschaftliche Herausforderungen diskutiert. Die <RN>Pfleger*innen</RN> verdienen bessere Arbeitsbedingungen und benötigen mehr Unterstützung, doch diese <AN>Männer</AN> fühlen sich politisch nicht ausreichend unterstützt. Die nächsten Schritte werden derzeit kontrovers diskutiert.","experiment.osexp","D:\ET_course_project_gender-bias\experiment","False","mono","False","39","no","white","no","yes","1080","1","space","psycho","295.0","3.0","117","3","76","76","D:\ET_course_project_gender-bias\experiment\subject-4.csv","150","psycho","an_found","Neonatal Nightingale","4.1.14","-293.0","295.0","2","0","space","NA","space","space","space","14556.95790000027","NA","16807.517200000802","14556.95790000027","True","53","3","<RN>Pfleger*innen</RN>","294","-810.0","-516.0","-56.0","-3.0","2","psycho","4","Im Rahmen einer Gesprächsrunde im Gesundheitswesen wird derzeit über aktuelle gesellschaftliche Herausforderungen diskutiert. Die <RN>Pflegekräfte</RN> verdienen bessere Arbeitsbedingungen und benötigen mehr Unterstützung, doch diese <AN>Männer</AN> fühlen sich politisch nicht ausreichend unterstützt. Die nächsten Schritte werden derzeit kontrovers diskutiert.","Bei einer Podiumsdiskussion an der Universität Stuttgart wird über aktuelle gesellschaftliche Themen gesprochen. Die <RN>Studenten</RN> müssten wieder stärker leistungsorientiert gefördert werden, doch die Mehrheit dieser dort teilnehmenden <AN>Frauen</AN> kritisiert die neuen Anforderungen. Die weitere Entwicklung bleibt Gegenstand öffentlicher Debatten.","1","1024","2","48000","-16","53","4","135","-87.0","48.0","61.0","114.0","experiment","4","even","454280.02469999954","-810.0","-290.0","NA","4502.37930000003","4502.87759999992","65907.66559999975","82715.88019999945","488500.85209999996","82764.2911999992","488500.9191999998","64972.35249999903","NA","488395.7661000004","473838.227799999","454268.40119999903","82764.32349999959","488500.3796000001","65901.37110000069","473835.32650000055","Experiment","0","0","0","12","1920","diskutiert.","53","25","243"
"<AN>Frauen</AN>","C6","<RN>Ingenieur*innen</RN>","undefined","undefined","True","53","4","<AN>Männer</AN>","135","-222.0","-87.0","61.0","114.0","undefined","undefined","#232323","1620","psycho","True","diskutiert","psycho","psycho","undefined","undefined","undefined","0","0","0","0","0","77","0","77","0","0","77","77","77","0","77","0","50","-810.0","-270.5","6","249.0","87.94323389550783","Tue Jul 28 13:53:00 2026","The main experiment item","False","Im Rahmen einer Gesprächsrunde im Gesundheitswesen wird derzeit über aktuelle gesellschaftliche Herausforderungen diskutiert. Die <RN>Pfleger*innen</RN> verdienen bessere Arbeitsbedingungen und benötigen mehr Unterstützung, doch diese <AN>Männer</AN> fühlen sich politisch nicht ausreichend unterstützt. Die nächsten Schritte werden derzeit kontrovers diskutiert.","experiment.osexp","D:\ET_course_project_gender-bias\experiment","False","mono","False","39","no","white","no","yes","1080","17","space","psycho","295.0","3.0","117","2","77","77","D:\ET_course_project_gender-bias\experiment\subject-4.csv","150","psycho","an_found","Neonatal Nightingale","4.1.14","-293.0","295.0","2","0","space","NA","space","space","space","14556.95790000027","NA","16807.517200000802","14556.95790000027","True","53","3","<RN>Pfleger*innen</RN>","294","-810.0","-516.0","-56.0","-3.0","2","psycho","4","Im Rahmen einer Gesprächsrunde im Gesundheitswesen wird derzeit über aktuelle gesellschaftliche Herausforderungen diskutiert. Die <RN>Pflegekräfte</RN> verdienen bessere Arbeitsbedingungen und benötigen mehr Unterstützung, doch diese <AN>Männer</AN> fühlen sich politisch nicht ausreichend unterstützt. Die nächsten Schritte werden derzeit kontrovers diskutiert.","Im Rahmen einer städtischen Planungsrunde wird über die zukünftige Mobilität und den Ausbau des Nahverkehrs diskutiert. Die <RN>Ingenieurinnen</RN> diskutieren über Verkehrskonzepte und setzen sich für den Ausbau des ÖPNV ein, doch diese <AN>Männer</AN> lehnen die Vorschläge ab. Die nächsten Schritte werden derzeit kontrovers diskutiert.","1","1024","2","48000","-16","53","4","135","-87.0","48.0","61.0","114.0","experiment","4","even","454280.02469999954","-810.0","-290.0","NA","4502.37930000003","4502.87759999992","65907.66559999975","82715.88019999945","488527.0270000001","82764.2911999992","488527.07940000074","64972.35249999903","NA","488395.7661000004","473838.227799999","454268.40119999903","82764.32349999959","488526.79499999975","65901.37110000069","473835.32650000055","Experiment","0","0","0","12","1920","diskutiert.","53","25","243"
"<AN>Frauen</AN>","C4","<RN>Professorinnen</RN>","undefined","undefined","True","53","4","<AN>Männer</AN>","135","-222.0","-87.0","61.0","114.0","undefined","undefined","#232323","1620","psycho","True","diskutiert","psycho","psycho","undefined","undefined","undefined","0","0","0","0","0","78","0","78","0","0","78","78","78","0","78","0","50","-810.0","-270.5","6","249.0","87.94323389550783","Tue Jul 28 13:53:00 2026","The main experiment item","False","Im Rahmen einer Gesprächsrunde im Gesundheitswesen wird derzeit über aktuelle gesellschaftliche Herausforderungen diskutiert. Die <RN>Pfleger*innen</RN> verdienen bessere Arbeitsbedingungen und benötigen mehr Unterstützung, doch diese <AN>Männer</AN> fühlen sich politisch nicht ausreichend unterstützt. Die nächsten Schritte werden derzeit kontrovers diskutiert.","experiment.osexp","D:\ET_course_project_gender-bias\experiment","False","mono","False","39","no","white","no","yes","1080","15","space","psycho","295.0","3.0","117","2","78","78","D:\ET_course_project_gender-bias\experiment\subject-4.csv","150","psycho","an_found","Neonatal Nightingale","4.1.14","-293.0","295.0","2","0","space","NA","space","space","space","14556.95790000027","NA","16807.517200000802","14556.95790000027","True","53","3","<RN>Pfleger*innen</RN>","294","-810.0","-516.0","-56.0","-3.0","2","psycho","4","Im Rahmen einer Gesprächsrunde im Gesundheitswesen wird derzeit über aktuelle gesellschaftliche Herausforderungen diskutiert. Die <RN>Pflegekräfte</RN> verdienen bessere Arbeitsbedingungen und benötigen mehr Unterstützung, doch diese <AN>Männer</AN> fühlen sich politisch nicht ausreichend unterstützt. Die nächsten Schritte werden derzeit kontrovers diskutiert.","Im Rahmen einer öffentlichen Veranstaltung wird über die Zukunft der Hochschulen und die Forschungsförderung diskutiert. Die <RN>Professorinnen</RN> diskutieren über die Zukunft der Hochschulen und setzen sich für mehr Forschungsgelder ein, doch diese <AN>Männer</AN> lehnen die Vorschläge ab. Die nächsten Schritte werden derzeit kontrovers diskutiert.","1","1024","2","48000","-16","53","4","135","-87.0","48.0","61.0","114.0","experiment","4","even","454280.02469999954","-810.0","-290.0","NA","4502.37930000003","4502.87759999992","65907.66559999975","82715.88019999945","488554.7337999997","82764.2911999992","488554.7729999998","64972.35249999903","NA","488395.7661000004","473838.227799999","454268.40119999903","82764.32349999959","488554.5892999999","65901.37110000069","473835.32650000055","Experiment","0","0","0","12","1920","diskutiert.","53","25","243"
"<AN>Männer</AN>","C3","<RN>Arbeitnehmerinnen</RN>","undefined","undefined","True","53","4","<AN>Männer</AN>","135","-105.0","30.0","61.0","114.0","undefined","undefined","#232323","1620","psycho","True","Diskussionen","psycho","psycho","undefined","undefined","undefined","0","0","0","0","0","79","0","79","0","0","79","79","79","0","79","0","50","-810.0","-270.5","6","1543.0","76.83333277061459","Tue Jul 28 13:53:00 2026","The main experiment item","False","Auf einer Gewerkschaftsveranstaltung wird derzeit über Löhne, Arbeitsbedingungen und Arbeitnehmerrechte diskutiert. Die <RN>Arbeitnehmerinnen</RN> fordern bessere Bezahlung und faire Arbeitsbedingungen, doch diese <AN>Männer</AN> sehen vor allem strukturelle Probleme. Die kommenden Entwicklungen sind weiterhin Gegenstand von Diskussionen.","experiment.osexp","D:\ET_course_project_gender-bias\experiment","False","mono","False","39","no","white","no","yes","1080","12","space","psycho","295.0","3.0","117","4","79","79","D:\ET_course_project_gender-bias\experiment\subject-4.csv","150","psycho","an_found","Neonatal Nightingale","4.1.14","-496.0","295.0","2","0","space","NA","space","space","space","10861.126300000236","NA","16807.517200000802","10861.126300000236","True","53","3","<RN>Arbeitnehmerinnen</RN>","389","-810.0","-421.0","-56.0","-3.0","2","psycho","4","Auf einer Gewerkschaftsveranstaltung wird derzeit über Löhne, Arbeitsbedingungen und Arbeitnehmerrechte diskutiert. Die <RN>Beschäftigten</RN> fordern bessere Bezahlung und faire Arbeitsbedingungen, doch diese <AN>Frauen</AN> sehen vor allem strukturelle Probleme. Die kommenden Entwicklungen sind weiterhin Gegenstand von Diskussionen.","Auf einer Gewerkschaftsveranstaltung wird derzeit über Löhne, Arbeitsbedingungen und Arbeitnehmerrechte diskutiert. Die <RN>Beschäftigten</RN> fordern bessere Bezahlung und faire Arbeitsbedingungen, doch diese <AN>Frauen</AN> sehen vor allem strukturelle Probleme. Die kommenden Entwicklungen sind weiterhin Gegenstand von Diskussionen.","0","1024","2","48000","-16","53","4","135","30.0","165.0","61.0","114.0","experiment","4","even","488595.7782000005","-810.0","-290.0","NA","4502.37930000003","4502.87759999992","65907.66559999975","82715.88019999945","488585.0229000007","82764.2911999992","521193.1284000002","64972.35249999903","NA","521147.6717999994","510286.0001999998","488585.0518999996","82764.32349999959","488584.83139999956","65901.37110000069","510283.1451000002","Experiment","0","0","0","13","1920","Diskussionen.","53","25","289"
"<AN>Männer</AN>","C1","<RN>Lehrer</RN>","undefined","undefined","True","53","4","<AN>Männer</AN>","135","-105.0","30.0","61.0","114.0","undefined","undefined","#232323","1620","psycho","True","Diskussionen","psycho","psycho","undefined","undefined","undefined","0","0","0","0","0","80","0","80","0","0","80","80","80","0","80","0","50","-810.0","-270.5","6","1543.0","76.83333277061459","Tue Jul 28 13:53:00 2026","The main experiment item","False","Auf einer Gewerkschaftsveranstaltung wird derzeit über Löhne, Arbeitsbedingungen und Arbeitnehmerrechte diskutiert. Die <RN>Arbeitnehmerinnen</RN> fordern bessere Bezahlung und faire Arbeitsbedingungen, doch diese <AN>Männer</AN> sehen vor allem strukturelle Probleme. Die kommenden Entwicklungen sind weiterhin Gegenstand von Diskussionen.","experiment.osexp","D:\ET_course_project_gender-bias\experiment","False","mono","False","39","no","white","no","yes","1080","6","space","psycho","295.0","3.0","117","2","80","80","D:\ET_course_project_gender-bias\experiment\subject-4.csv","150","psycho","an_found","Neonatal Nightingale","4.1.14","-496.0","295.0","2","0","space","NA","space","space","space","10861.126300000236","NA","16807.517200000802","10861.126300000236","True","53","3","<RN>Arbeitnehmerinnen</RN>","389","-810.0","-421.0","-56.0","-3.0","2","psycho","4","Auf einer Gewerkschaftsveranstaltung wird derzeit über Löhne, Arbeitsbedingungen und Arbeitnehmerrechte diskutiert. Die <RN>Beschäftigten</RN> fordern bessere Bezahlung und faire Arbeitsbedingungen, doch diese <AN>Frauen</AN> sehen vor allem strukturelle Probleme. Die kommenden Entwicklungen sind weiterhin Gegenstand von Diskussionen.","Auf einer Konferenz zu Bildungsfragen in Stuttgart wird derzeit über aktuelle schulische Themen gesprochen. Die <RN>Lehrer</RN> sollen mehr auf Disziplin und Konsequenzen im Unterricht setzen, doch aus pädagogischen Gründen lehnen diese <AN>Frauen</AN> die Vorschläge ab. Die kommenden Entwicklungen sind weiterhin Gegenstand von Diskussionen.","1","1024","2","48000","-16","53","4","135","30.0","165.0","61.0","114.0","experiment","4","even","488595.7782000005","-810.0","-290.0","NA","4502.37930000003","4502.87759999992","65907.66559999975","82715.88019999945","521220.8181999995","82764.2911999992","521220.8888000005","64972.35249999903","NA","521147.6717999994","510286.0001999998","488585.0518999996","82764.32349999959","521219.65479999926","65901.37110000069","510283.1451000002","Experiment","0","0","0","13","1920","Diskussionen.","53","25","289"
"<AN>Frauen</AN>","C6","<RN>Expert*innen</RN>","undefined","undefined","True","53","4","<AN>Männer</AN>","135","-105.0","30.0","61.0","114.0","undefined","undefined","#232323","1620","psycho","True","Diskussionen","psycho","psycho","undefined","undefined","undefined","0","0","0","0","0","81","0","81","0","0","81","81","81","0","81","0","50","-810.0","-270.5","6","1543.0","76.83333277061459","Tue Jul 28 13:53:00 2026","The main experiment item","False","Auf einer Gewerkschaftsveranstaltung wird derzeit über Löhne, Arbeitsbedingungen und Arbeitnehmerrechte diskutiert. Die <RN>Arbeitnehmerinnen</RN> fordern bessere Bezahlung und faire Arbeitsbedingungen, doch diese <AN>Männer</AN> sehen vor allem strukturelle Probleme. Die kommenden Entwicklungen sind weiterhin Gegenstand von Diskussionen.","experiment.osexp","D:\ET_course_project_gender-bias\experiment","False","mono","False","39","no","white","no","yes","1080","10","space","psycho","295.0","3.0","117","3","81","81","D:\ET_course_project_gender-bias\experiment\subject-4.csv","150","psycho","an_found","Neonatal Nightingale","4.1.14","-496.0","295.0","2","0","space","NA","space","space","space","10861.126300000236","NA","16807.517200000802","10861.126300000236","True","53","3","<RN>Arbeitnehmerinnen</RN>","389","-810.0","-421.0","-56.0","-3.0","2","psycho","4","Auf einer Gewerkschaftsveranstaltung wird derzeit über Löhne, Arbeitsbedingungen und Arbeitnehmerrechte diskutiert. Die <RN>Beschäftigten</RN> fordern bessere Bezahlung und faire Arbeitsbedingungen, doch diese <AN>Frauen</AN> sehen vor allem strukturelle Probleme. Die kommenden Entwicklungen sind weiterhin Gegenstand von Diskussionen.","Im Rahmen einer universitären Veranstaltung werden aktuelle Fragestellungen der Rüstungsindustrie behandelt. Die große Mehrheit dieser <RN>Fachleute</RN> sehen eine stärkere Aufrüstung für Deutschland als notwendig, doch diese Gruppe von <AN>Frauen</AN> kritisiert dessen Finanzierung. Die Auswirkungen der Entscheidung werden noch geprüft.","1","1024","2","48000","-16","53","4","135","30.0","165.0","61.0","114.0","experiment","4","even","488595.7782000005","-810.0","-290.0","NA","4502.37930000003","4502.87759999992","65907.66559999975","82715.88019999945","521249.15130000043","82764.2911999992","521249.2005000004","64972.35249999903","NA","521147.6717999994","510286.0001999998","488585.0518999996","82764.32349999959","521248.6360999992","65901.37110000069","510283.1451000002","Experiment","0","0","0","13","1920","Diskussionen.","53","25","289"
"<AN>Frauen</AN>","C2","<RN>Ingenieure</RN>","undefined","undefined","True","53","4","<AN>Frauen</AN>","132","-85.0","47.0","61.0","114.0","undefined","undefined","#232323","1620","psycho","True","diskutiert","psycho","psycho","undefined","undefined","undefined","0","0","0","0","0","82","0","82","0","0","82","82","82","0","82","0","50","-810.0","-270.5","5","1003.0","81.80713644371134","Tue Jul 28 13:53:00 2026","The main experiment item","False","Im Rahmen einer städtischen Planungsrunde wird über die zukünftige Mobilität und den Ausbau des Nahverkehrs diskutiert. Die <RN>Ingenieure</RN> diskutieren über nachhaltige Verkehrskonzepte und setzen sich für den Ausbau des ÖPNV ein, doch diese <AN>Frauen</AN> lehnen die Vorschläge ab. Die nächsten Schritte werden derzeit kontrovers diskutiert.","experiment.osexp","D:\ET_course_project_gender-bias\experiment","False","mono","False","39","no","white","no","yes","1080","17","space","psycho","178.0","3.0","117","4","82","82","D:\ET_course_project_gender-bias\experiment\subject-4.csv","150","psycho","an_found","Neonatal Nightingale","4.1.14","461.0","178.0","2","0","space","NA","space","space","space","9500.134599998943","NA","16807.517200000802","9500.134599998943","True","53","2","<RN>Ingenieure</RN>","225","480.0","705.0","-173.0","-120.0","2","psycho","4","Im Rahmen einer städtischen Planungsrunde wird über die zukünftige Mobilität und den Ausbau des Nahverkehrs diskutiert. Die <RN>Ingenieurinnen</RN> diskutieren über nachhaltige Verkehrskonzepte und setzen sich für den Ausbau des ÖPNV ein, doch diese <AN>Männer</AN> lehnen die Vorschläge ab. Die nächsten Schritte werden derzeit kontrovers diskutiert.","Im Rahmen einer städtischen Planungsrunde wird über die zukünftige Mobilität und den Ausbau des Nahverkehrs diskutiert. Die <RN>Ingenieurinnen</RN> diskutieren über nachhaltige Verkehrskonzepte und setzen sich für den Ausbau des ÖPNV ein, doch diese <AN>Männer</AN> lehnen die Vorschläge ab. Die nächsten Schritte werden derzeit kontrovers diskutiert.","0","1024","2","48000","-16","53","4","132","47.0","179.0","61.0","114.0","experiment","4","even","521287.99450000044","-810.0","-290.0","NA","4502.37930000003","4502.87759999992","65907.66559999975","82715.88019999945","521275.93279999925","82764.2911999992","550121.4149000007","64972.35249999903","NA","550075.7997000001","540575.0900000003","521275.95889999974","82764.32349999959","521275.8469","65901.37110000069","540571.3928000005","Experiment","0","0","0","14","1920","diskutiert.","53","25","243"
"<AN>Frauen</AN>","C6","<RN>Expert*innen</RN>","undefined","undefined","True","53","4","<AN>Frauen</AN>","132","-85.0","47.0","61.0","114.0","undefined","undefined","#232323","1620","psycho","True","diskutiert","psycho","psycho","undefined","undefined","undefined","0","0","0","0","0","83","0","83","0","0","83","83","83","0","83","0","50","-810.0","-270.5","5","1003.0","81.80713644371134","Tue Jul 28 13:53:00 2026","The main experiment item","False","Im Rahmen einer städtischen Planungsrunde wird über die zukünftige Mobilität und den Ausbau des Nahverkehrs diskutiert. Die <RN>Ingenieure</RN> diskutieren über nachhaltige Verkehrskonzepte und setzen sich für den Ausbau des ÖPNV ein, doch diese <AN>Frauen</AN> lehnen die Vorschläge ab. Die nächsten Schritte werden derzeit kontrovers diskutiert.","experiment.osexp","D:\ET_course_project_gender-bias\experiment","False","mono","False","39","no","white","no","yes","1080","7","space","psycho","178.0","3.0","117","6","83","83","D:\ET_course_project_gender-bias\experiment\subject-4.csv","150","psycho","an_found","Neonatal Nightingale","4.1.14","461.0","178.0","2","0","space","NA","space","space","space","9500.134599998943","NA","16807.517200000802","9500.134599998943","True","53","2","<RN>Ingenieure</RN>","225","480.0","705.0","-173.0","-120.0","2","psycho","4","Im Rahmen einer städtischen Planungsrunde wird über die zukünftige Mobilität und den Ausbau des Nahverkehrs diskutiert. Die <RN>Ingenieurinnen</RN> diskutieren über nachhaltige Verkehrskonzepte und setzen sich für den Ausbau des ÖPNV ein, doch diese <AN>Männer</AN> lehnen die Vorschläge ab. Die nächsten Schritte werden derzeit kontrovers diskutiert.","Beim Sommerfest eines Unternehmens wird über wirtschaftliche Entwicklungen und gesellschaftliche Herausforderungen diskutiert. Die <RN>Fachleute</RN> sehen große Herausforderungen im nächsten Geschäftsjahr, dennoch bleiben diese <AN>Männer</AN> optimistisch. Die unternehmerischen Folgen werden unterschiedlich bewertet.","1","1024","2","48000","-16","53","4","132","47.0","179.0","61.0","114.0","experiment","4","even","521287.99450000044","-810.0","-290.0","NA","4502.37930000003","4502.87759999992","65907.66559999975","82715.88019999945","550148.4798999991","82764.2911999992","550148.540099999","64972.35249999903","NA","550075.7997000001","540575.0900000003","521275.95889999974","82764.32349999959","550147.7565999994","65901.37110000069","540571.3928000005","Experiment","0","0","0","14","1920","diskutiert.","53","25","243"
"<AN>Frauen</AN>","C4","<RN>Unternehmerinnen</RN>","undefined","undefined","True","53","4","<AN>Frauen</AN>","132","-85.0","47.0","61.0","114.0","undefined","undefined","#232323","1620","psycho","True","diskutiert","psycho","psycho","undefined","undefined","undefined","0","0","0","0","0","84","0","84","0","0","84","84","84","0","84","0","50","-810.0","-270.5","5","1003.0","81.80713644371134","Tue Jul 28 13:53:00 2026","The main experiment item","False","Im Rahmen einer städtischen Planungsrunde wird über die zukünftige Mobilität und den Ausbau des Nahverkehrs diskutiert. Die <RN>Ingenieure</RN> diskutieren über nachhaltige Verkehrskonzepte und setzen sich für den Ausbau des ÖPNV ein, doch diese <AN>Frauen</AN> lehnen die Vorschläge ab. Die nächsten Schritte werden derzeit kontrovers diskutiert.","experiment.osexp","D:\ET_course_project_gender-bias\experiment","False","mono","False","39","no","white","no","yes","1080","4","space","psycho","178.0","3.0","117","1","84","84","D:\ET_course_project_gender-bias\experiment\subject-4.csv","150","psycho","an_found","Neonatal Nightingale","4.1.14","461.0","178.0","2","0","space","NA","space","space","space","9500.134599998943","NA","16807.517200000802","9500.134599998943","True","53","2","<RN>Ingenieure</RN>","225","480.0","705.0","-173.0","-120.0","2","psycho","4","Im Rahmen einer städtischen Planungsrunde wird über die zukünftige Mobilität und den Ausbau des Nahverkehrs diskutiert. Die <RN>Ingenieurinnen</RN> diskutieren über nachhaltige Verkehrskonzepte und setzen sich für den Ausbau des ÖPNV ein, doch diese <AN>Männer</AN> lehnen die Vorschläge ab. Die nächsten Schritte werden derzeit kontrovers diskutiert.","Bei einem Networking-Event stehen wirtschaftspolitische und gesellschaftliche Fragestellungen im Mittelpunkt der Diskussion. Die <RN>Unternehmer</RN> brauchen weniger bürokratische Hürden und sprechen über Verbesserungen, doch diese <AN>Männer</AN> fordern weitere steuerliche Entlastungen. Die Folgen dieser Positionen bleiben umstritten.","1","1024","2","48000","-16","53","4","132","47.0","179.0","61.0","114.0","experiment","4","even","521287.99450000044","-810.0","-290.0","NA","4502.37930000003","4502.87759999992","65907.66559999975","82715.88019999945","550175.2149999993","82764.2911999992","550175.266799999","64972.35249999903","NA","550075.7997000001","540575.0900000003","521275.95889999974","82764.32349999959","550174.9333000007","65901.37110000069","540571.3928000005","Experiment","0","0","0","14","1920","diskutiert.","53","25","243"
"<AN>Frauen</AN>","C6","<RN>Aktivist*innen</RN>","undefined","undefined","True","53","4","<AN>Frauen</AN>","132","-85.0","47.0","61.0","114.0","undefined","undefined","#232323","1620","psycho","True","diskutiert","psycho","psycho","undefined","undefined","undefined","0","0","0","0","0","85","0","85","0","0","85","85","85","0","85","0","50","-810.0","-270.5","5","1003.0","81.80713644371134","Tue Jul 28 13:53:00 2026","The main experiment item","False","Im Rahmen einer städtischen Planungsrunde wird über die zukünftige Mobilität und den Ausbau des Nahverkehrs diskutiert. Die <RN>Ingenieure</RN> diskutieren über nachhaltige Verkehrskonzepte und setzen sich für den Ausbau des ÖPNV ein, doch diese <AN>Frauen</AN> lehnen die Vorschläge ab. Die nächsten Schritte werden derzeit kontrovers diskutiert.","experiment.osexp","D:\ET_course_project_gender-bias\experiment","False","mono","False","39","no","white","no","yes","1080","11","space","psycho","178.0","3.0","117","2","85","85","D:\ET_course_project_gender-bias\experiment\subject-4.csv","150","psycho","an_found","Neonatal Nightingale","4.1.14","461.0","178.0","2","0","space","NA","space","space","space","9500.134599998943","NA","16807.517200000802","9500.134599998943","True","53","2","<RN>Ingenieure</RN>","225","480.0","705.0","-173.0","-120.0","2","psycho","4","Im Rahmen einer städtischen Planungsrunde wird über die zukünftige Mobilität und den Ausbau des Nahverkehrs diskutiert. Die <RN>Ingenieurinnen</RN> diskutieren über nachhaltige Verkehrskonzepte und setzen sich für den Ausbau des ÖPNV ein, doch diese <AN>Männer</AN> lehnen die Vorschläge ab. Die nächsten Schritte werden derzeit kontrovers diskutiert.","Auf einer öffentlichen Veranstaltung werden aktuelle wohnungs- und gesellschaftspolitische Themen diskutiert. Die <RN>Aktivist*innen</RN> fordern mehr bezahlbaren Wohnraum in Stuttgart und diskutieren faire Lösungsansätze, doch diese <AN>Frauen</AN> sehen die Verantwortung stärker beim Bund. Die Auswirkungen der Entscheidung werden noch geprüft.","1","1024","2","48000","-16","53","4","132","47.0","179.0","61.0","114.0","experiment","4","even","521287.99450000044","-810.0","-290.0","NA","4502.37930000003","4502.87759999992","65907.66559999975","82715.88019999945","550207.5538999997","82764.2911999992","550207.5910999993","64972.35249999903","NA","550075.7997000001","540575.0900000003","521275.95889999974","82764.32349999959","550207.4255000007","65901.37110000069","540571.3928000005","Experiment","0","0","0","14","1920","diskutiert.","53","25","243"
"<AN>Frauen</AN>","C2","<RN>Experten</RN>","undefined","undefined","True","53","4","<AN>Frauen</AN>","132","-85.0","47.0","61.0","114.0","undefined","undefined","#232323","1620","psycho","True","diskutiert","psycho","psycho","undefined","undefined","undefined","0","0","0","0","0","86","0","86","0","0","86","86","86","0","86","0","50","-810.0","-270.5","5","1003.0","81.80713644371134","Tue Jul 28 13:53:00 2026","The main experiment item","False","Im Rahmen einer städtischen Planungsrunde wird über die zukünftige Mobilität und den Ausbau des Nahverkehrs diskutiert. Die <RN>Ingenieure</RN> diskutieren über nachhaltige Verkehrskonzepte und setzen sich für den Ausbau des ÖPNV ein, doch diese <AN>Frauen</AN> lehnen die Vorschläge ab. Die nächsten Schritte werden derzeit kontrovers diskutiert.","experiment.osexp","D:\ET_course_project_gender-bias\experiment","False","mono","False","39","no","white","no","yes","1080","14","space","psycho","178.0","3.0","117","1","86","86","D:\ET_course_project_gender-bias\experiment\subject-4.csv","150","psycho","an_found","Neonatal Nightingale","4.1.14","461.0","178.0","2","0","space","NA","space","space","space","9500.134599998943","NA","16807.517200000802","9500.134599998943","True","53","2","<RN>Ingenieure</RN>","225","480.0","705.0","-173.0","-120.0","2","psycho","4","Im Rahmen einer städtischen Planungsrunde wird über die zukünftige Mobilität und den Ausbau des Nahverkehrs diskutiert. Die <RN>Ingenieurinnen</RN> diskutieren über nachhaltige Verkehrskonzepte und setzen sich für den Ausbau des ÖPNV ein, doch diese <AN>Männer</AN> lehnen die Vorschläge ab. Die nächsten Schritte werden derzeit kontrovers diskutiert.","Auf einer öffentlichen Veranstaltung stehen Investitionen und langfristige gesellschaftliche Entwicklungen zur Diskussion. Die <RN>Fachfrauen</RN> unterstützen höhere Investitionen und langfristige Entwicklungen, doch diese <AN>Männer</AN> kritisieren die Umsetzung. Die politischen Folgen werden unterschiedlich bewertet.","1","1024","2","48000","-16","53","4","132","47.0","179.0","61.0","114.0","experiment","4","even","521287.99450000044","-810.0","-290.0","NA","4502.37930000003","4502.87759999992","65907.66559999975","82715.88019999945","550234.8278999998","82764.2911999992","550234.8617000007","64972.35249999903","NA","550075.7997000001","540575.0900000003","521275.95889999974","82764.32349999959","550234.7427000004","65901.37110000069","540571.3928000005","Experiment","0","0","0","14","1920","diskutiert.","53","25","243"
"<AN>Männern</AN>","C1","<RN>Experten</RN>","undefined","undefined","True","53","4","<AN>Männern</AN>","158","-63.0","95.0","61.0","114.0","undefined","undefined","#232323","1620","psycho","True","geprüft","psycho","psycho","undefined","undefined","undefined","0","0","0","0","0","87","0","87","0","0","87","87","87","0","87","0","50","-810.0","-270.5","5","1364.0","92.0436024962083","Tue Jul 28 13:53:00 2026","The main experiment item","False","Im Rahmen einer universitären Veranstaltung werden aktuelle Fragestellungen der Rüstungsindustrie behandelt. Die große Mehrheit dieser <RN>Experten</RN> sehen eine stärkere Aufrüstung für Deutschland als notwendig, doch diese Gruppe von <AN>Männern</AN> kritisiert dessen Finanzierung. Die Auswirkungen der Entscheidung werden noch geprüft.","experiment.osexp","D:\ET_course_project_gender-bias\experiment","False","mono","False","39","no","white","no","yes","1080","10","space","psycho","178.0","3.0","117","4","87","87","D:\ET_course_project_gender-bias\experiment\subject-4.csv","150","psycho","an_found","Neonatal Nightingale","4.1.14","754.0","178.0","2","0","space","NA","space","space","space","13740.759000000311","NA","16807.517200000802","13740.759000000311","True","53","3","<RN>Experten</RN>","179","-651.0","-472.0","-56.0","-3.0","2","psycho","4","Im Rahmen einer universitären Veranstaltung werden aktuelle Fragestellungen der Rüstungsindustrie behandelt. Die große Mehrheit dieser <RN>Fachleute</RN> sehen eine stärkere Aufrüstung für Deutschland als notwendig, doch diese Gruppe von <AN>Frauen</AN> kritisiert dessen Finanzierung. Die Auswirkungen der Entscheidung werden noch geprüft.","Im Rahmen einer universitären Veranstaltung werden aktuelle Fragestellungen der Rüstungsindustrie behandelt. Die große Mehrheit dieser <RN>Fachleute</RN> sehen eine stärkere Aufrüstung für Deutschland als notwendig, doch diese Gruppe von <AN>Frauen</AN> kritisiert dessen Finanzierung. Die Auswirkungen der Entscheidung werden noch geprüft.","0","1024","2","48000","-16","53","4","158","95.0","253.0","61.0","114.0","experiment","4","even","550271.6822000002","-810.0","-290.0","NA","4502.37930000003","4502.87759999992","65907.66559999975","82715.88019999945","550260.5767000004","82764.2911999992","582841.649","64972.35249999903","NA","582796.1594000007","569054.4188999992","550260.612099999","82764.32349999959","550260.4821999994","65901.37110000069","569051.3449999999","Experiment","0","0","0","15","1920","geprüft.","53","25","175"
"<AN>Männer</AN>","C3","<RN>Ingenieurinnen</RN>","undefined","undefined","True","53","4","<AN>Männern</AN>","158","-63.0","95.0","61.0","114.0","undefined","undefined","#232323","1620","psycho","True","geprüft","psycho","psycho","undefined","undefined","undefined","0","0","0","0","0","88","0","88","0","0","88","88","88","0","88","0","50","-810.0","-270.5","5","1364.0","92.0436024962083","Tue Jul 28 13:53:00 2026","The main experiment item","False","Im Rahmen einer universitären Veranstaltung werden aktuelle Fragestellungen der Rüstungsindustrie behandelt. Die große Mehrheit dieser <RN>Experten</RN> sehen eine stärkere Aufrüstung für Deutschland als notwendig, doch diese Gruppe von <AN>Männern</AN> kritisiert dessen Finanzierung. Die Auswirkungen der Entscheidung werden noch geprüft.","experiment.osexp","D:\ET_course_project_gender-bias\experiment","False","mono","False","39","no","white","no","yes","1080","17","space","psycho","178.0","3.0","117","5","88","88","D:\ET_course_project_gender-bias\experiment\subject-4.csv","150","psycho","an_found","Neonatal Nightingale","4.1.14","754.0","178.0","2","0","space","NA","space","space","space","13740.759000000311","NA","16807.517200000802","13740.759000000311","True","53","3","<RN>Experten</RN>","179","-651.0","-472.0","-56.0","-3.0","2","psycho","4","Im Rahmen einer universitären Veranstaltung werden aktuelle Fragestellungen der Rüstungsindustrie behandelt. Die große Mehrheit dieser <RN>Fachleute</RN> sehen eine stärkere Aufrüstung für Deutschland als notwendig, doch diese Gruppe von <AN>Frauen</AN> kritisiert dessen Finanzierung. Die Auswirkungen der Entscheidung werden noch geprüft.","Im Rahmen einer städtischen Planungsrunde wird über die zukünftige Mobilität und den Ausbau des Nahverkehrs diskutiert. Die <RN>Ingenieurinnen</RN> diskutieren über nachhaltige Verkehrskonzepte und setzen sich für den Ausbau des ÖPNV ein, doch diese <AN>Männer</AN> lehnen die Vorschläge ab. Die nächsten Schritte werden derzeit kontrovers diskutiert.","1","1024","2","48000","-16","53","4","158","95.0","253.0","61.0","114.0","experiment","4","even","550271.6822000002","-810.0","-290.0","NA","4502.37930000003","4502.87759999992","65907.66559999975","82715.88019999945","582868.7921000001","82764.2911999992","582868.8516000002","64972.35249999903","NA","582796.1594000007","569054.4188999992","550260.612099999","82764.32349999959","582867.9792000003","65901.37110000069","569051.3449999999","Experiment","0","0","0","15","1920","geprüft.","53","25","175"
"<AN>Frauen</AN>","C4","<RN>Lehrerinnen</RN>","undefined","undefined","True","53","4","<AN>Männern</AN>","158","-63.0","95.0","61.0","114.0","undefined","undefined","#232323","1620","psycho","True","geprüft","psycho","psycho","undefined","undefined","undefined","0","0","0","0","0","89","0","89","0","0","89","89","89","0","89","0","50","-810.0","-270.5","5","1364.0","92.0436024962083","Tue Jul 28 13:53:00 2026","The main experiment item","False","Im Rahmen einer universitären Veranstaltung werden aktuelle Fragestellungen der Rüstungsindustrie behandelt. Die große Mehrheit dieser <RN>Experten</RN> sehen eine stärkere Aufrüstung für Deutschland als notwendig, doch diese Gruppe von <AN>Männern</AN> kritisiert dessen Finanzierung. Die Auswirkungen der Entscheidung werden noch geprüft.","experiment.osexp","D:\ET_course_project_gender-bias\experiment","False","mono","False","39","no","white","no","yes","1080","6","space","psycho","178.0","3.0","117","5","89","89","D:\ET_course_project_gender-bias\experiment\subject-4.csv","150","psycho","an_found","Neonatal Nightingale","4.1.14","754.0","178.0","2","0","space","NA","space","space","space","13740.759000000311","NA","16807.517200000802","13740.759000000311","True","53","3","<RN>Experten</RN>","179","-651.0","-472.0","-56.0","-3.0","2","psycho","4","Im Rahmen einer universitären Veranstaltung werden aktuelle Fragestellungen der Rüstungsindustrie behandelt. Die große Mehrheit dieser <RN>Fachleute</RN> sehen eine stärkere Aufrüstung für Deutschland als notwendig, doch diese Gruppe von <AN>Frauen</AN> kritisiert dessen Finanzierung. Die Auswirkungen der Entscheidung werden noch geprüft.","Auf einer Konferenz zu Bildungsfragen in Stuttgart wird derzeit über aktuelle schulische Themen gesprochen. Die <RN>Lehrer</RN> sollen mehr auf Disziplin und Konsequenzen im Unterricht setzen, doch aus pädagogischen Gründen lehnen diese <AN>Frauen</AN> die Vorschläge ab. Die kommenden Entwicklungen sind weiterhin Gegenstand von Diskussionen.","1","1024","2","48000","-16","53","4","158","95.0","253.0","61.0","114.0","experiment","4","even","550271.6822000002","-810.0","-290.0","NA","4502.37930000003","4502.87759999992","65907.66559999975","82715.88019999945","582896.3877999994","82764.2911999992","582896.4357000005","64972.35249999903","NA","582796.1594000007","569054.4188999992","550260.612099999","82764.32349999959","582896.1507999992","65901.37110000069","569051.3449999999","Experiment","0","0","0","15","1920","geprüft.","53","25","175"
"<AN>Männer</AN>","C5","<RN>Lehrer*innen</RN>","undefined","undefined","True","53","4","<AN>Männern</AN>","158","-63.0","95.0","61.0","114.0","undefined","undefined","#232323","1620","psycho","True","geprüft","psycho","psycho","undefined","undefined","undefined","0","0","0","0","0","90","0","90","0","0","90","90","90","0","90","0","50","-810.0","-270.5","5","1364.0","92.0436024962083","Tue Jul 28 13:53:00 2026","The main experiment item","False","Im Rahmen einer universitären Veranstaltung werden aktuelle Fragestellungen der Rüstungsindustrie behandelt. Die große Mehrheit dieser <RN>Experten</RN> sehen eine stärkere Aufrüstung für Deutschland als notwendig, doch diese Gruppe von <AN>Männern</AN> kritisiert dessen Finanzierung. Die Auswirkungen der Entscheidung werden noch geprüft.","experiment.osexp","D:\ET_course_project_gender-bias\experiment","False","mono","False","39","no","white","no","yes","1080","6","space","psycho","178.0","3.0","117","6","90","90","D:\ET_course_project_gender-bias\experiment\subject-4.csv","150","psycho","an_found","Neonatal Nightingale","4.1.14","754.0","178.0","2","0","space","NA","space","space","space","13740.759000000311","NA","16807.517200000802","13740.759000000311","True","53","3","<RN>Experten</RN>","179","-651.0","-472.0","-56.0","-3.0","2","psycho","4","Im Rahmen einer universitären Veranstaltung werden aktuelle Fragestellungen der Rüstungsindustrie behandelt. Die große Mehrheit dieser <RN>Fachleute</RN> sehen eine stärkere Aufrüstung für Deutschland als notwendig, doch diese Gruppe von <AN>Frauen</AN> kritisiert dessen Finanzierung. Die Auswirkungen der Entscheidung werden noch geprüft.","Auf einer Konferenz zu Bildungsfragen wird derzeit über aktuelle schulische Themen gesprochen. Die <RN>Lehrer</RN> sollen mehr auf Disziplin und Konsequenzen im Unterricht setzen, doch aus pädagogischen Gründen lehnen diese <AN>Frauen</AN> die Vorschläge ab. Die kommenden Entwicklungen sind weiterhin Gegenstand von Diskussionen.","1","1024","2","48000","-16","53","4","158","95.0","253.0","61.0","114.0","experiment","4","even","550271.6822000002","-810.0","-290.0","NA","4502.37930000003","4502.87759999992","65907.66559999975","82715.88019999945","582924.2281999995","82764.2911999992","582924.2819999999","64972.35249999903","NA","582796.1594000007","569054.4188999992","550260.612099999","82764.32349999959","582924.0582999992","65901.37110000069","569051.3449999999","Experiment","0","0","0","15","1920","geprüft.","53","25","175"
"<AN>Frauen</AN>","C2","<RN>Professoren</RN>","undefined","undefined","True","53","4","<AN>Männern</AN>","158","-63.0","95.0","61.0","114.0","undefined","undefined","#232323","1620","psycho","True","geprüft","psycho","psycho","undefined","undefined","undefined","0","0","0","0","0","91","0","91","0","0","91","91","91","0","91","0","50","-810.0","-270.5","5","1364.0","92.0436024962083","Tue Jul 28 13:53:00 2026","The main experiment item","False","Im Rahmen einer universitären Veranstaltung werden aktuelle Fragestellungen der Rüstungsindustrie behandelt. Die große Mehrheit dieser <RN>Experten</RN> sehen eine stärkere Aufrüstung für Deutschland als notwendig, doch diese Gruppe von <AN>Männern</AN> kritisiert dessen Finanzierung. Die Auswirkungen der Entscheidung werden noch geprüft.","experiment.osexp","D:\ET_course_project_gender-bias\experiment","False","mono","False","39","no","white","no","yes","1080","15","space","psycho","178.0","3.0","117","6","91","91","D:\ET_course_project_gender-bias\experiment\subject-4.csv","150","psycho","an_found","Neonatal Nightingale","4.1.14","754.0","178.0","2","0","space","NA","space","space","space","13740.759000000311","NA","16807.517200000802","13740.759000000311","True","53","3","<RN>Experten</RN>","179","-651.0","-472.0","-56.0","-3.0","2","psycho","4","Im Rahmen einer universitären Veranstaltung werden aktuelle Fragestellungen der Rüstungsindustrie behandelt. Die große Mehrheit dieser <RN>Fachleute</RN> sehen eine stärkere Aufrüstung für Deutschland als notwendig, doch diese Gruppe von <AN>Frauen</AN> kritisiert dessen Finanzierung. Die Auswirkungen der Entscheidung werden noch geprüft.","Im Rahmen einer öffentlichen Veranstaltung wird über die Zukunft der Hochschulen und die Forschungsförderung diskutiert. Die <RN>Professorinnen</RN> diskutieren über die Zukunft der Hochschulen und setzen sich für mehr Forschungsgelder ein, doch diese <AN>Männer</AN> lehnen die Vorschläge ab. Die nächsten Schritte werden derzeit kontrovers diskutiert.","1","1024","2","48000","-16","53","4","158","95.0","253.0","61.0","114.0","experiment","4","even","550271.6822000002","-810.0","-290.0","NA","4502.37930000003","4502.87759999992","65907.66559999975","82715.88019999945","582951.1717000005","82764.2911999992","582951.2087000003","64972.35249999903","NA","582796.1594000007","569054.4188999992","550260.612099999","82764.32349999959","582951.0769999997","65901.37110000069","569051.3449999999","Experiment","0","0","0","15","1920","geprüft.","53","25","175"
"<AN>Frauen</AN>","C2","<RN>Arbeitnehmer</RN>","undefined","undefined","True","53","4","<AN>Frauen</AN>","132","-305.0","-173.0","61.0","114.0","undefined","undefined","#232323","1620","psycho","True","offen","psycho","psycho","undefined","undefined","undefined","0","0","0","0","0","92","0","92","0","0","92","92","92","0","92","0","50","-810.0","-270.5","5","454.0","96.38014422898529","Tue Jul 28 13:53:00 2026","The main experiment item","False","Im Rahmen einer Geschäftsveranstaltung findet derzeit ein Austausch über Arbeitsbedingungen und gesellschaftliche Entwicklungen statt. Die <RN>Arbeitnehmer</RN> erwarten höhere Gehälter und klimatisierte Arbeitsplätze, trotzdem wollen diese <AN>Frauen</AN> auch weniger arbeiten. Die Frage nach den Konsequenzen bleibt offen.","experiment.osexp","D:\ET_course_project_gender-bias\experiment","False","mono","False","39","no","white","no","yes","1080","5","space","psycho","178.0","3.0","117","4","92","92","D:\ET_course_project_gender-bias\experiment\subject-4.csv","150","psycho","an_found","Neonatal Nightingale","4.1.14","-202.0","178.0","2","0","space","NA","space","space","space","5252.761699999566","NA","16807.517200000802","5252.761699999566","True","53","3","<RN>Arbeitnehmer</RN>","274","-810.0","-536.0","-56.0","-3.0","2","psycho","4","Im Rahmen einer Geschäftsveranstaltung findet derzeit ein Austausch über Arbeitsbedingungen und gesellschaftliche Entwicklungen statt. Die <RN>Arbeitnehmer*innen</RN> erwarten höhere Gehälter und klimatisierte Arbeitsplätze, trotzdem wollen diese <AN>Männer</AN> auch weniger arbeiten. Die Frage nach den Konsequenzen bleibt offen.","Im Rahmen einer Geschäftsveranstaltung findet derzeit ein Austausch über Arbeitsbedingungen und gesellschaftliche Entwicklungen statt. Die <RN>Arbeitnehmer*innen</RN> erwarten höhere Gehälter und klimatisierte Arbeitsplätze, trotzdem wollen diese <AN>Männer</AN> auch weniger arbeiten. Die Frage nach den Konsequenzen bleibt offen.","0","1024","2","48000","-16","53","4","132","-173.0","-41.0","61.0","114.0","experiment","4","even","582992.712199999","-810.0","-290.0","NA","4502.37930000003","4502.87759999992","65907.66559999975","82715.88019999945","582979.6391","82764.2911999992","606384.8591999995","64972.35249999903","NA","606339.7676999994","601086.4112","582979.6865999997","82764.32349999959","582979.3706","65901.37110000069","601083.1646999995","Experiment","0","0","0","16","1920","offen.","53","25","129"
"<AN>Frauen</AN>","C4","<RN>Pflegerinnen</RN>","undefined","undefined","True","53","4","<AN>Frauen</AN>","132","-305.0","-173.0","61.0","114.0","undefined","undefined","#232323","1620","psycho","True","offen","psycho","psycho","undefined","undefined","undefined","0","0","0","0","0","93","0","93","0","0","93","93","93","0","93","0","50","-810.0","-270.5","5","454.0","96.38014422898529","Tue Jul 28 13:53:00 2026","The main experiment item","False","Im Rahmen einer Geschäftsveranstaltung findet derzeit ein Austausch über Arbeitsbedingungen und gesellschaftliche Entwicklungen statt. Die <RN>Arbeitnehmer</RN> erwarten höhere Gehälter und klimatisierte Arbeitsplätze, trotzdem wollen diese <AN>Frauen</AN> auch weniger arbeiten. Die Frage nach den Konsequenzen bleibt offen.","experiment.osexp","D:\ET_course_project_gender-bias\experiment","False","mono","False","39","no","white","no","yes","1080","2","space","psycho","178.0","3.0","117","3","93","93","D:\ET_course_project_gender-bias\experiment\subject-4.csv","150","psycho","an_found","Neonatal Nightingale","4.1.14","-202.0","178.0","2","0","space","NA","space","space","space","5252.761699999566","NA","16807.517200000802","5252.761699999566","True","53","3","<RN>Arbeitnehmer</RN>","274","-810.0","-536.0","-56.0","-3.0","2","psycho","4","Im Rahmen einer Geschäftsveranstaltung findet derzeit ein Austausch über Arbeitsbedingungen und gesellschaftliche Entwicklungen statt. Die <RN>Arbeitnehmer*innen</RN> erwarten höhere Gehälter und klimatisierte Arbeitsplätze, trotzdem wollen diese <AN>Männer</AN> auch weniger arbeiten. Die Frage nach den Konsequenzen bleibt offen.","Im Rahmen einer Gesprächsrunde im Gesundheitswesen wird derzeit über aktuelle gesellschaftliche Herausforderungen diskutiert. Die <RN>Pflegekräfte</RN> verdienen bessere Arbeitsbedingungen und benötigen mehr Unterstützung, doch diese <AN>Männer</AN> fühlen sich politisch nicht ausreichend unterstützt. Die nächsten Schritte werden derzeit kontrovers diskutiert.","1","1024","2","48000","-16","53","4","132","-173.0","-41.0","61.0","114.0","experiment","4","even","582992.712199999","-810.0","-290.0","NA","4502.37930000003","4502.87759999992","65907.66559999975","82715.88019999945","606412.7069999995","82764.2911999992","606412.742999999","64972.35249999903","NA","606339.7676999994","601086.4112","582979.6865999997","82764.32349999959","606412.6104999996","65901.37110000069","601083.1646999995","Experiment","0","0","0","16","1920","offen.","53","25","129"
"<AN>Frauen</AN>","C6","<RN>Professor*innen</RN>","undefined","undefined","True","53","4","<AN>Frauen</AN>","132","-65.0","67.0","61.0","114.0","undefined","undefined","#232323","1620","psycho","True","diskutiert","psycho","psycho","undefined","undefined","undefined","0","0","0","0","0","94","0","94","0","0","94","94","94","0","94","0","50","-810.0","-270.5","5","1003.0","79.10382679997218","Tue Jul 28 13:53:00 2026","The main experiment item","False","Im Rahmen einer öffentlichen Veranstaltung wird über die Zukunft der Hochschulen und die Forschungsförderung diskutiert. Die <RN>Professor*innen</RN> diskutieren über die Zukunft der Hochschulen und setzen sich für mehr Forschungsgelder ein, doch diese <AN>Frauen</AN> lehnen die Vorschläge ab. Die nächsten Schritte werden derzeit kontrovers diskutiert.","experiment.osexp","D:\ET_course_project_gender-bias\experiment","False","mono","False","39","no","white","no","yes","1080","15","space","psycho","178.0","3.0","117","4","94","94","D:\ET_course_project_gender-bias\experiment\subject-4.csv","150","psycho","an_found","Neonatal Nightingale","4.1.14","461.0","178.0","2","0","space","NA","space","space","space","10660.905500000808","NA","16807.517200000802","10660.905500000808","True","53","2","<RN>Professor*innen</RN>","340","461.0","801.0","-173.0","-120.0","2","psycho","4","Im Rahmen einer öffentlichen Veranstaltung wird über die Zukunft der Hochschulen und die Forschungsförderung diskutiert. Die <RN>Professorinnen</RN> diskutieren über die Zukunft der Hochschulen und setzen sich für mehr Forschungsgelder ein, doch diese <AN>Männer</AN> lehnen die Vorschläge ab. Die nächsten Schritte werden derzeit kontrovers diskutiert.","Im Rahmen einer öffentlichen Veranstaltung wird über die Zukunft der Hochschulen und die Forschungsförderung diskutiert. Die <RN>Professorinnen</RN> diskutieren über die Zukunft der Hochschulen und setzen sich für mehr Forschungsgelder ein, doch diese <AN>Männer</AN> lehnen die Vorschläge ab. Die nächsten Schritte werden derzeit kontrovers diskutiert.","0","1024","2","48000","-16","53","4","132","67.0","199.0","61.0","114.0","experiment","4","even","606452.8291000006","-810.0","-290.0","NA","4502.37930000003","4502.87759999992","65907.66559999975","82715.88019999945","606440.9759999999","82764.2911999992","637192.8064999992","64972.35249999903","NA","637147.6853000004","626486.2745999999","606441.0193000003","82764.32349999959","606440.5308999994","65901.37110000069","626483.1295000004","Experiment","0","0","0","17","1920","diskutiert.","53","25","243"
"<AN>Männer</AN>","C5","<RN>Expert*innen</RN>","undefined","undefined","True","53","4","<AN>Männer</AN>","135","-223.0","-88.0","61.0","114.0","undefined","undefined","#232323","1620","psycho","True","bewertet","psycho","psycho","undefined","undefined","undefined","0","0","0","0","0","95","0","95","0","0","95","95","95","0","95","0","50","-810.0","-270.5","5","959.0","65.28600422510169","Tue Jul 28 13:53:00 2026","The main experiment item","False","Auf einer öffentlichen Veranstaltung stehen Investitionen und langfristige gesellschaftliche Entwicklungen zur Diskussion. Die <RN>Expert*innen</RN> unterstützen höhere Investitionen und langfristige Entwicklungen, doch diese <AN>Männer</AN> kritisieren die Umsetzung. Die politischen Folgen werden unterschiedlich bewertet.","experiment.osexp","D:\ET_course_project_gender-bias\experiment","False","mono","False","39","no","white","no","yes","1080","14","space","psycho","178.0","3.0","117","4","95","95","D:\ET_course_project_gender-bias\experiment\subject-4.csv","150","psycho","an_found","Neonatal Nightingale","4.1.14","371.0","178.0","2","0","space","NA","space","space","space","7460.2654999999795","NA","16807.517200000802","7460.2654999999795","True","53","3","<RN>Expert*innen</RN>","271","-810.0","-539.0","-56.0","-3.0","2","psycho","4","Auf einer öffentlichen Veranstaltung stehen Investitionen und langfristige gesellschaftliche Entwicklungen zur Diskussion. Die <RN>Fachfrauen</RN> unterstützen höhere Investitionen und langfristige Entwicklungen, doch diese <AN>Männer</AN> kritisieren die Umsetzung. Die politischen Folgen werden unterschiedlich bewertet.","Auf einer öffentlichen Veranstaltung stehen Investitionen und langfristige gesellschaftliche Entwicklungen zur Diskussion. Die <RN>Fachfrauen</RN> unterstützen höhere Investitionen und langfristige Entwicklungen, doch diese <AN>Männer</AN> kritisieren die Umsetzung. Die politischen Folgen werden unterschiedlich bewertet.","0","1024","2","48000","-16","53","4","135","-88.0","47.0","61.0","114.0","experiment","4","even","637232.226","-810.0","-290.0","NA","4502.37930000003","4502.87759999992","65907.66559999975","82715.88019999945","637220.1721999991","82764.2911999992","666825.0136999995","64972.35249999903","NA","666779.6813999994","659318.8757000007","637220.2264000007","82764.32349999959","637219.5541999991","65901.37110000069","659315.1481999994","Experiment","0","0","0","18","1920","bewertet.","53","25","197"
"<AN>Frauen</AN>","C6","<RN>Arbeitnehmer*innen</RN>","undefined","undefined","True","53","4","<AN>Männer</AN>","135","-223.0","-88.0","61.0","114.0","undefined","undefined","#232323","1620","psycho","True","bewertet","psycho","psycho","undefined","undefined","undefined","0","0","0","0","0","96","0","96","0","0","96","96","96","0","96","0","50","-810.0","-270.5","5","959.0","65.28600422510169","Tue Jul 28 13:53:00 2026","The main experiment item","False","Auf einer öffentlichen Veranstaltung stehen Investitionen und langfristige gesellschaftliche Entwicklungen zur Diskussion. Die <RN>Expert*innen</RN> unterstützen höhere Investitionen und langfristige Entwicklungen, doch diese <AN>Männer</AN> kritisieren die Umsetzung. Die politischen Folgen werden unterschiedlich bewertet.","experiment.osexp","D:\ET_course_project_gender-bias\experiment","False","mono","False","39","no","white","no","yes","1080","12","space","psycho","178.0","3.0","117","1","96","96","D:\ET_course_project_gender-bias\experiment\subject-4.csv","150","psycho","an_found","Neonatal Nightingale","4.1.14","371.0","178.0","2","0","space","NA","space","space","space","7460.2654999999795","NA","16807.517200000802","7460.2654999999795","True","53","3","<RN>Expert*innen</RN>","271","-810.0","-539.0","-56.0","-3.0","2","psycho","4","Auf einer öffentlichen Veranstaltung stehen Investitionen und langfristige gesellschaftliche Entwicklungen zur Diskussion. Die <RN>Fachfrauen</RN> unterstützen höhere Investitionen und langfristige Entwicklungen, doch diese <AN>Männer</AN> kritisieren die Umsetzung. Die politischen Folgen werden unterschiedlich bewertet.","Auf einer Gewerkschaftsveranstaltung wird derzeit über Löhne, Arbeitsbedingungen und Arbeitnehmerrechte diskutiert. Die <RN>Beschäftigten</RN> fordern bessere Bezahlung und faire Arbeitsbedingungen, doch diese <AN>Frauen</AN> sehen vor allem strukturelle Probleme. Die kommenden Entwicklungen sind weiterhin Gegenstand von Diskussionen.","1","1024","2","48000","-16","53","4","135","-88.0","47.0","61.0","114.0","experiment","4","even","637232.226","-810.0","-290.0","NA","4502.37930000003","4502.87759999992","65907.66559999975","82715.88019999945","667019.3593999993","82764.2911999992","667019.4087","64972.35249999903","NA","666779.6813999994","659318.8757000007","637220.2264000007","82764.32349999959","667018.7530000003","65901.37110000069","659315.1481999994","Experiment","0","0","0","18","1920","bewertet.","53","25","197"
"<AN>Frauen</AN>","C2","<RN>Lehrer</RN>","undefined","undefined","True","53","4","<AN>Männer</AN>","135","-223.0","-88.0","61.0","114.0","undefined","undefined","#232323","1620","psycho","True","bewertet","psycho","psycho","undefined","undefined","undefined","0","0","0","0","0","97","0","97","0","0","97","97","97","0","97","0","50","-810.0","-270.5","5","959.0","65.28600422510169","Tue Jul 28 13:53:00 2026","The main experiment item","False","Auf einer öffentlichen Veranstaltung stehen Investitionen und langfristige gesellschaftliche Entwicklungen zur Diskussion. Die <RN>Expert*innen</RN> unterstützen höhere Investitionen und langfristige Entwicklungen, doch diese <AN>Männer</AN> kritisieren die Umsetzung. Die politischen Folgen werden unterschiedlich bewertet.","experiment.osexp","D:\ET_course_project_gender-bias\experiment","False","mono","False","39","no","white","no","yes","1080","6","space","psycho","178.0","3.0","117","3","97","97","D:\ET_course_project_gender-bias\experiment\subject-4.csv","150","psycho","an_found","Neonatal Nightingale","4.1.14","371.0","178.0","2","0","space","NA","space","space","space","7460.2654999999795","NA","16807.517200000802","7460.2654999999795","True","53","3","<RN>Expert*innen</RN>","271","-810.0","-539.0","-56.0","-3.0","2","psycho","4","Auf einer öffentlichen Veranstaltung stehen Investitionen und langfristige gesellschaftliche Entwicklungen zur Diskussion. Die <RN>Fachfrauen</RN> unterstützen höhere Investitionen und langfristige Entwicklungen, doch diese <AN>Männer</AN> kritisieren die Umsetzung. Die politischen Folgen werden unterschiedlich bewertet.","Auf einer Konferenz zu Bildungsfragen in Stuttgart  wird derzeit über aktuelle schulische Themen gesprochen. Die <RN>Lehrer</RN> sollen mehr auf Disziplin und Konsequenzen im Unterricht setzen, doch aus pädagogischen Gründen lehnen diese <AN>Frauen</AN> die Vorschläge ab. Die kommenden Entwicklungen sind weiterhin Gegenstand von Diskussionen.","1","1024","2","48000","-16","53","4","135","-88.0","47.0","61.0","114.0","experiment","4","even","637232.226","-810.0","-290.0","NA","4502.37930000003","4502.87759999992","65907.66559999975","82715.88019999945","667046.4054999993","82764.2911999992","667046.4441999993","64972.35249999903","NA","666779.6813999994","659318.8757000007","637220.2264000007","82764.32349999959","667046.2150999992","65901.37110000069","659315.1481999994","Experiment","0","0","0","18","1920","bewertet.","53","25","197"
"<AN>Frauen</AN>","C6","<RN>Einwohner*innen</RN>","undefined","undefined","True","53","4","<AN>Männer</AN>","135","-223.0","-88.0","61.0","114.0","undefined","undefined","#232323","1620","psycho","True","bewertet","psycho","psycho","undefined","undefined","undefined","0","0","0","0","0","98","0","98","0","0","98","98","98","0","98","0","50","-810.0","-270.5","5","959.0","65.28600422510169","Tue Jul 28 13:53:00 2026","The main experiment item","False","Auf einer öffentlichen Veranstaltung stehen Investitionen und langfristige gesellschaftliche Entwicklungen zur Diskussion. Die <RN>Expert*innen</RN> unterstützen höhere Investitionen und langfristige Entwicklungen, doch diese <AN>Männer</AN> kritisieren die Umsetzung. Die politischen Folgen werden unterschiedlich bewertet.","experiment.osexp","D:\ET_course_project_gender-bias\experiment","False","mono","False","39","no","white","no","yes","1080","8","space","psycho","178.0","3.0","117","5","98","98","D:\ET_course_project_gender-bias\experiment\subject-4.csv","150","psycho","an_found","Neonatal Nightingale","4.1.14","371.0","178.0","2","0","space","NA","space","space","space","7460.2654999999795","NA","16807.517200000802","7460.2654999999795","True","53","3","<RN>Expert*innen</RN>","271","-810.0","-539.0","-56.0","-3.0","2","psycho","4","Auf einer öffentlichen Veranstaltung stehen Investitionen und langfristige gesellschaftliche Entwicklungen zur Diskussion. Die <RN>Fachfrauen</RN> unterstützen höhere Investitionen und langfristige Entwicklungen, doch diese <AN>Männer</AN> kritisieren die Umsetzung. Die politischen Folgen werden unterschiedlich bewertet.","Im Rahmen einer öffentlichen Veranstaltung wird derzeit über Fragen der inneren Sicherheit und gesellschaftliche Entwicklungen gesprochen. Die <RN>Bürger</RN> diskutieren über Fragen der Sicherheit bezüglich der aktuellen Krise, doch diese <AN>Männer</AN> fordern härtere Maßnahmen. Die weiteren Maßnahmen stoßen auf geteilte Reaktionen.","1","1024","2","48000","-16","53","4","135","-88.0","47.0","61.0","114.0","experiment","4","even","637232.226","-810.0","-290.0","NA","4502.37930000003","4502.87759999992","65907.66559999975","82715.88019999945","667073.9171999994","82764.2911999992","667073.9575000007","64972.35249999903","NA","666779.6813999994","659318.8757000007","637220.2264000007","82764.32349999959","667073.7482999994","65901.37110000069","659315.1481999994","Experiment","0","0","0","18","1920","bewertet.","53","25","197"
"<AN>Männer</AN>","C1","<RN>Einwohner</RN>","undefined","undefined","True","53","4","<AN>Männer</AN>","135","-223.0","-88.0","61.0","114.0","undefined","undefined","#232323","1620","psycho","True","bewertet","psycho","psycho","undefined","undefined","undefined","0","0","0","0","0","99","0","99","0","0","99","99","99","0","99","0","50","-810.0","-270.5","5","959.0","65.28600422510169","Tue Jul 28 13:53:00 2026","The main experiment item","False","Auf einer öffentlichen Veranstaltung stehen Investitionen und langfristige gesellschaftliche Entwicklungen zur Diskussion. Die <RN>Expert*innen</RN> unterstützen höhere Investitionen und langfristige Entwicklungen, doch diese <AN>Männer</AN> kritisieren die Umsetzung. Die politischen Folgen werden unterschiedlich bewertet.","experiment.osexp","D:\ET_course_project_gender-bias\experiment","False","mono","False","39","no","white","no","yes","1080","8","space","psycho","178.0","3.0","117","6","99","99","D:\ET_course_project_gender-bias\experiment\subject-4.csv","150","psycho","an_found","Neonatal Nightingale","4.1.14","371.0","178.0","2","0","space","NA","space","space","space","7460.2654999999795","NA","16807.517200000802","7460.2654999999795","True","53","3","<RN>Expert*innen</RN>","271","-810.0","-539.0","-56.0","-3.0","2","psycho","4","Auf einer öffentlichen Veranstaltung stehen Investitionen und langfristige gesellschaftliche Entwicklungen zur Diskussion. Die <RN>Fachfrauen</RN> unterstützen höhere Investitionen und langfristige Entwicklungen, doch diese <AN>Männer</AN> kritisieren die Umsetzung. Die politischen Folgen werden unterschiedlich bewertet.","Im Rahmen einer öffentlichen Veranstaltung wird derzeit über Fragen der inneren Sicherheit und gesellschaftliche Entwicklungen gesprochen. Die <RN>Bürger</RN> diskutieren über Fragen der inneren Sicherheit bezüglich der aktuellen Krise, doch diese <AN>Männer</AN> fordern härtere Maßnahmen. Die weiteren Maßnahmen stoßen auf geteilte Reaktionen.","1","1024","2","48000","-16","53","4","135","-88.0","47.0","61.0","114.0","experiment","4","even","637232.226","-810.0","-290.0","NA","4502.37930000003","4502.87759999992","65907.66559999975","82715.88019999945","667100.9718000005","82764.2911999992","667101.0310999991","64972.35249999903","NA","666779.6813999994","659318.8757000007","637220.2264000007","82764.32349999959","667100.7523999996","65901.37110000069","659315.1481999994","Experiment","0","0","0","18","1920","bewertet.","53","25","197"
"<AN>Männer</AN>","C5","<RN>Unternehmer*innen</RN>","undefined","undefined","True","53","4","<AN>Männer</AN>","135","-223.0","-88.0","61.0","114.0","undefined","undefined","#232323","1620","psycho","True","bewertet","psycho","psycho","undefined","undefined","undefined","0","0","0","0","0","100","0","100","0","0","100","100","100","0","100","0","50","-810.0","-270.5","5","959.0","65.28600422510169","Tue Jul 28 13:53:00 2026","The main experiment item","False","Auf einer öffentlichen Veranstaltung stehen Investitionen und langfristige gesellschaftliche Entwicklungen zur Diskussion. Die <RN>Expert*innen</RN> unterstützen höhere Investitionen und langfristige Entwicklungen, doch diese <AN>Männer</AN> kritisieren die Umsetzung. Die politischen Folgen werden unterschiedlich bewertet.","experiment.osexp","D:\ET_course_project_gender-bias\experiment","False","mono","False","39","no","white","no","yes","1080","4","space","psycho","178.0","3.0","117","2","100","100","D:\ET_course_project_gender-bias\experiment\subject-4.csv","150","psycho","an_found","Neonatal Nightingale","4.1.14","371.0","178.0","2","0","space","NA","space","space","space","7460.2654999999795","NA","16807.517200000802","7460.2654999999795","True","53","3","<RN>Expert*innen</RN>","271","-810.0","-539.0","-56.0","-3.0","2","psycho","4","Auf einer öffentlichen Veranstaltung stehen Investitionen und langfristige gesellschaftliche Entwicklungen zur Diskussion. Die <RN>Fachfrauen</RN> unterstützen höhere Investitionen und langfristige Entwicklungen, doch diese <AN>Männer</AN> kritisieren die Umsetzung. Die politischen Folgen werden unterschiedlich bewertet.","Bei einem Networking-Event stehen wirtschaftspolitische und gesellschaftliche Fragestellungen im Mittelpunkt der Diskussion. Die <RN>Unternehmer</RN> brauchen weniger bürokratische Hürden und sprechen über Verbesserungen, doch diese <AN>Männer</AN> fordern weitere steuerliche Entlastungen. Die Folgen dieser Positionen bleiben umstritten.","1","1024","2","48000","-16","53","4","135","-88.0","47.0","61.0","114.0","experiment","4","even","637232.226","-810.0","-290.0","NA","4502.37930000003","4502.87759999992","65907.66559999975","82715.88019999945","667127.7539000002","82764.2911999992","667127.7945999991","64972.35249999903","NA","666779.6813999994","659318.8757000007","637220.2264000007","82764.32349999959","667127.5635000002","65901.37110000069","659315.1481999994","Experiment","0","0","0","18","1920","bewertet.","53","25","197"
"<AN>Frauen</AN>","C4","<RN>Expertinnen</RN>","undefined","undefined","True","53","4","<AN>Männer</AN>","135","-223.0","-88.0","61.0","114.0","undefined","undefined","#232323","1620","psycho","True","bewertet","psycho","psycho","undefined","undefined","undefined","0","0","0","0","0","101","0","101","0","0","101","101","101","0","101","0","50","-810.0","-270.5","5","959.0","65.28600422510169","Tue Jul 28 13:53:00 2026","The main experiment item","False","Auf einer öffentlichen Veranstaltung stehen Investitionen und langfristige gesellschaftliche Entwicklungen zur Diskussion. Die <RN>Expert*innen</RN> unterstützen höhere Investitionen und langfristige Entwicklungen, doch diese <AN>Männer</AN> kritisieren die Umsetzung. Die politischen Folgen werden unterschiedlich bewertet.","experiment.osexp","D:\ET_course_project_gender-bias\experiment","False","mono","False","39","no","white","no","yes","1080","14","space","psycho","178.0","3.0","117","3","101","101","D:\ET_course_project_gender-bias\experiment\subject-4.csv","150","psycho","an_found","Neonatal Nightingale","4.1.14","371.0","178.0","2","0","space","NA","space","space","space","7460.2654999999795","NA","16807.517200000802","7460.2654999999795","True","53","3","<RN>Expert*innen</RN>","271","-810.0","-539.0","-56.0","-3.0","2","psycho","4","Auf einer öffentlichen Veranstaltung stehen Investitionen und langfristige gesellschaftliche Entwicklungen zur Diskussion. Die <RN>Fachfrauen</RN> unterstützen höhere Investitionen und langfristige Entwicklungen, doch diese <AN>Männer</AN> kritisieren die Umsetzung. Die politischen Folgen werden unterschiedlich bewertet.","Auf einer öffentlichen Veranstaltung stehen Investitionen und langfristige gesellschaftliche Entwicklungen zur Diskussion. Die <RN>Fachfrauen</RN> unterstützen höhere Investitionen und langfristige Entwicklungen, doch diese <AN>Männer</AN> kritisieren die Umsetzung. Die politischen Folgen werden unterschiedlich bewertet.","1","1024","2","48000","-16","53","4","135","-88.0","47.0","61.0","114.0","experiment","4","even","637232.226","-810.0","-290.0","NA","4502.37930000003","4502.87759999992","65907.66559999975","82715.88019999945","667155.0050000006","82764.2911999992","667155.0415000002","64972.35249999903","NA","666779.6813999994","659318.8757000007","637220.2264000007","82764.32349999959","667154.8313999992","65901.37110000069","659315.1481999994","Experiment","0","0","0","18","1920","bewertet.","53","25","197"
"<AN>Frauen</AN>","C6","<RN>Krankenpfleger*innen</RN>","undefined","undefined","True","53","4","<AN>Männer</AN>","135","-223.0","-88.0","61.0","114.0","undefined","undefined","#232323","1620","psycho","True","bewertet","psycho","psycho","undefined","undefined","undefined","0","0","0","0","0","102","0","102","0","0","102","102","102","0","102","0","50","-810.0","-270.5","5","959.0","65.28600422510169","Tue Jul 28 13:53:00 2026","The main experiment item","False","Auf einer öffentlichen Veranstaltung stehen Investitionen und langfristige gesellschaftliche Entwicklungen zur Diskussion. Die <RN>Expert*innen</RN> unterstützen höhere Investitionen und langfristige Entwicklungen, doch diese <AN>Männer</AN> kritisieren die Umsetzung. Die politischen Folgen werden unterschiedlich bewertet.","experiment.osexp","D:\ET_course_project_gender-bias\experiment","False","mono","False","39","no","white","no","yes","1080","16","space","psycho","178.0","3.0","117","3","102","102","D:\ET_course_project_gender-bias\experiment\subject-4.csv","150","psycho","an_found","Neonatal Nightingale","4.1.14","371.0","178.0","2","0","space","NA","space","space","space","7460.2654999999795","NA","16807.517200000802","7460.2654999999795","True","53","3","<RN>Expert*innen</RN>","271","-810.0","-539.0","-56.0","-3.0","2","psycho","4","Auf einer öffentlichen Veranstaltung stehen Investitionen und langfristige gesellschaftliche Entwicklungen zur Diskussion. Die <RN>Fachfrauen</RN> unterstützen höhere Investitionen und langfristige Entwicklungen, doch diese <AN>Männer</AN> kritisieren die Umsetzung. Die politischen Folgen werden unterschiedlich bewertet.","Bei einer Informationsveranstaltung im Krankenhaus wird über aktuelle Impfreformen und deren Auswirkungen gesprochen. Die <RN>Krankenschwestern</RN> diskutieren über Long Covid und setzen sich für mehr Unterstützung ein, doch diese <AN>Männer</AN> lehnen die Vorschläge ab. Die nächsten Schritte werden derzeit kontrovers diskutiert.","1","1024","2","48000","-16","53","4","135","-88.0","47.0","61.0","114.0","experiment","4","even","637232.226","-810.0","-290.0","NA","4502.37930000003","4502.87759999992","65907.66559999975","82715.88019999945","667182.3236","82764.2911999992","667182.3758999999","64972.35249999903","NA","666779.6813999994","659318.8757000007","637220.2264000007","82764.32349999959","667182.0896999998","65901.37110000069","659315.1481999994","Experiment","0","0","0","18","1920","bewertet.","53","25","197"
"<AN>Männer</AN>","C1","<RN>Aktivisten</RN>","undefined","undefined","True","53","4","<AN>Männer</AN>","135","-223.0","-88.0","61.0","114.0","undefined","undefined","#232323","1620","psycho","True","bewertet","psycho","psycho","undefined","undefined","undefined","0","0","0","0","0","103","0","103","0","0","103","103","103","0","103","0","50","-810.0","-270.5","5","959.0","65.28600422510169","Tue Jul 28 13:53:00 2026","The main experiment item","False","Auf einer öffentlichen Veranstaltung stehen Investitionen und langfristige gesellschaftliche Entwicklungen zur Diskussion. Die <RN>Expert*innen</RN> unterstützen höhere Investitionen und langfristige Entwicklungen, doch diese <AN>Männer</AN> kritisieren die Umsetzung. Die politischen Folgen werden unterschiedlich bewertet.","experiment.osexp","D:\ET_course_project_gender-bias\experiment","False","mono","False","39","no","white","no","yes","1080","11","space","psycho","178.0","3.0","117","3","103","103","D:\ET_course_project_gender-bias\experiment\subject-4.csv","150","psycho","an_found","Neonatal Nightingale","4.1.14","371.0","178.0","2","0","space","NA","space","space","space","7460.2654999999795","NA","16807.517200000802","7460.2654999999795","True","53","3","<RN>Expert*innen</RN>","271","-810.0","-539.0","-56.0","-3.0","2","psycho","4","Auf einer öffentlichen Veranstaltung stehen Investitionen und langfristige gesellschaftliche Entwicklungen zur Diskussion. Die <RN>Fachfrauen</RN> unterstützen höhere Investitionen und langfristige Entwicklungen, doch diese <AN>Männer</AN> kritisieren die Umsetzung. Die politischen Folgen werden unterschiedlich bewertet.","Auf einer öffentlichen Veranstaltung werden aktuelle wohnungs- und gesellschaftspolitische Themen diskutiert. Die <RN>Aktivist*innen</RN> fordern mehr bezahlbaren Wohnraum in Stuttgart für alle und diskutieren faire Lösungsansätze, doch diese <AN>Frauen</AN> sehen die Verantwortung stärker beim Bund. Die Auswirkungen der Entscheidung werden noch geprüft.","1","1024","2","48000","-16","53","4","135","-88.0","47.0","61.0","114.0","experiment","4","even","637232.226","-810.0","-290.0","NA","4502.37930000003","4502.87759999992","65907.66559999975","82715.88019999945","667207.9250000006","82764.2911999992","667207.9611999998","64972.35249999903","NA","666779.6813999994","659318.8757000007","637220.2264000007","82764.32349999959","667207.8413","65901.37110000069","659315.1481999994","Experiment","0","0","0","18","1920","bewertet.","53","25","197"
"<AN>Frauen</AN>","C4","<RN>Expertinnen</RN>","undefined","undefined","True","53","4","<AN>Männer</AN>","135","-223.0","-88.0","61.0","114.0","undefined","undefined","#232323","1620","psycho","True","bewertet","psycho","psycho","undefined","undefined","undefined","0","0","0","0","0","104","0","104","0","0","104","104","104","0","104","0","50","-810.0","-270.5","5","959.0","65.28600422510169","Tue Jul 28 13:53:00 2026","The main experiment item","False","Auf einer öffentlichen Veranstaltung stehen Investitionen und langfristige gesellschaftliche Entwicklungen zur Diskussion. Die <RN>Expert*innen</RN> unterstützen höhere Investitionen und langfristige Entwicklungen, doch diese <AN>Männer</AN> kritisieren die Umsetzung. Die politischen Folgen werden unterschiedlich bewertet.","experiment.osexp","D:\ET_course_project_gender-bias\experiment","False","mono","False","39","no","white","no","yes","1080","10","space","psycho","178.0","3.0","117","1","104","104","D:\ET_course_project_gender-bias\experiment\subject-4.csv","150","psycho","an_found","Neonatal Nightingale","4.1.14","371.0","178.0","2","0","space","NA","space","space","space","7460.2654999999795","NA","16807.517200000802","7460.2654999999795","True","53","3","<RN>Expert*innen</RN>","271","-810.0","-539.0","-56.0","-3.0","2","psycho","4","Auf einer öffentlichen Veranstaltung stehen Investitionen und langfristige gesellschaftliche Entwicklungen zur Diskussion. Die <RN>Fachfrauen</RN> unterstützen höhere Investitionen und langfristige Entwicklungen, doch diese <AN>Männer</AN> kritisieren die Umsetzung. Die politischen Folgen werden unterschiedlich bewertet.","Im Rahmen einer universitären Veranstaltung werden aktuelle Fragestellungen der Rüstungsindustrie behandelt. Die große Mehrheit dieser <RN>Fachleute</RN> sieht eine stärkere Aufrüstung für Deutschland als notwendig, doch diese Gruppe von <AN>Frauen</AN> kritisiert dessen Finanzierung. Die Auswirkungen der Entscheidung werden noch geprüft.","1","1024","2","48000","-16","53","4","135","-88.0","47.0","61.0","114.0","experiment","4","even","637232.226","-810.0","-290.0","NA","4502.37930000003","4502.87759999992","65907.66559999975","82715.88019999945","667234.5528999994","82764.2911999992","667234.5905999992","64972.35249999903","NA","666779.6813999994","659318.8757000007","637220.2264000007","82764.32349999959","667234.4066000006","65901.37110000069","659315.1481999994","Experiment","0","0","0","18","1920","bewertet.","53","25","197"
"<AN>Männer</AN>","C3","<RN>Pflegerinnen</RN>","undefined","undefined","True","53","4","<AN>Männer</AN>","135","-223.0","-88.0","61.0","114.0","undefined","undefined","#232323","1620","psycho","True","bewertet","psycho","psycho","undefined","undefined","undefined","0","0","0","0","0","105","0","105","0","0","105","105","105","0","105","0","50","-810.0","-270.5","5","959.0","65.28600422510169","Tue Jul 28 13:53:00 2026","The main experiment item","False","Auf einer öffentlichen Veranstaltung stehen Investitionen und langfristige gesellschaftliche Entwicklungen zur Diskussion. Die <RN>Expert*innen</RN> unterstützen höhere Investitionen und langfristige Entwicklungen, doch diese <AN>Männer</AN> kritisieren die Umsetzung. Die politischen Folgen werden unterschiedlich bewertet.","experiment.osexp","D:\ET_course_project_gender-bias\experiment","False","mono","False","39","no","white","no","yes","1080","2","space","psycho","178.0","3.0","117","2","105","105","D:\ET_course_project_gender-bias\experiment\subject-4.csv","150","psycho","an_found","Neonatal Nightingale","4.1.14","371.0","178.0","2","0","space","NA","space","space","space","7460.2654999999795","NA","16807.517200000802","7460.2654999999795","True","53","3","<RN>Expert*innen</RN>","271","-810.0","-539.0","-56.0","-3.0","2","psycho","4","Auf einer öffentlichen Veranstaltung stehen Investitionen und langfristige gesellschaftliche Entwicklungen zur Diskussion. Die <RN>Fachfrauen</RN> unterstützen höhere Investitionen und langfristige Entwicklungen, doch diese <AN>Männer</AN> kritisieren die Umsetzung. Die politischen Folgen werden unterschiedlich bewertet.","Im Rahmen einer Gesprächsrunde im Gesundheitswesen wird derzeit über aktuelle gesellschaftliche Herausforderungen diskutiert. Die <RN>Pflegekräfte</RN> verdienen bessere Arbeitsbedingungen und benötigen mehr Unterstützung, doch diese <AN>Männer</AN> fühlen sich politisch nicht ausreichend unterstützt. Die nächsten Schritte werden derzeit kontrovers diskutiert.","1","1024","2","48000","-16","53","4","135","-88.0","47.0","61.0","114.0","experiment","4","even","637232.226","-810.0","-290.0","NA","4502.37930000003","4502.87759999992","65907.66559999975","82715.88019999945","667262.3211999999","82764.2911999992","667262.3607999994","64972.35249999903","NA","666779.6813999994","659318.8757000007","637220.2264000007","82764.32349999959","667262.2315999997","65901.37110000069","659315.1481999994","Experiment","0","0","0","18","1920","bewertet.","53","25","197"
"<AN>Männer</AN>","C1","<RN>Experten</RN>","undefined","undefined","True","53","4","<AN>Männer</AN>","135","-223.0","-88.0","61.0","114.0","undefined","undefined","#232323","1620","psycho","True","bewertet","psycho","psycho","undefined","undefined","undefined","0","0","0","0","0","106","0","106","0","0","106","106","106","0","106","0","50","-810.0","-270.5","5","959.0","65.28600422510169","Tue Jul 28 13:53:00 2026","The main experiment item","False","Auf einer öffentlichen Veranstaltung stehen Investitionen und langfristige gesellschaftliche Entwicklungen zur Diskussion. Die <RN>Expert*innen</RN> unterstützen höhere Investitionen und langfristige Entwicklungen, doch diese <AN>Männer</AN> kritisieren die Umsetzung. Die politischen Folgen werden unterschiedlich bewertet.","experiment.osexp","D:\ET_course_project_gender-bias\experiment","False","mono","False","39","no","white","no","yes","1080","7","space","psycho","178.0","3.0","117","1","106","106","D:\ET_course_project_gender-bias\experiment\subject-4.csv","150","psycho","an_found","Neonatal Nightingale","4.1.14","371.0","178.0","2","0","space","NA","space","space","space","7460.2654999999795","NA","16807.517200000802","7460.2654999999795","True","53","3","<RN>Expert*innen</RN>","271","-810.0","-539.0","-56.0","-3.0","2","psycho","4","Auf einer öffentlichen Veranstaltung stehen Investitionen und langfristige gesellschaftliche Entwicklungen zur Diskussion. Die <RN>Fachfrauen</RN> unterstützen höhere Investitionen und langfristige Entwicklungen, doch diese <AN>Männer</AN> kritisieren die Umsetzung. Die politischen Folgen werden unterschiedlich bewertet.","Beim Sommerfest eines Unternehmens wird über wirtschaftliche Entwicklungen und gesellschaftliche Herausforderungen diskutiert. Die <RN>Fachleute</RN> sehen große Herausforderungen im nächsten Geschäftsjahr, dennoch bleiben diese <AN>Männer</AN> optimistisch. Die unternehmerischen Folgen werden unterschiedlich bewertet.","1","1024","2","48000","-16","53","4","135","-88.0","47.0","61.0","114.0","experiment","4","even","637232.226","-810.0","-290.0","NA","4502.37930000003","4502.87759999992","65907.66559999975","82715.88019999945","667288.5179999993","82764.2911999992","667288.5566000005","64972.35249999903","NA","666779.6813999994","659318.8757000007","637220.2264000007","82764.32349999959","667288.3404999994","65901.37110000069","659315.1481999994","Experiment","0","0","0","18","1920","bewertet.","53","25","197"
"<AN>Männer</AN>","C3","<RN>Einwohnerinnen</RN>","undefined","undefined","True","53","4","<AN>Männer</AN>","135","-223.0","-88.0","61.0","114.0","undefined","undefined","#232323","1620","psycho","True","bewertet","psycho","psycho","undefined","undefined","undefined","0","0","0","0","0","107","0","107","0","0","107","107","107","0","107","0","50","-810.0","-270.5","5","959.0","65.28600422510169","Tue Jul 28 13:53:00 2026","The main experiment item","False","Auf einer öffentlichen Veranstaltung stehen Investitionen und langfristige gesellschaftliche Entwicklungen zur Diskussion. Die <RN>Expert*innen</RN> unterstützen höhere Investitionen und langfristige Entwicklungen, doch diese <AN>Männer</AN> kritisieren die Umsetzung. Die politischen Folgen werden unterschiedlich bewertet.","experiment.osexp","D:\ET_course_project_gender-bias\experiment","False","mono","False","39","no","white","no","yes","1080","8","space","psycho","178.0","3.0","117","2","107","107","D:\ET_course_project_gender-bias\experiment\subject-4.csv","150","psycho","an_found","Neonatal Nightingale","4.1.14","371.0","178.0","2","0","space","NA","space","space","space","7460.2654999999795","NA","16807.517200000802","7460.2654999999795","True","53","3","<RN>Expert*innen</RN>","271","-810.0","-539.0","-56.0","-3.0","2","psycho","4","Auf einer öffentlichen Veranstaltung stehen Investitionen und langfristige gesellschaftliche Entwicklungen zur Diskussion. Die <RN>Fachfrauen</RN> unterstützen höhere Investitionen und langfristige Entwicklungen, doch diese <AN>Männer</AN> kritisieren die Umsetzung. Die politischen Folgen werden unterschiedlich bewertet.","Im Rahmen einer öffentlichen Veranstaltung wird derzeit über Fragen der inneren Sicherheit und gesellschaftliche Entwicklungen gesprochen. Die <RN>Bürger</RN> diskutieren über Fragen der inneren Sicherheit bezüglich der aktuellen Krise, doch diese <AN>Männer</AN> fordern härtere Maßnahmen. Die weiteren Maßnahmen stoßen auf geteilte Reaktionen.","1","1024","2","48000","-16","53","4","135","-88.0","47.0","61.0","114.0","experiment","4","even","637232.226","-810.0","-290.0","NA","4502.37930000003","4502.87759999992","65907.66559999975","82715.88019999945","667320.329099999","82764.2911999992","667320.3807999998","64972.35249999903","NA","666779.6813999994","659318.8757000007","637220.2264000007","82764.32349999959","667320.0811000007","65901.37110000069","659315.1481999994","Experiment","0","0","0","18","1920","bewertet.","53","25","197"
