"AN","Code","RN","acc","accuracy","an_found","an_height","an_line","an_text","an_width","an_x1","an_x2","an_y1","an_y2","average_response_time","avg_rt","background","box_width","canvas_backend","central_fixation","clean_word","clock_backend","color_backend","correct","correct_instruction","correct_question_sketchpad","count_ending_sketchpad","count_experiment","count_eyetracker_calibration","count_instruction","count_instruction_pygaze_log","count_list_filter","count_liste_auswahl","count_logger","count_pygaze_start_recording","count_pygaze_stop_recording","count_question_pygaze_log","count_question_sketchpad","count_sentence_script","count_trial_loop","count_trial_sequence","count_var_init_inline_script","cross_size","cross_x","cross_y","current_line","current_line_width","d","datetime","description","disable_garbage_collection","display_sentence","experiment_file","experiment_path","font_bold","font_family","font_italic","font_size","font_underline","foreground","form_clicks","fullscreen","height","item","key","keyboard_backend","last_line_y","line_height_factor","line_spacing","list","live_row","live_row_trial_loop","logfile","margin","mouse_backend","name","opensesame_codename","opensesame_version","position_x","position_y","psychopy_screen","repeat_cycle","response","response_ending_sketchpad","response_instruction","response_key","response_question_sketchpad","response_time","response_time_ending_sketchpad","response_time_instruction","response_time_question_sketchpad","rn_found","rn_height","rn_line","rn_text","rn_width","rn_x1","rn_x2","rn_y1","rn_y2","round_decimals","sampler_backend","selected_list","sentence","sentence_text","skip_trial","sound_buf_size","sound_channels","sound_freq","sound_sample_size","spill_height","spill_line","spill_width","spill_x1","spill_x2","spill_y1","spill_y2","start","subject_nr","subject_parity","t0","text_start_x","text_start_y","time_ending_sketchpad","time_experiment","time_eyetracker_calibration","time_instruction","time_instruction_pygaze_log","time_list_filter","time_liste_auswahl","time_logger","time_pygaze_start_recording","time_pygaze_stop_recording","time_question_pygaze_log","time_question_sketchpad","time_sentence_script","time_trial_loop","time_trial_sequence","time_var_init_inline_script","timestamp","title","total_correct","total_response_time","total_responses","trial_counter","width","word","word_height","word_spacing","word_width"
"<AN>Männer</AN>","C5","<RN>Expert*innen</RN>","undefined","undefined","None","None","None","None","None","None","None","None","None","undefined","undefined","#232323","None","psycho","None","None","psycho","psycho","undefined","undefined","None","0","0","0","0","0","0","0","0","0","0","0","0","0","0","0","0","None","None","None","None","None","None","Tue Aug  4 09:10:34 2026","The main experiment item","False","None","experiment.osexp","D:\ET_course_project_gender-bias\experiment","False","mono","False","18","no","white","no","yes","1080","7","None","psycho","None","None","None","5","0","0","D:\ET_course_project_gender-bias\experiment\subject-7.csv","None","psycho","an_found","Neonatal Nightingale","4.1.14","None","None","2","0","space","NA","space","None","NA","8996.33559997892","NA","8996.33559997892","NA","None","None","None","None","None","None","None","None","None","2","psycho","1","None","Beim Sommerfest eines Unternehmens wird über wirtschaftliche Entwicklungen und gesellschaftliche Herausforderungen diskutiert. Die <RN>Fachleute</RN> sehen große Herausforderungen im nächsten Geschäftsjahr, dennoch bleiben diese <AN>Männer</AN> optimistisch. Die unternehmerischen Folgen werden unterschiedlich bewertet.","1","1024","2","48000","-16","None","None","None","None","None","None","None","experiment","7","odd","None","None","None","NA","4466.516299988143","4466.8862000107765","35854.63860002346","44851.59550001845","44928.2539000269","44901.59860003041","44928.309999988414","35636.02939998964","NA","NA","NA","NA","44901.64579998236","44928.04680002155","35849.3301999988","None","Experiment","0","0","0","0","1920","None","None","None","None"
"<AN>Männer</AN>","C5","<RN>Einwohner*innen</RN>","undefined","undefined","None","None","None","None","None","None","None","None","None","undefined","undefined","#232323","None","psycho","None","None","psycho","psycho","undefined","undefined","None","0","0","0","0","0","1","0","1","0","0","1","1","1","0","1","0","None","None","None","None","None","None","Tue Aug  4 09:10:34 2026","The main experiment item","False","None","experiment.osexp","D:\ET_course_project_gender-bias\experiment","False","mono","False","18","no","white","no","yes","1080","8","None","psycho","None","None","None","4","1","1","D:\ET_course_project_gender-bias\experiment\subject-7.csv","None","psycho","an_found","Neonatal Nightingale","4.1.14","None","None","2","0","space","NA","space","None","NA","8996.33559997892","NA","8996.33559997892","NA","None","None","None","None","None","None","None","None","None","2","psycho","1","None","Im Rahmen einer öffentlichen Veranstaltung wird derzeit über Fragen der inneren Sicherheit und gesellschaftliche Entwicklungen gesprochen. Die <RN>Bürger</RN> diskutieren über Fragen der Sicherheit bezüglich der aktuellen Krise, doch diese <AN>Männer</AN> fordern härtere Maßnahmen. Die weiteren Maßnahmen stoßen auf geteilte Reaktionen.","1","1024","2","48000","-16","None","None","None","None","None","None","None","experiment","7","odd","None","None","None","NA","4466.516299988143","4466.8862000107765","35854.63860002346","44851.59550001845","45213.92349997768","44901.59860003041","45213.97689997684","35636.02939998964","NA","NA","NA","NA","44901.64579998236","45213.47499999683","35849.3301999988","None","Experiment","0","0","0","0","1920","None","None","None","None"
"<AN>Männern</AN>","C1","<RN>Experten</RN>","undefined","undefined","None","None","None","None","None","None","None","None","None","undefined","undefined","#232323","None","psycho","None","None","psycho","psycho","undefined","undefined","None","0","0","0","0","0","2","0","2","0","0","2","2","2","0","2","0","None","None","None","None","None","None","Tue Aug  4 09:10:34 2026","The main experiment item","False","None","experiment.osexp","D:\ET_course_project_gender-bias\experiment","False","mono","False","18","no","white","no","yes","1080","10","None","psycho","None","None","None","4","2","2","D:\ET_course_project_gender-bias\experiment\subject-7.csv","None","psycho","an_found","Neonatal Nightingale","4.1.14","None","None","2","0","space","NA","space","None","NA","8996.33559997892","NA","8996.33559997892","NA","None","None","None","None","None","None","None","None","None","2","psycho","1","None","Im Rahmen einer universitären Veranstaltung werden aktuelle Fragestellungen der Rüstungsindustrie behandelt. Die große Mehrheit dieser <RN>Fachleute</RN> sehen eine stärkere Aufrüstung für Deutschland als notwendig, doch diese Gruppe von <AN>Frauen</AN> kritisiert dessen Finanzierung. Die Auswirkungen der Entscheidung werden noch geprüft.","1","1024","2","48000","-16","None","None","None","None","None","None","None","experiment","7","odd","None","None","None","NA","4466.516299988143","4466.8862000107765","35854.63860002346","44851.59550001845","45240.29290000908","44901.59860003041","45240.34780001966","35636.02939998964","NA","NA","NA","NA","44901.64579998236","45239.901900000405","35849.3301999988","None","Experiment","0","0","0","0","1920","None","None","None","None"
"<AN>Frauen</AN>","C6","<RN>Expert*innen</RN>","undefined","undefined","None","None","None","None","None","None","None","None","None","undefined","undefined","#232323","None","psycho","None","None","psycho","psycho","undefined","undefined","None","0","0","0","0","0","3","0","3","0","0","3","3","3","0","3","0","None","None","None","None","None","None","Tue Aug  4 09:10:34 2026","The main experiment item","False","None","experiment.osexp","D:\ET_course_project_gender-bias\experiment","False","mono","False","18","no","white","no","yes","1080","7","None","psycho","None","None","None","6","3","3","D:\ET_course_project_gender-bias\experiment\subject-7.csv","None","psycho","an_found","Neonatal Nightingale","4.1.14","None","None","2","0","space","NA","space","None","NA","8996.33559997892","NA","8996.33559997892","NA","None","None","None","None","None","None","None","None","None","2","psycho","1","None","Beim Sommerfest eines Unternehmens wird über wirtschaftliche Entwicklungen und gesellschaftliche Herausforderungen diskutiert. Die <RN>Fachleute</RN> sehen große Herausforderungen im nächsten Geschäftsjahr, dennoch bleiben diese <AN>Männer</AN> optimistisch. Die unternehmerischen Folgen werden unterschiedlich bewertet.","1","1024","2","48000","-16","None","None","None","None","None","None","None","experiment","7","odd","None","None","None","NA","4466.516299988143","4466.8862000107765","35854.63860002346","44851.59550001845","45266.63450000342","44901.59860003041","45266.67350000935","35636.02939998964","NA","NA","NA","NA","44901.64579998236","45266.47029997548","35849.3301999988","None","Experiment","0","0","0","0","1920","None","None","None","None"
"<AN>Frauen</AN>","C6","<RN>Pfleger*innen</RN>","undefined","undefined","None","None","None","None","None","None","None","None","None","undefined","undefined","#232323","None","psycho","None","None","psycho","psycho","undefined","undefined","None","0","0","0","0","0","4","0","4","0","0","4","4","4","0","4","0","None","None","None","None","None","None","Tue Aug  4 09:10:34 2026","The main experiment item","False","None","experiment.osexp","D:\ET_course_project_gender-bias\experiment","False","mono","False","18","no","white","no","yes","1080","2","None","psycho","None","None","None","5","4","4","D:\ET_course_project_gender-bias\experiment\subject-7.csv","None","psycho","an_found","Neonatal Nightingale","4.1.14","None","None","2","0","space","NA","space","None","NA","8996.33559997892","NA","8996.33559997892","NA","None","None","None","None","None","None","None","None","None","2","psycho","1","None","Im Rahmen einer Gesprächsrunde im Gesundheitswesen wird derzeit über aktuelle gesellschaftliche Herausforderungen diskutiert. Die <RN>Pflegekräfte</RN> verdienen bessere Arbeitsbedingungen und benötigen mehr Unterstützung, doch diese <AN>Männer</AN> fühlen sich politisch nicht ausreichend unterstützt. Die nächsten Schritte werden derzeit kontrovers diskutiert.","1","1024","2","48000","-16","None","None","None","None","None","None","None","experiment","7","odd","None","None","None","NA","4466.516299988143","4466.8862000107765","35854.63860002346","44851.59550001845","45294.253600004595","44901.59860003041","45294.298199994955","35636.02939998964","NA","NA","NA","NA","44901.64579998236","45294.1668999847","35849.3301999988","None","Experiment","0","0","0","0","1920","None","None","None","None"
"<AN>Männer</AN>","C3","<RN>Polizistinnen</RN>","undefined","undefined","None","None","None","None","None","None","None","None","None","undefined","undefined","#232323","None","psycho","None","None","psycho","psycho","undefined","undefined","None","0","0","0","0","0","5","0","5","0","0","5","5","5","0","5","0","None","None","None","None","None","None","Tue Aug  4 09:10:34 2026","The main experiment item","False","None","experiment.osexp","D:\ET_course_project_gender-bias\experiment","False","mono","False","18","no","white","no","yes","1080","18","None","psycho","None","None","None","4","5","5","D:\ET_course_project_gender-bias\experiment\subject-7.csv","None","psycho","an_found","Neonatal Nightingale","4.1.14","None","None","2","0","space","NA","space","None","NA","8996.33559997892","NA","8996.33559997892","NA","None","None","None","None","None","None","None","None","None","2","psycho","1","None","Bei einer öffentlichen Sitzung im Rathaus wird über neue Verkehrsregelungen gesprochen. Die <RN>Polizistinnen</RN> diskutieren laut über mehr Sicherheit im Straßenverkehr und setzen sich für strengere Kontrollen ein, doch diese <AN>Männer</AN> lehnen die Vorschläge ab. Die nächsten Maßnahmen werden derzeit kontrovers verhandelt.","1","1024","2","48000","-16","None","None","None","None","None","None","None","experiment","7","odd","None","None","None","NA","4466.516299988143","4466.8862000107765","35854.63860002346","44851.59550001845","45320.67719998304","44901.59860003041","45320.71240001824","35636.02939998964","NA","NA","NA","NA","44901.64579998236","45320.57620002888","35849.3301999988","None","Experiment","0","0","0","0","1920","None","None","None","None"
"<AN>Männer</AN>","C5","<RN>Pfleger*innen</RN>","undefined","undefined","None","None","None","None","None","None","None","None","None","undefined","undefined","#232323","None","psycho","None","None","psycho","psycho","undefined","undefined","None","0","0","0","0","0","6","0","6","0","0","6","6","6","0","6","0","None","None","None","None","None","None","Tue Aug  4 09:10:34 2026","The main experiment item","False","None","experiment.osexp","D:\ET_course_project_gender-bias\experiment","False","mono","False","18","no","white","no","yes","1080","2","None","psycho","None","None","None","4","6","6","D:\ET_course_project_gender-bias\experiment\subject-7.csv","None","psycho","an_found","Neonatal Nightingale","4.1.14","None","None","2","0","space","NA","space","None","NA","8996.33559997892","NA","8996.33559997892","NA","None","None","None","None","None","None","None","None","None","2","psycho","1","None","Im Rahmen einer Gesprächsrunde im Gesundheitswesen wird derzeit über aktuelle gesellschaftliche Herausforderungen diskutiert. Die <RN>Pflegekräfte</RN> verdienen bessere Arbeitsbedingungen und benötigen mehr Unterstützung, doch diese <AN>Männer</AN> fühlen sich politisch nicht ausreichend unterstützt. Die nächsten Schritte werden derzeit kontrovers diskutiert.","1","1024","2","48000","-16","None","None","None","None","None","None","None","experiment","7","odd","None","None","None","NA","4466.516299988143","4466.8862000107765","35854.63860002346","44851.59550001845","45347.501199983526","44901.59860003041","45347.55469998345","35636.02939998964","NA","NA","NA","NA","44901.64579998236","45347.23810001742","35849.3301999988","None","Experiment","0","0","0","0","1920","None","None","None","None"
"<AN>Frauen</AN>","C2","<RN>Einwohner</RN>","undefined","undefined","True","53","4","<AN>Frauen</AN>","132","-179.0","-47.0","61.0","114.0","undefined","undefined","#232323","1620","psycho","True","Reaktionen","psycho","psycho","undefined","undefined","undefined","0","0","0","0","0","7","0","7","0","0","7","7","7","0","7","0","50","-810.0","-270.5","5","893.0","46.38041385240111","Tue Aug  4 09:10:34 2026","The main experiment item","False","Im Rahmen einer öffentlichen Veranstaltung wird derzeit über Fragen der inneren Sicherheit und gesellschaftliche Entwicklungen gesprochen. Die <RN>Einwohner</RN> diskutieren über Fragen der inneren Sicherheit bezüglich der aktuellen Krise, doch diese <AN>Frauen</AN> fordern härtere Maßnahmen. Die weiteren Maßnahmen stoßen auf geteilte Reaktionen.","experiment.osexp","D:\ET_course_project_gender-bias\experiment","False","mono","False","39","no","white","no","yes","1080","8","space","psycho","178.0","3.0","117","1","7","7","D:\ET_course_project_gender-bias\experiment\subject-7.csv","150","psycho","an_found","Neonatal Nightingale","4.1.14","350.0","178.0","2","0","space","NA","space","space","space","10003.98680003127","NA","8996.33559997892","10003.98680003127","True","53","3","<RN>Einwohner</RN>","202","-810.0","-608.0","-56.0","-3.0","2","psycho","1","Im Rahmen einer öffentlichen Veranstaltung wird derzeit über Fragen der inneren Sicherheit und gesellschaftliche Entwicklungen gesprochen. Die <RN>Bürger</RN> diskutieren über Fragen der inneren Sicherheit bezüglich der aktuellen Krise, doch diese <AN>Männer</AN> fordern härtere Maßnahmen. Die weiteren Maßnahmen stoßen auf geteilte Reaktionen.","Im Rahmen einer öffentlichen Veranstaltung wird derzeit über Fragen der inneren Sicherheit und gesellschaftliche Entwicklungen gesprochen. Die <RN>Bürger</RN> diskutieren über Fragen der inneren Sicherheit bezüglich der aktuellen Krise, doch diese <AN>Männer</AN> fordern härtere Maßnahmen. Die weiteren Maßnahmen stoßen auf geteilte Reaktionen.","0","1024","2","48000","-16","53","4","132","-47.0","85.0","61.0","114.0","experiment","7","odd","45392.90700003039","-810.0","-290.0","NA","4466.516299988143","4466.8862000107765","35854.63860002346","44851.59550001845","45375.64990000101","44901.59860003041","74522.2383000073","35636.02939998964","NA","74467.47460000915","64463.008099992294","45375.680099998135","44901.64579998236","45375.49310002942","35849.3301999988","64458.99469999131","Experiment","0","0","0","1","1920","Reaktionen.","53","25","242"
"<AN>Frauen</AN>","C2","<RN>Aktivisten</RN>","undefined","undefined","True","53","4","<AN>Frauen</AN>","132","-179.0","-47.0","61.0","114.0","undefined","undefined","#232323","1620","psycho","True","Reaktionen","psycho","psycho","undefined","undefined","undefined","0","0","0","0","0","8","0","8","0","0","8","8","8","0","8","0","50","-810.0","-270.5","5","893.0","46.38041385240111","Tue Aug  4 09:10:34 2026","The main experiment item","False","Im Rahmen einer öffentlichen Veranstaltung wird derzeit über Fragen der inneren Sicherheit und gesellschaftliche Entwicklungen gesprochen. Die <RN>Einwohner</RN> diskutieren über Fragen der inneren Sicherheit bezüglich der aktuellen Krise, doch diese <AN>Frauen</AN> fordern härtere Maßnahmen. Die weiteren Maßnahmen stoßen auf geteilte Reaktionen.","experiment.osexp","D:\ET_course_project_gender-bias\experiment","False","mono","False","39","no","white","no","yes","1080","11","space","psycho","178.0","3.0","117","4","8","8","D:\ET_course_project_gender-bias\experiment\subject-7.csv","150","psycho","an_found","Neonatal Nightingale","4.1.14","350.0","178.0","2","0","space","NA","space","space","space","10003.98680003127","NA","8996.33559997892","10003.98680003127","True","53","3","<RN>Einwohner</RN>","202","-810.0","-608.0","-56.0","-3.0","2","psycho","1","Im Rahmen einer öffentlichen Veranstaltung wird derzeit über Fragen der inneren Sicherheit und gesellschaftliche Entwicklungen gesprochen. Die <RN>Bürger</RN> diskutieren über Fragen der inneren Sicherheit bezüglich der aktuellen Krise, doch diese <AN>Männer</AN> fordern härtere Maßnahmen. Die weiteren Maßnahmen stoßen auf geteilte Reaktionen.","Auf einer öffentlichen Veranstaltung werden aktuelle wohnungs- und gesellschaftspolitische Themen diskutiert. Die <RN>Aktivist*innen</RN> fordern mehr bezahlbaren Wohnraum in Stuttgart für alle und diskutieren faire Lösungsansätze, doch diese <AN>Frauen</AN> sehen die Verantwortung stärker beim Bund. Die Auswirkungen der Entscheidung werden noch geprüft.","1","1024","2","48000","-16","53","4","132","-47.0","85.0","61.0","114.0","experiment","7","odd","45392.90700003039","-810.0","-290.0","NA","4466.516299988143","4466.8862000107765","35854.63860002346","44851.59550001845","74551.23500002082","44901.59860003041","74551.27629998606","35636.02939998964","NA","74467.47460000915","64463.008099992294","45375.680099998135","44901.64579998236","74551.06030002935","35849.3301999988","64458.99469999131","Experiment","0","0","0","1","1920","Reaktionen.","53","25","242"
"<AN>Frauen</AN>","C6","<RN>Ingenieur*innen</RN>","undefined","undefined","True","53","4","<AN>Frauen</AN>","132","-179.0","-47.0","61.0","114.0","undefined","undefined","#232323","1620","psycho","True","Reaktionen","psycho","psycho","undefined","undefined","undefined","0","0","0","0","0","9","0","9","0","0","9","9","9","0","9","0","50","-810.0","-270.5","5","893.0","46.38041385240111","Tue Aug  4 09:10:34 2026","The main experiment item","False","Im Rahmen einer öffentlichen Veranstaltung wird derzeit über Fragen der inneren Sicherheit und gesellschaftliche Entwicklungen gesprochen. Die <RN>Einwohner</RN> diskutieren über Fragen der inneren Sicherheit bezüglich der aktuellen Krise, doch diese <AN>Frauen</AN> fordern härtere Maßnahmen. Die weiteren Maßnahmen stoßen auf geteilte Reaktionen.","experiment.osexp","D:\ET_course_project_gender-bias\experiment","False","mono","False","39","no","white","no","yes","1080","3","space","psycho","178.0","3.0","117","4","9","9","D:\ET_course_project_gender-bias\experiment\subject-7.csv","150","psycho","an_found","Neonatal Nightingale","4.1.14","350.0","178.0","2","0","space","NA","space","space","space","10003.98680003127","NA","8996.33559997892","10003.98680003127","True","53","3","<RN>Einwohner</RN>","202","-810.0","-608.0","-56.0","-3.0","2","psycho","1","Im Rahmen einer öffentlichen Veranstaltung wird derzeit über Fragen der inneren Sicherheit und gesellschaftliche Entwicklungen gesprochen. Die <RN>Bürger</RN> diskutieren über Fragen der inneren Sicherheit bezüglich der aktuellen Krise, doch diese <AN>Männer</AN> fordern härtere Maßnahmen. Die weiteren Maßnahmen stoßen auf geteilte Reaktionen.","Auf einer wissenschaftlichen Konferenz zu technischen Zukunftsfragen werden derzeit aktuelle gesellschaftliche Themen erörtert. Die <RN>Ingenieur*innen</RN> kritisieren die Energiewende und stehen vor Herausforderungen, doch diese <AN>Frauen</AN> lehnen zusätzliche Investitionen ab. Über die Konsequenzen wird weiterhin intensiv gestritten.","1","1024","2","48000","-16","53","4","132","-47.0","85.0","61.0","114.0","experiment","7","odd","45392.90700003039","-810.0","-290.0","NA","4466.516299988143","4466.8862000107765","35854.63860002346","44851.59550001845","74577.71410001442","44901.59860003041","74577.75420002872","35636.02939998964","NA","74467.47460000915","64463.008099992294","45375.680099998135","44901.64579998236","74577.54219998606","35849.3301999988","64458.99469999131","Experiment","0","0","0","1","1920","Reaktionen.","53","25","242"
"<AN>Männer</AN>","C3","<RN>Pflegerinnen</RN>","undefined","undefined","True","53","4","<AN>Frauen</AN>","132","-179.0","-47.0","61.0","114.0","undefined","undefined","#232323","1620","psycho","True","Reaktionen","psycho","psycho","undefined","undefined","undefined","0","0","0","0","0","10","0","10","0","0","10","10","10","0","10","0","50","-810.0","-270.5","5","893.0","46.38041385240111","Tue Aug  4 09:10:34 2026","The main experiment item","False","Im Rahmen einer öffentlichen Veranstaltung wird derzeit über Fragen der inneren Sicherheit und gesellschaftliche Entwicklungen gesprochen. Die <RN>Einwohner</RN> diskutieren über Fragen der inneren Sicherheit bezüglich der aktuellen Krise, doch diese <AN>Frauen</AN> fordern härtere Maßnahmen. Die weiteren Maßnahmen stoßen auf geteilte Reaktionen.","experiment.osexp","D:\ET_course_project_gender-bias\experiment","False","mono","False","39","no","white","no","yes","1080","2","space","psycho","178.0","3.0","117","2","10","10","D:\ET_course_project_gender-bias\experiment\subject-7.csv","150","psycho","an_found","Neonatal Nightingale","4.1.14","350.0","178.0","2","0","space","NA","space","space","space","10003.98680003127","NA","8996.33559997892","10003.98680003127","True","53","3","<RN>Einwohner</RN>","202","-810.0","-608.0","-56.0","-3.0","2","psycho","1","Im Rahmen einer öffentlichen Veranstaltung wird derzeit über Fragen der inneren Sicherheit und gesellschaftliche Entwicklungen gesprochen. Die <RN>Bürger</RN> diskutieren über Fragen der inneren Sicherheit bezüglich der aktuellen Krise, doch diese <AN>Männer</AN> fordern härtere Maßnahmen. Die weiteren Maßnahmen stoßen auf geteilte Reaktionen.","Im Rahmen einer Gesprächsrunde im Gesundheitswesen wird derzeit über aktuelle gesellschaftliche Herausforderungen diskutiert. Die <RN>Pflegekräfte</RN> verdienen bessere Arbeitsbedingungen und benötigen mehr Unterstützung, doch diese <AN>Männer</AN> fühlen sich politisch nicht ausreichend unterstützt. Die nächsten Schritte werden derzeit kontrovers diskutiert.","1","1024","2","48000","-16","53","4","132","-47.0","85.0","61.0","114.0","experiment","7","odd","45392.90700003039","-810.0","-290.0","NA","4466.516299988143","4466.8862000107765","35854.63860002346","44851.59550001845","74603.99420000613","44901.59860003041","74604.034900025","35636.02939998964","NA","74467.47460000915","64463.008099992294","45375.680099998135","44901.64579998236","74603.78700000001","35849.3301999988","64458.99469999131","Experiment","0","0","0","1","1920","Reaktionen.","53","25","242"
"<AN>Männer</AN>","C1","<RN>Unternehmer</RN>","undefined","undefined","True","53","4","<AN>Frauen</AN>","132","-179.0","-47.0","61.0","114.0","undefined","undefined","#232323","1620","psycho","True","Reaktionen","psycho","psycho","undefined","undefined","undefined","0","0","0","0","0","11","0","11","0","0","11","11","11","0","11","0","50","-810.0","-270.5","5","893.0","46.38041385240111","Tue Aug  4 09:10:34 2026","The main experiment item","False","Im Rahmen einer öffentlichen Veranstaltung wird derzeit über Fragen der inneren Sicherheit und gesellschaftliche Entwicklungen gesprochen. Die <RN>Einwohner</RN> diskutieren über Fragen der inneren Sicherheit bezüglich der aktuellen Krise, doch diese <AN>Frauen</AN> fordern härtere Maßnahmen. Die weiteren Maßnahmen stoßen auf geteilte Reaktionen.","experiment.osexp","D:\ET_course_project_gender-bias\experiment","False","mono","False","39","no","white","no","yes","1080","4","space","psycho","178.0","3.0","117","4","11","11","D:\ET_course_project_gender-bias\experiment\subject-7.csv","150","psycho","an_found","Neonatal Nightingale","4.1.14","350.0","178.0","2","0","space","NA","space","space","space","10003.98680003127","NA","8996.33559997892","10003.98680003127","True","53","3","<RN>Einwohner</RN>","202","-810.0","-608.0","-56.0","-3.0","2","psycho","1","Im Rahmen einer öffentlichen Veranstaltung wird derzeit über Fragen der inneren Sicherheit und gesellschaftliche Entwicklungen gesprochen. Die <RN>Bürger</RN> diskutieren über Fragen der inneren Sicherheit bezüglich der aktuellen Krise, doch diese <AN>Männer</AN> fordern härtere Maßnahmen. Die weiteren Maßnahmen stoßen auf geteilte Reaktionen.","Bei einem Networking-Event stehen wirtschaftspolitische und gesellschaftliche Fragestellungen im Mittelpunkt der Diskussion. Die <RN>Unternehmer</RN> brauchen weniger bürokratische Hürden und sprechen über Verbesserungen, doch diese <AN>Männer</AN> fordern weitere steuerliche Entlastungen. Die Folgen dieser Positionen bleiben umstritten.","1","1024","2","48000","-16","53","4","132","-47.0","85.0","61.0","114.0","experiment","7","odd","45392.90700003039","-810.0","-290.0","NA","4466.516299988143","4466.8862000107765","35854.63860002346","44851.59550001845","74630.16920001246","44901.59860003041","74630.22440002533","35636.02939998964","NA","74467.47460000915","64463.008099992294","45375.680099998135","44901.64579998236","74629.634300014","35849.3301999988","64458.99469999131","Experiment","0","0","0","1","1920","Reaktionen.","53","25","242"
"<AN>Männern</AN>","C1","<RN>Einwohner</RN>","undefined","undefined","True","53","4","<AN>Männern</AN>","158","-309.0","-151.0","61.0","114.0","undefined","undefined","#232323","1620","psycho","True","Debatten","psycho","psycho","undefined","undefined","undefined","0","0","0","0","0","12","0","12","0","0","12","12","12","0","12","0","50","-810.0","-270.5","5","981.0","93.9224128889372","Tue Aug  4 09:10:34 2026","The main experiment item","False","Im Rahmen einer öffentlichen Veranstaltung wird über Sicherheit, gesellschaftlichen Zusammenhalt und politische Reformen gesprochen. Die <RN>Einwohner</RN> wünschen sich mehr Sicherheit und verlässliche Perspektiven, doch diese Gruppe von <AN>Männern</AN> sieht Reformbedarf im System. Die weitere Entwicklung bleibt Gegenstand öffentlicher Debatten.","experiment.osexp","D:\ET_course_project_gender-bias\experiment","False","mono","False","39","no","white","no","yes","1080","13","space","psycho","178.0","3.0","117","1","12","12","D:\ET_course_project_gender-bias\experiment\subject-7.csv","150","psycho","an_found","Neonatal Nightingale","4.1.14","393.0","178.0","2","0","space","NA","space","space","space","9116.783600009512","NA","8996.33559997892","9116.783600009512","True","53","3","<RN>Einwohner</RN>","202","-810.0","-608.0","-56.0","-3.0","2","psycho","1","Im Rahmen einer öffentlichen Veranstaltung wird über Sicherheit, gesellschaftlichen Zusammenhalt und politische Reformen gesprochen. Die <RN>Bürgerinnen</RN> wünschen sich mehr Sicherheit und verlässliche Perspektiven, doch diese Gruppe von <AN>Frauen</AN> sieht Reformbedarf im System. Die weitere Entwicklung bleibt Gegenstand öffentlicher Debatten.","Im Rahmen einer öffentlichen Veranstaltung wird über Sicherheit, gesellschaftlichen Zusammenhalt und politische Reformen gesprochen. Die <RN>Bürgerinnen</RN> wünschen sich mehr Sicherheit und verlässliche Perspektiven, doch diese Gruppe von <AN>Frauen</AN> sieht Reformbedarf im System. Die weitere Entwicklung bleibt Gegenstand öffentlicher Debatten.","0","1024","2","48000","-16","53","4","158","-151.0","7.0","61.0","114.0","experiment","7","odd","74669.26930000773","-810.0","-290.0","NA","4466.516299988143","4466.8862000107765","35854.63860002346","44851.59550001845","74658.27150002588","44901.59860003041","109696.92770001711","35636.02939998964","NA","109651.9602999906","100534.23709998606","74658.30419998383","44901.64579998236","74658.0484000151","35849.3301999988","100531.0204999987","Experiment","0","0","0","2","1920","Debatten.","53","25","197"
"<AN>Männer</AN>","C1","<RN>Dozenten</RN>","undefined","undefined","True","53","4","<AN>Männern</AN>","158","-309.0","-151.0","61.0","114.0","undefined","undefined","#232323","1620","psycho","True","Debatten","psycho","psycho","undefined","undefined","undefined","0","0","0","0","0","13","0","13","0","0","13","13","13","0","13","0","50","-810.0","-270.5","5","981.0","93.9224128889372","Tue Aug  4 09:10:34 2026","The main experiment item","False","Im Rahmen einer öffentlichen Veranstaltung wird über Sicherheit, gesellschaftlichen Zusammenhalt und politische Reformen gesprochen. Die <RN>Einwohner</RN> wünschen sich mehr Sicherheit und verlässliche Perspektiven, doch diese Gruppe von <AN>Männern</AN> sieht Reformbedarf im System. Die weitere Entwicklung bleibt Gegenstand öffentlicher Debatten.","experiment.osexp","D:\ET_course_project_gender-bias\experiment","False","mono","False","39","no","white","no","yes","1080","9","space","psycho","178.0","3.0","117","5","13","13","D:\ET_course_project_gender-bias\experiment\subject-7.csv","150","psycho","an_found","Neonatal Nightingale","4.1.14","393.0","178.0","2","0","space","NA","space","space","space","9116.783600009512","NA","8996.33559997892","9116.783600009512","True","53","3","<RN>Einwohner</RN>","202","-810.0","-608.0","-56.0","-3.0","2","psycho","1","Im Rahmen einer öffentlichen Veranstaltung wird über Sicherheit, gesellschaftlichen Zusammenhalt und politische Reformen gesprochen. Die <RN>Bürgerinnen</RN> wünschen sich mehr Sicherheit und verlässliche Perspektiven, doch diese Gruppe von <AN>Frauen</AN> sieht Reformbedarf im System. Die weitere Entwicklung bleibt Gegenstand öffentlicher Debatten.","Auf einer schulischen Tagung werden aktuelle Kontroversen rund um Vorlesungsführung und Leistungsbewertung diskutiert. Die <RN>Dozent*innen</RN> fordern erhöhte Leistungsorientierung und strengere Notenvergabe im Lehrplan, doch diese <AN>Männer</AN> stoßen dabei auf Gegendruck von Eltern. Die Debatte über das Thema hält weiter an.","1","1024","2","48000","-16","53","4","158","-151.0","7.0","61.0","114.0","experiment","7","odd","74669.26930000773","-810.0","-290.0","NA","4466.516299988143","4466.8862000107765","35854.63860002346","44851.59550001845","109723.46920002019","44901.59860003041","109723.5045999987","35636.02939998964","NA","109651.9602999906","100534.23709998606","74658.30419998383","44901.64579998236","109723.37409999454","35849.3301999988","100531.0204999987","Experiment","0","0","0","2","1920","Debatten.","53","25","197"
"<AN>Frauen</AN>","C4","<RN>Arbeitnehmerinnen</RN>","undefined","undefined","True","53","4","<AN>Männern</AN>","158","-309.0","-151.0","61.0","114.0","undefined","undefined","#232323","1620","psycho","True","Debatten","psycho","psycho","undefined","undefined","undefined","0","0","0","0","0","14","0","14","0","0","14","14","14","0","14","0","50","-810.0","-270.5","5","981.0","93.9224128889372","Tue Aug  4 09:10:34 2026","The main experiment item","False","Im Rahmen einer öffentlichen Veranstaltung wird über Sicherheit, gesellschaftlichen Zusammenhalt und politische Reformen gesprochen. Die <RN>Einwohner</RN> wünschen sich mehr Sicherheit und verlässliche Perspektiven, doch diese Gruppe von <AN>Männern</AN> sieht Reformbedarf im System. Die weitere Entwicklung bleibt Gegenstand öffentlicher Debatten.","experiment.osexp","D:\ET_course_project_gender-bias\experiment","False","mono","False","39","no","white","no","yes","1080","12","space","psycho","178.0","3.0","117","5","14","14","D:\ET_course_project_gender-bias\experiment\subject-7.csv","150","psycho","an_found","Neonatal Nightingale","4.1.14","393.0","178.0","2","0","space","NA","space","space","space","9116.783600009512","NA","8996.33559997892","9116.783600009512","True","53","3","<RN>Einwohner</RN>","202","-810.0","-608.0","-56.0","-3.0","2","psycho","1","Im Rahmen einer öffentlichen Veranstaltung wird über Sicherheit, gesellschaftlichen Zusammenhalt und politische Reformen gesprochen. Die <RN>Bürgerinnen</RN> wünschen sich mehr Sicherheit und verlässliche Perspektiven, doch diese Gruppe von <AN>Frauen</AN> sieht Reformbedarf im System. Die weitere Entwicklung bleibt Gegenstand öffentlicher Debatten.","Auf einer Gewerkschaftsveranstaltung wird derzeit über Löhne, Arbeitsbedingungen und Arbeitnehmerrechte diskutiert. Die <RN>Beschäftigten</RN> fordern bessere Bezahlung und faire Arbeitsbedingungen, doch diese <AN>Frauen</AN> sehen vor allem strukturelle Probleme. Die kommenden Entwicklungen sind weiterhin Gegenstand von Diskussionen.","1","1024","2","48000","-16","53","4","158","-151.0","7.0","61.0","114.0","experiment","7","odd","74669.26930000773","-810.0","-290.0","NA","4466.516299988143","4466.8862000107765","35854.63860002346","44851.59550001845","109749.46700001601","44901.59860003041","109749.51529997634","35636.02939998964","NA","109651.9602999906","100534.23709998606","74658.30419998383","44901.64579998236","109749.29120001616","35849.3301999988","100531.0204999987","Experiment","0","0","0","2","1920","Debatten.","53","25","197"
"<AN>Männern</AN>","C3","<RN>Expertinnen</RN>","undefined","undefined","True","53","4","<AN>Männern</AN>","158","-309.0","-151.0","61.0","114.0","undefined","undefined","#232323","1620","psycho","True","Debatten","psycho","psycho","undefined","undefined","undefined","0","0","0","0","0","15","0","15","0","0","15","15","15","0","15","0","50","-810.0","-270.5","5","981.0","93.9224128889372","Tue Aug  4 09:10:34 2026","The main experiment item","False","Im Rahmen einer öffentlichen Veranstaltung wird über Sicherheit, gesellschaftlichen Zusammenhalt und politische Reformen gesprochen. Die <RN>Einwohner</RN> wünschen sich mehr Sicherheit und verlässliche Perspektiven, doch diese Gruppe von <AN>Männern</AN> sieht Reformbedarf im System. Die weitere Entwicklung bleibt Gegenstand öffentlicher Debatten.","experiment.osexp","D:\ET_course_project_gender-bias\experiment","False","mono","False","39","no","white","no","yes","1080","10","space","psycho","178.0","3.0","117","6","15","15","D:\ET_course_project_gender-bias\experiment\subject-7.csv","150","psycho","an_found","Neonatal Nightingale","4.1.14","393.0","178.0","2","0","space","NA","space","space","space","9116.783600009512","NA","8996.33559997892","9116.783600009512","True","53","3","<RN>Einwohner</RN>","202","-810.0","-608.0","-56.0","-3.0","2","psycho","1","Im Rahmen einer öffentlichen Veranstaltung wird über Sicherheit, gesellschaftlichen Zusammenhalt und politische Reformen gesprochen. Die <RN>Bürgerinnen</RN> wünschen sich mehr Sicherheit und verlässliche Perspektiven, doch diese Gruppe von <AN>Frauen</AN> sieht Reformbedarf im System. Die weitere Entwicklung bleibt Gegenstand öffentlicher Debatten.","Im Rahmen einer universitären Veranstaltung werden aktuelle Fragestellungen der Rüstungsindustrie behandelt. Die große Mehrheit dieser <RN>Fachleute</RN> sehen eine stärkere Aufrüstung für Deutschland als notwendig, doch diese Gruppe von <AN>Frauen</AN> kritisiert dessen Finanzierung. Die Auswirkungen der Entscheidung werden noch geprüft.","1","1024","2","48000","-16","53","4","158","-151.0","7.0","61.0","114.0","experiment","7","odd","74669.26930000773","-810.0","-290.0","NA","4466.516299988143","4466.8862000107765","35854.63860002346","44851.59550001845","109777.07559999544","44901.59860003041","109777.11369999452","35636.02939998964","NA","109651.9602999906","100534.23709998606","74658.30419998383","44901.64579998236","109776.89089998603","35849.3301999988","100531.0204999987","Experiment","0","0","0","2","1920","Debatten.","53","25","197"
"<AN>Frauen</AN>","C4","<RN>Studentinnen</RN>","undefined","undefined","True","53","4","<AN>Männern</AN>","158","-309.0","-151.0","61.0","114.0","undefined","undefined","#232323","1620","psycho","True","Debatten","psycho","psycho","undefined","undefined","undefined","0","0","0","0","0","16","0","16","0","0","16","16","16","0","16","0","50","-810.0","-270.5","5","981.0","93.9224128889372","Tue Aug  4 09:10:34 2026","The main experiment item","False","Im Rahmen einer öffentlichen Veranstaltung wird über Sicherheit, gesellschaftlichen Zusammenhalt und politische Reformen gesprochen. Die <RN>Einwohner</RN> wünschen sich mehr Sicherheit und verlässliche Perspektiven, doch diese Gruppe von <AN>Männern</AN> sieht Reformbedarf im System. Die weitere Entwicklung bleibt Gegenstand öffentlicher Debatten.","experiment.osexp","D:\ET_course_project_gender-bias\experiment","False","mono","False","39","no","white","no","yes","1080","1","space","psycho","178.0","3.0","117","4","16","16","D:\ET_course_project_gender-bias\experiment\subject-7.csv","150","psycho","an_found","Neonatal Nightingale","4.1.14","393.0","178.0","2","0","space","NA","space","space","space","9116.783600009512","NA","8996.33559997892","9116.783600009512","True","53","3","<RN>Einwohner</RN>","202","-810.0","-608.0","-56.0","-3.0","2","psycho","1","Im Rahmen einer öffentlichen Veranstaltung wird über Sicherheit, gesellschaftlichen Zusammenhalt und politische Reformen gesprochen. Die <RN>Bürgerinnen</RN> wünschen sich mehr Sicherheit und verlässliche Perspektiven, doch diese Gruppe von <AN>Frauen</AN> sieht Reformbedarf im System. Die weitere Entwicklung bleibt Gegenstand öffentlicher Debatten.","Bei einer Podiumsdiskussion an der Universität wird über aktuelle gesellschaftliche Themen gesprochen. Die <RN>Studenten</RN> müssten wieder stärker leistungsorientiert gefördert werden, doch die Mehrheit dieser dort teilnehmenden <AN>Frauen</AN> kritisiert die neuen Anforderungen. Die weitere Entwicklung bleibt Gegenstand öffentlicher Debatten.","1","1024","2","48000","-16","53","4","158","-151.0","7.0","61.0","114.0","experiment","7","odd","74669.26930000773","-810.0","-290.0","NA","4466.516299988143","4466.8862000107765","35854.63860002346","44851.59550001845","109803.6425000173","44901.59860003041","109803.69470000733","35636.02939998964","NA","109651.9602999906","100534.23709998606","74658.30419998383","44901.64579998236","109803.38519997895","35849.3301999988","100531.0204999987","Experiment","0","0","0","2","1920","Debatten.","53","25","197"
"<AN>Frauen</AN>","C6","<RN>Lehrer*innen</RN>","undefined","undefined","True","53","4","<AN>Frauen</AN>","132","-333.0","-201.0","61.0","114.0","undefined","undefined","#232323","1620","psycho","True","Diskussionen","psycho","psycho","undefined","undefined","undefined","0","0","0","0","0","17","0","17","0","0","17","17","17","0","17","0","50","-810.0","-270.5","5","1004.0","95.07524082325537","Tue Aug  4 09:10:34 2026","The main experiment item","False","Auf einer Konferenz zu Bildungsfragen wird derzeit über aktuelle schulische Themen gesprochen. Die <RN>Lehrer*innen</RN> sollen mehr auf Disziplin und Konsequenzen im Unterricht setzen, doch aus pädagogischen Gründen lehnen diese <AN>Frauen</AN> die Vorschläge ab. Die kommenden Entwicklungen sind weiterhin Gegenstand von Diskussionen.","experiment.osexp","D:\ET_course_project_gender-bias\experiment","False","mono","False","39","no","white","no","yes","1080","6","space","psycho","178.0","3.0","117","1","17","17","D:\ET_course_project_gender-bias\experiment\subject-7.csv","150","psycho","an_found","Neonatal Nightingale","4.1.14","508.0","178.0","2","0","space","NA","space","space","space","11323.928500001784","NA","8996.33559997892","11323.928500001784","True","53","2","<RN>Lehrer*innen</RN>","270","-39.0","231.0","-173.0","-120.0","2","psycho","1","Auf einer Konferenz zu Bildungsfragen wird derzeit über aktuelle schulische Themen gesprochen. Die <RN>Lehrer</RN> sollen mehr auf Disziplin und Konsequenzen im Unterricht setzen, doch aus pädagogischen Gründen lehnen diese <AN>Frauen</AN> die Vorschläge ab. Die kommenden Entwicklungen sind weiterhin Gegenstand von Diskussionen.","Auf einer Konferenz zu Bildungsfragen wird derzeit über aktuelle schulische Themen gesprochen. Die <RN>Lehrer</RN> sollen mehr auf Disziplin und Konsequenzen im Unterricht setzen, doch aus pädagogischen Gründen lehnen diese <AN>Frauen</AN> die Vorschläge ab. Die kommenden Entwicklungen sind weiterhin Gegenstand von Diskussionen.","0","1024","2","48000","-16","53","4","132","-201.0","-69.0","61.0","114.0","experiment","7","odd","109840.76150000328","-810.0","-290.0","NA","4466.516299988143","4466.8862000107765","35854.63860002346","44851.59550001845","109829.82450001873","44901.59860003041","152993.52449999424","35636.02939998964","NA","152947.78300001053","141623.19030001527","109829.85029998235","44901.64579998236","109829.73240001593","35849.3301999988","141619.08149998635","Experiment","0","0","0","3","1920","Diskussionen.","53","25","289"
"<AN>Männer</AN>","C3","<RN>Unternehmerinnen</RN>","undefined","undefined","True","53","4","<AN>Frauen</AN>","132","-333.0","-201.0","61.0","114.0","undefined","undefined","#232323","1620","psycho","True","Diskussionen","psycho","psycho","undefined","undefined","undefined","0","0","0","0","0","18","0","18","0","0","18","18","18","0","18","0","50","-810.0","-270.5","5","1004.0","95.07524082325537","Tue Aug  4 09:10:34 2026","The main experiment item","False","Auf einer Konferenz zu Bildungsfragen wird derzeit über aktuelle schulische Themen gesprochen. Die <RN>Lehrer*innen</RN> sollen mehr auf Disziplin und Konsequenzen im Unterricht setzen, doch aus pädagogischen Gründen lehnen diese <AN>Frauen</AN> die Vorschläge ab. Die kommenden Entwicklungen sind weiterhin Gegenstand von Diskussionen.","experiment.osexp","D:\ET_course_project_gender-bias\experiment","False","mono","False","39","no","white","no","yes","1080","4","space","psycho","178.0","3.0","117","6","18","18","D:\ET_course_project_gender-bias\experiment\subject-7.csv","150","psycho","an_found","Neonatal Nightingale","4.1.14","508.0","178.0","2","0","space","NA","space","space","space","11323.928500001784","NA","8996.33559997892","11323.928500001784","True","53","2","<RN>Lehrer*innen</RN>","270","-39.0","231.0","-173.0","-120.0","2","psycho","1","Auf einer Konferenz zu Bildungsfragen wird derzeit über aktuelle schulische Themen gesprochen. Die <RN>Lehrer</RN> sollen mehr auf Disziplin und Konsequenzen im Unterricht setzen, doch aus pädagogischen Gründen lehnen diese <AN>Frauen</AN> die Vorschläge ab. Die kommenden Entwicklungen sind weiterhin Gegenstand von Diskussionen.","Bei einem Networking-Event stehen wirtschaftspolitische und gesellschaftliche Fragestellungen im Mittelpunkt der Diskussion. Die <RN>Unternehmer</RN> brauchen weniger bürokratische Hürden und sprechen über Verbesserungen, doch diese <AN>Männer</AN> fordern weitere steuerliche Entlastungen. Die Folgen dieser Positionen bleiben umstritten.","1","1024","2","48000","-16","53","4","132","-201.0","-69.0","61.0","114.0","experiment","7","odd","109840.76150000328","-810.0","-290.0","NA","4466.516299988143","4466.8862000107765","35854.63860002346","44851.59550001845","153021.27859997563","44901.59860003041","153021.3182999869","35636.02939998964","NA","152947.78300001053","141623.19030001527","109829.85029998235","44901.64579998236","153021.18999999948","35849.3301999988","141619.08149998635","Experiment","0","0","0","3","1920","Diskussionen.","53","25","289"
"<AN>Frauen</AN>","C4","<RN>Professorinnen</RN>","undefined","undefined","True","53","4","<AN>Frauen</AN>","132","-333.0","-201.0","61.0","114.0","undefined","undefined","#232323","1620","psycho","True","Diskussionen","psycho","psycho","undefined","undefined","undefined","0","0","0","0","0","19","0","19","0","0","19","19","19","0","19","0","50","-810.0","-270.5","5","1004.0","95.07524082325537","Tue Aug  4 09:10:34 2026","The main experiment item","False","Auf einer Konferenz zu Bildungsfragen wird derzeit über aktuelle schulische Themen gesprochen. Die <RN>Lehrer*innen</RN> sollen mehr auf Disziplin und Konsequenzen im Unterricht setzen, doch aus pädagogischen Gründen lehnen diese <AN>Frauen</AN> die Vorschläge ab. Die kommenden Entwicklungen sind weiterhin Gegenstand von Diskussionen.","experiment.osexp","D:\ET_course_project_gender-bias\experiment","False","mono","False","39","no","white","no","yes","1080","15","space","psycho","178.0","3.0","117","2","19","19","D:\ET_course_project_gender-bias\experiment\subject-7.csv","150","psycho","an_found","Neonatal Nightingale","4.1.14","508.0","178.0","2","0","space","NA","space","space","space","11323.928500001784","NA","8996.33559997892","11323.928500001784","True","53","2","<RN>Lehrer*innen</RN>","270","-39.0","231.0","-173.0","-120.0","2","psycho","1","Auf einer Konferenz zu Bildungsfragen wird derzeit über aktuelle schulische Themen gesprochen. Die <RN>Lehrer</RN> sollen mehr auf Disziplin und Konsequenzen im Unterricht setzen, doch aus pädagogischen Gründen lehnen diese <AN>Frauen</AN> die Vorschläge ab. Die kommenden Entwicklungen sind weiterhin Gegenstand von Diskussionen.","Im Rahmen einer öffentlichen Veranstaltung wird über die Zukunft der Hochschulen und die Forschungsförderung diskutiert. Die <RN>Professorinnen</RN> diskutieren über die Zukunft der Hochschulen und setzen sich für mehr Forschungsgelder ein, doch diese <AN>Männer</AN> lehnen die Vorschläge ab. Die nächsten Schritte werden derzeit kontrovers diskutiert.","1","1024","2","48000","-16","53","4","132","-201.0","-69.0","61.0","114.0","experiment","7","odd","109840.76150000328","-810.0","-290.0","NA","4466.516299988143","4466.8862000107765","35854.63860002346","44851.59550001845","153048.1844000169","44901.59860003041","153048.24039997766","35636.02939998964","NA","152947.78300001053","141623.19030001527","109829.85029998235","44901.64579998236","153047.94389999006","35849.3301999988","141619.08149998635","Experiment","0","0","0","3","1920","Diskussionen.","53","25","289"
"<AN>Frauen</AN>","C4","<RN>Pflegerinnen</RN>","undefined","undefined","True","53","4","<AN>Frauen</AN>","132","-333.0","-201.0","61.0","114.0","undefined","undefined","#232323","1620","psycho","True","Diskussionen","psycho","psycho","undefined","undefined","undefined","0","0","0","0","0","20","0","20","0","0","20","20","20","0","20","0","50","-810.0","-270.5","5","1004.0","95.07524082325537","Tue Aug  4 09:10:34 2026","The main experiment item","False","Auf einer Konferenz zu Bildungsfragen wird derzeit über aktuelle schulische Themen gesprochen. Die <RN>Lehrer*innen</RN> sollen mehr auf Disziplin und Konsequenzen im Unterricht setzen, doch aus pädagogischen Gründen lehnen diese <AN>Frauen</AN> die Vorschläge ab. Die kommenden Entwicklungen sind weiterhin Gegenstand von Diskussionen.","experiment.osexp","D:\ET_course_project_gender-bias\experiment","False","mono","False","39","no","white","no","yes","1080","2","space","psycho","178.0","3.0","117","3","20","20","D:\ET_course_project_gender-bias\experiment\subject-7.csv","150","psycho","an_found","Neonatal Nightingale","4.1.14","508.0","178.0","2","0","space","NA","space","space","space","11323.928500001784","NA","8996.33559997892","11323.928500001784","True","53","2","<RN>Lehrer*innen</RN>","270","-39.0","231.0","-173.0","-120.0","2","psycho","1","Auf einer Konferenz zu Bildungsfragen wird derzeit über aktuelle schulische Themen gesprochen. Die <RN>Lehrer</RN> sollen mehr auf Disziplin und Konsequenzen im Unterricht setzen, doch aus pädagogischen Gründen lehnen diese <AN>Frauen</AN> die Vorschläge ab. Die kommenden Entwicklungen sind weiterhin Gegenstand von Diskussionen.","Im Rahmen einer Gesprächsrunde im Gesundheitswesen wird derzeit über aktuelle gesellschaftliche Herausforderungen diskutiert. Die <RN>Pflegekräfte</RN> verdienen bessere Arbeitsbedingungen und benötigen mehr Unterstützung, doch diese <AN>Männer</AN> fühlen sich politisch nicht ausreichend unterstützt. Die nächsten Schritte werden derzeit kontrovers diskutiert.","1","1024","2","48000","-16","53","4","132","-201.0","-69.0","61.0","114.0","experiment","7","odd","109840.76150000328","-810.0","-290.0","NA","4466.516299988143","4466.8862000107765","35854.63860002346","44851.59550001845","153074.9031000305","44901.59860003041","153074.9833000009","35636.02939998964","NA","152947.78300001053","141623.19030001527","109829.85029998235","44901.64579998236","153074.62939998368","35849.3301999988","141619.08149998635","Experiment","0","0","0","3","1920","Diskussionen.","53","25","289"
"<AN>Männer</AN>","C5","<RN>Student*innen</RN>","undefined","undefined","True","53","4","<AN>Frauen</AN>","132","-333.0","-201.0","61.0","114.0","undefined","undefined","#232323","1620","psycho","True","Diskussionen","psycho","psycho","undefined","undefined","undefined","0","0","0","0","0","21","0","21","0","0","21","21","21","0","21","0","50","-810.0","-270.5","5","1004.0","95.07524082325537","Tue Aug  4 09:10:34 2026","The main experiment item","False","Auf einer Konferenz zu Bildungsfragen wird derzeit über aktuelle schulische Themen gesprochen. Die <RN>Lehrer*innen</RN> sollen mehr auf Disziplin und Konsequenzen im Unterricht setzen, doch aus pädagogischen Gründen lehnen diese <AN>Frauen</AN> die Vorschläge ab. Die kommenden Entwicklungen sind weiterhin Gegenstand von Diskussionen.","experiment.osexp","D:\ET_course_project_gender-bias\experiment","False","mono","False","39","no","white","no","yes","1080","1","space","psycho","178.0","3.0","117","5","21","21","D:\ET_course_project_gender-bias\experiment\subject-7.csv","150","psycho","an_found","Neonatal Nightingale","4.1.14","508.0","178.0","2","0","space","NA","space","space","space","11323.928500001784","NA","8996.33559997892","11323.928500001784","True","53","2","<RN>Lehrer*innen</RN>","270","-39.0","231.0","-173.0","-120.0","2","psycho","1","Auf einer Konferenz zu Bildungsfragen wird derzeit über aktuelle schulische Themen gesprochen. Die <RN>Lehrer</RN> sollen mehr auf Disziplin und Konsequenzen im Unterricht setzen, doch aus pädagogischen Gründen lehnen diese <AN>Frauen</AN> die Vorschläge ab. Die kommenden Entwicklungen sind weiterhin Gegenstand von Diskussionen.","Bei einer Podiumsdiskussion an der Universität wird über aktuelle gesellschaftliche Themen gesprochen. Die <RN>Studenten</RN> müssten wieder stärker leistungsorientiert gefördert werden, doch die Mehrheit dieser dort teilnehmenden <AN>Frauen</AN> kritisiert die neuen Anforderungen. Die weitere Entwicklung bleibt Gegenstand öffentlicher Debatten.","1","1024","2","48000","-16","53","4","132","-201.0","-69.0","61.0","114.0","experiment","7","odd","109840.76150000328","-810.0","-290.0","NA","4466.516299988143","4466.8862000107765","35854.63860002346","44851.59550001845","153103.35140000097","44901.59860003041","153103.40239998186","35636.02939998964","NA","152947.78300001053","141623.19030001527","109829.85029998235","44901.64579998236","153103.13200001838","35849.3301999988","141619.08149998635","Experiment","0","0","0","3","1920","Diskussionen.","53","25","289"
"<AN>Männer</AN>","C5","<RN>Ingenieur*innen</RN>","undefined","undefined","True","53","4","<AN>Männer</AN>","135","115.0","250.0","61.0","114.0","undefined","undefined","#232323","1620","psycho","True","diskutiert","psycho","psycho","undefined","undefined","undefined","0","0","0","0","0","22","0","22","0","0","22","22","22","0","22","0","50","-810.0","-270.5","5","1178.0","94.79772671789127","Tue Aug  4 09:10:34 2026","The main experiment item","False","Im Rahmen einer städtischen Planungsrunde wird über die zukünftige Mobilität und den Ausbau des Nahverkehrs diskutiert. Die <RN>Ingenieur*innen</RN> diskutieren über nachhaltige Verkehrskonzepte und setzen sich für den ÖPNV ein, doch diese <AN>Männer</AN> lehnen die Vorschläge ab. Die nächsten Schritte werden derzeit kontrovers diskutiert.","experiment.osexp","D:\ET_course_project_gender-bias\experiment","False","mono","False","39","no","white","no","yes","1080","17","space","psycho","178.0","3.0","117","1","22","22","D:\ET_course_project_gender-bias\experiment\subject-7.csv","150","psycho","an_found","Neonatal Nightingale","4.1.14","636.0","178.0","2","0","space","NA","space","space","space","9012.511700042523","NA","8996.33559997892","9012.511700042523","True","53","3","<RN>Ingenieur*innen</RN>","339","-810.0","-471.0","-56.0","-3.0","2","psycho","1","Im Rahmen einer städtischen Planungsrunde wird über die zukünftige Mobilität und den Ausbau des Nahverkehrs diskutiert. Die <RN>Ingenieurinnen</RN> diskutieren über nachhaltige Verkehrskonzepte und setzen sich für den ÖPNV ein, doch diese <AN>Männer</AN> lehnen die Vorschläge ab. Die nächsten Schritte werden derzeit kontrovers diskutiert.","Im Rahmen einer städtischen Planungsrunde wird über die zukünftige Mobilität und den Ausbau des Nahverkehrs diskutiert. Die <RN>Ingenieurinnen</RN> diskutieren über nachhaltige Verkehrskonzepte und setzen sich für den ÖPNV ein, doch diese <AN>Männer</AN> lehnen die Vorschläge ab. Die nächsten Schritte werden derzeit kontrovers diskutiert.","0","1024","2","48000","-16","53","4","135","250.0","385.0","61.0","114.0","experiment","7","odd","153141.97110000532","-810.0","-290.0","NA","4466.516299988143","4466.8862000107765","35854.63860002346","44851.59550001845","153130.59610000346","44901.59860003041","188832.62340002693","35636.02939998964","NA","188787.5703999889","179774.57529999083","153130.63899998087","44901.64579998236","153130.35470002797","35849.3301999988","179771.090299997","Experiment","0","0","0","4","1920","diskutiert.","53","25","243"
"<AN>Männern</AN>","C5","<RN>Einwohner*innen</RN>","undefined","undefined","True","53","4","<AN>Männer</AN>","135","115.0","250.0","61.0","114.0","undefined","undefined","#232323","1620","psycho","True","diskutiert","psycho","psycho","undefined","undefined","undefined","0","0","0","0","0","23","0","23","0","0","23","23","23","0","23","0","50","-810.0","-270.5","5","1178.0","94.79772671789127","Tue Aug  4 09:10:34 2026","The main experiment item","False","Im Rahmen einer städtischen Planungsrunde wird über die zukünftige Mobilität und den Ausbau des Nahverkehrs diskutiert. Die <RN>Ingenieur*innen</RN> diskutieren über nachhaltige Verkehrskonzepte und setzen sich für den ÖPNV ein, doch diese <AN>Männer</AN> lehnen die Vorschläge ab. Die nächsten Schritte werden derzeit kontrovers diskutiert.","experiment.osexp","D:\ET_course_project_gender-bias\experiment","False","mono","False","39","no","white","no","yes","1080","13","space","psycho","178.0","3.0","117","5","23","23","D:\ET_course_project_gender-bias\experiment\subject-7.csv","150","psycho","an_found","Neonatal Nightingale","4.1.14","636.0","178.0","2","0","space","NA","space","space","space","9012.511700042523","NA","8996.33559997892","9012.511700042523","True","53","3","<RN>Ingenieur*innen</RN>","339","-810.0","-471.0","-56.0","-3.0","2","psycho","1","Im Rahmen einer städtischen Planungsrunde wird über die zukünftige Mobilität und den Ausbau des Nahverkehrs diskutiert. Die <RN>Ingenieurinnen</RN> diskutieren über nachhaltige Verkehrskonzepte und setzen sich für den ÖPNV ein, doch diese <AN>Männer</AN> lehnen die Vorschläge ab. Die nächsten Schritte werden derzeit kontrovers diskutiert.","Im Rahmen einer öffentlichen Veranstaltung wird über Sicherheit, gesellschaftlichen Zusammenhalt und politische Reformen gesprochen. Die <RN>Bürgerinnen</RN> wünschen sich Sicherheit und verlässliche Perspektiven, doch diese Gruppe von <AN>Frauen</AN> sieht Reformbedarf im System. Die weitere Entwicklung bleibt Gegenstand öffentlicher Debatten.","1","1024","2","48000","-16","53","4","135","250.0","385.0","61.0","114.0","experiment","7","odd","153141.97110000532","-810.0","-290.0","NA","4466.516299988143","4466.8862000107765","35854.63860002346","44851.59550001845","188859.3878999818","44901.59860003041","188859.44450000534","35636.02939998964","NA","188787.5703999889","179774.57529999083","153130.63899998087","44901.64579998236","188859.16639998322","35849.3301999988","179771.090299997","Experiment","0","0","0","4","1920","diskutiert.","53","25","243"
"<AN>Frauen</AN>","C6","<RN>Polizist*innen</RN>","undefined","undefined","True","53","4","<AN>Frauen</AN>","132","-202.0","-70.0","61.0","114.0","undefined","undefined","#232323","1620","psycho","True","verhandelt","psycho","psycho","undefined","undefined","undefined","0","0","0","0","0","24","0","24","0","0","24","24","24","0","24","0","50","-810.0","-270.5","5","1026.0","49.93882987335605","Tue Aug  4 09:10:34 2026","The main experiment item","False","Bei einer öffentlichen Sitzung im Rathaus wird über neue Verkehrsregelungen gesprochen. Die <RN>Polizist*innen</RN> diskutieren laut über mehr Sicherheit im Straßenverkehr und setzen sich für strengere Kontrollen ein, doch diese <AN>Frauen</AN> lehnen die Vorschläge ab. Die nächsten Maßnahmen werden derzeit kontrovers verhandelt.","experiment.osexp","D:\ET_course_project_gender-bias\experiment","False","mono","False","39","no","white","no","yes","1080","18","space","psycho","178.0","3.0","117","1","24","24","D:\ET_course_project_gender-bias\experiment\subject-7.csv","150","psycho","an_found","Neonatal Nightingale","4.1.14","485.0","178.0","2","0","space","NA","space","space","space","11396.05219999794","NA","8996.33559997892","11396.05219999794","True","53","2","<RN>Polizist*innen</RN>","317","-13.0","304.0","-173.0","-120.0","2","psycho","1","Bei einer öffentlichen Sitzung im Rathaus wird über neue Verkehrsregelungen gesprochen. Die <RN>Polizistinnen</RN> diskutieren laut über mehr Sicherheit im Straßenverkehr und setzen sich für strengere Kontrollen ein, doch diese <AN>Männer</AN> lehnen die Vorschläge ab. Die nächsten Maßnahmen werden derzeit kontrovers verhandelt.","Bei einer öffentlichen Sitzung im Rathaus wird über neue Verkehrsregelungen gesprochen. Die <RN>Polizistinnen</RN> diskutieren laut über mehr Sicherheit im Straßenverkehr und setzen sich für strengere Kontrollen ein, doch diese <AN>Männer</AN> lehnen die Vorschläge ab. Die nächsten Maßnahmen werden derzeit kontrovers verhandelt.","0","1024","2","48000","-16","53","4","132","-70.0","62.0","61.0","114.0","experiment","7","odd","188898.50860001752","-810.0","-290.0","NA","4466.516299988143","4466.8862000107765","35854.63860002346","44851.59550001845","188887.24690000527","44901.59860003041","229761.36940001743","35636.02939998964","NA","229715.67669999786","218319.02910000645","188887.28880003328","44901.64579998236","188886.99199998518","35849.3301999988","218315.20050001564","Experiment","0","0","0","5","1920","verhandelt.","53","25","244"
"<AN>Männer</AN>","C3","<RN>Professorinnen</RN>","undefined","undefined","True","53","4","<AN>Männer</AN>","135","-65.0","70.0","61.0","114.0","undefined","undefined","#232323","1620","psycho","True","diskutiert","psycho","psycho","undefined","undefined","undefined","0","0","0","0","0","25","0","25","0","0","25","25","25","0","25","0","50","-810.0","-270.5","5","1003.0","95.55196523776999","Tue Aug  4 09:10:34 2026","The main experiment item","False","Im Rahmen einer öffentlichen Veranstaltung wird über die Zukunft der Hochschulen und die Forschungsförderung diskutiert. Die <RN>Professorinnen</RN> diskutieren über die Zukunft der Hochschulen und setzen sich für mehr Forschungsgelder ein, doch diese <AN>Männer</AN> lehnen die Vorschläge ab. Die nächsten Schritte werden derzeit kontrovers diskutiert.","experiment.osexp","D:\ET_course_project_gender-bias\experiment","False","mono","False","39","no","white","no","yes","1080","15","space","psycho","178.0","3.0","117","1","25","25","D:\ET_course_project_gender-bias\experiment\subject-7.csv","150","psycho","an_found","Neonatal Nightingale","4.1.14","461.0","178.0","2","0","space","NA","space","space","space","10964.75179999834","NA","8996.33559997892","10964.75179999834","True","53","2","<RN>Professorinnen</RN>","317","461.0","778.0","-173.0","-120.0","2","psycho","1","Im Rahmen einer öffentlichen Veranstaltung wird über die Zukunft der Hochschulen und die Forschungsförderung diskutiert. Die <RN>Professorinnen</RN> diskutieren über die Zukunft der Hochschulen und setzen sich für mehr Forschungsgelder ein, doch diese <AN>Männer</AN> lehnen die Vorschläge ab. Die nächsten Schritte werden derzeit kontrovers diskutiert.","Im Rahmen einer öffentlichen Veranstaltung wird über die Zukunft der Hochschulen und die Forschungsförderung diskutiert. Die <RN>Professorinnen</RN> diskutieren über die Zukunft der Hochschulen und setzen sich für mehr Forschungsgelder ein, doch diese <AN>Männer</AN> lehnen die Vorschläge ab. Die nächsten Schritte werden derzeit kontrovers diskutiert.","0","1024","2","48000","-16","53","4","135","70.0","205.0","61.0","114.0","experiment","7","odd","229799.32350001764","-810.0","-290.0","NA","4466.516299988143","4466.8862000107765","35854.63860002346","44851.59550001845","229788.49359997548","44901.59860003041","266736.9441000046","35636.02939998964","NA","266691.6820000042","255726.3702999917","229788.53449999588","44901.64579998236","229788.25829998823","35849.3301999988","255723.07110001566","Experiment","0","0","0","6","1920","diskutiert.","53","25","243"
"<AN>Frauen</AN>","C6","<RN>Professor*innen</RN>","undefined","undefined","True","53","4","<AN>Männer</AN>","135","-65.0","70.0","61.0","114.0","undefined","undefined","#232323","1620","psycho","True","diskutiert","psycho","psycho","undefined","undefined","undefined","0","0","0","0","0","26","0","26","0","0","26","26","26","0","26","0","50","-810.0","-270.5","5","1003.0","95.55196523776999","Tue Aug  4 09:10:34 2026","The main experiment item","False","Im Rahmen einer öffentlichen Veranstaltung wird über die Zukunft der Hochschulen und die Forschungsförderung diskutiert. Die <RN>Professorinnen</RN> diskutieren über die Zukunft der Hochschulen und setzen sich für mehr Forschungsgelder ein, doch diese <AN>Männer</AN> lehnen die Vorschläge ab. Die nächsten Schritte werden derzeit kontrovers diskutiert.","experiment.osexp","D:\ET_course_project_gender-bias\experiment","False","mono","False","39","no","white","no","yes","1080","15","space","psycho","178.0","3.0","117","4","26","26","D:\ET_course_project_gender-bias\experiment\subject-7.csv","150","psycho","an_found","Neonatal Nightingale","4.1.14","461.0","178.0","2","0","space","NA","space","space","space","10964.75179999834","NA","8996.33559997892","10964.75179999834","True","53","2","<RN>Professorinnen</RN>","317","461.0","778.0","-173.0","-120.0","2","psycho","1","Im Rahmen einer öffentlichen Veranstaltung wird über die Zukunft der Hochschulen und die Forschungsförderung diskutiert. Die <RN>Professorinnen</RN> diskutieren über die Zukunft der Hochschulen und setzen sich für mehr Forschungsgelder ein, doch diese <AN>Männer</AN> lehnen die Vorschläge ab. Die nächsten Schritte werden derzeit kontrovers diskutiert.","Im Rahmen einer öffentlichen Veranstaltung wird über die Zukunft der Hochschulen und die Forschungsförderung diskutiert. Die <RN>Professorinnen</RN> diskutieren über die Zukunft der Hochschulen und setzen sich für mehr Forschungsgelder ein, doch diese <AN>Männer</AN> lehnen die Vorschläge ab. Die nächsten Schritte werden derzeit kontrovers diskutiert.","1","1024","2","48000","-16","53","4","135","70.0","205.0","61.0","114.0","experiment","7","odd","229799.32350001764","-810.0","-290.0","NA","4466.516299988143","4466.8862000107765","35854.63860002346","44851.59550001845","267025.07690002676","44901.59860003041","267025.1291000168","35636.02939998964","NA","266691.6820000042","255726.3702999917","229788.53449999588","44901.64579998236","267024.6160000097","35849.3301999988","255723.07110001566","Experiment","0","0","0","6","1920","diskutiert.","53","25","243"
"<AN>Frauen</AN>","C6","<RN>Expert*innen</RN>","undefined","undefined","True","53","4","<AN>Männer</AN>","135","-65.0","70.0","61.0","114.0","undefined","undefined","#232323","1620","psycho","True","diskutiert","psycho","psycho","undefined","undefined","undefined","0","0","0","0","0","27","0","27","0","0","27","27","27","0","27","0","50","-810.0","-270.5","5","1003.0","95.55196523776999","Tue Aug  4 09:10:34 2026","The main experiment item","False","Im Rahmen einer öffentlichen Veranstaltung wird über die Zukunft der Hochschulen und die Forschungsförderung diskutiert. Die <RN>Professorinnen</RN> diskutieren über die Zukunft der Hochschulen und setzen sich für mehr Forschungsgelder ein, doch diese <AN>Männer</AN> lehnen die Vorschläge ab. Die nächsten Schritte werden derzeit kontrovers diskutiert.","experiment.osexp","D:\ET_course_project_gender-bias\experiment","False","mono","False","39","no","white","no","yes","1080","10","space","psycho","178.0","3.0","117","3","27","27","D:\ET_course_project_gender-bias\experiment\subject-7.csv","150","psycho","an_found","Neonatal Nightingale","4.1.14","461.0","178.0","2","0","space","NA","space","space","space","10964.75179999834","NA","8996.33559997892","10964.75179999834","True","53","2","<RN>Professorinnen</RN>","317","461.0","778.0","-173.0","-120.0","2","psycho","1","Im Rahmen einer öffentlichen Veranstaltung wird über die Zukunft der Hochschulen und die Forschungsförderung diskutiert. Die <RN>Professorinnen</RN> diskutieren über die Zukunft der Hochschulen und setzen sich für mehr Forschungsgelder ein, doch diese <AN>Männer</AN> lehnen die Vorschläge ab. Die nächsten Schritte werden derzeit kontrovers diskutiert.","Im Rahmen einer universitären Veranstaltung werden aktuelle Fragestellungen der Rüstungsindustrie behandelt. Die große Mehrheit dieser <RN>Fachleute</RN> sehen eine stärkere Aufrüstung für Deutschland als notwendig, doch diese Gruppe von <AN>Frauen</AN> kritisiert dessen Finanzierung. Die Auswirkungen der Entscheidung werden noch geprüft.","1","1024","2","48000","-16","53","4","135","70.0","205.0","61.0","114.0","experiment","7","odd","229799.32350001764","-810.0","-290.0","NA","4466.516299988143","4466.8862000107765","35854.63860002346","44851.59550001845","267052.952500002","44901.59860003041","267053.0076000141","35636.02939998964","NA","266691.6820000042","255726.3702999917","229788.53449999588","44901.64579998236","267052.56250000093","35849.3301999988","255723.07110001566","Experiment","0","0","0","6","1920","diskutiert.","53","25","243"
"<AN>Männer</AN>","C3","<RN>Studentinnen</RN>","undefined","undefined","True","53","4","<AN>Männer</AN>","135","-65.0","70.0","61.0","114.0","undefined","undefined","#232323","1620","psycho","True","diskutiert","psycho","psycho","undefined","undefined","undefined","0","0","0","0","0","28","0","28","0","0","28","28","28","0","28","0","50","-810.0","-270.5","5","1003.0","95.55196523776999","Tue Aug  4 09:10:34 2026","The main experiment item","False","Im Rahmen einer öffentlichen Veranstaltung wird über die Zukunft der Hochschulen und die Forschungsförderung diskutiert. Die <RN>Professorinnen</RN> diskutieren über die Zukunft der Hochschulen und setzen sich für mehr Forschungsgelder ein, doch diese <AN>Männer</AN> lehnen die Vorschläge ab. Die nächsten Schritte werden derzeit kontrovers diskutiert.","experiment.osexp","D:\ET_course_project_gender-bias\experiment","False","mono","False","39","no","white","no","yes","1080","1","space","psycho","178.0","3.0","117","3","28","28","D:\ET_course_project_gender-bias\experiment\subject-7.csv","150","psycho","an_found","Neonatal Nightingale","4.1.14","461.0","178.0","2","0","space","NA","space","space","space","10964.75179999834","NA","8996.33559997892","10964.75179999834","True","53","2","<RN>Professorinnen</RN>","317","461.0","778.0","-173.0","-120.0","2","psycho","1","Im Rahmen einer öffentlichen Veranstaltung wird über die Zukunft der Hochschulen und die Forschungsförderung diskutiert. Die <RN>Professorinnen</RN> diskutieren über die Zukunft der Hochschulen und setzen sich für mehr Forschungsgelder ein, doch diese <AN>Männer</AN> lehnen die Vorschläge ab. Die nächsten Schritte werden derzeit kontrovers diskutiert.","Bei einer Podiumsdiskussion an der Universität Stuttgart wird über aktuelle gesellschaftliche Themen gesprochen. Die <RN>Studenten</RN> müssten wieder stärker leistungsorientiert gefördert werden, doch die Mehrheit dieser dort teilnehmenden <AN>Frauen</AN> kritisiert die neuen Anforderungen. Die weitere Entwicklung bleibt Gegenstand öffentlicher Debatten.","1","1024","2","48000","-16","53","4","135","70.0","205.0","61.0","114.0","experiment","7","odd","229799.32350001764","-810.0","-290.0","NA","4466.516299988143","4466.8862000107765","35854.63860002346","44851.59550001845","267080.24410001235","44901.59860003041","267080.28470003046","35636.02939998964","NA","266691.6820000042","255726.3702999917","229788.53449999588","44901.64579998236","267080.15430002706","35849.3301999988","255723.07110001566","Experiment","0","0","0","6","1920","diskutiert.","53","25","243"
"<AN>Männer</AN>","C3","<RN>Ingenieurinnen</RN>","undefined","undefined","True","53","4","<AN>Männer</AN>","135","-65.0","70.0","61.0","114.0","undefined","undefined","#232323","1620","psycho","True","diskutiert","psycho","psycho","undefined","undefined","undefined","0","0","0","0","0","29","0","29","0","0","29","29","29","0","29","0","50","-810.0","-270.5","5","1003.0","95.55196523776999","Tue Aug  4 09:10:34 2026","The main experiment item","False","Im Rahmen einer öffentlichen Veranstaltung wird über die Zukunft der Hochschulen und die Forschungsförderung diskutiert. Die <RN>Professorinnen</RN> diskutieren über die Zukunft der Hochschulen und setzen sich für mehr Forschungsgelder ein, doch diese <AN>Männer</AN> lehnen die Vorschläge ab. Die nächsten Schritte werden derzeit kontrovers diskutiert.","experiment.osexp","D:\ET_course_project_gender-bias\experiment","False","mono","False","39","no","white","no","yes","1080","17","space","psycho","178.0","3.0","117","5","29","29","D:\ET_course_project_gender-bias\experiment\subject-7.csv","150","psycho","an_found","Neonatal Nightingale","4.1.14","461.0","178.0","2","0","space","NA","space","space","space","10964.75179999834","NA","8996.33559997892","10964.75179999834","True","53","2","<RN>Professorinnen</RN>","317","461.0","778.0","-173.0","-120.0","2","psycho","1","Im Rahmen einer öffentlichen Veranstaltung wird über die Zukunft der Hochschulen und die Forschungsförderung diskutiert. Die <RN>Professorinnen</RN> diskutieren über die Zukunft der Hochschulen und setzen sich für mehr Forschungsgelder ein, doch diese <AN>Männer</AN> lehnen die Vorschläge ab. Die nächsten Schritte werden derzeit kontrovers diskutiert.","Im Rahmen einer städtischen Planungsrunde wird über die zukünftige Mobilität und den Ausbau des Nahverkehrs diskutiert. Die <RN>Ingenieurinnen</RN> diskutieren über nachhaltige Verkehrskonzepte und setzen sich für den Ausbau des ÖPNV ein, doch diese <AN>Männer</AN> lehnen die Vorschläge ab. Die nächsten Schritte werden derzeit kontrovers diskutiert.","1","1024","2","48000","-16","53","4","135","70.0","205.0","61.0","114.0","experiment","7","odd","229799.32350001764","-810.0","-290.0","NA","4466.516299988143","4466.8862000107765","35854.63860002346","44851.59550001845","267107.82350000227","44901.59860003041","267107.85869997926","35636.02939998964","NA","266691.6820000042","255726.3702999917","229788.53449999588","44901.64579998236","267107.7264000196","35849.3301999988","255723.07110001566","Experiment","0","0","0","6","1920","diskutiert.","53","25","243"
"<AN>Frauen</AN>","C4","<RN>Lehrerinnen</RN>","undefined","undefined","True","53","4","<AN>Männer</AN>","135","-65.0","70.0","61.0","114.0","undefined","undefined","#232323","1620","psycho","True","diskutiert","psycho","psycho","undefined","undefined","undefined","0","0","0","0","0","30","0","30","0","0","30","30","30","0","30","0","50","-810.0","-270.5","5","1003.0","95.55196523776999","Tue Aug  4 09:10:34 2026","The main experiment item","False","Im Rahmen einer öffentlichen Veranstaltung wird über die Zukunft der Hochschulen und die Forschungsförderung diskutiert. Die <RN>Professorinnen</RN> diskutieren über die Zukunft der Hochschulen und setzen sich für mehr Forschungsgelder ein, doch diese <AN>Männer</AN> lehnen die Vorschläge ab. Die nächsten Schritte werden derzeit kontrovers diskutiert.","experiment.osexp","D:\ET_course_project_gender-bias\experiment","False","mono","False","39","no","white","no","yes","1080","6","space","psycho","178.0","3.0","117","5","30","30","D:\ET_course_project_gender-bias\experiment\subject-7.csv","150","psycho","an_found","Neonatal Nightingale","4.1.14","461.0","178.0","2","0","space","NA","space","space","space","10964.75179999834","NA","8996.33559997892","10964.75179999834","True","53","2","<RN>Professorinnen</RN>","317","461.0","778.0","-173.0","-120.0","2","psycho","1","Im Rahmen einer öffentlichen Veranstaltung wird über die Zukunft der Hochschulen und die Forschungsförderung diskutiert. Die <RN>Professorinnen</RN> diskutieren über die Zukunft der Hochschulen und setzen sich für mehr Forschungsgelder ein, doch diese <AN>Männer</AN> lehnen die Vorschläge ab. Die nächsten Schritte werden derzeit kontrovers diskutiert.","Auf einer Konferenz zu Bildungsfragen in Stuttgart wird derzeit über aktuelle schulische Themen gesprochen. Die <RN>Lehrer</RN> sollen mehr auf Disziplin und Konsequenzen im Unterricht setzen, doch aus pädagogischen Gründen lehnen diese <AN>Frauen</AN> die Vorschläge ab. Die kommenden Entwicklungen sind weiterhin Gegenstand von Diskussionen.","1","1024","2","48000","-16","53","4","135","70.0","205.0","61.0","114.0","experiment","7","odd","229799.32350001764","-810.0","-290.0","NA","4466.516299988143","4466.8862000107765","35854.63860002346","44851.59550001845","267135.6331999996","44901.59860003041","267135.66969998647","35636.02939998964","NA","266691.6820000042","255726.3702999917","229788.53449999588","44901.64579998236","267135.543100012","35849.3301999988","255723.07110001566","Experiment","0","0","0","6","1920","diskutiert.","53","25","243"
"<AN>Männer</AN>","C3","<RN>Ingenieurinnen</RN>","undefined","undefined","True","53","4","<AN>Männer</AN>","135","-130.0","5.0","61.0","114.0","undefined","undefined","#232323","1620","psycho","True","gestritten","psycho","psycho","undefined","undefined","undefined","0","0","0","0","0","31","0","31","0","0","31","31","31","0","31","0","50","-810.0","-270.5","5","1137.0","74.48200023522462","Tue Aug  4 09:10:34 2026","The main experiment item","False","Auf einer wissenschaftlichen Konferenz zu technischen Zukunftsfragen werden derzeit aktuelle gesellschaftliche Themen erörtert. Die <RN>Ingenieurinnen</RN> kritisieren die Energiewende und stehen vor Herausforderungen, doch diese <AN>Männer</AN> lehnen zusätzliche Investitionen ab. Über die Konsequenzen wird weiterhin intensiv gestritten.","experiment.osexp","D:\ET_course_project_gender-bias\experiment","False","mono","False","39","no","white","no","yes","1080","3","space","psycho","178.0","3.0","117","1","31","31","D:\ET_course_project_gender-bias\experiment\subject-7.csv","150","psycho","an_found","Neonatal Nightingale","4.1.14","596.0","178.0","2","0","space","NA","space","space","space","14084.994800039567","NA","8996.33559997892","14084.994800039567","True","53","3","<RN>Ingenieurinnen</RN>","316","-810.0","-494.0","-56.0","-3.0","2","psycho","1","Auf einer wissenschaftlichen Konferenz zu technischen Zukunftsfragen werden derzeit aktuelle gesellschaftliche Themen erörtert. Die <RN>Ingenieur*innen</RN> kritisieren die Energiewende und stehen vor Herausforderungen, doch diese <AN>Frauen</AN> lehnen zusätzliche Investitionen ab. Über die Konsequenzen wird weiterhin intensiv gestritten.","Auf einer wissenschaftlichen Konferenz zu technischen Zukunftsfragen werden derzeit aktuelle gesellschaftliche Themen erörtert. Die <RN>Ingenieur*innen</RN> kritisieren die Energiewende und stehen vor Herausforderungen, doch diese <AN>Frauen</AN> lehnen zusätzliche Investitionen ab. Über die Konsequenzen wird weiterhin intensiv gestritten.","0","1024","2","48000","-16","53","4","135","5.0","140.0","61.0","114.0","experiment","7","odd","267175.6557999761","-810.0","-290.0","NA","4466.516299988143","4466.8862000107765","35854.63860002346","44851.59550001845","267164.47070002323","44901.59860003041","312026.2768000248","35636.02939998964","NA","311980.6899999967","297894.3161999923","267164.51149998466","44901.64579998236","267164.2662999802","35849.3301999988","297891.1273999838","Experiment","0","0","0","7","1920","gestritten.","53","25","244"
"<AN>Frauen</AN>","C2","<RN>Unternehmer</RN>","undefined","undefined","True","53","4","<AN>Männer</AN>","135","-130.0","5.0","61.0","114.0","undefined","undefined","#232323","1620","psycho","True","gestritten","psycho","psycho","undefined","undefined","undefined","0","0","0","0","0","32","0","32","0","0","32","32","32","0","32","0","50","-810.0","-270.5","5","1137.0","74.48200023522462","Tue Aug  4 09:10:34 2026","The main experiment item","False","Auf einer wissenschaftlichen Konferenz zu technischen Zukunftsfragen werden derzeit aktuelle gesellschaftliche Themen erörtert. Die <RN>Ingenieurinnen</RN> kritisieren die Energiewende und stehen vor Herausforderungen, doch diese <AN>Männer</AN> lehnen zusätzliche Investitionen ab. Über die Konsequenzen wird weiterhin intensiv gestritten.","experiment.osexp","D:\ET_course_project_gender-bias\experiment","False","mono","False","39","no","white","no","yes","1080","4","space","psycho","178.0","3.0","117","5","32","32","D:\ET_course_project_gender-bias\experiment\subject-7.csv","150","psycho","an_found","Neonatal Nightingale","4.1.14","596.0","178.0","2","0","space","NA","space","space","space","14084.994800039567","NA","8996.33559997892","14084.994800039567","True","53","3","<RN>Ingenieurinnen</RN>","316","-810.0","-494.0","-56.0","-3.0","2","psycho","1","Auf einer wissenschaftlichen Konferenz zu technischen Zukunftsfragen werden derzeit aktuelle gesellschaftliche Themen erörtert. Die <RN>Ingenieur*innen</RN> kritisieren die Energiewende und stehen vor Herausforderungen, doch diese <AN>Frauen</AN> lehnen zusätzliche Investitionen ab. Über die Konsequenzen wird weiterhin intensiv gestritten.","Bei einem Networking-Event stehen wirtschaftspolitische und gesellschaftliche Fragestellungen im Mittelpunkt der Diskussion. Die <RN>Unternehmer</RN> brauchen weniger bürokratische Hürden und sprechen über Verbesserungen, doch diese <AN>Männer</AN> fordern weitere steuerliche Entlastungen. Die Folgen dieser Positionen bleiben umstritten.","1","1024","2","48000","-16","53","4","135","5.0","140.0","61.0","114.0","experiment","7","odd","267175.6557999761","-810.0","-290.0","NA","4466.516299988143","4466.8862000107765","35854.63860002346","44851.59550001845","312052.96679999446","44901.59860003041","312053.0029999791","35636.02939998964","NA","311980.6899999967","297894.3161999923","267164.51149998466","44901.64579998236","312052.87010001484","35849.3301999988","297891.1273999838","Experiment","0","0","0","7","1920","gestritten.","53","25","244"
"<AN>Frauen</AN>","C6","<RN>Einwohner*innen</RN>","undefined","undefined","True","53","4","<AN>Männer</AN>","135","-130.0","5.0","61.0","114.0","undefined","undefined","#232323","1620","psycho","True","gestritten","psycho","psycho","undefined","undefined","undefined","0","0","0","0","0","33","0","33","0","0","33","33","33","0","33","0","50","-810.0","-270.5","5","1137.0","74.48200023522462","Tue Aug  4 09:10:34 2026","The main experiment item","False","Auf einer wissenschaftlichen Konferenz zu technischen Zukunftsfragen werden derzeit aktuelle gesellschaftliche Themen erörtert. Die <RN>Ingenieurinnen</RN> kritisieren die Energiewende und stehen vor Herausforderungen, doch diese <AN>Männer</AN> lehnen zusätzliche Investitionen ab. Über die Konsequenzen wird weiterhin intensiv gestritten.","experiment.osexp","D:\ET_course_project_gender-bias\experiment","False","mono","False","39","no","white","no","yes","1080","8","space","psycho","178.0","3.0","117","5","33","33","D:\ET_course_project_gender-bias\experiment\subject-7.csv","150","psycho","an_found","Neonatal Nightingale","4.1.14","596.0","178.0","2","0","space","NA","space","space","space","14084.994800039567","NA","8996.33559997892","14084.994800039567","True","53","3","<RN>Ingenieurinnen</RN>","316","-810.0","-494.0","-56.0","-3.0","2","psycho","1","Auf einer wissenschaftlichen Konferenz zu technischen Zukunftsfragen werden derzeit aktuelle gesellschaftliche Themen erörtert. Die <RN>Ingenieur*innen</RN> kritisieren die Energiewende und stehen vor Herausforderungen, doch diese <AN>Frauen</AN> lehnen zusätzliche Investitionen ab. Über die Konsequenzen wird weiterhin intensiv gestritten.","Im Rahmen einer öffentlichen Veranstaltung wird derzeit über Fragen der inneren Sicherheit und gesellschaftliche Entwicklungen gesprochen. Die <RN>Bürger</RN> diskutieren über Fragen der Sicherheit bezüglich der aktuellen Krise, doch diese <AN>Männer</AN> fordern härtere Maßnahmen. Die weiteren Maßnahmen stoßen auf geteilte Reaktionen.","1","1024","2","48000","-16","53","4","135","5.0","140.0","61.0","114.0","experiment","7","odd","267175.6557999761","-810.0","-290.0","NA","4466.516299988143","4466.8862000107765","35854.63860002346","44851.59550001845","312079.87100002356","44901.59860003041","312079.91079997737","35636.02939998964","NA","311980.6899999967","297894.3161999923","267164.51149998466","44901.64579998236","312079.7730999766","35849.3301999988","297891.1273999838","Experiment","0","0","0","7","1920","gestritten.","53","25","244"
"<AN>Frauen</AN>","C6","<RN>Einwohner*innen</RN>","undefined","undefined","True","53","4","<AN>Männer</AN>","135","-130.0","5.0","61.0","114.0","undefined","undefined","#232323","1620","psycho","True","gestritten","psycho","psycho","undefined","undefined","undefined","0","0","0","0","0","34","0","34","0","0","34","34","34","0","34","0","50","-810.0","-270.5","5","1137.0","74.48200023522462","Tue Aug  4 09:10:34 2026","The main experiment item","False","Auf einer wissenschaftlichen Konferenz zu technischen Zukunftsfragen werden derzeit aktuelle gesellschaftliche Themen erörtert. Die <RN>Ingenieurinnen</RN> kritisieren die Energiewende und stehen vor Herausforderungen, doch diese <AN>Männer</AN> lehnen zusätzliche Investitionen ab. Über die Konsequenzen wird weiterhin intensiv gestritten.","experiment.osexp","D:\ET_course_project_gender-bias\experiment","False","mono","False","39","no","white","no","yes","1080","13","space","psycho","178.0","3.0","117","6","34","34","D:\ET_course_project_gender-bias\experiment\subject-7.csv","150","psycho","an_found","Neonatal Nightingale","4.1.14","596.0","178.0","2","0","space","NA","space","space","space","14084.994800039567","NA","8996.33559997892","14084.994800039567","True","53","3","<RN>Ingenieurinnen</RN>","316","-810.0","-494.0","-56.0","-3.0","2","psycho","1","Auf einer wissenschaftlichen Konferenz zu technischen Zukunftsfragen werden derzeit aktuelle gesellschaftliche Themen erörtert. Die <RN>Ingenieur*innen</RN> kritisieren die Energiewende und stehen vor Herausforderungen, doch diese <AN>Frauen</AN> lehnen zusätzliche Investitionen ab. Über die Konsequenzen wird weiterhin intensiv gestritten.","Im Rahmen einer öffentlichen Veranstaltung wird über Sicherheit, gesellschaftlichen Zusammenhalt und politische Reformen gesprochen. Die <RN>Bürgerinnen</RN> wünschen sich Sicherheit und verlässliche Perspektiven, doch diese Gruppe von <AN>Frauen</AN> sieht Reformbedarf im System. Die weitere Entwicklung bleibt Gegenstand öffentlicher Debatten.","1","1024","2","48000","-16","53","4","135","5.0","140.0","61.0","114.0","experiment","7","odd","267175.6557999761","-810.0","-290.0","NA","4466.516299988143","4466.8862000107765","35854.63860002346","44851.59550001845","312107.2361000115","44901.59860003041","312107.2709999862","35636.02939998964","NA","311980.6899999967","297894.3161999923","267164.51149998466","44901.64579998236","312107.1485999855","35849.3301999988","297891.1273999838","Experiment","0","0","0","7","1920","gestritten.","53","25","244"
"<AN>Männer</AN>","C1","<RN>Lehrer</RN>","undefined","undefined","True","53","4","<AN>Männer</AN>","135","-130.0","5.0","61.0","114.0","undefined","undefined","#232323","1620","psycho","True","gestritten","psycho","psycho","undefined","undefined","undefined","0","0","0","0","0","35","0","35","0","0","35","35","35","0","35","0","50","-810.0","-270.5","5","1137.0","74.48200023522462","Tue Aug  4 09:10:34 2026","The main experiment item","False","Auf einer wissenschaftlichen Konferenz zu technischen Zukunftsfragen werden derzeit aktuelle gesellschaftliche Themen erörtert. Die <RN>Ingenieurinnen</RN> kritisieren die Energiewende und stehen vor Herausforderungen, doch diese <AN>Männer</AN> lehnen zusätzliche Investitionen ab. Über die Konsequenzen wird weiterhin intensiv gestritten.","experiment.osexp","D:\ET_course_project_gender-bias\experiment","False","mono","False","39","no","white","no","yes","1080","6","space","psycho","178.0","3.0","117","2","35","35","D:\ET_course_project_gender-bias\experiment\subject-7.csv","150","psycho","an_found","Neonatal Nightingale","4.1.14","596.0","178.0","2","0","space","NA","space","space","space","14084.994800039567","NA","8996.33559997892","14084.994800039567","True","53","3","<RN>Ingenieurinnen</RN>","316","-810.0","-494.0","-56.0","-3.0","2","psycho","1","Auf einer wissenschaftlichen Konferenz zu technischen Zukunftsfragen werden derzeit aktuelle gesellschaftliche Themen erörtert. Die <RN>Ingenieur*innen</RN> kritisieren die Energiewende und stehen vor Herausforderungen, doch diese <AN>Frauen</AN> lehnen zusätzliche Investitionen ab. Über die Konsequenzen wird weiterhin intensiv gestritten.","Auf einer Konferenz zu Bildungsfragen in Stuttgart wird derzeit über aktuelle schulische Themen gesprochen. Die <RN>Lehrer</RN> sollen mehr auf Disziplin und Konsequenzen im Unterricht setzen, doch aus pädagogischen Gründen lehnen diese <AN>Frauen</AN> die Vorschläge ab. Die kommenden Entwicklungen sind weiterhin Gegenstand von Diskussionen.","1","1024","2","48000","-16","53","4","135","5.0","140.0","61.0","114.0","experiment","7","odd","267175.6557999761","-810.0","-290.0","NA","4466.516299988143","4466.8862000107765","35854.63860002346","44851.59550001845","312134.6096000052","44901.59860003041","312134.66510002036","35636.02939998964","NA","311980.6899999967","297894.3161999923","267164.51149998466","44901.64579998236","312134.1970000067","35849.3301999988","297891.1273999838","Experiment","0","0","0","7","1920","gestritten.","53","25","244"
"<AN>Frauen</AN>","C6","<RN>Arbeitnehmer*innen</RN>","undefined","undefined","True","53","4","<AN>Frauen</AN>","132","-105.0","27.0","61.0","114.0","undefined","undefined","#232323","1620","psycho","True","Diskussionen","psycho","psycho","undefined","undefined","undefined","0","0","0","0","0","36","0","36","0","0","36","36","36","0","36","0","50","-810.0","-270.5","6","1543.0","98.99422173763476","Tue Aug  4 09:10:34 2026","The main experiment item","False","Auf einer Gewerkschaftsveranstaltung wird derzeit über Löhne, Arbeitsbedingungen und Arbeitnehmerrechte diskutiert. Die <RN>Arbeitnehmer*innen</RN> fordern bessere Bezahlung und faire Arbeitsbedingungen, doch diese <AN>Frauen</AN> sehen vor allem strukturelle Probleme. Die kommenden Entwicklungen sind weiterhin Gegenstand von Diskussionen.","experiment.osexp","D:\ET_course_project_gender-bias\experiment","False","mono","False","39","no","white","no","yes","1080","12","space","psycho","295.0","3.0","117","1","36","36","D:\ET_course_project_gender-bias\experiment\subject-7.csv","150","psycho","an_found","Neonatal Nightingale","4.1.14","-496.0","295.0","2","0","space","NA","space","space","space","19972.248600039165","NA","8996.33559997892","19972.248600039165","True","53","3","<RN>Arbeitnehmer*innen</RN>","412","-810.0","-398.0","-56.0","-3.0","2","psycho","1","Auf einer Gewerkschaftsveranstaltung wird derzeit über Löhne, Arbeitsbedingungen und Arbeitnehmerrechte diskutiert. Die <RN>Beschäftigten</RN> fordern bessere Bezahlung und faire Arbeitsbedingungen, doch diese <AN>Frauen</AN> sehen vor allem strukturelle Probleme. Die kommenden Entwicklungen sind weiterhin Gegenstand von Diskussionen.","Auf einer Gewerkschaftsveranstaltung wird derzeit über Löhne, Arbeitsbedingungen und Arbeitnehmerrechte diskutiert. Die <RN>Beschäftigten</RN> fordern bessere Bezahlung und faire Arbeitsbedingungen, doch diese <AN>Frauen</AN> sehen vor allem strukturelle Probleme. Die kommenden Entwicklungen sind weiterhin Gegenstand von Diskussionen.","0","1024","2","48000","-16","53","4","132","27.0","159.0","61.0","114.0","experiment","7","odd","312173.9524999866","-810.0","-290.0","NA","4466.516299988143","4466.8862000107765","35854.63860002346","44851.59550001845","312161.92500002217","44901.59860003041","347672.8243000107","35636.02939998964","NA","347627.9079000233","327654.90939997835","312161.9700000156","44901.64579998236","312161.61640000064","35849.3301999988","327651.22509998037","Experiment","0","0","0","8","1920","Diskussionen.","53","25","289"
"<AN>Männer</AN>","C3","<RN>Lehrerinnen</RN>","undefined","undefined","True","53","4","<AN>Frauen</AN>","132","-105.0","27.0","61.0","114.0","undefined","undefined","#232323","1620","psycho","True","Diskussionen","psycho","psycho","undefined","undefined","undefined","0","0","0","0","0","37","0","37","0","0","37","37","37","0","37","0","50","-810.0","-270.5","6","1543.0","98.99422173763476","Tue Aug  4 09:10:34 2026","The main experiment item","False","Auf einer Gewerkschaftsveranstaltung wird derzeit über Löhne, Arbeitsbedingungen und Arbeitnehmerrechte diskutiert. Die <RN>Arbeitnehmer*innen</RN> fordern bessere Bezahlung und faire Arbeitsbedingungen, doch diese <AN>Frauen</AN> sehen vor allem strukturelle Probleme. Die kommenden Entwicklungen sind weiterhin Gegenstand von Diskussionen.","experiment.osexp","D:\ET_course_project_gender-bias\experiment","False","mono","False","39","no","white","no","yes","1080","6","space","psycho","295.0","3.0","117","4","37","37","D:\ET_course_project_gender-bias\experiment\subject-7.csv","150","psycho","an_found","Neonatal Nightingale","4.1.14","-496.0","295.0","2","0","space","NA","space","space","space","19972.248600039165","NA","8996.33559997892","19972.248600039165","True","53","3","<RN>Arbeitnehmer*innen</RN>","412","-810.0","-398.0","-56.0","-3.0","2","psycho","1","Auf einer Gewerkschaftsveranstaltung wird derzeit über Löhne, Arbeitsbedingungen und Arbeitnehmerrechte diskutiert. Die <RN>Beschäftigten</RN> fordern bessere Bezahlung und faire Arbeitsbedingungen, doch diese <AN>Frauen</AN> sehen vor allem strukturelle Probleme. Die kommenden Entwicklungen sind weiterhin Gegenstand von Diskussionen.","Auf einer Konferenz zu Bildungsfragen in Stuttgart wird derzeit über aktuelle schulische Themen gesprochen. Die <RN>Lehrer</RN> sollen mehr auf Disziplin und Konsequenzen im Unterricht setzen, doch aus pädagogischen Gründen lehnen diese <AN>Frauen</AN> die Vorschläge ab. Die kommenden Entwicklungen sind weiterhin Gegenstand von Diskussionen.","1","1024","2","48000","-16","53","4","132","27.0","159.0","61.0","114.0","experiment","7","odd","312173.9524999866","-810.0","-290.0","NA","4466.516299988143","4466.8862000107765","35854.63860002346","44851.59550001845","347700.5475999904","44901.59860003041","347700.5863999948","35636.02939998964","NA","347627.9079000233","327654.90939997835","312161.9700000156","44901.64579998236","347700.3946999903","35849.3301999988","327651.22509998037","Experiment","0","0","0","8","1920","Diskussionen.","53","25","289"
"<AN>Frauen</AN>","C6","<RN>Ingenieur*innen</RN>","undefined","undefined","True","53","4","<AN>Frauen</AN>","132","-105.0","27.0","61.0","114.0","undefined","undefined","#232323","1620","psycho","True","Diskussionen","psycho","psycho","undefined","undefined","undefined","0","0","0","0","0","38","0","38","0","0","38","38","38","0","38","0","50","-810.0","-270.5","6","1543.0","98.99422173763476","Tue Aug  4 09:10:34 2026","The main experiment item","False","Auf einer Gewerkschaftsveranstaltung wird derzeit über Löhne, Arbeitsbedingungen und Arbeitnehmerrechte diskutiert. Die <RN>Arbeitnehmer*innen</RN> fordern bessere Bezahlung und faire Arbeitsbedingungen, doch diese <AN>Frauen</AN> sehen vor allem strukturelle Probleme. Die kommenden Entwicklungen sind weiterhin Gegenstand von Diskussionen.","experiment.osexp","D:\ET_course_project_gender-bias\experiment","False","mono","False","39","no","white","no","yes","1080","17","space","psycho","295.0","3.0","117","2","38","38","D:\ET_course_project_gender-bias\experiment\subject-7.csv","150","psycho","an_found","Neonatal Nightingale","4.1.14","-496.0","295.0","2","0","space","NA","space","space","space","19972.248600039165","NA","8996.33559997892","19972.248600039165","True","53","3","<RN>Arbeitnehmer*innen</RN>","412","-810.0","-398.0","-56.0","-3.0","2","psycho","1","Auf einer Gewerkschaftsveranstaltung wird derzeit über Löhne, Arbeitsbedingungen und Arbeitnehmerrechte diskutiert. Die <RN>Beschäftigten</RN> fordern bessere Bezahlung und faire Arbeitsbedingungen, doch diese <AN>Frauen</AN> sehen vor allem strukturelle Probleme. Die kommenden Entwicklungen sind weiterhin Gegenstand von Diskussionen.","Im Rahmen einer städtischen Planungsrunde wird über die zukünftige Mobilität und den Ausbau des Nahverkehrs diskutiert. Die <RN>Ingenieurinnen</RN> diskutieren über Verkehrskonzepte und setzen sich für den Ausbau des ÖPNV ein, doch diese <AN>Männer</AN> lehnen die Vorschläge ab. Die nächsten Schritte werden derzeit kontrovers diskutiert.","1","1024","2","48000","-16","53","4","132","27.0","159.0","61.0","114.0","experiment","7","odd","312173.9524999866","-810.0","-290.0","NA","4466.516299988143","4466.8862000107765","35854.63860002346","44851.59550001845","347726.88139998354","44901.59860003041","347726.92689998075","35636.02939998964","NA","347627.9079000233","327654.90939997835","312161.9700000156","44901.64579998236","347726.6995999962","35849.3301999988","327651.22509998037","Experiment","0","0","0","8","1920","Diskussionen.","53","25","289"
"<AN>Männer</AN>","C3","<RN>Dozentinnen</RN>","undefined","undefined","True","53","4","<AN>Männer</AN>","135","-339.0","-204.0","61.0","114.0","undefined","undefined","#232323","1620","psycho","True","an","psycho","psycho","undefined","undefined","undefined","0","0","0","0","0","39","0","39","0","0","39","39","39","0","39","0","50","-810.0","-270.5","5","795.0","32.05884192293913","Tue Aug  4 09:10:34 2026","The main experiment item","False","Auf einer schulischen Tagung werden aktuelle Kontroversen rund um Vorlesungsführung und Leistungsbewertung diskutiert. Die <RN>Dozentinnen</RN> fordern erhöhte Leistungsorientierung und strengere Notenvergabe im Lehrplan, doch diese <AN>Männer</AN> stoßen dabei auf Gegendruck von Eltern. Die Debatte über das Thema hält weiter an.","experiment.osexp","D:\ET_course_project_gender-bias\experiment","False","mono","False","39","no","white","no","yes","1080","9","space","psycho","178.0","3.0","117","1","39","39","D:\ET_course_project_gender-bias\experiment\subject-7.csv","150","psycho","an_found","Neonatal Nightingale","4.1.14","69.0","178.0","2","0","space","NA","space","space","space","10108.769799990114","NA","8996.33559997892","10108.769799990114","True","53","2","<RN>Dozentinnen</RN>","249","488.0","737.0","-173.0","-120.0","2","psycho","1","Auf einer schulischen Tagung werden aktuelle Kontroversen rund um Vorlesungsführung und Leistungsbewertung diskutiert. Die <RN>Dozent*innen</RN> fordern erhöhte Leistungsorientierung und strengere Notenvergabe im Lehrplan, doch diese <AN>Männer</AN> stoßen dabei auf Gegendruck von Eltern. Die Debatte über das Thema hält weiter an.","Auf einer schulischen Tagung werden aktuelle Kontroversen rund um Vorlesungsführung und Leistungsbewertung diskutiert. Die <RN>Dozent*innen</RN> fordern erhöhte Leistungsorientierung und strengere Notenvergabe im Lehrplan, doch diese <AN>Männer</AN> stoßen dabei auf Gegendruck von Eltern. Die Debatte über das Thema hält weiter an.","0","1024","2","48000","-16","53","4","135","-204.0","-69.0","61.0","114.0","experiment","7","odd","347764.73170000827","-810.0","-290.0","NA","4466.516299988143","4466.8862000107765","35854.63860002346","44851.59550001845","347753.75560001703","44901.59860003041","383433.7308999966","35636.02939998964","NA","383388.34449998103","373278.4848000156","347753.7864000187","44901.64579998236","347753.5259000142","35849.3301999988","373275.2079999773","Experiment","0","0","0","9","1920","an.","53","25","59"
"<AN>Männer</AN>","C3","<RN>Krankenschwestern</RN>","undefined","undefined","True","53","4","<AN>Männer</AN>","135","-339.0","-204.0","61.0","114.0","undefined","undefined","#232323","1620","psycho","True","an","psycho","psycho","undefined","undefined","undefined","0","0","0","0","0","40","0","40","0","0","40","40","40","0","40","0","50","-810.0","-270.5","5","795.0","32.05884192293913","Tue Aug  4 09:10:34 2026","The main experiment item","False","Auf einer schulischen Tagung werden aktuelle Kontroversen rund um Vorlesungsführung und Leistungsbewertung diskutiert. Die <RN>Dozentinnen</RN> fordern erhöhte Leistungsorientierung und strengere Notenvergabe im Lehrplan, doch diese <AN>Männer</AN> stoßen dabei auf Gegendruck von Eltern. Die Debatte über das Thema hält weiter an.","experiment.osexp","D:\ET_course_project_gender-bias\experiment","False","mono","False","39","no","white","no","yes","1080","16","space","psycho","178.0","3.0","117","6","40","40","D:\ET_course_project_gender-bias\experiment\subject-7.csv","150","psycho","an_found","Neonatal Nightingale","4.1.14","69.0","178.0","2","0","space","NA","space","space","space","10108.769799990114","NA","8996.33559997892","10108.769799990114","True","53","2","<RN>Dozentinnen</RN>","249","488.0","737.0","-173.0","-120.0","2","psycho","1","Auf einer schulischen Tagung werden aktuelle Kontroversen rund um Vorlesungsführung und Leistungsbewertung diskutiert. Die <RN>Dozent*innen</RN> fordern erhöhte Leistungsorientierung und strengere Notenvergabe im Lehrplan, doch diese <AN>Männer</AN> stoßen dabei auf Gegendruck von Eltern. Die Debatte über das Thema hält weiter an.","Bei einer Informationsveranstaltung im Krankenhaus wird über aktuelle Impfreformen und deren Auswirkungen gesprochen. Die <RN>Krankenschwestern</RN> diskutieren über Langzeitfolgen von Corona und setzen sich für mehr Unterstützung ein, doch diese <AN>Männer</AN> lehnen die Vorschläge ab. Die nächsten Schritte werden derzeit kontrovers diskutiert.","1","1024","2","48000","-16","53","4","135","-204.0","-69.0","61.0","114.0","experiment","7","odd","347764.73170000827","-810.0","-290.0","NA","4466.516299988143","4466.8862000107765","35854.63860002346","44851.59550001845","383461.4311000332","44901.59860003041","383461.4829000202","35636.02939998964","NA","383388.34449998103","373278.4848000156","347753.7864000187","44901.64579998236","383461.1861000303","35849.3301999988","373275.2079999773","Experiment","0","0","0","9","1920","an.","53","25","59"
"<AN>Frauen</AN>","C4","<RN>Arbeitnehmerinnen</RN>","undefined","undefined","True","53","4","<AN>Männer</AN>","135","-339.0","-204.0","61.0","114.0","undefined","undefined","#232323","1620","psycho","True","an","psycho","psycho","undefined","undefined","undefined","0","0","0","0","0","41","0","41","0","0","41","41","41","0","41","0","50","-810.0","-270.5","5","795.0","32.05884192293913","Tue Aug  4 09:10:34 2026","The main experiment item","False","Auf einer schulischen Tagung werden aktuelle Kontroversen rund um Vorlesungsführung und Leistungsbewertung diskutiert. Die <RN>Dozentinnen</RN> fordern erhöhte Leistungsorientierung und strengere Notenvergabe im Lehrplan, doch diese <AN>Männer</AN> stoßen dabei auf Gegendruck von Eltern. Die Debatte über das Thema hält weiter an.","experiment.osexp","D:\ET_course_project_gender-bias\experiment","False","mono","False","39","no","white","no","yes","1080","5","space","psycho","178.0","3.0","117","6","41","41","D:\ET_course_project_gender-bias\experiment\subject-7.csv","150","psycho","an_found","Neonatal Nightingale","4.1.14","69.0","178.0","2","0","space","NA","space","space","space","10108.769799990114","NA","8996.33559997892","10108.769799990114","True","53","2","<RN>Dozentinnen</RN>","249","488.0","737.0","-173.0","-120.0","2","psycho","1","Auf einer schulischen Tagung werden aktuelle Kontroversen rund um Vorlesungsführung und Leistungsbewertung diskutiert. Die <RN>Dozent*innen</RN> fordern erhöhte Leistungsorientierung und strengere Notenvergabe im Lehrplan, doch diese <AN>Männer</AN> stoßen dabei auf Gegendruck von Eltern. Die Debatte über das Thema hält weiter an.","Im Rahmen einer Geschäftsveranstaltung findet derzeit ein Austausch über Arbeitsbedingungen und gesellschaftliche Entwicklungen statt. Die <RN>Arbeitnehmer*innen</RN> erwarten höhere Gehälter und klimatisierte Arbeitsplätze, aber diese <AN>Männer</AN> wollen auch weniger arbeiten. Die Frage nach den Konsequenzen bleibt offen.","1","1024","2","48000","-16","53","4","135","-204.0","-69.0","61.0","114.0","experiment","7","odd","347764.73170000827","-810.0","-290.0","NA","4466.516299988143","4466.8862000107765","35854.63860002346","44851.59550001845","383488.2710999809","44901.59860003041","383488.3192999987","35636.02939998964","NA","383388.34449998103","373278.4848000156","347753.7864000187","44901.64579998236","383488.17450000206","35849.3301999988","373275.2079999773","Experiment","0","0","0","9","1920","an.","53","25","59"
"<AN>Männer</AN>","C1","<RN>Professoren</RN>","undefined","undefined","True","53","4","<AN>Männer</AN>","135","-339.0","-204.0","61.0","114.0","undefined","undefined","#232323","1620","psycho","True","an","psycho","psycho","undefined","undefined","undefined","0","0","0","0","0","42","0","42","0","0","42","42","42","0","42","0","50","-810.0","-270.5","5","795.0","32.05884192293913","Tue Aug  4 09:10:34 2026","The main experiment item","False","Auf einer schulischen Tagung werden aktuelle Kontroversen rund um Vorlesungsführung und Leistungsbewertung diskutiert. Die <RN>Dozentinnen</RN> fordern erhöhte Leistungsorientierung und strengere Notenvergabe im Lehrplan, doch diese <AN>Männer</AN> stoßen dabei auf Gegendruck von Eltern. Die Debatte über das Thema hält weiter an.","experiment.osexp","D:\ET_course_project_gender-bias\experiment","False","mono","False","39","no","white","no","yes","1080","15","space","psycho","178.0","3.0","117","5","42","42","D:\ET_course_project_gender-bias\experiment\subject-7.csv","150","psycho","an_found","Neonatal Nightingale","4.1.14","69.0","178.0","2","0","space","NA","space","space","space","10108.769799990114","NA","8996.33559997892","10108.769799990114","True","53","2","<RN>Dozentinnen</RN>","249","488.0","737.0","-173.0","-120.0","2","psycho","1","Auf einer schulischen Tagung werden aktuelle Kontroversen rund um Vorlesungsführung und Leistungsbewertung diskutiert. Die <RN>Dozent*innen</RN> fordern erhöhte Leistungsorientierung und strengere Notenvergabe im Lehrplan, doch diese <AN>Männer</AN> stoßen dabei auf Gegendruck von Eltern. Die Debatte über das Thema hält weiter an.","Im Rahmen einer öffentlichen Veranstaltung wird über die Zukunft der Hochschulen und die Forschungsförderung diskutiert. Die <RN>Professorinnen</RN> diskutieren über die Zukunft der Hochschulen und setzen sich für mehr Forschungsgelder ein, doch diese <AN>Männer</AN> lehnen die Vorschläge ab. Die nächsten Schritte werden derzeit kontrovers diskutiert.","1","1024","2","48000","-16","53","4","135","-204.0","-69.0","61.0","114.0","experiment","7","odd","347764.73170000827","-810.0","-290.0","NA","4466.516299988143","4466.8862000107765","35854.63860002346","44851.59550001845","383759.2062000185","44901.59860003041","383759.2711999896","35636.02939998964","NA","383388.34449998103","373278.4848000156","347753.7864000187","44901.64579998236","383758.70439998107","35849.3301999988","373275.2079999773","Experiment","0","0","0","9","1920","an.","53","25","59"
"<AN>Frauen</AN>","C6","<RN>Unternehmer*innen</RN>","undefined","undefined","True","53","4","<AN>Männer</AN>","135","-339.0","-204.0","61.0","114.0","undefined","undefined","#232323","1620","psycho","True","an","psycho","psycho","undefined","undefined","undefined","0","0","0","0","0","43","0","43","0","0","43","43","43","0","43","0","50","-810.0","-270.5","5","795.0","32.05884192293913","Tue Aug  4 09:10:34 2026","The main experiment item","False","Auf einer schulischen Tagung werden aktuelle Kontroversen rund um Vorlesungsführung und Leistungsbewertung diskutiert. Die <RN>Dozentinnen</RN> fordern erhöhte Leistungsorientierung und strengere Notenvergabe im Lehrplan, doch diese <AN>Männer</AN> stoßen dabei auf Gegendruck von Eltern. Die Debatte über das Thema hält weiter an.","experiment.osexp","D:\ET_course_project_gender-bias\experiment","False","mono","False","39","no","white","no","yes","1080","4","space","psycho","178.0","3.0","117","3","43","43","D:\ET_course_project_gender-bias\experiment\subject-7.csv","150","psycho","an_found","Neonatal Nightingale","4.1.14","69.0","178.0","2","0","space","NA","space","space","space","10108.769799990114","NA","8996.33559997892","10108.769799990114","True","53","2","<RN>Dozentinnen</RN>","249","488.0","737.0","-173.0","-120.0","2","psycho","1","Auf einer schulischen Tagung werden aktuelle Kontroversen rund um Vorlesungsführung und Leistungsbewertung diskutiert. Die <RN>Dozent*innen</RN> fordern erhöhte Leistungsorientierung und strengere Notenvergabe im Lehrplan, doch diese <AN>Männer</AN> stoßen dabei auf Gegendruck von Eltern. Die Debatte über das Thema hält weiter an.","Bei einem Networking-Event stehen wirtschaftspolitische und gesellschaftliche Fragestellungen im Mittelpunkt der Diskussion. Die <RN>Unternehmer</RN> brauchen weniger bürokratische Hürden und sprechen über Verbesserungen, doch diese <AN>Männer</AN> fordern weitere steuerliche Entlastungen. Die Folgen dieser Positionen bleiben umstritten.","1","1024","2","48000","-16","53","4","135","-204.0","-69.0","61.0","114.0","experiment","7","odd","347764.73170000827","-810.0","-290.0","NA","4466.516299988143","4466.8862000107765","35854.63860002346","44851.59550001845","383786.4351000171","44901.59860003041","383786.4879000117","35636.02939998964","NA","383388.34449998103","373278.4848000156","347753.7864000187","44901.64579998236","383786.02100000717","35849.3301999988","373275.2079999773","Experiment","0","0","0","9","1920","an.","53","25","59"
"<AN>Männern</AN>","C5","<RN>Expert*innen</RN>","undefined","undefined","True","53","4","<AN>Männer</AN>","135","-339.0","-204.0","61.0","114.0","undefined","undefined","#232323","1620","psycho","True","an","psycho","psycho","undefined","undefined","undefined","0","0","0","0","0","44","0","44","0","0","44","44","44","0","44","0","50","-810.0","-270.5","5","795.0","32.05884192293913","Tue Aug  4 09:10:34 2026","The main experiment item","False","Auf einer schulischen Tagung werden aktuelle Kontroversen rund um Vorlesungsführung und Leistungsbewertung diskutiert. Die <RN>Dozentinnen</RN> fordern erhöhte Leistungsorientierung und strengere Notenvergabe im Lehrplan, doch diese <AN>Männer</AN> stoßen dabei auf Gegendruck von Eltern. Die Debatte über das Thema hält weiter an.","experiment.osexp","D:\ET_course_project_gender-bias\experiment","False","mono","False","39","no","white","no","yes","1080","10","space","psycho","178.0","3.0","117","2","44","44","D:\ET_course_project_gender-bias\experiment\subject-7.csv","150","psycho","an_found","Neonatal Nightingale","4.1.14","69.0","178.0","2","0","space","NA","space","space","space","10108.769799990114","NA","8996.33559997892","10108.769799990114","True","53","2","<RN>Dozentinnen</RN>","249","488.0","737.0","-173.0","-120.0","2","psycho","1","Auf einer schulischen Tagung werden aktuelle Kontroversen rund um Vorlesungsführung und Leistungsbewertung diskutiert. Die <RN>Dozent*innen</RN> fordern erhöhte Leistungsorientierung und strengere Notenvergabe im Lehrplan, doch diese <AN>Männer</AN> stoßen dabei auf Gegendruck von Eltern. Die Debatte über das Thema hält weiter an.","Im Rahmen einer universitären Veranstaltung werden aktuelle Fragestellungen der Rüstungsindustrie behandelt. Die große Mehrheit dieser <RN>Fachleute</RN> sehen eine stärkere Aufrüstung für Deutschland als notwendig, doch diese Gruppe von <AN>Frauen</AN> kritisiert dessen Finanzierung. Die Auswirkungen der Entscheidung werden noch geprüft.","1","1024","2","48000","-16","53","4","135","-204.0","-69.0","61.0","114.0","experiment","7","odd","347764.73170000827","-810.0","-290.0","NA","4466.516299988143","4466.8862000107765","35854.63860002346","44851.59550001845","383814.64060000144","44901.59860003041","383814.6751000313","35636.02939998964","NA","383388.34449998103","373278.4848000156","347753.7864000187","44901.64579998236","383814.5525000291","35849.3301999988","373275.2079999773","Experiment","0","0","0","9","1920","an.","53","25","59"
"<AN>Männer</AN>","C5","<RN>Ingenieur*innen</RN>","undefined","undefined","True","53","4","<AN>Männer</AN>","135","-339.0","-204.0","61.0","114.0","undefined","undefined","#232323","1620","psycho","True","an","psycho","psycho","undefined","undefined","undefined","0","0","0","0","0","45","0","45","0","0","45","45","45","0","45","0","50","-810.0","-270.5","5","795.0","32.05884192293913","Tue Aug  4 09:10:34 2026","The main experiment item","False","Auf einer schulischen Tagung werden aktuelle Kontroversen rund um Vorlesungsführung und Leistungsbewertung diskutiert. Die <RN>Dozentinnen</RN> fordern erhöhte Leistungsorientierung und strengere Notenvergabe im Lehrplan, doch diese <AN>Männer</AN> stoßen dabei auf Gegendruck von Eltern. Die Debatte über das Thema hält weiter an.","experiment.osexp","D:\ET_course_project_gender-bias\experiment","False","mono","False","39","no","white","no","yes","1080","3","space","psycho","178.0","3.0","117","3","45","45","D:\ET_course_project_gender-bias\experiment\subject-7.csv","150","psycho","an_found","Neonatal Nightingale","4.1.14","69.0","178.0","2","0","space","NA","space","space","space","10108.769799990114","NA","8996.33559997892","10108.769799990114","True","53","2","<RN>Dozentinnen</RN>","249","488.0","737.0","-173.0","-120.0","2","psycho","1","Auf einer schulischen Tagung werden aktuelle Kontroversen rund um Vorlesungsführung und Leistungsbewertung diskutiert. Die <RN>Dozent*innen</RN> fordern erhöhte Leistungsorientierung und strengere Notenvergabe im Lehrplan, doch diese <AN>Männer</AN> stoßen dabei auf Gegendruck von Eltern. Die Debatte über das Thema hält weiter an.","Auf einer wissenschaftlichen Konferenz zu technischen Zukunftsfragen werden derzeit aktuelle gesellschaftliche Themen erörtert. Die <RN>Ingenieur*innen</RN> kritisieren die Energiewende und stehen vor Herausforderungen, doch diese <AN>Frauen</AN> lehnen zusätzliche Investitionen ab. Über die Konsequenzen wird weiterhin intensiv gestritten.","1","1024","2","48000","-16","53","4","135","-204.0","-69.0","61.0","114.0","experiment","7","odd","347764.73170000827","-810.0","-290.0","NA","4466.516299988143","4466.8862000107765","35854.63860002346","44851.59550001845","383841.4054000168","44901.59860003041","383841.43939998467","35636.02939998964","NA","383388.34449998103","373278.4848000156","347753.7864000187","44901.64579998236","383841.31759998854","35849.3301999988","373275.2079999773","Experiment","0","0","0","9","1920","an.","53","25","59"
"<AN>Frauen</AN>","C4","<RN>Dozentinnen</RN>","undefined","undefined","True","53","4","<AN>Männer</AN>","135","-339.0","-204.0","61.0","114.0","undefined","undefined","#232323","1620","psycho","True","an","psycho","psycho","undefined","undefined","undefined","0","0","0","0","0","46","0","46","0","0","46","46","46","0","46","0","50","-810.0","-270.5","5","795.0","32.05884192293913","Tue Aug  4 09:10:34 2026","The main experiment item","False","Auf einer schulischen Tagung werden aktuelle Kontroversen rund um Vorlesungsführung und Leistungsbewertung diskutiert. Die <RN>Dozentinnen</RN> fordern erhöhte Leistungsorientierung und strengere Notenvergabe im Lehrplan, doch diese <AN>Männer</AN> stoßen dabei auf Gegendruck von Eltern. Die Debatte über das Thema hält weiter an.","experiment.osexp","D:\ET_course_project_gender-bias\experiment","False","mono","False","39","no","white","no","yes","1080","9","space","psycho","178.0","3.0","117","2","46","46","D:\ET_course_project_gender-bias\experiment\subject-7.csv","150","psycho","an_found","Neonatal Nightingale","4.1.14","69.0","178.0","2","0","space","NA","space","space","space","10108.769799990114","NA","8996.33559997892","10108.769799990114","True","53","2","<RN>Dozentinnen</RN>","249","488.0","737.0","-173.0","-120.0","2","psycho","1","Auf einer schulischen Tagung werden aktuelle Kontroversen rund um Vorlesungsführung und Leistungsbewertung diskutiert. Die <RN>Dozent*innen</RN> fordern erhöhte Leistungsorientierung und strengere Notenvergabe im Lehrplan, doch diese <AN>Männer</AN> stoßen dabei auf Gegendruck von Eltern. Die Debatte über das Thema hält weiter an.","Auf einer schulischen Tagung werden aktuelle Kontroversen rund um Vorlesungsführung und Leistungsbewertung diskutiert. Die <RN>Dozent*innen</RN> fordern erhöhte Leistungsorientierung und strengere Notenvergabe im Lehrplan, doch diese <AN>Männer</AN> stoßen dabei auf Gegendruck von Eltern. Die Debatte über das Thema hält weiter an.","1","1024","2","48000","-16","53","4","135","-204.0","-69.0","61.0","114.0","experiment","7","odd","347764.73170000827","-810.0","-290.0","NA","4466.516299988143","4466.8862000107765","35854.63860002346","44851.59550001845","383868.2922000298","44901.59860003041","383868.3322999859","35636.02939998964","NA","383388.34449998103","373278.4848000156","347753.7864000187","44901.64579998236","383868.13970003277","35849.3301999988","373275.2079999773","Experiment","0","0","0","9","1920","an.","53","25","59"
"<AN>Männer</AN>","C1","<RN>Experten</RN>","undefined","undefined","True","53","4","<AN>Männer</AN>","135","-339.0","-204.0","61.0","114.0","undefined","undefined","#232323","1620","psycho","True","an","psycho","psycho","undefined","undefined","undefined","0","0","0","0","0","47","0","47","0","0","47","47","47","0","47","0","50","-810.0","-270.5","5","795.0","32.05884192293913","Tue Aug  4 09:10:34 2026","The main experiment item","False","Auf einer schulischen Tagung werden aktuelle Kontroversen rund um Vorlesungsführung und Leistungsbewertung diskutiert. Die <RN>Dozentinnen</RN> fordern erhöhte Leistungsorientierung und strengere Notenvergabe im Lehrplan, doch diese <AN>Männer</AN> stoßen dabei auf Gegendruck von Eltern. Die Debatte über das Thema hält weiter an.","experiment.osexp","D:\ET_course_project_gender-bias\experiment","False","mono","False","39","no","white","no","yes","1080","14","space","psycho","178.0","3.0","117","6","47","47","D:\ET_course_project_gender-bias\experiment\subject-7.csv","150","psycho","an_found","Neonatal Nightingale","4.1.14","69.0","178.0","2","0","space","NA","space","space","space","10108.769799990114","NA","8996.33559997892","10108.769799990114","True","53","2","<RN>Dozentinnen</RN>","249","488.0","737.0","-173.0","-120.0","2","psycho","1","Auf einer schulischen Tagung werden aktuelle Kontroversen rund um Vorlesungsführung und Leistungsbewertung diskutiert. Die <RN>Dozent*innen</RN> fordern erhöhte Leistungsorientierung und strengere Notenvergabe im Lehrplan, doch diese <AN>Männer</AN> stoßen dabei auf Gegendruck von Eltern. Die Debatte über das Thema hält weiter an.","Auf einer öffentlichen Veranstaltung stehen Investitionen und langfristige gesellschaftliche Entwicklungen zur Diskussion. Die <RN>Fachfrauen</RN> unterstützen höhere Investitionen und langfristige Entwicklungen, doch diese <AN>Männer</AN> kritisieren die Umsetzung. Die politischen Folgen werden unterschiedlich bewertet.","1","1024","2","48000","-16","53","4","135","-204.0","-69.0","61.0","114.0","experiment","7","odd","347764.73170000827","-810.0","-290.0","NA","4466.516299988143","4466.8862000107765","35854.63860002346","44851.59550001845","383895.059100003","44901.59860003041","383895.11330000823","35636.02939998964","NA","383388.34449998103","373278.4848000156","347753.7864000187","44901.64579998236","383894.8189999792","35849.3301999988","373275.2079999773","Experiment","0","0","0","9","1920","an.","53","25","59"
"<AN>Männer</AN>","C1","<RN>Krankenpfleger</RN>","undefined","undefined","True","53","4","<AN>Männer</AN>","135","-339.0","-204.0","61.0","114.0","undefined","undefined","#232323","1620","psycho","True","an","psycho","psycho","undefined","undefined","undefined","0","0","0","0","0","48","0","48","0","0","48","48","48","0","48","0","50","-810.0","-270.5","5","795.0","32.05884192293913","Tue Aug  4 09:10:34 2026","The main experiment item","False","Auf einer schulischen Tagung werden aktuelle Kontroversen rund um Vorlesungsführung und Leistungsbewertung diskutiert. Die <RN>Dozentinnen</RN> fordern erhöhte Leistungsorientierung und strengere Notenvergabe im Lehrplan, doch diese <AN>Männer</AN> stoßen dabei auf Gegendruck von Eltern. Die Debatte über das Thema hält weiter an.","experiment.osexp","D:\ET_course_project_gender-bias\experiment","False","mono","False","39","no","white","no","yes","1080","16","space","psycho","178.0","3.0","117","4","48","48","D:\ET_course_project_gender-bias\experiment\subject-7.csv","150","psycho","an_found","Neonatal Nightingale","4.1.14","69.0","178.0","2","0","space","NA","space","space","space","10108.769799990114","NA","8996.33559997892","10108.769799990114","True","53","2","<RN>Dozentinnen</RN>","249","488.0","737.0","-173.0","-120.0","2","psycho","1","Auf einer schulischen Tagung werden aktuelle Kontroversen rund um Vorlesungsführung und Leistungsbewertung diskutiert. Die <RN>Dozent*innen</RN> fordern erhöhte Leistungsorientierung und strengere Notenvergabe im Lehrplan, doch diese <AN>Männer</AN> stoßen dabei auf Gegendruck von Eltern. Die Debatte über das Thema hält weiter an.","Bei einer Informationsveranstaltung im Krankenhaus wird über aktuelle Impfreformen und deren Auswirkungen gesprochen. Die <RN>Krankenschwestern</RN> diskutieren über Langzeitfolgen von Corona und setzen sich für mehr Unterstützung ein, doch diese <AN>Männer</AN> lehnen die Vorschläge ab. Die nächsten Schritte werden derzeit kontrovers diskutiert.","1","1024","2","48000","-16","53","4","135","-204.0","-69.0","61.0","114.0","experiment","7","odd","347764.73170000827","-810.0","-290.0","NA","4466.516299988143","4466.8862000107765","35854.63860002346","44851.59550001845","383923.73999999836","44901.59860003041","383923.79199998686","35636.02939998964","NA","383388.34449998103","373278.4848000156","347753.7864000187","44901.64579998236","383923.49920002744","35849.3301999988","373275.2079999773","Experiment","0","0","0","9","1920","an.","53","25","59"
"<AN>Frauen</AN>","C2","<RN>Polizisten</RN>","undefined","undefined","True","53","4","<AN>Männer</AN>","135","-339.0","-204.0","61.0","114.0","undefined","undefined","#232323","1620","psycho","True","an","psycho","psycho","undefined","undefined","undefined","0","0","0","0","0","49","0","49","0","0","49","49","49","0","49","0","50","-810.0","-270.5","5","795.0","32.05884192293913","Tue Aug  4 09:10:34 2026","The main experiment item","False","Auf einer schulischen Tagung werden aktuelle Kontroversen rund um Vorlesungsführung und Leistungsbewertung diskutiert. Die <RN>Dozentinnen</RN> fordern erhöhte Leistungsorientierung und strengere Notenvergabe im Lehrplan, doch diese <AN>Männer</AN> stoßen dabei auf Gegendruck von Eltern. Die Debatte über das Thema hält weiter an.","experiment.osexp","D:\ET_course_project_gender-bias\experiment","False","mono","False","39","no","white","no","yes","1080","18","space","psycho","178.0","3.0","117","3","49","49","D:\ET_course_project_gender-bias\experiment\subject-7.csv","150","psycho","an_found","Neonatal Nightingale","4.1.14","69.0","178.0","2","0","space","NA","space","space","space","10108.769799990114","NA","8996.33559997892","10108.769799990114","True","53","2","<RN>Dozentinnen</RN>","249","488.0","737.0","-173.0","-120.0","2","psycho","1","Auf einer schulischen Tagung werden aktuelle Kontroversen rund um Vorlesungsführung und Leistungsbewertung diskutiert. Die <RN>Dozent*innen</RN> fordern erhöhte Leistungsorientierung und strengere Notenvergabe im Lehrplan, doch diese <AN>Männer</AN> stoßen dabei auf Gegendruck von Eltern. Die Debatte über das Thema hält weiter an.","Bei einer öffentlichen Sitzung im Rathaus wird über neue Verkehrsregelungen gesprochen. Die <RN>Polizistinnen</RN> diskutieren laut über mehr Sicherheit im Straßenverkehr und setzen sich für strengere Kontrollen ein, doch diese <AN>Männer</AN> lehnen die Vorschläge ab. Die nächsten Maßnahmen werden derzeit kontrovers verhandelt.","1","1024","2","48000","-16","53","4","135","-204.0","-69.0","61.0","114.0","experiment","7","odd","347764.73170000827","-810.0","-290.0","NA","4466.516299988143","4466.8862000107765","35854.63860002346","44851.59550001845","383951.15600002464","44901.59860003041","383951.1902999948","35636.02939998964","NA","383388.34449998103","373278.4848000156","347753.7864000187","44901.64579998236","383951.0677999933","35849.3301999988","373275.2079999773","Experiment","0","0","0","9","1920","an.","53","25","59"
"<AN>Frauen</AN>","C4","<RN>Expertinnen</RN>","undefined","undefined","True","53","4","<AN>Männer</AN>","135","-339.0","-204.0","61.0","114.0","undefined","undefined","#232323","1620","psycho","True","an","psycho","psycho","undefined","undefined","undefined","0","0","0","0","0","50","0","50","0","0","50","50","50","0","50","0","50","-810.0","-270.5","5","795.0","32.05884192293913","Tue Aug  4 09:10:34 2026","The main experiment item","False","Auf einer schulischen Tagung werden aktuelle Kontroversen rund um Vorlesungsführung und Leistungsbewertung diskutiert. Die <RN>Dozentinnen</RN> fordern erhöhte Leistungsorientierung und strengere Notenvergabe im Lehrplan, doch diese <AN>Männer</AN> stoßen dabei auf Gegendruck von Eltern. Die Debatte über das Thema hält weiter an.","experiment.osexp","D:\ET_course_project_gender-bias\experiment","False","mono","False","39","no","white","no","yes","1080","14","space","psycho","178.0","3.0","117","3","50","50","D:\ET_course_project_gender-bias\experiment\subject-7.csv","150","psycho","an_found","Neonatal Nightingale","4.1.14","69.0","178.0","2","0","space","NA","space","space","space","10108.769799990114","NA","8996.33559997892","10108.769799990114","True","53","2","<RN>Dozentinnen</RN>","249","488.0","737.0","-173.0","-120.0","2","psycho","1","Auf einer schulischen Tagung werden aktuelle Kontroversen rund um Vorlesungsführung und Leistungsbewertung diskutiert. Die <RN>Dozent*innen</RN> fordern erhöhte Leistungsorientierung und strengere Notenvergabe im Lehrplan, doch diese <AN>Männer</AN> stoßen dabei auf Gegendruck von Eltern. Die Debatte über das Thema hält weiter an.","Auf einer öffentlichen Veranstaltung stehen Investitionen und langfristige gesellschaftliche Entwicklungen zur Diskussion. Die <RN>Fachfrauen</RN> unterstützen höhere Investitionen und langfristige Entwicklungen, doch diese <AN>Männer</AN> kritisieren die Umsetzung. Die politischen Folgen werden unterschiedlich bewertet.","1","1024","2","48000","-16","53","4","135","-204.0","-69.0","61.0","114.0","experiment","7","odd","347764.73170000827","-810.0","-290.0","NA","4466.516299988143","4466.8862000107765","35854.63860002346","44851.59550001845","383978.4597000107","44901.59860003041","383978.51210000226","35636.02939998964","NA","383388.34449998103","373278.4848000156","347753.7864000187","44901.64579998236","383978.20299997693","35849.3301999988","373275.2079999773","Experiment","0","0","0","9","1920","an.","53","25","59"
"<AN>Männer</AN>","C1","<RN>Polizisten</RN>","undefined","undefined","True","53","4","<AN>Männer</AN>","135","-339.0","-204.0","61.0","114.0","undefined","undefined","#232323","1620","psycho","True","an","psycho","psycho","undefined","undefined","undefined","0","0","0","0","0","51","0","51","0","0","51","51","51","0","51","0","50","-810.0","-270.5","5","795.0","32.05884192293913","Tue Aug  4 09:10:34 2026","The main experiment item","False","Auf einer schulischen Tagung werden aktuelle Kontroversen rund um Vorlesungsführung und Leistungsbewertung diskutiert. Die <RN>Dozentinnen</RN> fordern erhöhte Leistungsorientierung und strengere Notenvergabe im Lehrplan, doch diese <AN>Männer</AN> stoßen dabei auf Gegendruck von Eltern. Die Debatte über das Thema hält weiter an.","experiment.osexp","D:\ET_course_project_gender-bias\experiment","False","mono","False","39","no","white","no","yes","1080","18","space","psycho","178.0","3.0","117","2","51","51","D:\ET_course_project_gender-bias\experiment\subject-7.csv","150","psycho","an_found","Neonatal Nightingale","4.1.14","69.0","178.0","2","0","space","NA","space","space","space","10108.769799990114","NA","8996.33559997892","10108.769799990114","True","53","2","<RN>Dozentinnen</RN>","249","488.0","737.0","-173.0","-120.0","2","psycho","1","Auf einer schulischen Tagung werden aktuelle Kontroversen rund um Vorlesungsführung und Leistungsbewertung diskutiert. Die <RN>Dozent*innen</RN> fordern erhöhte Leistungsorientierung und strengere Notenvergabe im Lehrplan, doch diese <AN>Männer</AN> stoßen dabei auf Gegendruck von Eltern. Die Debatte über das Thema hält weiter an.","Bei einer öffentlichen Sitzung im Rathaus wird über neue Verkehrsregelungen gesprochen. Die <RN>Polizistinnen</RN> diskutieren laut über mehr Sicherheit im Straßenverkehr und setzen sich für strengere Kontrollen ein, doch diese <AN>Männer</AN> lehnen die Vorschläge ab. Die nächsten Maßnahmen werden derzeit kontrovers verhandelt.","1","1024","2","48000","-16","53","4","135","-204.0","-69.0","61.0","114.0","experiment","7","odd","347764.73170000827","-810.0","-290.0","NA","4466.516299988143","4466.8862000107765","35854.63860002346","44851.59550001845","384006.5729999915","44901.59860003041","384006.6176999826","35636.02939998964","NA","383388.34449998103","373278.4848000156","347753.7864000187","44901.64579998236","384006.34249998257","35849.3301999988","373275.2079999773","Experiment","0","0","0","9","1920","an.","53","25","59"
"<AN>Frauen</AN>","C2","<RN>Arbeitnehmer</RN>","undefined","undefined","True","53","4","<AN>Männer</AN>","135","-339.0","-204.0","61.0","114.0","undefined","undefined","#232323","1620","psycho","True","an","psycho","psycho","undefined","undefined","undefined","0","0","0","0","0","52","0","52","0","0","52","52","52","0","52","0","50","-810.0","-270.5","5","795.0","32.05884192293913","Tue Aug  4 09:10:34 2026","The main experiment item","False","Auf einer schulischen Tagung werden aktuelle Kontroversen rund um Vorlesungsführung und Leistungsbewertung diskutiert. Die <RN>Dozentinnen</RN> fordern erhöhte Leistungsorientierung und strengere Notenvergabe im Lehrplan, doch diese <AN>Männer</AN> stoßen dabei auf Gegendruck von Eltern. Die Debatte über das Thema hält weiter an.","experiment.osexp","D:\ET_course_project_gender-bias\experiment","False","mono","False","39","no","white","no","yes","1080","5","space","psycho","178.0","3.0","117","4","52","52","D:\ET_course_project_gender-bias\experiment\subject-7.csv","150","psycho","an_found","Neonatal Nightingale","4.1.14","69.0","178.0","2","0","space","NA","space","space","space","10108.769799990114","NA","8996.33559997892","10108.769799990114","True","53","2","<RN>Dozentinnen</RN>","249","488.0","737.0","-173.0","-120.0","2","psycho","1","Auf einer schulischen Tagung werden aktuelle Kontroversen rund um Vorlesungsführung und Leistungsbewertung diskutiert. Die <RN>Dozent*innen</RN> fordern erhöhte Leistungsorientierung und strengere Notenvergabe im Lehrplan, doch diese <AN>Männer</AN> stoßen dabei auf Gegendruck von Eltern. Die Debatte über das Thema hält weiter an.","Im Rahmen einer Geschäftsveranstaltung findet derzeit ein Austausch über Arbeitsbedingungen und gesellschaftliche Entwicklungen statt. Die <RN>Arbeitnehmer*innen</RN> erwarten höhere Gehälter und klimatisierte Arbeitsplätze, trotzdem wollen diese <AN>Männer</AN> auch weniger arbeiten. Die Frage nach den Konsequenzen bleibt offen.","1","1024","2","48000","-16","53","4","135","-204.0","-69.0","61.0","114.0","experiment","7","odd","347764.73170000827","-810.0","-290.0","NA","4466.516299988143","4466.8862000107765","35854.63860002346","44851.59550001845","384032.3026999831","44901.59860003041","384032.3384000221","35636.02939998964","NA","383388.34449998103","373278.4848000156","347753.7864000187","44901.64579998236","384032.2161000222","35849.3301999988","373275.2079999773","Experiment","0","0","0","9","1920","an.","53","25","59"
"<AN>Männer</AN>","C3","<RN>Arbeitnehmerinnen</RN>","undefined","undefined","True","53","4","<AN>Männer</AN>","135","-339.0","-204.0","61.0","114.0","undefined","undefined","#232323","1620","psycho","True","an","psycho","psycho","undefined","undefined","undefined","0","0","0","0","0","53","0","53","0","0","53","53","53","0","53","0","50","-810.0","-270.5","5","795.0","32.05884192293913","Tue Aug  4 09:10:34 2026","The main experiment item","False","Auf einer schulischen Tagung werden aktuelle Kontroversen rund um Vorlesungsführung und Leistungsbewertung diskutiert. Die <RN>Dozentinnen</RN> fordern erhöhte Leistungsorientierung und strengere Notenvergabe im Lehrplan, doch diese <AN>Männer</AN> stoßen dabei auf Gegendruck von Eltern. Die Debatte über das Thema hält weiter an.","experiment.osexp","D:\ET_course_project_gender-bias\experiment","False","mono","False","39","no","white","no","yes","1080","12","space","psycho","178.0","3.0","117","4","53","53","D:\ET_course_project_gender-bias\experiment\subject-7.csv","150","psycho","an_found","Neonatal Nightingale","4.1.14","69.0","178.0","2","0","space","NA","space","space","space","10108.769799990114","NA","8996.33559997892","10108.769799990114","True","53","2","<RN>Dozentinnen</RN>","249","488.0","737.0","-173.0","-120.0","2","psycho","1","Auf einer schulischen Tagung werden aktuelle Kontroversen rund um Vorlesungsführung und Leistungsbewertung diskutiert. Die <RN>Dozent*innen</RN> fordern erhöhte Leistungsorientierung und strengere Notenvergabe im Lehrplan, doch diese <AN>Männer</AN> stoßen dabei auf Gegendruck von Eltern. Die Debatte über das Thema hält weiter an.","Auf einer Gewerkschaftsveranstaltung wird derzeit über Löhne, Arbeitsbedingungen und Arbeitnehmerrechte diskutiert. Die <RN>Beschäftigten</RN> fordern bessere Bezahlung und faire Arbeitsbedingungen, doch diese <AN>Frauen</AN> sehen vor allem strukturelle Probleme. Die kommenden Entwicklungen sind weiterhin Gegenstand von Diskussionen.","1","1024","2","48000","-16","53","4","135","-204.0","-69.0","61.0","114.0","experiment","7","odd","347764.73170000827","-810.0","-290.0","NA","4466.516299988143","4466.8862000107765","35854.63860002346","44851.59550001845","384058.3784999908","44901.59860003041","384058.4119000123","35636.02939998964","NA","383388.34449998103","373278.4848000156","347753.7864000187","44901.64579998236","384058.2941999892","35849.3301999988","373275.2079999773","Experiment","0","0","0","9","1920","an.","53","25","59"
"<AN>Frauen</AN>","C4","<RN>Ingenieurinnen</RN>","undefined","undefined","True","53","4","<AN>Männer</AN>","135","-339.0","-204.0","61.0","114.0","undefined","undefined","#232323","1620","psycho","True","an","psycho","psycho","undefined","undefined","undefined","0","0","0","0","0","54","0","54","0","0","54","54","54","0","54","0","50","-810.0","-270.5","5","795.0","32.05884192293913","Tue Aug  4 09:10:34 2026","The main experiment item","False","Auf einer schulischen Tagung werden aktuelle Kontroversen rund um Vorlesungsführung und Leistungsbewertung diskutiert. Die <RN>Dozentinnen</RN> fordern erhöhte Leistungsorientierung und strengere Notenvergabe im Lehrplan, doch diese <AN>Männer</AN> stoßen dabei auf Gegendruck von Eltern. Die Debatte über das Thema hält weiter an.","experiment.osexp","D:\ET_course_project_gender-bias\experiment","False","mono","False","39","no","white","no","yes","1080","3","space","psycho","178.0","3.0","117","2","54","54","D:\ET_course_project_gender-bias\experiment\subject-7.csv","150","psycho","an_found","Neonatal Nightingale","4.1.14","69.0","178.0","2","0","space","NA","space","space","space","10108.769799990114","NA","8996.33559997892","10108.769799990114","True","53","2","<RN>Dozentinnen</RN>","249","488.0","737.0","-173.0","-120.0","2","psycho","1","Auf einer schulischen Tagung werden aktuelle Kontroversen rund um Vorlesungsführung und Leistungsbewertung diskutiert. Die <RN>Dozent*innen</RN> fordern erhöhte Leistungsorientierung und strengere Notenvergabe im Lehrplan, doch diese <AN>Männer</AN> stoßen dabei auf Gegendruck von Eltern. Die Debatte über das Thema hält weiter an.","Auf einer wissenschaftlichen Konferenz zu technischen Zukunftsfragen werden derzeit aktuelle gesellschaftliche Themen erörtert. Die <RN>Ingenieur*innen</RN> kritisieren die Energiewende und stehen vor Herausforderungen, doch diese <AN>Frauen</AN> lehnen zusätzliche Investitionen ab. Über die Konsequenzen wird weiterhin intensiv gestritten.","1","1024","2","48000","-16","53","4","135","-204.0","-69.0","61.0","114.0","experiment","7","odd","347764.73170000827","-810.0","-290.0","NA","4466.516299988143","4466.8862000107765","35854.63860002346","44851.59550001845","384085.43420000933","44901.59860003041","384085.47089999774","35636.02939998964","NA","383388.34449998103","373278.4848000156","347753.7864000187","44901.64579998236","384085.33819997683","35849.3301999988","373275.2079999773","Experiment","0","0","0","9","1920","an.","53","25","59"
"<AN>Männer</AN>","C5","<RN>Dozent*innen</RN>","undefined","undefined","True","53","4","<AN>Männer</AN>","135","-339.0","-204.0","61.0","114.0","undefined","undefined","#232323","1620","psycho","True","an","psycho","psycho","undefined","undefined","undefined","0","0","0","0","0","55","0","55","0","0","55","55","55","0","55","0","50","-810.0","-270.5","5","795.0","32.05884192293913","Tue Aug  4 09:10:34 2026","The main experiment item","False","Auf einer schulischen Tagung werden aktuelle Kontroversen rund um Vorlesungsführung und Leistungsbewertung diskutiert. Die <RN>Dozentinnen</RN> fordern erhöhte Leistungsorientierung und strengere Notenvergabe im Lehrplan, doch diese <AN>Männer</AN> stoßen dabei auf Gegendruck von Eltern. Die Debatte über das Thema hält weiter an.","experiment.osexp","D:\ET_course_project_gender-bias\experiment","False","mono","False","39","no","white","no","yes","1080","9","space","psycho","178.0","3.0","117","3","55","55","D:\ET_course_project_gender-bias\experiment\subject-7.csv","150","psycho","an_found","Neonatal Nightingale","4.1.14","69.0","178.0","2","0","space","NA","space","space","space","10108.769799990114","NA","8996.33559997892","10108.769799990114","True","53","2","<RN>Dozentinnen</RN>","249","488.0","737.0","-173.0","-120.0","2","psycho","1","Auf einer schulischen Tagung werden aktuelle Kontroversen rund um Vorlesungsführung und Leistungsbewertung diskutiert. Die <RN>Dozent*innen</RN> fordern erhöhte Leistungsorientierung und strengere Notenvergabe im Lehrplan, doch diese <AN>Männer</AN> stoßen dabei auf Gegendruck von Eltern. Die Debatte über das Thema hält weiter an.","Auf einer schulischen Tagung werden aktuelle Kontroversen rund um Vorlesungsführung und Leistungsbewertung diskutiert. Die <RN>Dozent*innen</RN> fordern erhöhte Leistungsorientierung und strengere Notenvergabe im Lehrplan, doch diese <AN>Männer</AN> stoßen dabei auf Gegendruck von Eltern. Die Debatte über das Thema hält weiter an.","1","1024","2","48000","-16","53","4","135","-204.0","-69.0","61.0","114.0","experiment","7","odd","347764.73170000827","-810.0","-290.0","NA","4466.516299988143","4466.8862000107765","35854.63860002346","44851.59550001845","384114.8805000121","44901.59860003041","384114.91760000354","35636.02939998964","NA","383388.34449998103","373278.4848000156","347753.7864000187","44901.64579998236","384114.6960000042","35849.3301999988","373275.2079999773","Experiment","0","0","0","9","1920","an.","53","25","59"
"<AN>Frauen</AN>","C4","<RN>Expertinnen</RN>","undefined","undefined","True","53","4","<AN>Frauen</AN>","132","-63.0","69.0","61.0","114.0","undefined","undefined","#232323","1620","psycho","True","geprüft","psycho","psycho","undefined","undefined","undefined","0","0","0","0","0","56","0","56","0","0","56","56","56","0","56","0","50","-810.0","-270.5","5","1052.0","62.46299860365337","Tue Aug  4 09:10:34 2026","The main experiment item","False","Im Rahmen einer universitären Veranstaltung werden aktuelle Fragestellungen der Rüstungsindustrie behandelt. Die große Mehrheit dieser <RN>Expertinnen</RN> sieht eine stärkere Aufrüstung für Deutschland als notwendig, doch diese Gruppe von <AN>Frauen</AN> kritisiert dessen Finanzierung. Die Auswirkungen der Entscheidung werden noch geprüft.","experiment.osexp","D:\ET_course_project_gender-bias\experiment","False","mono","False","39","no","white","no","yes","1080","10","space","psycho","178.0","3.0","117","1","56","56","D:\ET_course_project_gender-bias\experiment\subject-7.csv","150","psycho","an_found","Neonatal Nightingale","4.1.14","442.0","178.0","2","0","space","NA","space","space","space","8996.76680000266","NA","8996.33559997892","8996.76680000266","True","53","3","<RN>Expertinnen</RN>","248","-651.0","-403.0","-56.0","-3.0","2","psycho","1","Im Rahmen einer universitären Veranstaltung werden aktuelle Fragestellungen der Rüstungsindustrie behandelt. Die große Mehrheit dieser <RN>Fachleute</RN> sieht eine stärkere Aufrüstung für Deutschland als notwendig, doch diese Gruppe von <AN>Frauen</AN> kritisiert dessen Finanzierung. Die Auswirkungen der Entscheidung werden noch geprüft.","Im Rahmen einer universitären Veranstaltung werden aktuelle Fragestellungen der Rüstungsindustrie behandelt. Die große Mehrheit dieser <RN>Fachleute</RN> sieht eine stärkere Aufrüstung für Deutschland als notwendig, doch diese Gruppe von <AN>Frauen</AN> kritisiert dessen Finanzierung. Die Auswirkungen der Entscheidung werden noch geprüft.","0","1024","2","48000","-16","53","4","132","69.0","201.0","61.0","114.0","experiment","7","odd","384151.8164000008","-810.0","-290.0","NA","4466.516299988143","4466.8862000107765","35854.63860002346","44851.59550001845","384140.69630001904","44901.59860003041","395849.3120999774","35636.02939998964","NA","395803.7354000262","386806.4379999996","384140.7395999995","44901.64579998236","384140.4824000201","35849.3301999988","386793.6115000048","Experiment","0","0","0","10","1920","geprüft.","53","25","175"
"<AN>Männer</AN>","C5","<RN>Polizist*innen</RN>","undefined","undefined","True","53","4","<AN>Frauen</AN>","132","-63.0","69.0","61.0","114.0","undefined","undefined","#232323","1620","psycho","True","geprüft","psycho","psycho","undefined","undefined","undefined","0","0","0","0","0","57","0","57","0","0","57","57","57","0","57","0","50","-810.0","-270.5","5","1052.0","62.46299860365337","Tue Aug  4 09:10:34 2026","The main experiment item","False","Im Rahmen einer universitären Veranstaltung werden aktuelle Fragestellungen der Rüstungsindustrie behandelt. Die große Mehrheit dieser <RN>Expertinnen</RN> sieht eine stärkere Aufrüstung für Deutschland als notwendig, doch diese Gruppe von <AN>Frauen</AN> kritisiert dessen Finanzierung. Die Auswirkungen der Entscheidung werden noch geprüft.","experiment.osexp","D:\ET_course_project_gender-bias\experiment","False","mono","False","39","no","white","no","yes","1080","18","space","psycho","178.0","3.0","117","6","57","57","D:\ET_course_project_gender-bias\experiment\subject-7.csv","150","psycho","an_found","Neonatal Nightingale","4.1.14","442.0","178.0","2","0","space","NA","space","space","space","8996.76680000266","NA","8996.33559997892","8996.76680000266","True","53","3","<RN>Expertinnen</RN>","248","-651.0","-403.0","-56.0","-3.0","2","psycho","1","Im Rahmen einer universitären Veranstaltung werden aktuelle Fragestellungen der Rüstungsindustrie behandelt. Die große Mehrheit dieser <RN>Fachleute</RN> sieht eine stärkere Aufrüstung für Deutschland als notwendig, doch diese Gruppe von <AN>Frauen</AN> kritisiert dessen Finanzierung. Die Auswirkungen der Entscheidung werden noch geprüft.","Bei einer öffentlichen Sitzung im Rathaus wird über neue Verkehrsregelungen gesprochen. Die <RN>Polizistinnen</RN> diskutieren laut über mehr Sicherheit im Straßenverkehr und setzen sich für strengere Kontrollen ein, doch diese <AN>Männer</AN> lehnen die Vorschläge ab. Die nächsten Maßnahmen werden derzeit kontrovers verhandelt.","1","1024","2","48000","-16","53","4","132","69.0","201.0","61.0","114.0","experiment","7","odd","384151.8164000008","-810.0","-290.0","NA","4466.516299988143","4466.8862000107765","35854.63860002346","44851.59550001845","395877.41790001746","44901.59860003041","395877.453699999","35636.02939998964","NA","395803.7354000262","386806.4379999996","384140.7395999995","44901.64579998236","395877.32139998116","35849.3301999988","386793.6115000048","Experiment","0","0","0","10","1920","geprüft.","53","25","175"
"<AN>Frauen</AN>","C2","<RN>Experten</RN>","undefined","undefined","True","53","4","<AN>Frauen</AN>","132","-63.0","69.0","61.0","114.0","undefined","undefined","#232323","1620","psycho","True","geprüft","psycho","psycho","undefined","undefined","undefined","0","0","0","0","0","58","0","58","0","0","58","58","58","0","58","0","50","-810.0","-270.5","5","1052.0","62.46299860365337","Tue Aug  4 09:10:34 2026","The main experiment item","False","Im Rahmen einer universitären Veranstaltung werden aktuelle Fragestellungen der Rüstungsindustrie behandelt. Die große Mehrheit dieser <RN>Expertinnen</RN> sieht eine stärkere Aufrüstung für Deutschland als notwendig, doch diese Gruppe von <AN>Frauen</AN> kritisiert dessen Finanzierung. Die Auswirkungen der Entscheidung werden noch geprüft.","experiment.osexp","D:\ET_course_project_gender-bias\experiment","False","mono","False","39","no","white","no","yes","1080","7","space","psycho","178.0","3.0","117","2","58","58","D:\ET_course_project_gender-bias\experiment\subject-7.csv","150","psycho","an_found","Neonatal Nightingale","4.1.14","442.0","178.0","2","0","space","NA","space","space","space","8996.76680000266","NA","8996.33559997892","8996.76680000266","True","53","3","<RN>Expertinnen</RN>","248","-651.0","-403.0","-56.0","-3.0","2","psycho","1","Im Rahmen einer universitären Veranstaltung werden aktuelle Fragestellungen der Rüstungsindustrie behandelt. Die große Mehrheit dieser <RN>Fachleute</RN> sieht eine stärkere Aufrüstung für Deutschland als notwendig, doch diese Gruppe von <AN>Frauen</AN> kritisiert dessen Finanzierung. Die Auswirkungen der Entscheidung werden noch geprüft.","Beim Sommerfest eines Unternehmens wird über wirtschaftliche Entwicklungen und gesellschaftliche Herausforderungen diskutiert. Die <RN>Fachleute</RN> sehen große Herausforderungen im nächsten Geschäftsjahr, dennoch bleiben diese <AN>Männer</AN> optimistisch. Die unternehmerischen Folgen werden unterschiedlich bewertet.","1","1024","2","48000","-16","53","4","132","69.0","201.0","61.0","114.0","experiment","7","odd","384151.8164000008","-810.0","-290.0","NA","4466.516299988143","4466.8862000107765","35854.63860002346","44851.59550001845","395904.16059998097","44901.59860003041","395904.2125000269","35636.02939998964","NA","395803.7354000262","386806.4379999996","384140.7395999995","44901.64579998236","395903.9186000009","35849.3301999988","386793.6115000048","Experiment","0","0","0","10","1920","geprüft.","53","25","175"
"<AN>Frauen</AN>","C2","<RN>Arbeitnehmer</RN>","undefined","undefined","True","53","4","<AN>Frauen</AN>","132","-63.0","69.0","61.0","114.0","undefined","undefined","#232323","1620","psycho","True","geprüft","psycho","psycho","undefined","undefined","undefined","0","0","0","0","0","59","0","59","0","0","59","59","59","0","59","0","50","-810.0","-270.5","5","1052.0","62.46299860365337","Tue Aug  4 09:10:34 2026","The main experiment item","False","Im Rahmen einer universitären Veranstaltung werden aktuelle Fragestellungen der Rüstungsindustrie behandelt. Die große Mehrheit dieser <RN>Expertinnen</RN> sieht eine stärkere Aufrüstung für Deutschland als notwendig, doch diese Gruppe von <AN>Frauen</AN> kritisiert dessen Finanzierung. Die Auswirkungen der Entscheidung werden noch geprüft.","experiment.osexp","D:\ET_course_project_gender-bias\experiment","False","mono","False","39","no","white","no","yes","1080","12","space","psycho","178.0","3.0","117","3","59","59","D:\ET_course_project_gender-bias\experiment\subject-7.csv","150","psycho","an_found","Neonatal Nightingale","4.1.14","442.0","178.0","2","0","space","NA","space","space","space","8996.76680000266","NA","8996.33559997892","8996.76680000266","True","53","3","<RN>Expertinnen</RN>","248","-651.0","-403.0","-56.0","-3.0","2","psycho","1","Im Rahmen einer universitären Veranstaltung werden aktuelle Fragestellungen der Rüstungsindustrie behandelt. Die große Mehrheit dieser <RN>Fachleute</RN> sieht eine stärkere Aufrüstung für Deutschland als notwendig, doch diese Gruppe von <AN>Frauen</AN> kritisiert dessen Finanzierung. Die Auswirkungen der Entscheidung werden noch geprüft.","Auf einer Gewerkschaftsveranstaltung wird derzeit über Löhne, Arbeitsbedingungen und Arbeitnehmerrechte diskutiert. Die <RN>Beschäftigten</RN> fordern bessere Bezahlung und faire Arbeitsbedingungen, doch diese diskussionsfreudigen <AN>Frauen</AN> sehen vor allem strukturelle Probleme. Die kommenden Entwicklungen sind weiterhin Gegenstand von Diskussionen.","1","1024","2","48000","-16","53","4","132","69.0","201.0","61.0","114.0","experiment","7","odd","384151.8164000008","-810.0","-290.0","NA","4466.516299988143","4466.8862000107765","35854.63860002346","44851.59550001845","395931.89659999916","44901.59860003041","395931.9487999892","35636.02939998964","NA","395803.7354000262","386806.4379999996","384140.7395999995","44901.64579998236","395931.657499983","35849.3301999988","386793.6115000048","Experiment","0","0","0","10","1920","geprüft.","53","25","175"
"<AN>Frauen</AN>","C6","<RN>Expert*innen</RN>","undefined","undefined","True","53","4","<AN>Frauen</AN>","132","-63.0","69.0","61.0","114.0","undefined","undefined","#232323","1620","psycho","True","geprüft","psycho","psycho","undefined","undefined","undefined","0","0","0","0","0","60","0","60","0","0","60","60","60","0","60","0","50","-810.0","-270.5","5","1052.0","62.46299860365337","Tue Aug  4 09:10:34 2026","The main experiment item","False","Im Rahmen einer universitären Veranstaltung werden aktuelle Fragestellungen der Rüstungsindustrie behandelt. Die große Mehrheit dieser <RN>Expertinnen</RN> sieht eine stärkere Aufrüstung für Deutschland als notwendig, doch diese Gruppe von <AN>Frauen</AN> kritisiert dessen Finanzierung. Die Auswirkungen der Entscheidung werden noch geprüft.","experiment.osexp","D:\ET_course_project_gender-bias\experiment","False","mono","False","39","no","white","no","yes","1080","14","space","psycho","178.0","3.0","117","5","60","60","D:\ET_course_project_gender-bias\experiment\subject-7.csv","150","psycho","an_found","Neonatal Nightingale","4.1.14","442.0","178.0","2","0","space","NA","space","space","space","8996.76680000266","NA","8996.33559997892","8996.76680000266","True","53","3","<RN>Expertinnen</RN>","248","-651.0","-403.0","-56.0","-3.0","2","psycho","1","Im Rahmen einer universitären Veranstaltung werden aktuelle Fragestellungen der Rüstungsindustrie behandelt. Die große Mehrheit dieser <RN>Fachleute</RN> sieht eine stärkere Aufrüstung für Deutschland als notwendig, doch diese Gruppe von <AN>Frauen</AN> kritisiert dessen Finanzierung. Die Auswirkungen der Entscheidung werden noch geprüft.","Auf einer öffentlichen Veranstaltung stehen Investitionen und langfristige gesellschaftliche Entwicklungen zur Diskussion. Die <RN>Fachfrauen</RN> unterstützen höhere Investitionen und langfristige Entwicklungen, doch diese <AN>Männer</AN> kritisieren die Umsetzung. Die politischen Folgen werden unterschiedlich bewertet.","1","1024","2","48000","-16","53","4","132","69.0","201.0","61.0","114.0","experiment","7","odd","384151.8164000008","-810.0","-290.0","NA","4466.516299988143","4466.8862000107765","35854.63860002346","44851.59550001845","395963.7876999914","44901.59860003041","395963.84129999205","35636.02939998964","NA","395803.7354000262","386806.4379999996","384140.7395999995","44901.64579998236","395963.53599999566","35849.3301999988","386793.6115000048","Experiment","0","0","0","10","1920","geprüft.","53","25","175"
"<AN>Männer</AN>","C1","<RN>Einwohner</RN>","undefined","undefined","True","53","4","<AN>Frauen</AN>","132","-63.0","69.0","61.0","114.0","undefined","undefined","#232323","1620","psycho","True","geprüft","psycho","psycho","undefined","undefined","undefined","0","0","0","0","0","61","0","61","0","0","61","61","61","0","61","0","50","-810.0","-270.5","5","1052.0","62.46299860365337","Tue Aug  4 09:10:34 2026","The main experiment item","False","Im Rahmen einer universitären Veranstaltung werden aktuelle Fragestellungen der Rüstungsindustrie behandelt. Die große Mehrheit dieser <RN>Expertinnen</RN> sieht eine stärkere Aufrüstung für Deutschland als notwendig, doch diese Gruppe von <AN>Frauen</AN> kritisiert dessen Finanzierung. Die Auswirkungen der Entscheidung werden noch geprüft.","experiment.osexp","D:\ET_course_project_gender-bias\experiment","False","mono","False","39","no","white","no","yes","1080","8","space","psycho","178.0","3.0","117","6","61","61","D:\ET_course_project_gender-bias\experiment\subject-7.csv","150","psycho","an_found","Neonatal Nightingale","4.1.14","442.0","178.0","2","0","space","NA","space","space","space","8996.76680000266","NA","8996.33559997892","8996.76680000266","True","53","3","<RN>Expertinnen</RN>","248","-651.0","-403.0","-56.0","-3.0","2","psycho","1","Im Rahmen einer universitären Veranstaltung werden aktuelle Fragestellungen der Rüstungsindustrie behandelt. Die große Mehrheit dieser <RN>Fachleute</RN> sieht eine stärkere Aufrüstung für Deutschland als notwendig, doch diese Gruppe von <AN>Frauen</AN> kritisiert dessen Finanzierung. Die Auswirkungen der Entscheidung werden noch geprüft.","Im Rahmen einer öffentlichen Veranstaltung wird derzeit über Fragen der inneren Sicherheit und gesellschaftliche Entwicklungen gesprochen. Die <RN>Bürger</RN> diskutieren über Fragen der inneren Sicherheit bezüglich der aktuellen Krise, doch diese <AN>Männer</AN> fordern härtere Maßnahmen. Die weiteren Maßnahmen stoßen auf geteilte Reaktionen.","1","1024","2","48000","-16","53","4","132","69.0","201.0","61.0","114.0","experiment","7","odd","384151.8164000008","-810.0","-290.0","NA","4466.516299988143","4466.8862000107765","35854.63860002346","44851.59550001845","395990.73180003325","44901.59860003041","395990.78270001337","35636.02939998964","NA","395803.7354000262","386806.4379999996","384140.7395999995","44901.64579998236","395990.0419000187","35849.3301999988","386793.6115000048","Experiment","0","0","0","10","1920","geprüft.","53","25","175"
"<AN>Frauen</AN>","C4","<RN>Ingenieurinnen</RN>","undefined","undefined","True","53","4","<AN>Frauen</AN>","132","-63.0","69.0","61.0","114.0","undefined","undefined","#232323","1620","psycho","True","geprüft","psycho","psycho","undefined","undefined","undefined","0","0","0","0","0","62","0","62","0","0","62","62","62","0","62","0","50","-810.0","-270.5","5","1052.0","62.46299860365337","Tue Aug  4 09:10:34 2026","The main experiment item","False","Im Rahmen einer universitären Veranstaltung werden aktuelle Fragestellungen der Rüstungsindustrie behandelt. Die große Mehrheit dieser <RN>Expertinnen</RN> sieht eine stärkere Aufrüstung für Deutschland als notwendig, doch diese Gruppe von <AN>Frauen</AN> kritisiert dessen Finanzierung. Die Auswirkungen der Entscheidung werden noch geprüft.","experiment.osexp","D:\ET_course_project_gender-bias\experiment","False","mono","False","39","no","white","no","yes","1080","17","space","psycho","178.0","3.0","117","6","62","62","D:\ET_course_project_gender-bias\experiment\subject-7.csv","150","psycho","an_found","Neonatal Nightingale","4.1.14","442.0","178.0","2","0","space","NA","space","space","space","8996.76680000266","NA","8996.33559997892","8996.76680000266","True","53","3","<RN>Expertinnen</RN>","248","-651.0","-403.0","-56.0","-3.0","2","psycho","1","Im Rahmen einer universitären Veranstaltung werden aktuelle Fragestellungen der Rüstungsindustrie behandelt. Die große Mehrheit dieser <RN>Fachleute</RN> sieht eine stärkere Aufrüstung für Deutschland als notwendig, doch diese Gruppe von <AN>Frauen</AN> kritisiert dessen Finanzierung. Die Auswirkungen der Entscheidung werden noch geprüft.","Im Rahmen einer städtischen Planungsrunde wird über die zukünftige Mobilität und den Ausbau des Nahverkehrs diskutiert. Die <RN>Ingenieurinnen</RN> diskutieren über nachhaltige Verkehrskonzepte und setzen sich für den Ausbau des ÖPNV ein, doch diese <AN>Männer</AN> lehnen die Vorschläge ab. Die nächsten Schritte werden derzeit kontrovers diskutiert.","1","1024","2","48000","-16","53","4","132","69.0","201.0","61.0","114.0","experiment","7","odd","384151.8164000008","-810.0","-290.0","NA","4466.516299988143","4466.8862000107765","35854.63860002346","44851.59550001845","396018.40509998146","44901.59860003041","396018.4573000297","35636.02939998964","NA","395803.7354000262","386806.4379999996","384140.7395999995","44901.64579998236","396018.1716000079","35849.3301999988","386793.6115000048","Experiment","0","0","0","10","1920","geprüft.","53","25","175"
"<AN>Männer</AN>","C3","<RN>Expertinnen</RN>","undefined","undefined","True","53","4","<AN>Frauen</AN>","132","-63.0","69.0","61.0","114.0","undefined","undefined","#232323","1620","psycho","True","geprüft","psycho","psycho","undefined","undefined","undefined","0","0","0","0","0","63","0","63","0","0","63","63","63","0","63","0","50","-810.0","-270.5","5","1052.0","62.46299860365337","Tue Aug  4 09:10:34 2026","The main experiment item","False","Im Rahmen einer universitären Veranstaltung werden aktuelle Fragestellungen der Rüstungsindustrie behandelt. Die große Mehrheit dieser <RN>Expertinnen</RN> sieht eine stärkere Aufrüstung für Deutschland als notwendig, doch diese Gruppe von <AN>Frauen</AN> kritisiert dessen Finanzierung. Die Auswirkungen der Entscheidung werden noch geprüft.","experiment.osexp","D:\ET_course_project_gender-bias\experiment","False","mono","False","39","no","white","no","yes","1080","7","space","psycho","178.0","3.0","117","3","63","63","D:\ET_course_project_gender-bias\experiment\subject-7.csv","150","psycho","an_found","Neonatal Nightingale","4.1.14","442.0","178.0","2","0","space","NA","space","space","space","8996.76680000266","NA","8996.33559997892","8996.76680000266","True","53","3","<RN>Expertinnen</RN>","248","-651.0","-403.0","-56.0","-3.0","2","psycho","1","Im Rahmen einer universitären Veranstaltung werden aktuelle Fragestellungen der Rüstungsindustrie behandelt. Die große Mehrheit dieser <RN>Fachleute</RN> sieht eine stärkere Aufrüstung für Deutschland als notwendig, doch diese Gruppe von <AN>Frauen</AN> kritisiert dessen Finanzierung. Die Auswirkungen der Entscheidung werden noch geprüft.","Beim Sommerfest eines Unternehmens wird über wirtschaftliche Entwicklungen und gesellschaftliche Herausforderungen diskutiert. Die <RN>Fachleute</RN> sehen große Herausforderungen im nächsten Geschäftsjahr, dennoch bleiben diese <AN>Männer</AN> optimistisch. Die unternehmerischen Folgen werden unterschiedlich bewertet.","1","1024","2","48000","-16","53","4","132","69.0","201.0","61.0","114.0","experiment","7","odd","384151.8164000008","-810.0","-290.0","NA","4466.516299988143","4466.8862000107765","35854.63860002346","44851.59550001845","396046.0732000065","44901.59860003041","396046.12459999043","35636.02939998964","NA","395803.7354000262","386806.4379999996","384140.7395999995","44901.64579998236","396045.731500024","35849.3301999988","386793.6115000048","Experiment","0","0","0","10","1920","geprüft.","53","25","175"
"<AN>Frauen</AN>","C2","<RN>Lehrer</RN>","undefined","undefined","True","53","4","<AN>Frauen</AN>","132","-63.0","69.0","61.0","114.0","undefined","undefined","#232323","1620","psycho","True","geprüft","psycho","psycho","undefined","undefined","undefined","0","0","0","0","0","64","0","64","0","0","64","64","64","0","64","0","50","-810.0","-270.5","5","1052.0","62.46299860365337","Tue Aug  4 09:10:34 2026","The main experiment item","False","Im Rahmen einer universitären Veranstaltung werden aktuelle Fragestellungen der Rüstungsindustrie behandelt. Die große Mehrheit dieser <RN>Expertinnen</RN> sieht eine stärkere Aufrüstung für Deutschland als notwendig, doch diese Gruppe von <AN>Frauen</AN> kritisiert dessen Finanzierung. Die Auswirkungen der Entscheidung werden noch geprüft.","experiment.osexp","D:\ET_course_project_gender-bias\experiment","False","mono","False","39","no","white","no","yes","1080","6","space","psycho","178.0","3.0","117","3","64","64","D:\ET_course_project_gender-bias\experiment\subject-7.csv","150","psycho","an_found","Neonatal Nightingale","4.1.14","442.0","178.0","2","0","space","NA","space","space","space","8996.76680000266","NA","8996.33559997892","8996.76680000266","True","53","3","<RN>Expertinnen</RN>","248","-651.0","-403.0","-56.0","-3.0","2","psycho","1","Im Rahmen einer universitären Veranstaltung werden aktuelle Fragestellungen der Rüstungsindustrie behandelt. Die große Mehrheit dieser <RN>Fachleute</RN> sieht eine stärkere Aufrüstung für Deutschland als notwendig, doch diese Gruppe von <AN>Frauen</AN> kritisiert dessen Finanzierung. Die Auswirkungen der Entscheidung werden noch geprüft.","Auf einer Konferenz zu Bildungsfragen in Stuttgart  wird derzeit über aktuelle schulische Themen gesprochen. Die <RN>Lehrer</RN> sollen mehr auf Disziplin und Konsequenzen im Unterricht setzen, doch aus pädagogischen Gründen lehnen diese <AN>Frauen</AN> die Vorschläge ab. Die kommenden Entwicklungen sind weiterhin Gegenstand von Diskussionen.","1","1024","2","48000","-16","53","4","132","69.0","201.0","61.0","114.0","experiment","7","odd","384151.8164000008","-810.0","-290.0","NA","4466.516299988143","4466.8862000107765","35854.63860002346","44851.59550001845","396072.01890001306","44901.59860003041","396072.0582000213","35636.02939998964","NA","395803.7354000262","386806.4379999996","384140.7395999995","44901.64579998236","396071.841500001","35849.3301999988","386793.6115000048","Experiment","0","0","0","10","1920","geprüft.","53","25","175"
"<AN>Männer</AN>","C1","<RN>Arbeitnehmer</RN>","undefined","undefined","True","53","4","<AN>Frauen</AN>","132","-63.0","69.0","61.0","114.0","undefined","undefined","#232323","1620","psycho","True","geprüft","psycho","psycho","undefined","undefined","undefined","0","0","0","0","0","65","0","65","0","0","65","65","65","0","65","0","50","-810.0","-270.5","5","1052.0","62.46299860365337","Tue Aug  4 09:10:34 2026","The main experiment item","False","Im Rahmen einer universitären Veranstaltung werden aktuelle Fragestellungen der Rüstungsindustrie behandelt. Die große Mehrheit dieser <RN>Expertinnen</RN> sieht eine stärkere Aufrüstung für Deutschland als notwendig, doch diese Gruppe von <AN>Frauen</AN> kritisiert dessen Finanzierung. Die Auswirkungen der Entscheidung werden noch geprüft.","experiment.osexp","D:\ET_course_project_gender-bias\experiment","False","mono","False","39","no","white","no","yes","1080","5","space","psycho","178.0","3.0","117","3","65","65","D:\ET_course_project_gender-bias\experiment\subject-7.csv","150","psycho","an_found","Neonatal Nightingale","4.1.14","442.0","178.0","2","0","space","NA","space","space","space","8996.76680000266","NA","8996.33559997892","8996.76680000266","True","53","3","<RN>Expertinnen</RN>","248","-651.0","-403.0","-56.0","-3.0","2","psycho","1","Im Rahmen einer universitären Veranstaltung werden aktuelle Fragestellungen der Rüstungsindustrie behandelt. Die große Mehrheit dieser <RN>Fachleute</RN> sieht eine stärkere Aufrüstung für Deutschland als notwendig, doch diese Gruppe von <AN>Frauen</AN> kritisiert dessen Finanzierung. Die Auswirkungen der Entscheidung werden noch geprüft.","Im Rahmen einer Geschäftsveranstaltung findet derzeit ein Austausch über Arbeitsbedingungen und gesellschaftliche Entwicklungen statt. Die <RN>Arbeitnehmer*innen</RN> erwarten höhere Gehälter und klimatisierte Arbeitsplätze, trotzdem wollen diese <AN>Männer</AN> auch weniger arbeiten. Die Frage nach den Konsequenzen bleibt offen.","1","1024","2","48000","-16","53","4","132","69.0","201.0","61.0","114.0","experiment","7","odd","384151.8164000008","-810.0","-290.0","NA","4466.516299988143","4466.8862000107765","35854.63860002346","44851.59550001845","396099.74299999885","44901.59860003041","396099.7845000238","35636.02939998964","NA","395803.7354000262","386806.4379999996","384140.7395999995","44901.64579998236","396099.5643999777","35849.3301999988","386793.6115000048","Experiment","0","0","0","10","1920","geprüft.","53","25","175"
"<AN>Männern</AN>","C3","<RN>Einwohnerinnen</RN>","undefined","undefined","True","53","4","<AN>Frauen</AN>","132","-63.0","69.0","61.0","114.0","undefined","undefined","#232323","1620","psycho","True","geprüft","psycho","psycho","undefined","undefined","undefined","0","0","0","0","0","66","0","66","0","0","66","66","66","0","66","0","50","-810.0","-270.5","5","1052.0","62.46299860365337","Tue Aug  4 09:10:34 2026","The main experiment item","False","Im Rahmen einer universitären Veranstaltung werden aktuelle Fragestellungen der Rüstungsindustrie behandelt. Die große Mehrheit dieser <RN>Expertinnen</RN> sieht eine stärkere Aufrüstung für Deutschland als notwendig, doch diese Gruppe von <AN>Frauen</AN> kritisiert dessen Finanzierung. Die Auswirkungen der Entscheidung werden noch geprüft.","experiment.osexp","D:\ET_course_project_gender-bias\experiment","False","mono","False","39","no","white","no","yes","1080","13","space","psycho","178.0","3.0","117","3","66","66","D:\ET_course_project_gender-bias\experiment\subject-7.csv","150","psycho","an_found","Neonatal Nightingale","4.1.14","442.0","178.0","2","0","space","NA","space","space","space","8996.76680000266","NA","8996.33559997892","8996.76680000266","True","53","3","<RN>Expertinnen</RN>","248","-651.0","-403.0","-56.0","-3.0","2","psycho","1","Im Rahmen einer universitären Veranstaltung werden aktuelle Fragestellungen der Rüstungsindustrie behandelt. Die große Mehrheit dieser <RN>Fachleute</RN> sieht eine stärkere Aufrüstung für Deutschland als notwendig, doch diese Gruppe von <AN>Frauen</AN> kritisiert dessen Finanzierung. Die Auswirkungen der Entscheidung werden noch geprüft.","Im Rahmen einer öffentlichen Veranstaltung wird über Sicherheit, gesellschaftlichen Zusammenhalt und politische Reformen gesprochen. Die <RN>Bürgerinnen</RN> wünschen sich Sicherheit und verlässliche Perspektiven, doch diese Gruppe von <AN>Frauen</AN> sieht Reformbedarf im System. Die weitere Entwicklung bleibt Gegenstand öffentlicher Debatten.","1","1024","2","48000","-16","53","4","132","69.0","201.0","61.0","114.0","experiment","7","odd","384151.8164000008","-810.0","-290.0","NA","4466.516299988143","4466.8862000107765","35854.63860002346","44851.59550001845","396125.7940999931","44901.59860003041","396125.83350000205","35636.02939998964","NA","395803.7354000262","386806.4379999996","384140.7395999995","44901.64579998236","396125.6359000108","35849.3301999988","386793.6115000048","Experiment","0","0","0","10","1920","geprüft.","53","25","175"
"<AN>Männer</AN>","C1","<RN>Ingenieure</RN>","undefined","undefined","True","53","4","<AN>Frauen</AN>","132","-63.0","69.0","61.0","114.0","undefined","undefined","#232323","1620","psycho","True","geprüft","psycho","psycho","undefined","undefined","undefined","0","0","0","0","0","67","0","67","0","0","67","67","67","0","67","0","50","-810.0","-270.5","5","1052.0","62.46299860365337","Tue Aug  4 09:10:34 2026","The main experiment item","False","Im Rahmen einer universitären Veranstaltung werden aktuelle Fragestellungen der Rüstungsindustrie behandelt. Die große Mehrheit dieser <RN>Expertinnen</RN> sieht eine stärkere Aufrüstung für Deutschland als notwendig, doch diese Gruppe von <AN>Frauen</AN> kritisiert dessen Finanzierung. Die Auswirkungen der Entscheidung werden noch geprüft.","experiment.osexp","D:\ET_course_project_gender-bias\experiment","False","mono","False","39","no","white","no","yes","1080","3","space","psycho","178.0","3.0","117","5","67","67","D:\ET_course_project_gender-bias\experiment\subject-7.csv","150","psycho","an_found","Neonatal Nightingale","4.1.14","442.0","178.0","2","0","space","NA","space","space","space","8996.76680000266","NA","8996.33559997892","8996.76680000266","True","53","3","<RN>Expertinnen</RN>","248","-651.0","-403.0","-56.0","-3.0","2","psycho","1","Im Rahmen einer universitären Veranstaltung werden aktuelle Fragestellungen der Rüstungsindustrie behandelt. Die große Mehrheit dieser <RN>Fachleute</RN> sieht eine stärkere Aufrüstung für Deutschland als notwendig, doch diese Gruppe von <AN>Frauen</AN> kritisiert dessen Finanzierung. Die Auswirkungen der Entscheidung werden noch geprüft.","Auf einer wissenschaftlichen Konferenz zu technischen Zukunftsfragen werden derzeit aktuelle gesellschaftliche Themen erörtert. Die <RN>Ingenieur*innen</RN> kritisieren die Energiewende und stehen vor Herausforderungen, doch diese <AN>Frauen</AN> lehnen zusätzliche Investitionen ab. Über die Konsequenzen wird weiterhin intensiv gestritten.","1","1024","2","48000","-16","53","4","132","69.0","201.0","61.0","114.0","experiment","7","odd","384151.8164000008","-810.0","-290.0","NA","4466.516299988143","4466.8862000107765","35854.63860002346","44851.59550001845","396152.9369999771","44901.59860003041","396152.9786000028","35636.02939998964","NA","395803.7354000262","386806.4379999996","384140.7395999995","44901.64579998236","396152.7373000281","35849.3301999988","386793.6115000048","Experiment","0","0","0","10","1920","geprüft.","53","25","175"
"<AN>Männer</AN>","C3","<RN>Einwohnerinnen</RN>","undefined","undefined","True","53","4","<AN>Frauen</AN>","132","-63.0","69.0","61.0","114.0","undefined","undefined","#232323","1620","psycho","True","geprüft","psycho","psycho","undefined","undefined","undefined","0","0","0","0","0","68","0","68","0","0","68","68","68","0","68","0","50","-810.0","-270.5","5","1052.0","62.46299860365337","Tue Aug  4 09:10:34 2026","The main experiment item","False","Im Rahmen einer universitären Veranstaltung werden aktuelle Fragestellungen der Rüstungsindustrie behandelt. Die große Mehrheit dieser <RN>Expertinnen</RN> sieht eine stärkere Aufrüstung für Deutschland als notwendig, doch diese Gruppe von <AN>Frauen</AN> kritisiert dessen Finanzierung. Die Auswirkungen der Entscheidung werden noch geprüft.","experiment.osexp","D:\ET_course_project_gender-bias\experiment","False","mono","False","39","no","white","no","yes","1080","8","space","psycho","178.0","3.0","117","2","68","68","D:\ET_course_project_gender-bias\experiment\subject-7.csv","150","psycho","an_found","Neonatal Nightingale","4.1.14","442.0","178.0","2","0","space","NA","space","space","space","8996.76680000266","NA","8996.33559997892","8996.76680000266","True","53","3","<RN>Expertinnen</RN>","248","-651.0","-403.0","-56.0","-3.0","2","psycho","1","Im Rahmen einer universitären Veranstaltung werden aktuelle Fragestellungen der Rüstungsindustrie behandelt. Die große Mehrheit dieser <RN>Fachleute</RN> sieht eine stärkere Aufrüstung für Deutschland als notwendig, doch diese Gruppe von <AN>Frauen</AN> kritisiert dessen Finanzierung. Die Auswirkungen der Entscheidung werden noch geprüft.","Im Rahmen einer öffentlichen Veranstaltung wird derzeit über Fragen der inneren Sicherheit und gesellschaftliche Entwicklungen gesprochen. Die <RN>Bürger</RN> diskutieren über Fragen der inneren Sicherheit bezüglich der aktuellen Krise, doch diese <AN>Männer</AN> fordern härtere Maßnahmen. Die weiteren Maßnahmen stoßen auf geteilte Reaktionen.","1","1024","2","48000","-16","53","4","132","69.0","201.0","61.0","114.0","experiment","7","odd","384151.8164000008","-810.0","-290.0","NA","4466.516299988143","4466.8862000107765","35854.63860002346","44851.59550001845","396179.87049999647","44901.59860003041","396179.9051000271","35636.02939998964","NA","395803.7354000262","386806.4379999996","384140.7395999995","44901.64579998236","396179.7721000039","35849.3301999988","386793.6115000048","Experiment","0","0","0","10","1920","geprüft.","53","25","175"
"<AN>Männer</AN>","C5","<RN>Lehrer*innen</RN>","undefined","undefined","True","53","4","<AN>Frauen</AN>","132","-63.0","69.0","61.0","114.0","undefined","undefined","#232323","1620","psycho","True","geprüft","psycho","psycho","undefined","undefined","undefined","0","0","0","0","0","69","0","69","0","0","69","69","69","0","69","0","50","-810.0","-270.5","5","1052.0","62.46299860365337","Tue Aug  4 09:10:34 2026","The main experiment item","False","Im Rahmen einer universitären Veranstaltung werden aktuelle Fragestellungen der Rüstungsindustrie behandelt. Die große Mehrheit dieser <RN>Expertinnen</RN> sieht eine stärkere Aufrüstung für Deutschland als notwendig, doch diese Gruppe von <AN>Frauen</AN> kritisiert dessen Finanzierung. Die Auswirkungen der Entscheidung werden noch geprüft.","experiment.osexp","D:\ET_course_project_gender-bias\experiment","False","mono","False","39","no","white","no","yes","1080","6","space","psycho","178.0","3.0","117","6","69","69","D:\ET_course_project_gender-bias\experiment\subject-7.csv","150","psycho","an_found","Neonatal Nightingale","4.1.14","442.0","178.0","2","0","space","NA","space","space","space","8996.76680000266","NA","8996.33559997892","8996.76680000266","True","53","3","<RN>Expertinnen</RN>","248","-651.0","-403.0","-56.0","-3.0","2","psycho","1","Im Rahmen einer universitären Veranstaltung werden aktuelle Fragestellungen der Rüstungsindustrie behandelt. Die große Mehrheit dieser <RN>Fachleute</RN> sieht eine stärkere Aufrüstung für Deutschland als notwendig, doch diese Gruppe von <AN>Frauen</AN> kritisiert dessen Finanzierung. Die Auswirkungen der Entscheidung werden noch geprüft.","Auf einer Konferenz zu Bildungsfragen wird derzeit über aktuelle schulische Themen gesprochen. Die <RN>Lehrer</RN> sollen mehr auf Disziplin und Konsequenzen im Unterricht setzen, doch aus pädagogischen Gründen lehnen diese <AN>Frauen</AN> die Vorschläge ab. Die kommenden Entwicklungen sind weiterhin Gegenstand von Diskussionen.","1","1024","2","48000","-16","53","4","132","69.0","201.0","61.0","114.0","experiment","7","odd","384151.8164000008","-810.0","-290.0","NA","4466.516299988143","4466.8862000107765","35854.63860002346","44851.59550001845","396205.35429997835","44901.59860003041","396205.388900009","35636.02939998964","NA","395803.7354000262","386806.4379999996","384140.7395999995","44901.64579998236","396205.2703999798","35849.3301999988","386793.6115000048","Experiment","0","0","0","10","1920","geprüft.","53","25","175"
"<AN>Frauen</AN>","C2","<RN>Dozenten</RN>","undefined","undefined","True","53","4","<AN>Frauen</AN>","132","-63.0","69.0","61.0","114.0","undefined","undefined","#232323","1620","psycho","True","geprüft","psycho","psycho","undefined","undefined","undefined","0","0","0","0","0","70","0","70","0","0","70","70","70","0","70","0","50","-810.0","-270.5","5","1052.0","62.46299860365337","Tue Aug  4 09:10:34 2026","The main experiment item","False","Im Rahmen einer universitären Veranstaltung werden aktuelle Fragestellungen der Rüstungsindustrie behandelt. Die große Mehrheit dieser <RN>Expertinnen</RN> sieht eine stärkere Aufrüstung für Deutschland als notwendig, doch diese Gruppe von <AN>Frauen</AN> kritisiert dessen Finanzierung. Die Auswirkungen der Entscheidung werden noch geprüft.","experiment.osexp","D:\ET_course_project_gender-bias\experiment","False","mono","False","39","no","white","no","yes","1080","9","space","psycho","178.0","3.0","117","6","70","70","D:\ET_course_project_gender-bias\experiment\subject-7.csv","150","psycho","an_found","Neonatal Nightingale","4.1.14","442.0","178.0","2","0","space","NA","space","space","space","8996.76680000266","NA","8996.33559997892","8996.76680000266","True","53","3","<RN>Expertinnen</RN>","248","-651.0","-403.0","-56.0","-3.0","2","psycho","1","Im Rahmen einer universitären Veranstaltung werden aktuelle Fragestellungen der Rüstungsindustrie behandelt. Die große Mehrheit dieser <RN>Fachleute</RN> sieht eine stärkere Aufrüstung für Deutschland als notwendig, doch diese Gruppe von <AN>Frauen</AN> kritisiert dessen Finanzierung. Die Auswirkungen der Entscheidung werden noch geprüft.","Auf einer schulischen Tagung werden aktuelle Kontroversen rund um Vorlesungsführung und Leistungsbewertung diskutiert. Die <RN>Dozent*innen</RN> fordern erhöhte Leistungsorientierung und strengere Notenvergabe im Lehrplan, doch diese <AN>Männer</AN> stoßen dabei auf Gegendruck von Eltern. Die Debatte über das Thema hält weiter an.","1","1024","2","48000","-16","53","4","132","69.0","201.0","61.0","114.0","experiment","7","odd","384151.8164000008","-810.0","-290.0","NA","4466.516299988143","4466.8862000107765","35854.63860002346","44851.59550001845","396231.84209998","44901.59860003041","396231.87900002813","35636.02939998964","NA","395803.7354000262","386806.4379999996","384140.7395999995","44901.64579998236","396231.74780001864","35849.3301999988","386793.6115000048","Experiment","0","0","0","10","1920","geprüft.","53","25","175"
"<AN>Frauen</AN>","C4","<RN>Krankenschwestern</RN>","undefined","undefined","True","53","4","<AN>Frauen</AN>","132","-131.0","1.0","61.0","114.0","undefined","undefined","#232323","1620","psycho","True","diskutiert","psycho","psycho","undefined","undefined","undefined","0","0","0","0","0","71","0","71","0","0","71","71","71","0","71","0","50","-810.0","-270.5","5","1003.0","39.3912574503531","Tue Aug  4 09:10:34 2026","The main experiment item","False","Bei einer Informationsveranstaltung im Krankenhaus wird über aktuelle Impfreformen und deren Auswirkungen gesprochen. Die <RN>Krankenschwestern</RN> diskutieren über Langzeitfolgen von Corona und setzen sich für mehr Unterstützung ein, doch diese <AN>Frauen</AN> lehnen die Vorschläge ab. Die nächsten Schritte werden derzeit kontrovers diskutiert.","experiment.osexp","D:\ET_course_project_gender-bias\experiment","False","mono","False","39","no","white","no","yes","1080","16","space","psycho","178.0","3.0","117","1","71","71","D:\ET_course_project_gender-bias\experiment\subject-7.csv","150","psycho","an_found","Neonatal Nightingale","4.1.14","461.0","178.0","2","0","space","NA","space","space","space","10861.205200024415","NA","8996.33559997892","10861.205200024415","True","53","2","<RN>Krankenschwestern</RN>","386","370.0","756.0","-173.0","-120.0","2","psycho","1","Bei einer Informationsveranstaltung im Krankenhaus wird über aktuelle Impfreformen und deren Auswirkungen gesprochen. Die <RN>Krankenschwestern</RN> diskutieren über Langzeitfolgen von Corona und setzen sich für mehr Unterstützung ein, doch diese <AN>Männer</AN> lehnen die Vorschläge ab. Die nächsten Schritte werden derzeit kontrovers diskutiert.","Bei einer Informationsveranstaltung im Krankenhaus wird über aktuelle Impfreformen und deren Auswirkungen gesprochen. Die <RN>Krankenschwestern</RN> diskutieren über Langzeitfolgen von Corona und setzen sich für mehr Unterstützung ein, doch diese <AN>Männer</AN> lehnen die Vorschläge ab. Die nächsten Schritte werden derzeit kontrovers diskutiert.","0","1024","2","48000","-16","53","4","132","1.0","133.0","61.0","114.0","experiment","7","odd","396270.31069999794","-810.0","-290.0","NA","4466.516299988143","4466.8862000107765","35854.63860002346","44851.59550001845","396259.37300000805","44901.59860003041","424329.41900001606","35636.02939998964","NA","424284.02419999475","413422.1947999904","396259.4149999786","44901.64579998236","396259.18910000473","35849.3301999988","413419.19400001643","Experiment","0","0","0","11","1920","diskutiert.","53","25","243"
"<AN>Männer</AN>","C5","<RN>Krankenpfleger*innen</RN>","undefined","undefined","True","53","4","<AN>Frauen</AN>","132","-131.0","1.0","61.0","114.0","undefined","undefined","#232323","1620","psycho","True","diskutiert","psycho","psycho","undefined","undefined","undefined","0","0","0","0","0","72","0","72","0","0","72","72","72","0","72","0","50","-810.0","-270.5","5","1003.0","39.3912574503531","Tue Aug  4 09:10:34 2026","The main experiment item","False","Bei einer Informationsveranstaltung im Krankenhaus wird über aktuelle Impfreformen und deren Auswirkungen gesprochen. Die <RN>Krankenschwestern</RN> diskutieren über Langzeitfolgen von Corona und setzen sich für mehr Unterstützung ein, doch diese <AN>Frauen</AN> lehnen die Vorschläge ab. Die nächsten Schritte werden derzeit kontrovers diskutiert.","experiment.osexp","D:\ET_course_project_gender-bias\experiment","False","mono","False","39","no","white","no","yes","1080","16","space","psycho","178.0","3.0","117","2","72","72","D:\ET_course_project_gender-bias\experiment\subject-7.csv","150","psycho","an_found","Neonatal Nightingale","4.1.14","461.0","178.0","2","0","space","NA","space","space","space","10861.205200024415","NA","8996.33559997892","10861.205200024415","True","53","2","<RN>Krankenschwestern</RN>","386","370.0","756.0","-173.0","-120.0","2","psycho","1","Bei einer Informationsveranstaltung im Krankenhaus wird über aktuelle Impfreformen und deren Auswirkungen gesprochen. Die <RN>Krankenschwestern</RN> diskutieren über Langzeitfolgen von Corona und setzen sich für mehr Unterstützung ein, doch diese <AN>Männer</AN> lehnen die Vorschläge ab. Die nächsten Schritte werden derzeit kontrovers diskutiert.","Bei einer Informationsveranstaltung im Krankenhaus wird über aktuelle Impfreformen und deren Auswirkungen gesprochen. Die <RN>Krankenschwestern</RN> diskutieren über Long Covid und setzen sich für mehr Unterstützung ein, doch diese <AN>Männer</AN> lehnen die Vorschläge ab. Die nächsten Schritte werden derzeit kontrovers diskutiert.","1","1024","2","48000","-16","53","4","132","1.0","133.0","61.0","114.0","experiment","7","odd","396270.31069999794","-810.0","-290.0","NA","4466.516299988143","4466.8862000107765","35854.63860002346","44851.59550001845","424357.4126000167","44901.59860003041","424357.4538999819","35636.02939998964","NA","424284.02419999475","413422.1947999904","396259.4149999786","44901.64579998236","424357.3200000101","35849.3301999988","413419.19400001643","Experiment","0","0","0","11","1920","diskutiert.","53","25","243"
"<AN>Frauen</AN>","C2","<RN>Ingenieure</RN>","undefined","undefined","True","53","4","<AN>Frauen</AN>","132","-131.0","1.0","61.0","114.0","undefined","undefined","#232323","1620","psycho","True","diskutiert","psycho","psycho","undefined","undefined","undefined","0","0","0","0","0","73","0","73","0","0","73","73","73","0","73","0","50","-810.0","-270.5","5","1003.0","39.3912574503531","Tue Aug  4 09:10:34 2026","The main experiment item","False","Bei einer Informationsveranstaltung im Krankenhaus wird über aktuelle Impfreformen und deren Auswirkungen gesprochen. Die <RN>Krankenschwestern</RN> diskutieren über Langzeitfolgen von Corona und setzen sich für mehr Unterstützung ein, doch diese <AN>Frauen</AN> lehnen die Vorschläge ab. Die nächsten Schritte werden derzeit kontrovers diskutiert.","experiment.osexp","D:\ET_course_project_gender-bias\experiment","False","mono","False","39","no","white","no","yes","1080","3","space","psycho","178.0","3.0","117","6","73","73","D:\ET_course_project_gender-bias\experiment\subject-7.csv","150","psycho","an_found","Neonatal Nightingale","4.1.14","461.0","178.0","2","0","space","NA","space","space","space","10861.205200024415","NA","8996.33559997892","10861.205200024415","True","53","2","<RN>Krankenschwestern</RN>","386","370.0","756.0","-173.0","-120.0","2","psycho","1","Bei einer Informationsveranstaltung im Krankenhaus wird über aktuelle Impfreformen und deren Auswirkungen gesprochen. Die <RN>Krankenschwestern</RN> diskutieren über Langzeitfolgen von Corona und setzen sich für mehr Unterstützung ein, doch diese <AN>Männer</AN> lehnen die Vorschläge ab. Die nächsten Schritte werden derzeit kontrovers diskutiert.","Auf einer wissenschaftlichen Konferenz zu technischen Zukunftsfragen werden derzeit aktuelle gesellschaftliche Themen erörtert. Die <RN>Ingenieur*innen</RN> spielen eine zentrale Rolle bei der Energiewende und stehen vor Herausforderungen, doch diese <AN>Frauen</AN> lehnen zusätzliche Investitionen ab. Über die Konsequenzen wird weiterhin intensiv gestritten.","1","1024","2","48000","-16","53","4","132","1.0","133.0","61.0","114.0","experiment","7","odd","396270.31069999794","-810.0","-290.0","NA","4466.516299988143","4466.8862000107765","35854.63860002346","44851.59550001845","424385.45270002214","44901.59860003041","424385.49040001817","35636.02939998964","NA","424284.02419999475","413422.1947999904","396259.4149999786","44901.64579998236","424385.36289997865","35849.3301999988","413419.19400001643","Experiment","0","0","0","11","1920","diskutiert.","53","25","243"
"<AN>Frauen</AN>","C2","<RN>Experten</RN>","undefined","undefined","True","53","4","<AN>Frauen</AN>","132","-223.0","-91.0","61.0","114.0","undefined","undefined","#232323","1620","psycho","True","bewertet","psycho","psycho","undefined","undefined","undefined","0","0","0","0","0","74","0","74","0","0","74","74","74","0","74","0","50","-810.0","-270.5","5","959.0","72.6943583219496","Tue Aug  4 09:10:34 2026","The main experiment item","False","Auf einer öffentlichen Veranstaltung stehen Investitionen und langfristige gesellschaftliche Entwicklungen zur Diskussion. Die <RN>Experten</RN> unterstützen höhere Investitionen und langfristige Entwicklungen, doch diese <AN>Frauen</AN> kritisieren die Umsetzung. Die politischen Folgen werden unterschiedlich bewertet.","experiment.osexp","D:\ET_course_project_gender-bias\experiment","False","mono","False","39","no","white","no","yes","1080","14","space","psycho","178.0","3.0","117","1","74","74","D:\ET_course_project_gender-bias\experiment\subject-7.csv","150","psycho","an_found","Neonatal Nightingale","4.1.14","371.0","178.0","2","0","space","NA","space","space","space","10388.29590001842","NA","8996.33559997892","10388.29590001842","True","53","3","<RN>Experten</RN>","179","-810.0","-631.0","-56.0","-3.0","2","psycho","1","Auf einer öffentlichen Veranstaltung stehen Investitionen und langfristige gesellschaftliche Entwicklungen zur Diskussion. Die <RN>Fachfrauen</RN> unterstützen höhere Investitionen und langfristige Entwicklungen, doch diese <AN>Männer</AN> kritisieren die Umsetzung. Die politischen Folgen werden unterschiedlich bewertet.","Auf einer öffentlichen Veranstaltung stehen Investitionen und langfristige gesellschaftliche Entwicklungen zur Diskussion. Die <RN>Fachfrauen</RN> unterstützen höhere Investitionen und langfristige Entwicklungen, doch diese <AN>Männer</AN> kritisieren die Umsetzung. Die politischen Folgen werden unterschiedlich bewertet.","0","1024","2","48000","-16","53","4","132","-91.0","41.0","61.0","114.0","experiment","7","odd","424423.8031000132","-810.0","-290.0","NA","4466.516299988143","4466.8862000107765","35854.63860002346","44851.59550001845","424412.4121000059","44901.59860003041","453200.9890000336","35636.02939998964","NA","453155.7957000332","442766.96149999043","424412.4535000301","44901.64579998236","424412.23210003227","35849.3301999988","442763.30749999033","Experiment","0","0","0","12","1920","bewertet.","53","25","197"
"<AN>Frauen</AN>","C2","<RN>Professoren</RN>","undefined","undefined","True","53","4","<AN>Frauen</AN>","132","-223.0","-91.0","61.0","114.0","undefined","undefined","#232323","1620","psycho","True","bewertet","psycho","psycho","undefined","undefined","undefined","0","0","0","0","0","75","0","75","0","0","75","75","75","0","75","0","50","-810.0","-270.5","5","959.0","72.6943583219496","Tue Aug  4 09:10:34 2026","The main experiment item","False","Auf einer öffentlichen Veranstaltung stehen Investitionen und langfristige gesellschaftliche Entwicklungen zur Diskussion. Die <RN>Experten</RN> unterstützen höhere Investitionen und langfristige Entwicklungen, doch diese <AN>Frauen</AN> kritisieren die Umsetzung. Die politischen Folgen werden unterschiedlich bewertet.","experiment.osexp","D:\ET_course_project_gender-bias\experiment","False","mono","False","39","no","white","no","yes","1080","15","space","psycho","178.0","3.0","117","6","75","75","D:\ET_course_project_gender-bias\experiment\subject-7.csv","150","psycho","an_found","Neonatal Nightingale","4.1.14","371.0","178.0","2","0","space","NA","space","space","space","10388.29590001842","NA","8996.33559997892","10388.29590001842","True","53","3","<RN>Experten</RN>","179","-810.0","-631.0","-56.0","-3.0","2","psycho","1","Auf einer öffentlichen Veranstaltung stehen Investitionen und langfristige gesellschaftliche Entwicklungen zur Diskussion. Die <RN>Fachfrauen</RN> unterstützen höhere Investitionen und langfristige Entwicklungen, doch diese <AN>Männer</AN> kritisieren die Umsetzung. Die politischen Folgen werden unterschiedlich bewertet.","Im Rahmen einer öffentlichen Veranstaltung wird über die Zukunft der Hochschulen und die Forschungsförderung diskutiert. Die <RN>Professorinnen</RN> diskutieren über die Zukunft der Hochschulen und setzen sich für mehr Forschungsgelder ein, doch diese <AN>Männer</AN> lehnen die Vorschläge ab. Die nächsten Schritte werden derzeit kontrovers diskutiert.","1","1024","2","48000","-16","53","4","132","-91.0","41.0","61.0","114.0","experiment","7","odd","424423.8031000132","-810.0","-290.0","NA","4466.516299988143","4466.8862000107765","35854.63860002346","44851.59550001845","453228.9743000292","44901.59860003041","453229.0357000311","35636.02939998964","NA","453155.7957000332","442766.96149999043","424412.4535000301","44901.64579998236","453228.8796000066","35849.3301999988","442763.30749999033","Experiment","0","0","0","12","1920","bewertet.","53","25","197"
"<AN>Männer</AN>","C5","<RN>Expert*innen</RN>","undefined","undefined","True","53","4","<AN>Frauen</AN>","132","-223.0","-91.0","61.0","114.0","undefined","undefined","#232323","1620","psycho","True","bewertet","psycho","psycho","undefined","undefined","undefined","0","0","0","0","0","76","0","76","0","0","76","76","76","0","76","0","50","-810.0","-270.5","5","959.0","72.6943583219496","Tue Aug  4 09:10:34 2026","The main experiment item","False","Auf einer öffentlichen Veranstaltung stehen Investitionen und langfristige gesellschaftliche Entwicklungen zur Diskussion. Die <RN>Experten</RN> unterstützen höhere Investitionen und langfristige Entwicklungen, doch diese <AN>Frauen</AN> kritisieren die Umsetzung. Die politischen Folgen werden unterschiedlich bewertet.","experiment.osexp","D:\ET_course_project_gender-bias\experiment","False","mono","False","39","no","white","no","yes","1080","14","space","psycho","178.0","3.0","117","4","76","76","D:\ET_course_project_gender-bias\experiment\subject-7.csv","150","psycho","an_found","Neonatal Nightingale","4.1.14","371.0","178.0","2","0","space","NA","space","space","space","10388.29590001842","NA","8996.33559997892","10388.29590001842","True","53","3","<RN>Experten</RN>","179","-810.0","-631.0","-56.0","-3.0","2","psycho","1","Auf einer öffentlichen Veranstaltung stehen Investitionen und langfristige gesellschaftliche Entwicklungen zur Diskussion. Die <RN>Fachfrauen</RN> unterstützen höhere Investitionen und langfristige Entwicklungen, doch diese <AN>Männer</AN> kritisieren die Umsetzung. Die politischen Folgen werden unterschiedlich bewertet.","Auf einer öffentlichen Veranstaltung stehen Investitionen und langfristige gesellschaftliche Entwicklungen zur Diskussion. Die <RN>Fachfrauen</RN> unterstützen höhere Investitionen und langfristige Entwicklungen, doch diese <AN>Männer</AN> kritisieren die Umsetzung. Die politischen Folgen werden unterschiedlich bewertet.","1","1024","2","48000","-16","53","4","132","-91.0","41.0","61.0","114.0","experiment","7","odd","424423.8031000132","-810.0","-290.0","NA","4466.516299988143","4466.8862000107765","35854.63860002346","44851.59550001845","453257.34120002016","44901.59860003041","453257.3802000261","35636.02939998964","NA","453155.7957000332","442766.96149999043","424412.4535000301","44901.64579998236","453257.15959997615","35849.3301999988","442763.30749999033","Experiment","0","0","0","12","1920","bewertet.","53","25","197"
"<AN>Frauen</AN>","C2","<RN>Experten</RN>","undefined","undefined","True","53","4","<AN>Frauen</AN>","132","-223.0","-91.0","61.0","114.0","undefined","undefined","#232323","1620","psycho","True","bewertet","psycho","psycho","undefined","undefined","undefined","0","0","0","0","0","77","0","77","0","0","77","77","77","0","77","0","50","-810.0","-270.5","5","959.0","72.6943583219496","Tue Aug  4 09:10:34 2026","The main experiment item","False","Auf einer öffentlichen Veranstaltung stehen Investitionen und langfristige gesellschaftliche Entwicklungen zur Diskussion. Die <RN>Experten</RN> unterstützen höhere Investitionen und langfristige Entwicklungen, doch diese <AN>Frauen</AN> kritisieren die Umsetzung. Die politischen Folgen werden unterschiedlich bewertet.","experiment.osexp","D:\ET_course_project_gender-bias\experiment","False","mono","False","39","no","white","no","yes","1080","10","space","psycho","178.0","3.0","117","5","77","77","D:\ET_course_project_gender-bias\experiment\subject-7.csv","150","psycho","an_found","Neonatal Nightingale","4.1.14","371.0","178.0","2","0","space","NA","space","space","space","10388.29590001842","NA","8996.33559997892","10388.29590001842","True","53","3","<RN>Experten</RN>","179","-810.0","-631.0","-56.0","-3.0","2","psycho","1","Auf einer öffentlichen Veranstaltung stehen Investitionen und langfristige gesellschaftliche Entwicklungen zur Diskussion. Die <RN>Fachfrauen</RN> unterstützen höhere Investitionen und langfristige Entwicklungen, doch diese <AN>Männer</AN> kritisieren die Umsetzung. Die politischen Folgen werden unterschiedlich bewertet.","Im Rahmen einer universitären Veranstaltung werden aktuelle Fragestellungen der Rüstungsindustrie behandelt. Die große Mehrheit dieser <RN>Fachleute</RN> sehen eine stärkere Aufrüstung für Deutschland als notwendig, doch diese Gruppe von <AN>Frauen</AN> kritisiert dessen Finanzierung. Die Auswirkungen der Entscheidung werden noch geprüft.","1","1024","2","48000","-16","53","4","132","-91.0","41.0","61.0","114.0","experiment","7","odd","424423.8031000132","-810.0","-290.0","NA","4466.516299988143","4466.8862000107765","35854.63860002346","44851.59550001845","453284.0454999823","44901.59860003041","453284.08090001903","35636.02939998964","NA","453155.7957000332","442766.96149999043","424412.4535000301","44901.64579998236","453283.94270001445","35849.3301999988","442763.30749999033","Experiment","0","0","0","12","1920","bewertet.","53","25","197"
"<AN>Männer</AN>","C5","<RN>Professor*innen</RN>","undefined","undefined","True","53","4","<AN>Frauen</AN>","132","-223.0","-91.0","61.0","114.0","undefined","undefined","#232323","1620","psycho","True","bewertet","psycho","psycho","undefined","undefined","undefined","0","0","0","0","0","78","0","78","0","0","78","78","78","0","78","0","50","-810.0","-270.5","5","959.0","72.6943583219496","Tue Aug  4 09:10:34 2026","The main experiment item","False","Auf einer öffentlichen Veranstaltung stehen Investitionen und langfristige gesellschaftliche Entwicklungen zur Diskussion. Die <RN>Experten</RN> unterstützen höhere Investitionen und langfristige Entwicklungen, doch diese <AN>Frauen</AN> kritisieren die Umsetzung. Die politischen Folgen werden unterschiedlich bewertet.","experiment.osexp","D:\ET_course_project_gender-bias\experiment","False","mono","False","39","no","white","no","yes","1080","15","space","psycho","178.0","3.0","117","3","78","78","D:\ET_course_project_gender-bias\experiment\subject-7.csv","150","psycho","an_found","Neonatal Nightingale","4.1.14","371.0","178.0","2","0","space","NA","space","space","space","10388.29590001842","NA","8996.33559997892","10388.29590001842","True","53","3","<RN>Experten</RN>","179","-810.0","-631.0","-56.0","-3.0","2","psycho","1","Auf einer öffentlichen Veranstaltung stehen Investitionen und langfristige gesellschaftliche Entwicklungen zur Diskussion. Die <RN>Fachfrauen</RN> unterstützen höhere Investitionen und langfristige Entwicklungen, doch diese <AN>Männer</AN> kritisieren die Umsetzung. Die politischen Folgen werden unterschiedlich bewertet.","Im Rahmen einer öffentlichen Veranstaltung wird über die Zukunft der Hochschulen und die Forschungsförderung diskutiert. Die <RN>Professorinnen</RN> diskutieren über die Zukunft der Hochschulen und setzen sich für mehr Forschungsgelder ein, doch diese <AN>Männer</AN> lehnen die Vorschläge ab. Die nächsten Schritte werden derzeit kontrovers diskutiert.","1","1024","2","48000","-16","53","4","132","-91.0","41.0","61.0","114.0","experiment","7","odd","424423.8031000132","-810.0","-290.0","NA","4466.516299988143","4466.8862000107765","35854.63860002346","44851.59550001845","453311.13430002006","44901.59860003041","453311.17030000314","35636.02939998964","NA","453155.7957000332","442766.96149999043","424412.4535000301","44901.64579998236","453311.029399978","35849.3301999988","442763.30749999033","Experiment","0","0","0","12","1920","bewertet.","53","25","197"
"<AN>Frauen</AN>","C6","<RN>Dozent*innen</RN>","undefined","undefined","True","53","4","<AN>Frauen</AN>","132","-223.0","-91.0","61.0","114.0","undefined","undefined","#232323","1620","psycho","True","bewertet","psycho","psycho","undefined","undefined","undefined","0","0","0","0","0","79","0","79","0","0","79","79","79","0","79","0","50","-810.0","-270.5","5","959.0","72.6943583219496","Tue Aug  4 09:10:34 2026","The main experiment item","False","Auf einer öffentlichen Veranstaltung stehen Investitionen und langfristige gesellschaftliche Entwicklungen zur Diskussion. Die <RN>Experten</RN> unterstützen höhere Investitionen und langfristige Entwicklungen, doch diese <AN>Frauen</AN> kritisieren die Umsetzung. Die politischen Folgen werden unterschiedlich bewertet.","experiment.osexp","D:\ET_course_project_gender-bias\experiment","False","mono","False","39","no","white","no","yes","1080","9","space","psycho","178.0","3.0","117","4","79","79","D:\ET_course_project_gender-bias\experiment\subject-7.csv","150","psycho","an_found","Neonatal Nightingale","4.1.14","371.0","178.0","2","0","space","NA","space","space","space","10388.29590001842","NA","8996.33559997892","10388.29590001842","True","53","3","<RN>Experten</RN>","179","-810.0","-631.0","-56.0","-3.0","2","psycho","1","Auf einer öffentlichen Veranstaltung stehen Investitionen und langfristige gesellschaftliche Entwicklungen zur Diskussion. Die <RN>Fachfrauen</RN> unterstützen höhere Investitionen und langfristige Entwicklungen, doch diese <AN>Männer</AN> kritisieren die Umsetzung. Die politischen Folgen werden unterschiedlich bewertet.","Auf einer schulischen Tagung werden aktuelle Kontroversen rund um Vorlesungsführung und Leistungsbewertung diskutiert. Die <RN>Dozent*innen</RN> fordern erhöhte Leistungsorientierung und strengere Notenvergabe im Lehrplan, doch diese <AN>Männer</AN> stoßen dabei auf Gegendruck von Eltern. Die Debatte über das Thema hält weiter an.","1","1024","2","48000","-16","53","4","132","-91.0","41.0","61.0","114.0","experiment","7","odd","424423.8031000132","-810.0","-290.0","NA","4466.516299988143","4466.8862000107765","35854.63860002346","44851.59550001845","453337.37670001574","44901.59860003041","453337.42840000195","35636.02939998964","NA","453155.7957000332","442766.96149999043","424412.4535000301","44901.64579998236","453337.14610000607","35849.3301999988","442763.30749999033","Experiment","0","0","0","12","1920","bewertet.","53","25","197"
"<AN>Frauen</AN>","C6","<RN>Student*innen</RN>","undefined","undefined","True","53","4","<AN>Frauen</AN>","132","-223.0","-91.0","61.0","114.0","undefined","undefined","#232323","1620","psycho","True","bewertet","psycho","psycho","undefined","undefined","undefined","0","0","0","0","0","80","0","80","0","0","80","80","80","0","80","0","50","-810.0","-270.5","5","959.0","72.6943583219496","Tue Aug  4 09:10:34 2026","The main experiment item","False","Auf einer öffentlichen Veranstaltung stehen Investitionen und langfristige gesellschaftliche Entwicklungen zur Diskussion. Die <RN>Experten</RN> unterstützen höhere Investitionen und langfristige Entwicklungen, doch diese <AN>Frauen</AN> kritisieren die Umsetzung. Die politischen Folgen werden unterschiedlich bewertet.","experiment.osexp","D:\ET_course_project_gender-bias\experiment","False","mono","False","39","no","white","no","yes","1080","1","space","psycho","178.0","3.0","117","6","80","80","D:\ET_course_project_gender-bias\experiment\subject-7.csv","150","psycho","an_found","Neonatal Nightingale","4.1.14","371.0","178.0","2","0","space","NA","space","space","space","10388.29590001842","NA","8996.33559997892","10388.29590001842","True","53","3","<RN>Experten</RN>","179","-810.0","-631.0","-56.0","-3.0","2","psycho","1","Auf einer öffentlichen Veranstaltung stehen Investitionen und langfristige gesellschaftliche Entwicklungen zur Diskussion. Die <RN>Fachfrauen</RN> unterstützen höhere Investitionen und langfristige Entwicklungen, doch diese <AN>Männer</AN> kritisieren die Umsetzung. Die politischen Folgen werden unterschiedlich bewertet.","Bei einer Podiumsdiskussion an der Universität wird über aktuelle gesellschaftliche Themen gesprochen. Die <RN>Studenten</RN> müssten wieder stärker leistungsorientiert gefördert werden, doch die Mehrheit dieser dort teilnehmenden <AN>Frauen</AN> kritisiert die neuen Anforderungen. Die weitere Entwicklung bleibt Gegenstand öffentlicher Debatten.","1","1024","2","48000","-16","53","4","132","-91.0","41.0","61.0","114.0","experiment","7","odd","424423.8031000132","-810.0","-290.0","NA","4466.516299988143","4466.8862000107765","35854.63860002346","44851.59550001845","453365.46190001536","44901.59860003041","453365.5029999791","35636.02939998964","NA","453155.7957000332","442766.96149999043","424412.4535000301","44901.64579998236","453365.2433999814","35849.3301999988","442763.30749999033","Experiment","0","0","0","12","1920","bewertet.","53","25","197"
"<AN>Frauen</AN>","C4","<RN>Expertinnen</RN>","undefined","undefined","True","53","4","<AN>Frauen</AN>","132","-223.0","-91.0","61.0","114.0","undefined","undefined","#232323","1620","psycho","True","bewertet","psycho","psycho","undefined","undefined","undefined","0","0","0","0","0","81","0","81","0","0","81","81","81","0","81","0","50","-810.0","-270.5","5","959.0","72.6943583219496","Tue Aug  4 09:10:34 2026","The main experiment item","False","Auf einer öffentlichen Veranstaltung stehen Investitionen und langfristige gesellschaftliche Entwicklungen zur Diskussion. Die <RN>Experten</RN> unterstützen höhere Investitionen und langfristige Entwicklungen, doch diese <AN>Frauen</AN> kritisieren die Umsetzung. Die politischen Folgen werden unterschiedlich bewertet.","experiment.osexp","D:\ET_course_project_gender-bias\experiment","False","mono","False","39","no","white","no","yes","1080","7","space","psycho","178.0","3.0","117","4","81","81","D:\ET_course_project_gender-bias\experiment\subject-7.csv","150","psycho","an_found","Neonatal Nightingale","4.1.14","371.0","178.0","2","0","space","NA","space","space","space","10388.29590001842","NA","8996.33559997892","10388.29590001842","True","53","3","<RN>Experten</RN>","179","-810.0","-631.0","-56.0","-3.0","2","psycho","1","Auf einer öffentlichen Veranstaltung stehen Investitionen und langfristige gesellschaftliche Entwicklungen zur Diskussion. Die <RN>Fachfrauen</RN> unterstützen höhere Investitionen und langfristige Entwicklungen, doch diese <AN>Männer</AN> kritisieren die Umsetzung. Die politischen Folgen werden unterschiedlich bewertet.","Beim Sommerfest eines Unternehmens wird über wirtschaftliche Entwicklungen und gesellschaftliche Herausforderungen diskutiert. Die <RN>Fachleute</RN> sehen große Herausforderungen im nächsten Geschäftsjahr, dennoch bleiben diese <AN>Männer</AN> optimistisch. Die unternehmerischen Folgen werden unterschiedlich bewertet.","1","1024","2","48000","-16","53","4","132","-91.0","41.0","61.0","114.0","experiment","7","odd","424423.8031000132","-810.0","-290.0","NA","4466.516299988143","4466.8862000107765","35854.63860002346","44851.59550001845","453392.7833000198","44901.59860003041","453392.8351000068","35636.02939998964","NA","453155.7957000332","442766.96149999043","424412.4535000301","44901.64579998236","453392.1658000327","35849.3301999988","442763.30749999033","Experiment","0","0","0","12","1920","bewertet.","53","25","197"
"<AN>Frauen</AN>","C6","<RN>Aktivist*innen</RN>","undefined","undefined","True","53","4","<AN>Frauen</AN>","132","-223.0","-91.0","61.0","114.0","undefined","undefined","#232323","1620","psycho","True","bewertet","psycho","psycho","undefined","undefined","undefined","0","0","0","0","0","82","0","82","0","0","82","82","82","0","82","0","50","-810.0","-270.5","5","959.0","72.6943583219496","Tue Aug  4 09:10:34 2026","The main experiment item","False","Auf einer öffentlichen Veranstaltung stehen Investitionen und langfristige gesellschaftliche Entwicklungen zur Diskussion. Die <RN>Experten</RN> unterstützen höhere Investitionen und langfristige Entwicklungen, doch diese <AN>Frauen</AN> kritisieren die Umsetzung. Die politischen Folgen werden unterschiedlich bewertet.","experiment.osexp","D:\ET_course_project_gender-bias\experiment","False","mono","False","39","no","white","no","yes","1080","11","space","psycho","178.0","3.0","117","2","82","82","D:\ET_course_project_gender-bias\experiment\subject-7.csv","150","psycho","an_found","Neonatal Nightingale","4.1.14","371.0","178.0","2","0","space","NA","space","space","space","10388.29590001842","NA","8996.33559997892","10388.29590001842","True","53","3","<RN>Experten</RN>","179","-810.0","-631.0","-56.0","-3.0","2","psycho","1","Auf einer öffentlichen Veranstaltung stehen Investitionen und langfristige gesellschaftliche Entwicklungen zur Diskussion. Die <RN>Fachfrauen</RN> unterstützen höhere Investitionen und langfristige Entwicklungen, doch diese <AN>Männer</AN> kritisieren die Umsetzung. Die politischen Folgen werden unterschiedlich bewertet.","Auf einer öffentlichen Veranstaltung werden aktuelle wohnungs- und gesellschaftspolitische Themen diskutiert. Die <RN>Aktivist*innen</RN> fordern mehr bezahlbaren Wohnraum in Stuttgart und diskutieren faire Lösungsansätze, doch diese <AN>Frauen</AN> sehen die Verantwortung stärker beim Bund. Die Auswirkungen der Entscheidung werden noch geprüft.","1","1024","2","48000","-16","53","4","132","-91.0","41.0","61.0","114.0","experiment","7","odd","424423.8031000132","-810.0","-290.0","NA","4466.516299988143","4466.8862000107765","35854.63860002346","44851.59550001845","453419.37970003346","44901.59860003041","453419.42029999336","35636.02939998964","NA","453155.7957000332","442766.96149999043","424412.4535000301","44901.64579998236","453419.1882000305","35849.3301999988","442763.30749999033","Experiment","0","0","0","12","1920","bewertet.","53","25","197"
"<AN>Frauen</AN>","C2","<RN>Einwohner</RN>","undefined","undefined","True","53","4","<AN>Frauen</AN>","132","-223.0","-91.0","61.0","114.0","undefined","undefined","#232323","1620","psycho","True","bewertet","psycho","psycho","undefined","undefined","undefined","0","0","0","0","0","83","0","83","0","0","83","83","83","0","83","0","50","-810.0","-270.5","5","959.0","72.6943583219496","Tue Aug  4 09:10:34 2026","The main experiment item","False","Auf einer öffentlichen Veranstaltung stehen Investitionen und langfristige gesellschaftliche Entwicklungen zur Diskussion. Die <RN>Experten</RN> unterstützen höhere Investitionen und langfristige Entwicklungen, doch diese <AN>Frauen</AN> kritisieren die Umsetzung. Die politischen Folgen werden unterschiedlich bewertet.","experiment.osexp","D:\ET_course_project_gender-bias\experiment","False","mono","False","39","no","white","no","yes","1080","13","space","psycho","178.0","3.0","117","2","83","83","D:\ET_course_project_gender-bias\experiment\subject-7.csv","150","psycho","an_found","Neonatal Nightingale","4.1.14","371.0","178.0","2","0","space","NA","space","space","space","10388.29590001842","NA","8996.33559997892","10388.29590001842","True","53","3","<RN>Experten</RN>","179","-810.0","-631.0","-56.0","-3.0","2","psycho","1","Auf einer öffentlichen Veranstaltung stehen Investitionen und langfristige gesellschaftliche Entwicklungen zur Diskussion. Die <RN>Fachfrauen</RN> unterstützen höhere Investitionen und langfristige Entwicklungen, doch diese <AN>Männer</AN> kritisieren die Umsetzung. Die politischen Folgen werden unterschiedlich bewertet.","Im Rahmen einer öffentlichen Veranstaltung wird über Sicherheit, gesellschaftlichen Zusammenhalt und politische Reformen gesprochen. Die <RN>Bürgerinnen</RN> wünschen sich mehr Sicherheit und verlässliche Perspektiven, doch diese Gruppe von <AN>Frauen</AN> sieht Reformbedarf im System. Die weitere Entwicklung bleibt Gegenstand öffentlicher Debatten.","1","1024","2","48000","-16","53","4","132","-91.0","41.0","61.0","114.0","experiment","7","odd","424423.8031000132","-810.0","-290.0","NA","4466.516299988143","4466.8862000107765","35854.63860002346","44851.59550001845","453446.26810000045","44901.59860003041","453446.3154000114","35636.02939998964","NA","453155.7957000332","442766.96149999043","424412.4535000301","44901.64579998236","453446.1220999947","35849.3301999988","442763.30749999033","Experiment","0","0","0","12","1920","bewertet.","53","25","197"
"<AN>Frauen</AN>","C4","<RN>Aktivistinnen</RN>","undefined","undefined","True","53","4","<AN>Frauen</AN>","132","-223.0","-91.0","61.0","114.0","undefined","undefined","#232323","1620","psycho","True","bewertet","psycho","psycho","undefined","undefined","undefined","0","0","0","0","0","84","0","84","0","0","84","84","84","0","84","0","50","-810.0","-270.5","5","959.0","72.6943583219496","Tue Aug  4 09:10:34 2026","The main experiment item","False","Auf einer öffentlichen Veranstaltung stehen Investitionen und langfristige gesellschaftliche Entwicklungen zur Diskussion. Die <RN>Experten</RN> unterstützen höhere Investitionen und langfristige Entwicklungen, doch diese <AN>Frauen</AN> kritisieren die Umsetzung. Die politischen Folgen werden unterschiedlich bewertet.","experiment.osexp","D:\ET_course_project_gender-bias\experiment","False","mono","False","39","no","white","no","yes","1080","11","space","psycho","178.0","3.0","117","6","84","84","D:\ET_course_project_gender-bias\experiment\subject-7.csv","150","psycho","an_found","Neonatal Nightingale","4.1.14","371.0","178.0","2","0","space","NA","space","space","space","10388.29590001842","NA","8996.33559997892","10388.29590001842","True","53","3","<RN>Experten</RN>","179","-810.0","-631.0","-56.0","-3.0","2","psycho","1","Auf einer öffentlichen Veranstaltung stehen Investitionen und langfristige gesellschaftliche Entwicklungen zur Diskussion. Die <RN>Fachfrauen</RN> unterstützen höhere Investitionen und langfristige Entwicklungen, doch diese <AN>Männer</AN> kritisieren die Umsetzung. Die politischen Folgen werden unterschiedlich bewertet.","Auf einer öffentlichen Veranstaltung werden aktuelle wohnungs- und gesellschaftspolitische Themen diskutiert. Die <RN>Aktivist*innen</RN> fordern mehr bezahlbaren Wohnraum in Stuttgart und diskutieren faire Lösungsansätze, doch diese <AN>Frauen</AN> sehen die Verantwortung stärker beim Bund. Die Auswirkungen der Entscheidung werden noch geprüft.","1","1024","2","48000","-16","53","4","132","-91.0","41.0","61.0","114.0","experiment","7","odd","424423.8031000132","-810.0","-290.0","NA","4466.516299988143","4466.8862000107765","35854.63860002346","44851.59550001845","453474.01389997685","44901.59860003041","453474.0532999858","35636.02939998964","NA","453155.7957000332","442766.96149999043","424412.4535000301","44901.64579998236","453473.8277000142","35849.3301999988","442763.30749999033","Experiment","0","0","0","12","1920","bewertet.","53","25","197"
"<AN>Männer</AN>","C3","<RN>Aktivistinnen</RN>","undefined","undefined","True","53","4","<AN>Frauen</AN>","132","-223.0","-91.0","61.0","114.0","undefined","undefined","#232323","1620","psycho","True","bewertet","psycho","psycho","undefined","undefined","undefined","0","0","0","0","0","85","0","85","0","0","85","85","85","0","85","0","50","-810.0","-270.5","5","959.0","72.6943583219496","Tue Aug  4 09:10:34 2026","The main experiment item","False","Auf einer öffentlichen Veranstaltung stehen Investitionen und langfristige gesellschaftliche Entwicklungen zur Diskussion. Die <RN>Experten</RN> unterstützen höhere Investitionen und langfristige Entwicklungen, doch diese <AN>Frauen</AN> kritisieren die Umsetzung. Die politischen Folgen werden unterschiedlich bewertet.","experiment.osexp","D:\ET_course_project_gender-bias\experiment","False","mono","False","39","no","white","no","yes","1080","11","space","psycho","178.0","3.0","117","5","85","85","D:\ET_course_project_gender-bias\experiment\subject-7.csv","150","psycho","an_found","Neonatal Nightingale","4.1.14","371.0","178.0","2","0","space","NA","space","space","space","10388.29590001842","NA","8996.33559997892","10388.29590001842","True","53","3","<RN>Experten</RN>","179","-810.0","-631.0","-56.0","-3.0","2","psycho","1","Auf einer öffentlichen Veranstaltung stehen Investitionen und langfristige gesellschaftliche Entwicklungen zur Diskussion. Die <RN>Fachfrauen</RN> unterstützen höhere Investitionen und langfristige Entwicklungen, doch diese <AN>Männer</AN> kritisieren die Umsetzung. Die politischen Folgen werden unterschiedlich bewertet.","Auf einer öffentlichen Veranstaltung werden aktuelle wohnungs- und gesellschaftspolitische Themen diskutiert. Die <RN>Aktivist*innen</RN> fordern mehr bezahlbaren Wohnraum in Stuttgart und diskutieren faire Lösungsansätze, doch diese <AN>Frauen</AN> sehen die Verantwortung stärker beim Bund. Die Auswirkungen der Entscheidung werden noch geprüft.","1","1024","2","48000","-16","53","4","132","-91.0","41.0","61.0","114.0","experiment","7","odd","424423.8031000132","-810.0","-290.0","NA","4466.516299988143","4466.8862000107765","35854.63860002346","44851.59550001845","453499.91730001057","44901.59860003041","453499.96520002605","35636.02939998964","NA","453155.7957000332","442766.96149999043","424412.4535000301","44901.64579998236","453499.6970000211","35849.3301999988","442763.30749999033","Experiment","0","0","0","12","1920","bewertet.","53","25","197"
"<AN>Männer</AN>","C1","<RN>Pfleger</RN>","undefined","undefined","True","53","4","<AN>Frauen</AN>","132","-223.0","-91.0","61.0","114.0","undefined","undefined","#232323","1620","psycho","True","bewertet","psycho","psycho","undefined","undefined","undefined","0","0","0","0","0","86","0","86","0","0","86","86","86","0","86","0","50","-810.0","-270.5","5","959.0","72.6943583219496","Tue Aug  4 09:10:34 2026","The main experiment item","False","Auf einer öffentlichen Veranstaltung stehen Investitionen und langfristige gesellschaftliche Entwicklungen zur Diskussion. Die <RN>Experten</RN> unterstützen höhere Investitionen und langfristige Entwicklungen, doch diese <AN>Frauen</AN> kritisieren die Umsetzung. Die politischen Folgen werden unterschiedlich bewertet.","experiment.osexp","D:\ET_course_project_gender-bias\experiment","False","mono","False","39","no","white","no","yes","1080","2","space","psycho","178.0","3.0","117","6","86","86","D:\ET_course_project_gender-bias\experiment\subject-7.csv","150","psycho","an_found","Neonatal Nightingale","4.1.14","371.0","178.0","2","0","space","NA","space","space","space","10388.29590001842","NA","8996.33559997892","10388.29590001842","True","53","3","<RN>Experten</RN>","179","-810.0","-631.0","-56.0","-3.0","2","psycho","1","Auf einer öffentlichen Veranstaltung stehen Investitionen und langfristige gesellschaftliche Entwicklungen zur Diskussion. Die <RN>Fachfrauen</RN> unterstützen höhere Investitionen und langfristige Entwicklungen, doch diese <AN>Männer</AN> kritisieren die Umsetzung. Die politischen Folgen werden unterschiedlich bewertet.","Im Rahmen einer Gesprächsrunde im Gesundheitswesen wird derzeit über aktuelle gesellschaftliche Herausforderungen diskutiert. Die <RN>Pflegekräfte</RN> verdienen bessere Arbeitsbedingungen und benötigen langfristig mehr Unterstützung, doch diese <AN>Männer</AN> fühlen sich politisch nicht ausreichend unterstützt. Die nächsten Schritte werden derzeit kontrovers diskutiert.","1","1024","2","48000","-16","53","4","132","-91.0","41.0","61.0","114.0","experiment","7","odd","424423.8031000132","-810.0","-290.0","NA","4466.516299988143","4466.8862000107765","35854.63860002346","44851.59550001845","453527.2207999951","44901.59860003041","453527.26030000485","35636.02939998964","NA","453155.7957000332","442766.96149999043","424412.4535000301","44901.64579998236","453527.03860000474","35849.3301999988","442763.30749999033","Experiment","0","0","0","12","1920","bewertet.","53","25","197"
"<AN>Frauen</AN>","C2","<RN>Ingenieure</RN>","undefined","undefined","True","53","4","<AN>Frauen</AN>","132","-223.0","-91.0","61.0","114.0","undefined","undefined","#232323","1620","psycho","True","bewertet","psycho","psycho","undefined","undefined","undefined","0","0","0","0","0","87","0","87","0","0","87","87","87","0","87","0","50","-810.0","-270.5","5","959.0","72.6943583219496","Tue Aug  4 09:10:34 2026","The main experiment item","False","Auf einer öffentlichen Veranstaltung stehen Investitionen und langfristige gesellschaftliche Entwicklungen zur Diskussion. Die <RN>Experten</RN> unterstützen höhere Investitionen und langfristige Entwicklungen, doch diese <AN>Frauen</AN> kritisieren die Umsetzung. Die politischen Folgen werden unterschiedlich bewertet.","experiment.osexp","D:\ET_course_project_gender-bias\experiment","False","mono","False","39","no","white","no","yes","1080","17","space","psycho","178.0","3.0","117","4","87","87","D:\ET_course_project_gender-bias\experiment\subject-7.csv","150","psycho","an_found","Neonatal Nightingale","4.1.14","371.0","178.0","2","0","space","NA","space","space","space","10388.29590001842","NA","8996.33559997892","10388.29590001842","True","53","3","<RN>Experten</RN>","179","-810.0","-631.0","-56.0","-3.0","2","psycho","1","Auf einer öffentlichen Veranstaltung stehen Investitionen und langfristige gesellschaftliche Entwicklungen zur Diskussion. Die <RN>Fachfrauen</RN> unterstützen höhere Investitionen und langfristige Entwicklungen, doch diese <AN>Männer</AN> kritisieren die Umsetzung. Die politischen Folgen werden unterschiedlich bewertet.","Im Rahmen einer städtischen Planungsrunde wird über die zukünftige Mobilität und den Ausbau des Nahverkehrs diskutiert. Die <RN>Ingenieurinnen</RN> diskutieren über nachhaltige Verkehrskonzepte und setzen sich für den Ausbau des ÖPNV ein, doch diese <AN>Männer</AN> lehnen die Vorschläge ab. Die nächsten Schritte werden derzeit kontrovers diskutiert.","1","1024","2","48000","-16","53","4","132","-91.0","41.0","61.0","114.0","experiment","7","odd","424423.8031000132","-810.0","-290.0","NA","4466.516299988143","4466.8862000107765","35854.63860002346","44851.59550001845","453554.5382000273","44901.59860003041","453554.57610002486","35636.02939998964","NA","453155.7957000332","442766.96149999043","424412.4535000301","44901.64579998236","453554.4413999887","35849.3301999988","442763.30749999033","Experiment","0","0","0","12","1920","bewertet.","53","25","197"
"<AN>Männer</AN>","C1","<RN>Experten</RN>","undefined","undefined","True","53","4","<AN>Männer</AN>","135","-309.0","-174.0","61.0","114.0","undefined","undefined","#232323","1620","psycho","True","bewertet","psycho","psycho","undefined","undefined","undefined","0","0","0","0","0","88","0","88","0","0","88","88","88","0","88","0","50","-810.0","-270.5","5","528.0","90.96439669936805","Tue Aug  4 09:10:34 2026","The main experiment item","False","Beim Sommerfest eines Unternehmens wird über wirtschaftliche Entwicklungen und gesellschaftliche Herausforderungen diskutiert. Die <RN>Experten</RN> sehen große Herausforderungen im nächsten Geschäftsjahr, dennoch bleiben diese <AN>Männer</AN> optimistisch. Die unternehmerischen Folgen werden unterschiedlich bewertet.","experiment.osexp","D:\ET_course_project_gender-bias\experiment","False","mono","False","39","no","white","no","yes","1080","7","space","psycho","178.0","3.0","117","1","88","88","D:\ET_course_project_gender-bias\experiment\subject-7.csv","150","psycho","an_found","Neonatal Nightingale","4.1.14","-60.0","178.0","2","0","space","NA","space","space","space","12076.919999963138","NA","8996.33559997892","12076.919999963138","True","53","3","<RN>Experten</RN>","179","-810.0","-631.0","-56.0","-3.0","2","psycho","1","Beim Sommerfest eines Unternehmens wird über wirtschaftliche Entwicklungen und gesellschaftliche Herausforderungen diskutiert. Die <RN>Fachleute</RN> sehen große Herausforderungen im nächsten Geschäftsjahr, dennoch bleiben diese <AN>Männer</AN> optimistisch. Die unternehmerischen Folgen werden unterschiedlich bewertet.","Beim Sommerfest eines Unternehmens wird über wirtschaftliche Entwicklungen und gesellschaftliche Herausforderungen diskutiert. Die <RN>Fachleute</RN> sehen große Herausforderungen im nächsten Geschäftsjahr, dennoch bleiben diese <AN>Männer</AN> optimistisch. Die unternehmerischen Folgen werden unterschiedlich bewertet.","0","1024","2","48000","-16","53","4","135","-174.0","-39.0","61.0","114.0","experiment","7","odd","453593.03920000093","-810.0","-290.0","NA","4466.516299988143","4466.8862000107765","35854.63860002346","44851.59550001845","453581.75710000796","44901.59860003041","492145.180099993","35636.02939998964","NA","492099.879699992","480022.3557000281","453581.782400026","44901.64579998236","453581.66630001506","35849.3301999988","480019.318000006","Experiment","0","0","0","13","1920","bewertet.","53","25","197"
"<AN>Männer</AN>","C1","<RN>Arbeitnehmer</RN>","undefined","undefined","True","53","4","<AN>Männer</AN>","135","-309.0","-174.0","61.0","114.0","undefined","undefined","#232323","1620","psycho","True","bewertet","psycho","psycho","undefined","undefined","undefined","0","0","0","0","0","89","0","89","0","0","89","89","89","0","89","0","50","-810.0","-270.5","5","528.0","90.96439669936805","Tue Aug  4 09:10:34 2026","The main experiment item","False","Beim Sommerfest eines Unternehmens wird über wirtschaftliche Entwicklungen und gesellschaftliche Herausforderungen diskutiert. Die <RN>Experten</RN> sehen große Herausforderungen im nächsten Geschäftsjahr, dennoch bleiben diese <AN>Männer</AN> optimistisch. Die unternehmerischen Folgen werden unterschiedlich bewertet.","experiment.osexp","D:\ET_course_project_gender-bias\experiment","False","mono","False","39","no","white","no","yes","1080","12","space","psycho","178.0","3.0","117","2","89","89","D:\ET_course_project_gender-bias\experiment\subject-7.csv","150","psycho","an_found","Neonatal Nightingale","4.1.14","-60.0","178.0","2","0","space","NA","space","space","space","12076.919999963138","NA","8996.33559997892","12076.919999963138","True","53","3","<RN>Experten</RN>","179","-810.0","-631.0","-56.0","-3.0","2","psycho","1","Beim Sommerfest eines Unternehmens wird über wirtschaftliche Entwicklungen und gesellschaftliche Herausforderungen diskutiert. Die <RN>Fachleute</RN> sehen große Herausforderungen im nächsten Geschäftsjahr, dennoch bleiben diese <AN>Männer</AN> optimistisch. Die unternehmerischen Folgen werden unterschiedlich bewertet.","Auf einer Gewerkschaftsveranstaltung wird derzeit über Löhne, Arbeitsbedingungen und Arbeitnehmerrechte diskutiert. Die <RN>Beschäftigten</RN> fordern bessere Bezahlung und faire Arbeitsbedingungen, doch diese diskussionsfreudigen <AN>Frauen</AN> sehen vor allem strukturelle Probleme. Die kommenden Entwicklungen sind weiterhin Gegenstand von Diskussionen.","1","1024","2","48000","-16","53","4","135","-174.0","-39.0","61.0","114.0","experiment","7","odd","453593.03920000093","-810.0","-290.0","NA","4466.516299988143","4466.8862000107765","35854.63860002346","44851.59550001845","492173.0916000088","44901.59860003041","492173.13720000675","35636.02939998964","NA","492099.879699992","480022.3557000281","453581.782400026","44901.64579998236","492172.96410002746","35849.3301999988","480019.318000006","Experiment","0","0","0","13","1920","bewertet.","53","25","197"
"<AN>Männer</AN>","C1","<RN>Studenten</RN>","undefined","undefined","True","53","4","<AN>Männer</AN>","135","-378.0","-243.0","61.0","114.0","undefined","undefined","#232323","1620","psycho","True","Debatten","psycho","psycho","undefined","undefined","undefined","0","0","0","0","0","90","0","90","0","0","90","90","90","0","90","0","50","-810.0","-270.5","5","1167.0","52.66562723446859","Tue Aug  4 09:10:34 2026","The main experiment item","False","Bei einer Podiumsdiskussion an der Universität wird über aktuelle gesellschaftliche Themen gesprochen. Die <RN>Studenten</RN> müssten wieder stärker leistungsorientiert gefördert werden, doch die Mehrheit dieser dort teilnehmenden <AN>Männer</AN> kritisiert die neuen Anforderungen. Die weitere Entwicklung bleibt Gegenstand öffentlicher Debatten.","experiment.osexp","D:\ET_course_project_gender-bias\experiment","False","mono","False","39","no","white","no","yes","1080","1","space","psycho","178.0","3.0","117","1","90","90","D:\ET_course_project_gender-bias\experiment\subject-7.csv","150","psycho","an_found","Neonatal Nightingale","4.1.14","579.0","178.0","2","0","space","NA","space","space","space","12733.232799975667","NA","8996.33559997892","12733.232799975667","True","53","2","<RN>Studenten</RN>","203","124.0","327.0","-173.0","-120.0","2","psycho","1","Bei einer Podiumsdiskussion an der Universität wird über aktuelle gesellschaftliche Themen gesprochen. Die <RN>Studenten</RN> müssten wieder stärker leistungsorientiert gefördert werden, doch die Mehrheit dieser dort teilnehmenden <AN>Frauen</AN> kritisiert die neuen Anforderungen. Die weitere Entwicklung bleibt Gegenstand öffentlicher Debatten.","Bei einer Podiumsdiskussion an der Universität wird über aktuelle gesellschaftliche Themen gesprochen. Die <RN>Studenten</RN> müssten wieder stärker leistungsorientiert gefördert werden, doch die Mehrheit dieser dort teilnehmenden <AN>Frauen</AN> kritisiert die neuen Anforderungen. Die weitere Entwicklung bleibt Gegenstand öffentlicher Debatten.","0","1024","2","48000","-16","53","4","135","-243.0","-108.0","61.0","114.0","experiment","7","odd","492212.27580000414","-810.0","-290.0","NA","4466.516299988143","4466.8862000107765","35854.63860002346","44851.59550001845","492200.0663999934","44901.59860003041","529985.3598999907","35636.02939998964","NA","529940.1852000155","517206.07750001363","492200.110899983","44901.64579998236","492199.86569997855","35849.3301999988","517203.3118000254","Experiment","0","0","0","14","1920","Debatten.","53","25","197"
"<AN>Männer</AN>","C3","<RN>Expertinnen</RN>","undefined","undefined","True","53","4","<AN>Männer</AN>","135","-378.0","-243.0","61.0","114.0","undefined","undefined","#232323","1620","psycho","True","Debatten","psycho","psycho","undefined","undefined","undefined","0","0","0","0","0","91","0","91","0","0","91","91","91","0","91","0","50","-810.0","-270.5","5","1167.0","52.66562723446859","Tue Aug  4 09:10:34 2026","The main experiment item","False","Bei einer Podiumsdiskussion an der Universität wird über aktuelle gesellschaftliche Themen gesprochen. Die <RN>Studenten</RN> müssten wieder stärker leistungsorientiert gefördert werden, doch die Mehrheit dieser dort teilnehmenden <AN>Männer</AN> kritisiert die neuen Anforderungen. Die weitere Entwicklung bleibt Gegenstand öffentlicher Debatten.","experiment.osexp","D:\ET_course_project_gender-bias\experiment","False","mono","False","39","no","white","no","yes","1080","14","space","psycho","178.0","3.0","117","2","91","91","D:\ET_course_project_gender-bias\experiment\subject-7.csv","150","psycho","an_found","Neonatal Nightingale","4.1.14","579.0","178.0","2","0","space","NA","space","space","space","12733.232799975667","NA","8996.33559997892","12733.232799975667","True","53","2","<RN>Studenten</RN>","203","124.0","327.0","-173.0","-120.0","2","psycho","1","Bei einer Podiumsdiskussion an der Universität wird über aktuelle gesellschaftliche Themen gesprochen. Die <RN>Studenten</RN> müssten wieder stärker leistungsorientiert gefördert werden, doch die Mehrheit dieser dort teilnehmenden <AN>Frauen</AN> kritisiert die neuen Anforderungen. Die weitere Entwicklung bleibt Gegenstand öffentlicher Debatten.","Auf einer öffentlichen Veranstaltung stehen Investitionen und langfristige gesellschaftliche Entwicklungen zur Diskussion. Die <RN>Fachfrauen</RN> unterstützen höhere Investitionen und langfristige Entwicklungen, doch diese <AN>Männer</AN> kritisieren die Umsetzung. Die politischen Folgen werden unterschiedlich bewertet.","1","1024","2","48000","-16","53","4","135","-243.0","-108.0","61.0","114.0","experiment","7","odd","492212.27580000414","-810.0","-290.0","NA","4466.516299988143","4466.8862000107765","35854.63860002346","44851.59550001845","530012.1476000058","44901.59860003041","530012.2001999989","35636.02939998964","NA","529940.1852000155","517206.07750001363","492200.110899983","44901.64579998236","530011.9018999976","35849.3301999988","517203.3118000254","Experiment","0","0","0","14","1920","Debatten.","53","25","197"
"<AN>Frauen</AN>","C2","<RN>Pfleger</RN>","undefined","undefined","True","53","4","<AN>Frauen</AN>","132","-222.0","-90.0","61.0","114.0","undefined","undefined","#232323","1620","psycho","True","diskutiert","psycho","psycho","undefined","undefined","undefined","0","0","0","0","0","92","0","92","0","0","92","92","92","0","92","0","50","-810.0","-270.5","6","249.0","92.45448210227562","Tue Aug  4 09:10:34 2026","The main experiment item","False","Im Rahmen einer Gesprächsrunde im Gesundheitswesen wird derzeit über aktuelle gesellschaftliche Herausforderungen diskutiert. Die <RN>Pfleger</RN> verdienen bessere Arbeitsbedingungen und benötigen langfristig mehr Unterstützung, doch diese <AN>Frauen</AN> fühlen sich politisch nicht ausreichend unterstützt. Die nächsten Schritte werden derzeit kontrovers diskutiert.","experiment.osexp","D:\ET_course_project_gender-bias\experiment","False","mono","False","39","no","white","no","yes","1080","2","space","psycho","295.0","3.0","117","1","92","92","D:\ET_course_project_gender-bias\experiment\subject-7.csv","150","psycho","an_found","Neonatal Nightingale","4.1.14","-293.0","295.0","2","0","space","NA","space","space","space","9548.730000038631","NA","8996.33559997892","9548.730000038631","True","53","2","<RN>Pfleger</RN>","156","581.0","737.0","-173.0","-120.0","2","psycho","1","Im Rahmen einer Gesprächsrunde im Gesundheitswesen wird derzeit über aktuelle gesellschaftliche Herausforderungen diskutiert. Die <RN>Pflegekräfte</RN> verdienen bessere Arbeitsbedingungen und benötigen langfristig mehr Unterstützung, doch diese <AN>Männer</AN> fühlen sich politisch nicht ausreichend unterstützt. Die nächsten Schritte werden derzeit kontrovers diskutiert.","Im Rahmen einer Gesprächsrunde im Gesundheitswesen wird derzeit über aktuelle gesellschaftliche Herausforderungen diskutiert. Die <RN>Pflegekräfte</RN> verdienen bessere Arbeitsbedingungen und benötigen langfristig mehr Unterstützung, doch diese <AN>Männer</AN> fühlen sich politisch nicht ausreichend unterstützt. Die nächsten Schritte werden derzeit kontrovers diskutiert.","0","1024","2","48000","-16","53","4","132","-90.0","42.0","61.0","114.0","experiment","7","odd","530050.7899000077","-810.0","-290.0","NA","4466.516299988143","4466.8862000107765","35854.63860002346","44851.59550001845","530039.2879000283","44901.59860003041","578569.7308999952","35636.02939998964","NA","578524.1132000228","568974.7705999762","530039.3435999868","44901.64579998236","530038.9579000184","35849.3301999988","568971.349600004","Experiment","0","0","0","15","1920","diskutiert.","53","25","243"
"<AN>Frauen</AN>","C4","<RN>Unternehmerinnen</RN>","undefined","undefined","True","53","4","<AN>Frauen</AN>","132","-84.0","48.0","61.0","114.0","undefined","undefined","#232323","1620","psycho","True","umstritten","psycho","psycho","undefined","undefined","undefined","0","0","0","0","0","93","0","93","0","0","93","93","93","0","93","0","50","-810.0","-270.5","5","1152.0","95.41437554414954","Tue Aug  4 09:10:34 2026","The main experiment item","False","Bei einem Networking-Event stehen wirtschaftspolitische und gesellschaftliche Fragestellungen im Mittelpunkt der Diskussion. Die <RN>Unternehmerinnen</RN> brauchen weniger bürokratische Hürden und sprechen über Verbesserungen, doch diese <AN>Frauen</AN> fordern weitere steuerliche Entlastungen. Die Folgen dieser Positionen bleiben umstritten.","experiment.osexp","D:\ET_course_project_gender-bias\experiment","False","mono","False","39","no","white","no","yes","1080","4","space","psycho","178.0","3.0","117","1","93","93","D:\ET_course_project_gender-bias\experiment\subject-7.csv","150","psycho","an_found","Neonatal Nightingale","4.1.14","610.0","178.0","2","0","space","NA","space","space","space","19292.667300032917","NA","8996.33559997892","19292.667300032917","True","53","3","<RN>Unternehmerinnen</RN>","364","-810.0","-446.0","-56.0","-3.0","2","psycho","1","Bei einem Networking-Event stehen wirtschaftspolitische und gesellschaftliche Fragestellungen im Mittelpunkt der Diskussion. Die <RN>Unternehmer</RN> brauchen weniger bürokratische Hürden und sprechen über Verbesserungen, doch diese <AN>Männer</AN> fordern weitere steuerliche Entlastungen. Die Folgen dieser Positionen bleiben umstritten.","Bei einem Networking-Event stehen wirtschaftspolitische und gesellschaftliche Fragestellungen im Mittelpunkt der Diskussion. Die <RN>Unternehmer</RN> brauchen weniger bürokratische Hürden und sprechen über Verbesserungen, doch diese <AN>Männer</AN> fordern weitere steuerliche Entlastungen. Die Folgen dieser Positionen bleiben umstritten.","0","1024","2","48000","-16","53","4","132","48.0","180.0","61.0","114.0","experiment","7","odd","578610.7159000239","-810.0","-290.0","NA","4466.516299988143","4466.8862000107765","35854.63860002346","44851.59550001845","578598.958800023","44901.59860003041","627545.4208999872","35636.02939998964","NA","627499.946099997","608206.7246999941","578598.9861999988","44901.64579998236","578598.8310999819","35849.3301999988","608203.3592999796","Experiment","0","0","0","16","1920","umstritten.","53","25","243"
"<AN>Frauen</AN>","C2","<RN>Studenten</RN>","undefined","undefined","True","53","4","<AN>Frauen</AN>","132","-84.0","48.0","61.0","114.0","undefined","undefined","#232323","1620","psycho","True","umstritten","psycho","psycho","undefined","undefined","undefined","0","0","0","0","0","94","0","94","0","0","94","94","94","0","94","0","50","-810.0","-270.5","5","1152.0","95.41437554414954","Tue Aug  4 09:10:34 2026","The main experiment item","False","Bei einem Networking-Event stehen wirtschaftspolitische und gesellschaftliche Fragestellungen im Mittelpunkt der Diskussion. Die <RN>Unternehmerinnen</RN> brauchen weniger bürokratische Hürden und sprechen über Verbesserungen, doch diese <AN>Frauen</AN> fordern weitere steuerliche Entlastungen. Die Folgen dieser Positionen bleiben umstritten.","experiment.osexp","D:\ET_course_project_gender-bias\experiment","False","mono","False","39","no","white","no","yes","1080","1","space","psycho","178.0","3.0","117","2","94","94","D:\ET_course_project_gender-bias\experiment\subject-7.csv","150","psycho","an_found","Neonatal Nightingale","4.1.14","610.0","178.0","2","0","space","NA","space","space","space","19292.667300032917","NA","8996.33559997892","19292.667300032917","True","53","3","<RN>Unternehmerinnen</RN>","364","-810.0","-446.0","-56.0","-3.0","2","psycho","1","Bei einem Networking-Event stehen wirtschaftspolitische und gesellschaftliche Fragestellungen im Mittelpunkt der Diskussion. Die <RN>Unternehmer</RN> brauchen weniger bürokratische Hürden und sprechen über Verbesserungen, doch diese <AN>Männer</AN> fordern weitere steuerliche Entlastungen. Die Folgen dieser Positionen bleiben umstritten.","Bei einer Podiumsdiskussion an der Universität wird über aktuelle gesellschaftliche Themen gesprochen. Die <RN>Studenten</RN> müssten wieder stärker leistungsorientiert gefördert werden, doch die Mehrheit dieser dort teilnehmenden <AN>Frauen</AN> kritisiert die neuen Anforderungen. Die weitere Entwicklung bleibt Gegenstand öffentlicher Debatten.","1","1024","2","48000","-16","53","4","132","48.0","180.0","61.0","114.0","experiment","7","odd","578610.7159000239","-810.0","-290.0","NA","4466.516299988143","4466.8862000107765","35854.63860002346","44851.59550001845","627578.2694999943","44901.59860003041","627578.3361999784","35636.02939998964","NA","627499.946099997","608206.7246999941","578598.9861999988","44901.64579998236","627577.9912000289","35849.3301999988","608203.3592999796","Experiment","0","0","0","16","1920","umstritten.","53","25","243"
"<AN>Männer</AN>","C1","<RN>Ingenieure</RN>","undefined","undefined","True","53","4","<AN>Frauen</AN>","132","-84.0","48.0","61.0","114.0","undefined","undefined","#232323","1620","psycho","True","umstritten","psycho","psycho","undefined","undefined","undefined","0","0","0","0","0","95","0","95","0","0","95","95","95","0","95","0","50","-810.0","-270.5","5","1152.0","95.41437554414954","Tue Aug  4 09:10:34 2026","The main experiment item","False","Bei einem Networking-Event stehen wirtschaftspolitische und gesellschaftliche Fragestellungen im Mittelpunkt der Diskussion. Die <RN>Unternehmerinnen</RN> brauchen weniger bürokratische Hürden und sprechen über Verbesserungen, doch diese <AN>Frauen</AN> fordern weitere steuerliche Entlastungen. Die Folgen dieser Positionen bleiben umstritten.","experiment.osexp","D:\ET_course_project_gender-bias\experiment","False","mono","False","39","no","white","no","yes","1080","17","space","psycho","178.0","3.0","117","3","95","95","D:\ET_course_project_gender-bias\experiment\subject-7.csv","150","psycho","an_found","Neonatal Nightingale","4.1.14","610.0","178.0","2","0","space","NA","space","space","space","19292.667300032917","NA","8996.33559997892","19292.667300032917","True","53","3","<RN>Unternehmerinnen</RN>","364","-810.0","-446.0","-56.0","-3.0","2","psycho","1","Bei einem Networking-Event stehen wirtschaftspolitische und gesellschaftliche Fragestellungen im Mittelpunkt der Diskussion. Die <RN>Unternehmer</RN> brauchen weniger bürokratische Hürden und sprechen über Verbesserungen, doch diese <AN>Männer</AN> fordern weitere steuerliche Entlastungen. Die Folgen dieser Positionen bleiben umstritten.","Im Rahmen einer städtischen Planungsrunde wird über die zukünftige Mobilität und den Ausbau des Nahverkehrs diskutiert. Die <RN>Ingenieurinnen</RN> diskutieren über Verkehrskonzepte und setzen sich für den Ausbau des ÖPNV ein, doch diese <AN>Männer</AN> lehnen die Vorschläge ab. Die nächsten Schritte werden derzeit kontrovers diskutiert.","1","1024","2","48000","-16","53","4","132","48.0","180.0","61.0","114.0","experiment","7","odd","578610.7159000239","-810.0","-290.0","NA","4466.516299988143","4466.8862000107765","35854.63860002346","44851.59550001845","627605.1245999988","44901.59860003041","627605.1768999896","35636.02939998964","NA","627499.946099997","608206.7246999941","578598.9861999988","44901.64579998236","627604.9790999969","35849.3301999988","608203.3592999796","Experiment","0","0","0","16","1920","umstritten.","53","25","243"
"<AN>Männer</AN>","C5","<RN>Unternehmer*innen</RN>","undefined","undefined","True","53","4","<AN>Frauen</AN>","132","-84.0","48.0","61.0","114.0","undefined","undefined","#232323","1620","psycho","True","umstritten","psycho","psycho","undefined","undefined","undefined","0","0","0","0","0","96","0","96","0","0","96","96","96","0","96","0","50","-810.0","-270.5","5","1152.0","95.41437554414954","Tue Aug  4 09:10:34 2026","The main experiment item","False","Bei einem Networking-Event stehen wirtschaftspolitische und gesellschaftliche Fragestellungen im Mittelpunkt der Diskussion. Die <RN>Unternehmerinnen</RN> brauchen weniger bürokratische Hürden und sprechen über Verbesserungen, doch diese <AN>Frauen</AN> fordern weitere steuerliche Entlastungen. Die Folgen dieser Positionen bleiben umstritten.","experiment.osexp","D:\ET_course_project_gender-bias\experiment","False","mono","False","39","no","white","no","yes","1080","4","space","psycho","178.0","3.0","117","2","96","96","D:\ET_course_project_gender-bias\experiment\subject-7.csv","150","psycho","an_found","Neonatal Nightingale","4.1.14","610.0","178.0","2","0","space","NA","space","space","space","19292.667300032917","NA","8996.33559997892","19292.667300032917","True","53","3","<RN>Unternehmerinnen</RN>","364","-810.0","-446.0","-56.0","-3.0","2","psycho","1","Bei einem Networking-Event stehen wirtschaftspolitische und gesellschaftliche Fragestellungen im Mittelpunkt der Diskussion. Die <RN>Unternehmer</RN> brauchen weniger bürokratische Hürden und sprechen über Verbesserungen, doch diese <AN>Männer</AN> fordern weitere steuerliche Entlastungen. Die Folgen dieser Positionen bleiben umstritten.","Bei einem Networking-Event stehen wirtschaftspolitische und gesellschaftliche Fragestellungen im Mittelpunkt der Diskussion. Die <RN>Unternehmer</RN> brauchen weniger bürokratische Hürden und sprechen über Verbesserungen, doch diese <AN>Männer</AN> fordern weitere steuerliche Entlastungen. Die Folgen dieser Positionen bleiben umstritten.","1","1024","2","48000","-16","53","4","132","48.0","180.0","61.0","114.0","experiment","7","odd","578610.7159000239","-810.0","-290.0","NA","4466.516299988143","4466.8862000107765","35854.63860002346","44851.59550001845","627634.0917000198","44901.59860003041","627634.1288000112","35636.02939998964","NA","627499.946099997","608206.7246999941","578598.9861999988","44901.64579998236","627634.0044999961","35849.3301999988","608203.3592999796","Experiment","0","0","0","16","1920","umstritten.","53","25","243"
"<AN>Männer</AN>","C5","<RN>Arbeitnehmer*innen</RN>","undefined","undefined","True","53","4","<AN>Frauen</AN>","132","-84.0","48.0","61.0","114.0","undefined","undefined","#232323","1620","psycho","True","umstritten","psycho","psycho","undefined","undefined","undefined","0","0","0","0","0","97","0","97","0","0","97","97","97","0","97","0","50","-810.0","-270.5","5","1152.0","95.41437554414954","Tue Aug  4 09:10:34 2026","The main experiment item","False","Bei einem Networking-Event stehen wirtschaftspolitische und gesellschaftliche Fragestellungen im Mittelpunkt der Diskussion. Die <RN>Unternehmerinnen</RN> brauchen weniger bürokratische Hürden und sprechen über Verbesserungen, doch diese <AN>Frauen</AN> fordern weitere steuerliche Entlastungen. Die Folgen dieser Positionen bleiben umstritten.","experiment.osexp","D:\ET_course_project_gender-bias\experiment","False","mono","False","39","no","white","no","yes","1080","12","space","psycho","178.0","3.0","117","6","97","97","D:\ET_course_project_gender-bias\experiment\subject-7.csv","150","psycho","an_found","Neonatal Nightingale","4.1.14","610.0","178.0","2","0","space","NA","space","space","space","19292.667300032917","NA","8996.33559997892","19292.667300032917","True","53","3","<RN>Unternehmerinnen</RN>","364","-810.0","-446.0","-56.0","-3.0","2","psycho","1","Bei einem Networking-Event stehen wirtschaftspolitische und gesellschaftliche Fragestellungen im Mittelpunkt der Diskussion. Die <RN>Unternehmer</RN> brauchen weniger bürokratische Hürden und sprechen über Verbesserungen, doch diese <AN>Männer</AN> fordern weitere steuerliche Entlastungen. Die Folgen dieser Positionen bleiben umstritten.","Auf einer Gewerkschaftsveranstaltung wird derzeit über Löhne, Arbeitsbedingungen und Arbeitnehmerrechte diskutiert. Die <RN>Beschäftigten</RN> fordern bessere Bezahlung und faire Arbeitsbedingungen, doch diese <AN>Frauen</AN> sehen vor allem strukturelle Probleme. Die kommenden Entwicklungen sind weiterhin Gegenstand von Diskussionen.","1","1024","2","48000","-16","53","4","132","48.0","180.0","61.0","114.0","experiment","7","odd","578610.7159000239","-810.0","-290.0","NA","4466.516299988143","4466.8862000107765","35854.63860002346","44851.59550001845","627660.2657000185","44901.59860003041","627660.2999999886","35636.02939998964","NA","627499.946099997","608206.7246999941","578598.9861999988","44901.64579998236","627660.177999991","35849.3301999988","608203.3592999796","Experiment","0","0","0","16","1920","umstritten.","53","25","243"
"<AN>Frauen</AN>","C2","<RN>Krankenpfleger</RN>","undefined","undefined","True","53","4","<AN>Frauen</AN>","132","-84.0","48.0","61.0","114.0","undefined","undefined","#232323","1620","psycho","True","umstritten","psycho","psycho","undefined","undefined","undefined","0","0","0","0","0","98","0","98","0","0","98","98","98","0","98","0","50","-810.0","-270.5","5","1152.0","95.41437554414954","Tue Aug  4 09:10:34 2026","The main experiment item","False","Bei einem Networking-Event stehen wirtschaftspolitische und gesellschaftliche Fragestellungen im Mittelpunkt der Diskussion. Die <RN>Unternehmerinnen</RN> brauchen weniger bürokratische Hürden und sprechen über Verbesserungen, doch diese <AN>Frauen</AN> fordern weitere steuerliche Entlastungen. Die Folgen dieser Positionen bleiben umstritten.","experiment.osexp","D:\ET_course_project_gender-bias\experiment","False","mono","False","39","no","white","no","yes","1080","16","space","psycho","178.0","3.0","117","5","98","98","D:\ET_course_project_gender-bias\experiment\subject-7.csv","150","psycho","an_found","Neonatal Nightingale","4.1.14","610.0","178.0","2","0","space","NA","space","space","space","19292.667300032917","NA","8996.33559997892","19292.667300032917","True","53","3","<RN>Unternehmerinnen</RN>","364","-810.0","-446.0","-56.0","-3.0","2","psycho","1","Bei einem Networking-Event stehen wirtschaftspolitische und gesellschaftliche Fragestellungen im Mittelpunkt der Diskussion. Die <RN>Unternehmer</RN> brauchen weniger bürokratische Hürden und sprechen über Verbesserungen, doch diese <AN>Männer</AN> fordern weitere steuerliche Entlastungen. Die Folgen dieser Positionen bleiben umstritten.","Bei einer Informationsveranstaltung im Krankenhaus wird über aktuelle Impfreformen und deren Auswirkungen gesprochen. Die <RN>Krankenschwestern</RN> diskutieren über Langzeitfolgen von Corona und setzen sich für mehr Unterstützung ein, doch diese <AN>Männer</AN> lehnen die Vorschläge ab. Die nächsten Schritte werden derzeit kontrovers diskutiert.","1","1024","2","48000","-16","53","4","132","48.0","180.0","61.0","114.0","experiment","7","odd","578610.7159000239","-810.0","-290.0","NA","4466.516299988143","4466.8862000107765","35854.63860002346","44851.59550001845","627687.2900000308","44901.59860003041","627687.3387999949","35636.02939998964","NA","627499.946099997","608206.7246999941","578598.9861999988","44901.64579998236","627686.8374000187","35849.3301999988","608203.3592999796","Experiment","0","0","0","16","1920","umstritten.","53","25","243"
"<AN>Männer</AN>","C1","<RN>Aktivisten</RN>","undefined","undefined","True","53","4","<AN>Frauen</AN>","132","-84.0","48.0","61.0","114.0","undefined","undefined","#232323","1620","psycho","True","umstritten","psycho","psycho","undefined","undefined","undefined","0","0","0","0","0","99","0","99","0","0","99","99","99","0","99","0","50","-810.0","-270.5","5","1152.0","95.41437554414954","Tue Aug  4 09:10:34 2026","The main experiment item","False","Bei einem Networking-Event stehen wirtschaftspolitische und gesellschaftliche Fragestellungen im Mittelpunkt der Diskussion. Die <RN>Unternehmerinnen</RN> brauchen weniger bürokratische Hürden und sprechen über Verbesserungen, doch diese <AN>Frauen</AN> fordern weitere steuerliche Entlastungen. Die Folgen dieser Positionen bleiben umstritten.","experiment.osexp","D:\ET_course_project_gender-bias\experiment","False","mono","False","39","no","white","no","yes","1080","11","space","psycho","178.0","3.0","117","3","99","99","D:\ET_course_project_gender-bias\experiment\subject-7.csv","150","psycho","an_found","Neonatal Nightingale","4.1.14","610.0","178.0","2","0","space","NA","space","space","space","19292.667300032917","NA","8996.33559997892","19292.667300032917","True","53","3","<RN>Unternehmerinnen</RN>","364","-810.0","-446.0","-56.0","-3.0","2","psycho","1","Bei einem Networking-Event stehen wirtschaftspolitische und gesellschaftliche Fragestellungen im Mittelpunkt der Diskussion. Die <RN>Unternehmer</RN> brauchen weniger bürokratische Hürden und sprechen über Verbesserungen, doch diese <AN>Männer</AN> fordern weitere steuerliche Entlastungen. Die Folgen dieser Positionen bleiben umstritten.","Auf einer öffentlichen Veranstaltung werden aktuelle wohnungs- und gesellschaftspolitische Themen diskutiert. Die <RN>Aktivist*innen</RN> fordern mehr bezahlbaren Wohnraum in Stuttgart für alle und diskutieren faire Lösungsansätze, doch diese <AN>Frauen</AN> sehen die Verantwortung stärker beim Bund. Die Auswirkungen der Entscheidung werden noch geprüft.","1","1024","2","48000","-16","53","4","132","48.0","180.0","61.0","114.0","experiment","7","odd","578610.7159000239","-810.0","-290.0","NA","4466.516299988143","4466.8862000107765","35854.63860002346","44851.59550001845","627715.2303999756","44901.59860003041","627715.2744000196","35636.02939998964","NA","627499.946099997","608206.7246999941","578598.9861999988","44901.64579998236","627715.0047000032","35849.3301999988","608203.3592999796","Experiment","0","0","0","16","1920","umstritten.","53","25","243"
"<AN>Frauen</AN>","C4","<RN>Polizistinnen</RN>","undefined","undefined","True","53","4","<AN>Frauen</AN>","132","-84.0","48.0","61.0","114.0","undefined","undefined","#232323","1620","psycho","True","umstritten","psycho","psycho","undefined","undefined","undefined","0","0","0","0","0","100","0","100","0","0","100","100","100","0","100","0","50","-810.0","-270.5","5","1152.0","95.41437554414954","Tue Aug  4 09:10:34 2026","The main experiment item","False","Bei einem Networking-Event stehen wirtschaftspolitische und gesellschaftliche Fragestellungen im Mittelpunkt der Diskussion. Die <RN>Unternehmerinnen</RN> brauchen weniger bürokratische Hürden und sprechen über Verbesserungen, doch diese <AN>Frauen</AN> fordern weitere steuerliche Entlastungen. Die Folgen dieser Positionen bleiben umstritten.","experiment.osexp","D:\ET_course_project_gender-bias\experiment","False","mono","False","39","no","white","no","yes","1080","18","space","psycho","178.0","3.0","117","5","100","100","D:\ET_course_project_gender-bias\experiment\subject-7.csv","150","psycho","an_found","Neonatal Nightingale","4.1.14","610.0","178.0","2","0","space","NA","space","space","space","19292.667300032917","NA","8996.33559997892","19292.667300032917","True","53","3","<RN>Unternehmerinnen</RN>","364","-810.0","-446.0","-56.0","-3.0","2","psycho","1","Bei einem Networking-Event stehen wirtschaftspolitische und gesellschaftliche Fragestellungen im Mittelpunkt der Diskussion. Die <RN>Unternehmer</RN> brauchen weniger bürokratische Hürden und sprechen über Verbesserungen, doch diese <AN>Männer</AN> fordern weitere steuerliche Entlastungen. Die Folgen dieser Positionen bleiben umstritten.","Bei einer öffentlichen Sitzung im Rathaus wird über neue Verkehrsregelungen gesprochen. Die <RN>Polizistinnen</RN> diskutieren laut über mehr Sicherheit im Straßenverkehr und setzen sich für strengere Kontrollen ein, doch diese <AN>Männer</AN> lehnen die Vorschläge ab. Die nächsten Maßnahmen werden derzeit kontrovers verhandelt.","1","1024","2","48000","-16","53","4","132","48.0","180.0","61.0","114.0","experiment","7","odd","578610.7159000239","-810.0","-290.0","NA","4466.516299988143","4466.8862000107765","35854.63860002346","44851.59550001845","627741.2907999824","44901.59860003041","627741.325400013","35636.02939998964","NA","627499.946099997","608206.7246999941","578598.9861999988","44901.64579998236","627741.20270001","35849.3301999988","608203.3592999796","Experiment","0","0","0","16","1920","umstritten.","53","25","243"
"<AN>Männer</AN>","C5","<RN>Arbeitnehmer*innen</RN>","undefined","undefined","True","53","4","<AN>Männer</AN>","135","-220.0","-85.0","61.0","114.0","undefined","undefined","#232323","1620","psycho","True","offen","psycho","psycho","undefined","undefined","undefined","0","0","0","0","0","101","0","101","0","0","101","101","101","0","101","0","50","-810.0","-270.5","5","792.0","55.86476250947461","Tue Aug  4 09:10:34 2026","The main experiment item","False","Im Rahmen einer Geschäftsveranstaltung findet derzeit ein Austausch über Arbeitsbedingungen und gesellschaftliche Entwicklungen statt. Die <RN>Arbeitnehmer*innen</RN> erwarten höhere Gehälter und klimatisierte Arbeitsplätze, aber diese <AN>Männer</AN> wollen auch weniger arbeiten. Die Frage nach den Konsequenzen bleibt offen.","experiment.osexp","D:\ET_course_project_gender-bias\experiment","False","mono","False","39","no","white","no","yes","1080","5","space","psycho","178.0","3.0","117","1","101","101","D:\ET_course_project_gender-bias\experiment\subject-7.csv","150","psycho","an_found","Neonatal Nightingale","4.1.14","136.0","178.0","2","0","space","NA","space","space","space","11811.986299988348","NA","8996.33559997892","11811.986299988348","True","53","3","<RN>Arbeitnehmer*innen</RN>","412","-810.0","-398.0","-56.0","-3.0","2","psycho","1","Im Rahmen einer Geschäftsveranstaltung findet derzeit ein Austausch über Arbeitsbedingungen und gesellschaftliche Entwicklungen statt. Die <RN>Arbeitnehmer*innen</RN> erwarten höhere Gehälter und klimatisierte Arbeitsplätze, aber diese <AN>Männer</AN> wollen auch weniger arbeiten. Die Frage nach den Konsequenzen bleibt offen.","Im Rahmen einer Geschäftsveranstaltung findet derzeit ein Austausch über Arbeitsbedingungen und gesellschaftliche Entwicklungen statt. Die <RN>Arbeitnehmer*innen</RN> erwarten höhere Gehälter und klimatisierte Arbeitsplätze, aber diese <AN>Männer</AN> wollen auch weniger arbeiten. Die Frage nach den Konsequenzen bleibt offen.","0","1024","2","48000","-16","53","4","135","-85.0","50.0","61.0","114.0","experiment","7","odd","627781.304300006","-810.0","-290.0","NA","4466.516299988143","4466.8862000107765","35854.63860002346","44851.59550001845","627768.1349000195","44901.59860003041","665457.3162000161","35636.02939998964","NA","665412.1914000134","653599.391900003","627768.1648000143","44901.64579998236","627767.9626999889","35849.3301999988","653595.4857000033","Experiment","0","0","0","17","1920","offen.","53","25","129"
"<AN>Frauen</AN>","C4","<RN>Einwohnerinnen</RN>","undefined","undefined","True","53","4","<AN>Männer</AN>","135","-220.0","-85.0","61.0","114.0","undefined","undefined","#232323","1620","psycho","True","offen","psycho","psycho","undefined","undefined","undefined","0","0","0","0","0","102","0","102","0","0","102","102","102","0","102","0","50","-810.0","-270.5","5","792.0","55.86476250947461","Tue Aug  4 09:10:34 2026","The main experiment item","False","Im Rahmen einer Geschäftsveranstaltung findet derzeit ein Austausch über Arbeitsbedingungen und gesellschaftliche Entwicklungen statt. Die <RN>Arbeitnehmer*innen</RN> erwarten höhere Gehälter und klimatisierte Arbeitsplätze, aber diese <AN>Männer</AN> wollen auch weniger arbeiten. Die Frage nach den Konsequenzen bleibt offen.","experiment.osexp","D:\ET_course_project_gender-bias\experiment","False","mono","False","39","no","white","no","yes","1080","8","space","psycho","178.0","3.0","117","3","102","102","D:\ET_course_project_gender-bias\experiment\subject-7.csv","150","psycho","an_found","Neonatal Nightingale","4.1.14","136.0","178.0","2","0","space","NA","space","space","space","11811.986299988348","NA","8996.33559997892","11811.986299988348","True","53","3","<RN>Arbeitnehmer*innen</RN>","412","-810.0","-398.0","-56.0","-3.0","2","psycho","1","Im Rahmen einer Geschäftsveranstaltung findet derzeit ein Austausch über Arbeitsbedingungen und gesellschaftliche Entwicklungen statt. Die <RN>Arbeitnehmer*innen</RN> erwarten höhere Gehälter und klimatisierte Arbeitsplätze, aber diese <AN>Männer</AN> wollen auch weniger arbeiten. Die Frage nach den Konsequenzen bleibt offen.","Im Rahmen einer öffentlichen Veranstaltung wird derzeit über Fragen der inneren Sicherheit und gesellschaftliche Entwicklungen gesprochen. Die <RN>Bürger</RN> diskutieren über Fragen der inneren Sicherheit bezüglich der aktuellen Krise, doch diese <AN>Männer</AN> fordern härtere Maßnahmen. Die weiteren Maßnahmen stoßen auf geteilte Reaktionen.","1","1024","2","48000","-16","53","4","135","-85.0","50.0","61.0","114.0","experiment","7","odd","627781.304300006","-810.0","-290.0","NA","4466.516299988143","4466.8862000107765","35854.63860002346","44851.59550001845","666006.4506999915","44901.59860003041","666006.5159000224","35636.02939998964","NA","665412.1914000134","653599.391900003","627768.1648000143","44901.64579998236","666005.8970000246","35849.3301999988","653595.4857000033","Experiment","0","0","0","17","1920","offen.","53","25","129"
"<AN>Männer</AN>","C3","<RN>Arbeitnehmerinnen</RN>","undefined","undefined","True","53","4","<AN>Männer</AN>","135","-220.0","-85.0","61.0","114.0","undefined","undefined","#232323","1620","psycho","True","offen","psycho","psycho","undefined","undefined","undefined","0","0","0","0","0","103","0","103","0","0","103","103","103","0","103","0","50","-810.0","-270.5","5","792.0","55.86476250947461","Tue Aug  4 09:10:34 2026","The main experiment item","False","Im Rahmen einer Geschäftsveranstaltung findet derzeit ein Austausch über Arbeitsbedingungen und gesellschaftliche Entwicklungen statt. Die <RN>Arbeitnehmer*innen</RN> erwarten höhere Gehälter und klimatisierte Arbeitsplätze, aber diese <AN>Männer</AN> wollen auch weniger arbeiten. Die Frage nach den Konsequenzen bleibt offen.","experiment.osexp","D:\ET_course_project_gender-bias\experiment","False","mono","False","39","no","white","no","yes","1080","5","space","psycho","178.0","3.0","117","5","103","103","D:\ET_course_project_gender-bias\experiment\subject-7.csv","150","psycho","an_found","Neonatal Nightingale","4.1.14","136.0","178.0","2","0","space","NA","space","space","space","11811.986299988348","NA","8996.33559997892","11811.986299988348","True","53","3","<RN>Arbeitnehmer*innen</RN>","412","-810.0","-398.0","-56.0","-3.0","2","psycho","1","Im Rahmen einer Geschäftsveranstaltung findet derzeit ein Austausch über Arbeitsbedingungen und gesellschaftliche Entwicklungen statt. Die <RN>Arbeitnehmer*innen</RN> erwarten höhere Gehälter und klimatisierte Arbeitsplätze, aber diese <AN>Männer</AN> wollen auch weniger arbeiten. Die Frage nach den Konsequenzen bleibt offen.","Im Rahmen einer Geschäftsveranstaltung findet derzeit ein Austausch über Arbeitsbedingungen und gesellschaftliche Entwicklungen statt. Die <RN>Arbeitnehmer*innen</RN> erwarten höhere Gehälter und klimatisierte Arbeitsplätze, aber diese <AN>Männer</AN> wollen auch weniger arbeiten. Die Frage nach den Konsequenzen bleibt offen.","1","1024","2","48000","-16","53","4","135","-85.0","50.0","61.0","114.0","experiment","7","odd","627781.304300006","-810.0","-290.0","NA","4466.516299988143","4466.8862000107765","35854.63860002346","44851.59550001845","666037.131900026","44901.59860003041","666037.1699000243","35636.02939998964","NA","665412.1914000134","653599.391900003","627768.1648000143","44901.64579998236","666036.9644000311","35849.3301999988","653595.4857000033","Experiment","0","0","0","17","1920","offen.","53","25","129"
"<AN>Frauen</AN>","C4","<RN>Einwohnerinnen</RN>","undefined","undefined","True","53","4","<AN>Männer</AN>","135","-220.0","-85.0","61.0","114.0","undefined","undefined","#232323","1620","psycho","True","offen","psycho","psycho","undefined","undefined","undefined","0","0","0","0","0","104","0","104","0","0","104","104","104","0","104","0","50","-810.0","-270.5","5","792.0","55.86476250947461","Tue Aug  4 09:10:34 2026","The main experiment item","False","Im Rahmen einer Geschäftsveranstaltung findet derzeit ein Austausch über Arbeitsbedingungen und gesellschaftliche Entwicklungen statt. Die <RN>Arbeitnehmer*innen</RN> erwarten höhere Gehälter und klimatisierte Arbeitsplätze, aber diese <AN>Männer</AN> wollen auch weniger arbeiten. Die Frage nach den Konsequenzen bleibt offen.","experiment.osexp","D:\ET_course_project_gender-bias\experiment","False","mono","False","39","no","white","no","yes","1080","13","space","psycho","178.0","3.0","117","4","104","104","D:\ET_course_project_gender-bias\experiment\subject-7.csv","150","psycho","an_found","Neonatal Nightingale","4.1.14","136.0","178.0","2","0","space","NA","space","space","space","11811.986299988348","NA","8996.33559997892","11811.986299988348","True","53","3","<RN>Arbeitnehmer*innen</RN>","412","-810.0","-398.0","-56.0","-3.0","2","psycho","1","Im Rahmen einer Geschäftsveranstaltung findet derzeit ein Austausch über Arbeitsbedingungen und gesellschaftliche Entwicklungen statt. Die <RN>Arbeitnehmer*innen</RN> erwarten höhere Gehälter und klimatisierte Arbeitsplätze, aber diese <AN>Männer</AN> wollen auch weniger arbeiten. Die Frage nach den Konsequenzen bleibt offen.","Im Rahmen einer öffentlichen Veranstaltung wird über Sicherheit, gesellschaftlichen Zusammenhalt und politische Reformen gesprochen. Die <RN>Bürgerinnen</RN> wünschen sich Sicherheit und verlässliche Perspektiven, doch diese Gruppe von <AN>Frauen</AN> sieht Reformbedarf im System. Die weitere Entwicklung bleibt Gegenstand öffentlicher Debatten.","1","1024","2","48000","-16","53","4","135","-85.0","50.0","61.0","114.0","experiment","7","odd","627781.304300006","-810.0","-290.0","NA","4466.516299988143","4466.8862000107765","35854.63860002346","44851.59550001845","666063.6516999803","44901.59860003041","666063.7036000262","35636.02939998964","NA","665412.1914000134","653599.391900003","627768.1648000143","44901.64579998236","666063.404000015","35849.3301999988","653595.4857000033","Experiment","0","0","0","17","1920","offen.","53","25","129"
"<AN>Frauen</AN>","C6","<RN>Arbeitnehmer*innen</RN>","undefined","undefined","True","53","4","<AN>Männer</AN>","135","-220.0","-85.0","61.0","114.0","undefined","undefined","#232323","1620","psycho","True","offen","psycho","psycho","undefined","undefined","undefined","0","0","0","0","0","105","0","105","0","0","105","105","105","0","105","0","50","-810.0","-270.5","5","792.0","55.86476250947461","Tue Aug  4 09:10:34 2026","The main experiment item","False","Im Rahmen einer Geschäftsveranstaltung findet derzeit ein Austausch über Arbeitsbedingungen und gesellschaftliche Entwicklungen statt. Die <RN>Arbeitnehmer*innen</RN> erwarten höhere Gehälter und klimatisierte Arbeitsplätze, aber diese <AN>Männer</AN> wollen auch weniger arbeiten. Die Frage nach den Konsequenzen bleibt offen.","experiment.osexp","D:\ET_course_project_gender-bias\experiment","False","mono","False","39","no","white","no","yes","1080","5","space","psycho","178.0","3.0","117","2","105","105","D:\ET_course_project_gender-bias\experiment\subject-7.csv","150","psycho","an_found","Neonatal Nightingale","4.1.14","136.0","178.0","2","0","space","NA","space","space","space","11811.986299988348","NA","8996.33559997892","11811.986299988348","True","53","3","<RN>Arbeitnehmer*innen</RN>","412","-810.0","-398.0","-56.0","-3.0","2","psycho","1","Im Rahmen einer Geschäftsveranstaltung findet derzeit ein Austausch über Arbeitsbedingungen und gesellschaftliche Entwicklungen statt. Die <RN>Arbeitnehmer*innen</RN> erwarten höhere Gehälter und klimatisierte Arbeitsplätze, aber diese <AN>Männer</AN> wollen auch weniger arbeiten. Die Frage nach den Konsequenzen bleibt offen.","Im Rahmen einer Geschäftsveranstaltung findet derzeit ein Austausch über Arbeitsbedingungen und gesellschaftliche Entwicklungen statt. Die <RN>Arbeitnehmer*innen</RN> erwarten höhere Gehälter und klimatisierte Arbeitsplätze, aber diese <AN>Männer</AN> wollen auch weniger arbeiten. Die Frage nach den Konsequenzen bleibt offen.","1","1024","2","48000","-16","53","4","135","-85.0","50.0","61.0","114.0","experiment","7","odd","627781.304300006","-810.0","-290.0","NA","4466.516299988143","4466.8862000107765","35854.63860002346","44851.59550001845","666092.1553000226","44901.59860003041","666092.1994000091","35636.02939998964","NA","665412.1914000134","653599.391900003","627768.1648000143","44901.64579998236","666091.9297999935","35849.3301999988","653595.4857000033","Experiment","0","0","0","17","1920","offen.","53","25","129"
"<AN>Männer</AN>","C5","<RN>Aktivist*innen</RN>","undefined","undefined","True","53","4","<AN>Männer</AN>","135","-201.0","-66.0","61.0","114.0","undefined","undefined","#232323","1620","psycho","True","geprüft","psycho","psycho","undefined","undefined","undefined","0","0","0","0","0","106","0","106","0","0","106","106","106","0","106","0","50","-810.0","-270.5","5","1182.0","92.90144168095561","Tue Aug  4 09:10:34 2026","The main experiment item","False","Auf einer öffentlichen Veranstaltung werden aktuelle wohnungs- und gesellschaftspolitische Themen diskutiert. Die <RN>Aktivist*innen</RN> fordern mehr bezahlbaren Wohnraum in Stuttgart und diskutieren faire Lösungsansätze, doch diese <AN>Männer</AN> sehen die Verantwortung stärker beim Bund. Die Auswirkungen der Entscheidung werden noch geprüft.","experiment.osexp","D:\ET_course_project_gender-bias\experiment","False","mono","False","39","no","white","no","yes","1080","11","space","psycho","178.0","3.0","117","1","106","106","D:\ET_course_project_gender-bias\experiment\subject-7.csv","150","psycho","an_found","Neonatal Nightingale","4.1.14","572.0","178.0","2","0","space","NA","space","space","space","7788.574300007895","NA","8996.33559997892","7788.574300007895","True","53","2","<RN>Aktivist*innen</RN>","320","261.0","581.0","-173.0","-120.0","2","psycho","1","Auf einer öffentlichen Veranstaltung werden aktuelle wohnungs- und gesellschaftspolitische Themen diskutiert. Die <RN>Aktivist*innen</RN> fordern mehr bezahlbaren Wohnraum in Stuttgart und diskutieren faire Lösungsansätze, doch diese <AN>Frauen</AN> sehen die Verantwortung stärker beim Bund. Die Auswirkungen der Entscheidung werden noch geprüft.","Auf einer öffentlichen Veranstaltung werden aktuelle wohnungs- und gesellschaftspolitische Themen diskutiert. Die <RN>Aktivist*innen</RN> fordern mehr bezahlbaren Wohnraum in Stuttgart und diskutieren faire Lösungsansätze, doch diese <AN>Frauen</AN> sehen die Verantwortung stärker beim Bund. Die Auswirkungen der Entscheidung werden noch geprüft.","0","1024","2","48000","-16","53","4","135","-66.0","69.0","61.0","114.0","experiment","7","odd","666131.3778000185","-810.0","-290.0","NA","4466.516299988143","4466.8862000107765","35854.63860002346","44851.59550001845","666120.2005000087","44901.59860003041","709129.2818000074","35636.02939998964","NA","709084.3938000035","701294.8877000017","666120.2378000016","44901.64579998236","666120.0066999882","35849.3301999988","701291.4058000315","Experiment","0","0","0","18","1920","geprüft.","53","25","175"
"<AN>Frauen</AN>","C6","<RN>Krankenpfleger*innen</RN>","undefined","undefined","True","53","4","<AN>Männer</AN>","135","-201.0","-66.0","61.0","114.0","undefined","undefined","#232323","1620","psycho","True","geprüft","psycho","psycho","undefined","undefined","undefined","0","0","0","0","0","107","0","107","0","0","107","107","107","0","107","0","50","-810.0","-270.5","5","1182.0","92.90144168095561","Tue Aug  4 09:10:34 2026","The main experiment item","False","Auf einer öffentlichen Veranstaltung werden aktuelle wohnungs- und gesellschaftspolitische Themen diskutiert. Die <RN>Aktivist*innen</RN> fordern mehr bezahlbaren Wohnraum in Stuttgart und diskutieren faire Lösungsansätze, doch diese <AN>Männer</AN> sehen die Verantwortung stärker beim Bund. Die Auswirkungen der Entscheidung werden noch geprüft.","experiment.osexp","D:\ET_course_project_gender-bias\experiment","False","mono","False","39","no","white","no","yes","1080","16","space","psycho","178.0","3.0","117","3","107","107","D:\ET_course_project_gender-bias\experiment\subject-7.csv","150","psycho","an_found","Neonatal Nightingale","4.1.14","572.0","178.0","2","0","space","NA","space","space","space","7788.574300007895","NA","8996.33559997892","7788.574300007895","True","53","2","<RN>Aktivist*innen</RN>","320","261.0","581.0","-173.0","-120.0","2","psycho","1","Auf einer öffentlichen Veranstaltung werden aktuelle wohnungs- und gesellschaftspolitische Themen diskutiert. Die <RN>Aktivist*innen</RN> fordern mehr bezahlbaren Wohnraum in Stuttgart und diskutieren faire Lösungsansätze, doch diese <AN>Frauen</AN> sehen die Verantwortung stärker beim Bund. Die Auswirkungen der Entscheidung werden noch geprüft.","Bei einer Informationsveranstaltung im Krankenhaus wird über aktuelle Impfreformen und deren Auswirkungen gesprochen. Die <RN>Krankenschwestern</RN> diskutieren über Long Covid und setzen sich für mehr Unterstützung ein, doch diese <AN>Männer</AN> lehnen die Vorschläge ab. Die nächsten Schritte werden derzeit kontrovers diskutiert.","1","1024","2","48000","-16","53","4","135","-66.0","69.0","61.0","114.0","experiment","7","odd","666131.3778000185","-810.0","-290.0","NA","4466.516299988143","4466.8862000107765","35854.63860002346","44851.59550001845","709162.3549999786","44901.59860003041","709162.3928000336","35636.02939998964","NA","709084.3938000035","701294.8877000017","666120.2378000016","44901.64579998236","709162.2596000088","35849.3301999988","701291.4058000315","Experiment","0","0","0","18","1920","geprüft.","53","25","175"
