"AN","Code","RN","acc","accuracy","an_found","an_height","an_line","an_text","an_width","an_x1","an_x2","an_y1","an_y2","average_response_time","avg_rt","background","box_width","canvas_backend","central_fixation","clean_word","clock_backend","color_backend","correct","correct_instruction","correct_question_sketchpad","count_ending_sketchpad","count_experiment","count_eyetracker_calibration","count_instruction","count_instruction_pygaze_log","count_list_filter","count_liste_auswahl","count_logger","count_pygaze_start_recording","count_pygaze_stop_recording","count_question_pygaze_log","count_question_sketchpad","count_sentence_script","count_trial_loop","count_trial_sequence","count_var_init_inline_script","cross_size","cross_x","cross_y","current_line","current_line_width","d","datetime","description","disable_garbage_collection","display_sentence","experiment_file","experiment_path","font_bold","font_family","font_italic","font_size","font_underline","foreground","form_clicks","fullscreen","height","item","key","keyboard_backend","last_line_y","line_height_factor","line_spacing","list","live_row","live_row_trial_loop","logfile","margin","mouse_backend","name","opensesame_codename","opensesame_version","position_x","position_y","psychopy_screen","repeat_cycle","response","response_ending_sketchpad","response_instruction","response_key","response_question_sketchpad","response_time","response_time_ending_sketchpad","response_time_instruction","response_time_question_sketchpad","rn_found","rn_height","rn_line","rn_text","rn_width","rn_x1","rn_x2","rn_y1","rn_y2","round_decimals","sampler_backend","selected_list","sentence","sentence_text","skip_trial","sound_buf_size","sound_channels","sound_freq","sound_sample_size","spill_height","spill_line","spill_width","spill_x1","spill_x2","spill_y1","spill_y2","start","subject_nr","subject_parity","t0","text_start_x","text_start_y","time_ending_sketchpad","time_experiment","time_eyetracker_calibration","time_instruction","time_instruction_pygaze_log","time_list_filter","time_liste_auswahl","time_logger","time_pygaze_start_recording","time_pygaze_stop_recording","time_question_pygaze_log","time_question_sketchpad","time_sentence_script","time_trial_loop","time_trial_sequence","time_var_init_inline_script","timestamp","title","total_correct","total_response_time","total_responses","trial_counter","width","word","word_height","word_spacing","word_width"
"<AN>Frauen</AN>","C2","<RN>Einwohner</RN>","undefined","undefined","True","53","4","<AN>Frauen</AN>","132","-309.0","-177.0","61.0","114.0","undefined","undefined","#232323","1620","psycho","True","Debatten","psycho","psycho","undefined","undefined","undefined","0","0","0","0","0","0","0","0","0","0","0","0","0","0","0","0","50","-810.0","-270.5","5","981.0","92.3354019604615","Tue Aug  4 09:33:56 2026","The main experiment item","False","Im Rahmen einer öffentlichen Veranstaltung wird über Sicherheit, gesellschaftlichen Zusammenhalt und politische Reformen gesprochen. Die <RN>Einwohner</RN> wünschen sich mehr Sicherheit und verlässliche Perspektiven, doch diese Gruppe von <AN>Frauen</AN> sieht Reformbedarf im System. Die weitere Entwicklung bleibt Gegenstand öffentlicher Debatten.","experiment.osexp","D:\ET_course_project_gender-bias\experiment","False","mono","False","39","no","white","no","yes","1080","13","space","psycho","178.0","3.0","117","2","0","0","D:\ET_course_project_gender-bias\experiment\subject-8.csv","150","psycho","an_found","Neonatal Nightingale","4.1.14","393.0","178.0","2","0","space","NA","space","space","space","8884.649000014178","NA","7508.373900025617","8884.649000014178","True","53","3","<RN>Einwohner</RN>","202","-810.0","-608.0","-56.0","-3.0","2","psycho","2","Im Rahmen einer öffentlichen Veranstaltung wird über Sicherheit, gesellschaftlichen Zusammenhalt und politische Reformen gesprochen. Die <RN>Bürgerinnen</RN> wünschen sich mehr Sicherheit und verlässliche Perspektiven, doch diese Gruppe von <AN>Frauen</AN> sieht Reformbedarf im System. Die weitere Entwicklung bleibt Gegenstand öffentlicher Debatten.","Im Rahmen einer öffentlichen Veranstaltung wird über Sicherheit, gesellschaftlichen Zusammenhalt und politische Reformen gesprochen. Die <RN>Bürgerinnen</RN> wünschen sich mehr Sicherheit und verlässliche Perspektiven, doch diese Gruppe von <AN>Frauen</AN> sieht Reformbedarf im System. Die weitere Entwicklung bleibt Gegenstand öffentlicher Debatten.","0","1024","2","48000","-16","53","4","132","-177.0","-45.0","61.0","114.0","experiment","8","even","79646.92000002833","-810.0","-290.0","NA","4551.616400014609","4552.137200022116","72038.4219000116","79547.56520001683","79628.21250001434","79601.01650003344","114650.63129999908","71595.96070001135","NA","114595.57080001105","105710.17999999458","79628.26690002112","79601.0496999952","79627.56670004455","72032.09670004435","105706.95500000147","Experiment","0","0","0","1","1920","Debatten.","53","25","197"
"<AN>Frauen</AN>","C6","<RN>Aktivist*innen</RN>","undefined","undefined","True","53","4","<AN>Frauen</AN>","132","-201.0","-69.0","61.0","114.0","undefined","undefined","#232323","1620","psycho","True","geprüft","psycho","psycho","undefined","undefined","undefined","0","0","0","0","0","1","0","1","0","0","1","1","1","0","1","0","50","-810.0","-270.5","5","1182.0","39.93488326162981","Tue Aug  4 09:33:56 2026","The main experiment item","False","Auf einer öffentlichen Veranstaltung werden aktuelle wohnungs- und gesellschaftspolitische Themen diskutiert. Die <RN>Aktivist*innen</RN> fordern mehr bezahlbaren Wohnraum in Stuttgart und diskutieren faire Lösungsansätze, doch diese <AN>Frauen</AN> sehen die Verantwortung stärker beim Bund. Die Auswirkungen der Entscheidung werden noch geprüft.","experiment.osexp","D:\ET_course_project_gender-bias\experiment","False","mono","False","39","no","white","no","yes","1080","11","space","psycho","178.0","3.0","117","2","1","1","D:\ET_course_project_gender-bias\experiment\subject-8.csv","150","psycho","an_found","Neonatal Nightingale","4.1.14","572.0","178.0","2","0","space","NA","space","space","space","13492.108099977486","NA","7508.373900025617","13492.108099977486","True","53","2","<RN>Aktivist*innen</RN>","320","261.0","581.0","-173.0","-120.0","2","psycho","2","Auf einer öffentlichen Veranstaltung werden aktuelle wohnungs- und gesellschaftspolitische Themen diskutiert. Die <RN>Aktivist*innen</RN> fordern mehr bezahlbaren Wohnraum in Stuttgart und diskutieren faire Lösungsansätze, doch diese <AN>Frauen</AN> sehen die Verantwortung stärker beim Bund. Die Auswirkungen der Entscheidung werden noch geprüft.","Auf einer öffentlichen Veranstaltung werden aktuelle wohnungs- und gesellschaftspolitische Themen diskutiert. Die <RN>Aktivist*innen</RN> fordern mehr bezahlbaren Wohnraum in Stuttgart und diskutieren faire Lösungsansätze, doch diese <AN>Frauen</AN> sehen die Verantwortung stärker beim Bund. Die Auswirkungen der Entscheidung werden noch geprüft.","0","1024","2","48000","-16","53","4","132","-69.0","63.0","61.0","114.0","experiment","8","even","114700.00660000369","-810.0","-290.0","NA","4551.616400014609","4552.137200022116","72038.4219000116","79547.56520001683","114688.13630001387","79601.01650003344","143800.91799999354","71595.96070001135","NA","143755.73350000195","130262.81800004654","114688.19220003206","79601.0496999952","114687.91949999286","72032.09670004435","130259.03570000082","Experiment","0","0","0","2","1920","geprüft.","53","25","175"
"<AN>Frauen</AN>","C4","<RN>Expertinnen</RN>","undefined","undefined","True","53","4","<AN>Frauen</AN>","132","-201.0","-69.0","61.0","114.0","undefined","undefined","#232323","1620","psycho","True","geprüft","psycho","psycho","undefined","undefined","undefined","0","0","0","0","0","2","0","2","0","0","2","2","2","0","2","0","50","-810.0","-270.5","5","1182.0","39.93488326162981","Tue Aug  4 09:33:56 2026","The main experiment item","False","Auf einer öffentlichen Veranstaltung werden aktuelle wohnungs- und gesellschaftspolitische Themen diskutiert. Die <RN>Aktivist*innen</RN> fordern mehr bezahlbaren Wohnraum in Stuttgart und diskutieren faire Lösungsansätze, doch diese <AN>Frauen</AN> sehen die Verantwortung stärker beim Bund. Die Auswirkungen der Entscheidung werden noch geprüft.","experiment.osexp","D:\ET_course_project_gender-bias\experiment","False","mono","False","39","no","white","no","yes","1080","14","space","psycho","178.0","3.0","117","3","2","2","D:\ET_course_project_gender-bias\experiment\subject-8.csv","150","psycho","an_found","Neonatal Nightingale","4.1.14","572.0","178.0","2","0","space","NA","space","space","space","13492.108099977486","NA","7508.373900025617","13492.108099977486","True","53","2","<RN>Aktivist*innen</RN>","320","261.0","581.0","-173.0","-120.0","2","psycho","2","Auf einer öffentlichen Veranstaltung werden aktuelle wohnungs- und gesellschaftspolitische Themen diskutiert. Die <RN>Aktivist*innen</RN> fordern mehr bezahlbaren Wohnraum in Stuttgart und diskutieren faire Lösungsansätze, doch diese <AN>Frauen</AN> sehen die Verantwortung stärker beim Bund. Die Auswirkungen der Entscheidung werden noch geprüft.","Auf einer öffentlichen Veranstaltung stehen Investitionen und langfristige gesellschaftliche Entwicklungen zur Diskussion. Die <RN>Fachfrauen</RN> unterstützen höhere Investitionen und langfristige Entwicklungen, doch diese <AN>Männer</AN> kritisieren die Umsetzung. Die politischen Folgen werden unterschiedlich bewertet.","1","1024","2","48000","-16","53","4","132","-69.0","63.0","61.0","114.0","experiment","8","even","114700.00660000369","-810.0","-290.0","NA","4551.616400014609","4552.137200022116","72038.4219000116","79547.56520001683","144077.6249000337","79601.01650003344","144077.68109999597","71595.96070001135","NA","143755.73350000195","130262.81800004654","114688.19220003206","79601.0496999952","144077.0610999898","72032.09670004435","130259.03570000082","Experiment","0","0","0","2","1920","geprüft.","53","25","175"
"<AN>Frauen</AN>","C4","<RN>Professorinnen</RN>","undefined","undefined","True","53","4","<AN>Frauen</AN>","132","-65.0","67.0","61.0","114.0","undefined","undefined","#232323","1620","psycho","True","diskutiert","psycho","psycho","undefined","undefined","undefined","0","0","0","0","0","3","0","3","0","0","3","3","3","0","3","0","50","-810.0","-270.5","5","1003.0","36.857997325953576","Tue Aug  4 09:33:56 2026","The main experiment item","False","Im Rahmen einer öffentlichen Veranstaltung wird über die Zukunft der Hochschulen und die Forschungsförderung diskutiert. Die <RN>Professorinnen</RN> diskutieren über die Zukunft der Hochschulen und setzen sich für mehr Forschungsgelder ein, doch diese <AN>Frauen</AN> lehnen die Vorschläge ab. Die nächsten Schritte werden derzeit kontrovers diskutiert.","experiment.osexp","D:\ET_course_project_gender-bias\experiment","False","mono","False","39","no","white","no","yes","1080","15","space","psycho","178.0","3.0","117","2","3","3","D:\ET_course_project_gender-bias\experiment\subject-8.csv","150","psycho","an_found","Neonatal Nightingale","4.1.14","461.0","178.0","2","0","space","NA","space","space","space","13170.699000009336","NA","7508.373900025617","13170.699000009336","True","53","2","<RN>Professorinnen</RN>","317","461.0","778.0","-173.0","-120.0","2","psycho","2","Im Rahmen einer öffentlichen Veranstaltung wird über die Zukunft der Hochschulen und die Forschungsförderung diskutiert. Die <RN>Professorinnen</RN> diskutieren über die Zukunft der Hochschulen und setzen sich für mehr Forschungsgelder ein, doch diese <AN>Männer</AN> lehnen die Vorschläge ab. Die nächsten Schritte werden derzeit kontrovers diskutiert.","Im Rahmen einer öffentlichen Veranstaltung wird über die Zukunft der Hochschulen und die Forschungsförderung diskutiert. Die <RN>Professorinnen</RN> diskutieren über die Zukunft der Hochschulen und setzen sich für mehr Forschungsgelder ein, doch diese <AN>Männer</AN> lehnen die Vorschläge ab. Die nächsten Schritte werden derzeit kontrovers diskutiert.","0","1024","2","48000","-16","53","4","132","67.0","199.0","61.0","114.0","experiment","8","even","144117.38640000112","-810.0","-290.0","NA","4551.616400014609","4552.137200022116","72038.4219000116","79547.56520001683","144106.64479999105","79601.01650003344","172048.74649998965","71595.96070001135","NA","172003.4380000434","158832.1614000015","144106.67549999198","79601.0496999952","144106.44120001234","72032.09670004435","158826.83040003758","Experiment","0","0","0","3","1920","diskutiert.","53","25","243"
"<AN>Männer</AN>","C1","<RN>Dozenten</RN>","undefined","undefined","True","53","4","<AN>Frauen</AN>","132","-65.0","67.0","61.0","114.0","undefined","undefined","#232323","1620","psycho","True","diskutiert","psycho","psycho","undefined","undefined","undefined","0","0","0","0","0","4","0","4","0","0","4","4","4","0","4","0","50","-810.0","-270.5","5","1003.0","36.857997325953576","Tue Aug  4 09:33:56 2026","The main experiment item","False","Im Rahmen einer öffentlichen Veranstaltung wird über die Zukunft der Hochschulen und die Forschungsförderung diskutiert. Die <RN>Professorinnen</RN> diskutieren über die Zukunft der Hochschulen und setzen sich für mehr Forschungsgelder ein, doch diese <AN>Frauen</AN> lehnen die Vorschläge ab. Die nächsten Schritte werden derzeit kontrovers diskutiert.","experiment.osexp","D:\ET_course_project_gender-bias\experiment","False","mono","False","39","no","white","no","yes","1080","9","space","psycho","178.0","3.0","117","5","4","4","D:\ET_course_project_gender-bias\experiment\subject-8.csv","150","psycho","an_found","Neonatal Nightingale","4.1.14","461.0","178.0","2","0","space","NA","space","space","space","13170.699000009336","NA","7508.373900025617","13170.699000009336","True","53","2","<RN>Professorinnen</RN>","317","461.0","778.0","-173.0","-120.0","2","psycho","2","Im Rahmen einer öffentlichen Veranstaltung wird über die Zukunft der Hochschulen und die Forschungsförderung diskutiert. Die <RN>Professorinnen</RN> diskutieren über die Zukunft der Hochschulen und setzen sich für mehr Forschungsgelder ein, doch diese <AN>Männer</AN> lehnen die Vorschläge ab. Die nächsten Schritte werden derzeit kontrovers diskutiert.","Auf einer schulischen Tagung werden aktuelle Kontroversen rund um Vorlesungsführung und Leistungsbewertung diskutiert. Die <RN>Dozent*innen</RN> fordern erhöhte Leistungsorientierung und strengere Notenvergabe im Lehrplan, doch diese <AN>Männer</AN> stoßen dabei auf Gegendruck von Eltern. Die Debatte über das Thema hält weiter an.","1","1024","2","48000","-16","53","4","132","67.0","199.0","61.0","114.0","experiment","8","even","144117.38640000112","-810.0","-290.0","NA","4551.616400014609","4552.137200022116","72038.4219000116","79547.56520001683","172077.265000029","79601.01650003344","172077.32099998975","71595.96070001135","NA","172003.4380000434","158832.1614000015","144106.67549999198","79601.0496999952","172077.06560002407","72032.09670004435","158826.83040003758","Experiment","0","0","0","3","1920","diskutiert.","53","25","243"
"<AN>Männer</AN>","C5","<RN>Einwohner*innen</RN>","undefined","undefined","True","53","4","<AN>Frauen</AN>","132","-65.0","67.0","61.0","114.0","undefined","undefined","#232323","1620","psycho","True","diskutiert","psycho","psycho","undefined","undefined","undefined","0","0","0","0","0","5","0","5","0","0","5","5","5","0","5","0","50","-810.0","-270.5","5","1003.0","36.857997325953576","Tue Aug  4 09:33:56 2026","The main experiment item","False","Im Rahmen einer öffentlichen Veranstaltung wird über die Zukunft der Hochschulen und die Forschungsförderung diskutiert. Die <RN>Professorinnen</RN> diskutieren über die Zukunft der Hochschulen und setzen sich für mehr Forschungsgelder ein, doch diese <AN>Frauen</AN> lehnen die Vorschläge ab. Die nächsten Schritte werden derzeit kontrovers diskutiert.","experiment.osexp","D:\ET_course_project_gender-bias\experiment","False","mono","False","39","no","white","no","yes","1080","8","space","psycho","178.0","3.0","117","4","5","5","D:\ET_course_project_gender-bias\experiment\subject-8.csv","150","psycho","an_found","Neonatal Nightingale","4.1.14","461.0","178.0","2","0","space","NA","space","space","space","13170.699000009336","NA","7508.373900025617","13170.699000009336","True","53","2","<RN>Professorinnen</RN>","317","461.0","778.0","-173.0","-120.0","2","psycho","2","Im Rahmen einer öffentlichen Veranstaltung wird über die Zukunft der Hochschulen und die Forschungsförderung diskutiert. Die <RN>Professorinnen</RN> diskutieren über die Zukunft der Hochschulen und setzen sich für mehr Forschungsgelder ein, doch diese <AN>Männer</AN> lehnen die Vorschläge ab. Die nächsten Schritte werden derzeit kontrovers diskutiert.","Im Rahmen einer öffentlichen Veranstaltung wird derzeit über Fragen der inneren Sicherheit und gesellschaftliche Entwicklungen gesprochen. Die <RN>Bürger</RN> diskutieren über Fragen der Sicherheit bezüglich der aktuellen Krise, doch diese <AN>Männer</AN> fordern härtere Maßnahmen. Die weiteren Maßnahmen stoßen auf geteilte Reaktionen.","1","1024","2","48000","-16","53","4","132","67.0","199.0","61.0","114.0","experiment","8","even","144117.38640000112","-810.0","-290.0","NA","4551.616400014609","4552.137200022116","72038.4219000116","79547.56520001683","172104.70230004285","79601.01650003344","172104.7679000185","71595.96070001135","NA","172003.4380000434","158832.1614000015","144106.67549999198","79601.0496999952","172104.4274000451","72032.09670004435","158826.83040003758","Experiment","0","0","0","3","1920","diskutiert.","53","25","243"
"<AN>Männer</AN>","C5","<RN>Professor*innen</RN>","undefined","undefined","True","53","4","<AN>Frauen</AN>","132","-65.0","67.0","61.0","114.0","undefined","undefined","#232323","1620","psycho","True","diskutiert","psycho","psycho","undefined","undefined","undefined","0","0","0","0","0","6","0","6","0","0","6","6","6","0","6","0","50","-810.0","-270.5","5","1003.0","36.857997325953576","Tue Aug  4 09:33:56 2026","The main experiment item","False","Im Rahmen einer öffentlichen Veranstaltung wird über die Zukunft der Hochschulen und die Forschungsförderung diskutiert. Die <RN>Professorinnen</RN> diskutieren über die Zukunft der Hochschulen und setzen sich für mehr Forschungsgelder ein, doch diese <AN>Frauen</AN> lehnen die Vorschläge ab. Die nächsten Schritte werden derzeit kontrovers diskutiert.","experiment.osexp","D:\ET_course_project_gender-bias\experiment","False","mono","False","39","no","white","no","yes","1080","15","space","psycho","178.0","3.0","117","3","6","6","D:\ET_course_project_gender-bias\experiment\subject-8.csv","150","psycho","an_found","Neonatal Nightingale","4.1.14","461.0","178.0","2","0","space","NA","space","space","space","13170.699000009336","NA","7508.373900025617","13170.699000009336","True","53","2","<RN>Professorinnen</RN>","317","461.0","778.0","-173.0","-120.0","2","psycho","2","Im Rahmen einer öffentlichen Veranstaltung wird über die Zukunft der Hochschulen und die Forschungsförderung diskutiert. Die <RN>Professorinnen</RN> diskutieren über die Zukunft der Hochschulen und setzen sich für mehr Forschungsgelder ein, doch diese <AN>Männer</AN> lehnen die Vorschläge ab. Die nächsten Schritte werden derzeit kontrovers diskutiert.","Im Rahmen einer öffentlichen Veranstaltung wird über die Zukunft der Hochschulen und die Forschungsförderung diskutiert. Die <RN>Professorinnen</RN> diskutieren über die Zukunft der Hochschulen und setzen sich für mehr Forschungsgelder ein, doch diese <AN>Männer</AN> lehnen die Vorschläge ab. Die nächsten Schritte werden derzeit kontrovers diskutiert.","1","1024","2","48000","-16","53","4","132","67.0","199.0","61.0","114.0","experiment","8","even","144117.38640000112","-810.0","-290.0","NA","4551.616400014609","4552.137200022116","72038.4219000116","79547.56520001683","172133.48710001446","79601.01650003344","172133.52370000212","71595.96070001135","NA","172003.4380000434","158832.1614000015","144106.67549999198","79601.0496999952","172133.40330001665","72032.09670004435","158826.83040003758","Experiment","0","0","0","3","1920","diskutiert.","53","25","243"
"<AN>Männer</AN>","C5","<RN>Expert*innen</RN>","undefined","undefined","True","53","4","<AN>Frauen</AN>","132","-65.0","67.0","61.0","114.0","undefined","undefined","#232323","1620","psycho","True","diskutiert","psycho","psycho","undefined","undefined","undefined","0","0","0","0","0","7","0","7","0","0","7","7","7","0","7","0","50","-810.0","-270.5","5","1003.0","36.857997325953576","Tue Aug  4 09:33:56 2026","The main experiment item","False","Im Rahmen einer öffentlichen Veranstaltung wird über die Zukunft der Hochschulen und die Forschungsförderung diskutiert. Die <RN>Professorinnen</RN> diskutieren über die Zukunft der Hochschulen und setzen sich für mehr Forschungsgelder ein, doch diese <AN>Frauen</AN> lehnen die Vorschläge ab. Die nächsten Schritte werden derzeit kontrovers diskutiert.","experiment.osexp","D:\ET_course_project_gender-bias\experiment","False","mono","False","39","no","white","no","yes","1080","14","space","psycho","178.0","3.0","117","4","7","7","D:\ET_course_project_gender-bias\experiment\subject-8.csv","150","psycho","an_found","Neonatal Nightingale","4.1.14","461.0","178.0","2","0","space","NA","space","space","space","13170.699000009336","NA","7508.373900025617","13170.699000009336","True","53","2","<RN>Professorinnen</RN>","317","461.0","778.0","-173.0","-120.0","2","psycho","2","Im Rahmen einer öffentlichen Veranstaltung wird über die Zukunft der Hochschulen und die Forschungsförderung diskutiert. Die <RN>Professorinnen</RN> diskutieren über die Zukunft der Hochschulen und setzen sich für mehr Forschungsgelder ein, doch diese <AN>Männer</AN> lehnen die Vorschläge ab. Die nächsten Schritte werden derzeit kontrovers diskutiert.","Auf einer öffentlichen Veranstaltung stehen Investitionen und langfristige gesellschaftliche Entwicklungen zur Diskussion. Die <RN>Fachfrauen</RN> unterstützen höhere Investitionen und langfristige Entwicklungen, doch diese <AN>Männer</AN> kritisieren die Umsetzung. Die politischen Folgen werden unterschiedlich bewertet.","1","1024","2","48000","-16","53","4","132","67.0","199.0","61.0","114.0","experiment","8","even","144117.38640000112","-810.0","-290.0","NA","4551.616400014609","4552.137200022116","72038.4219000116","79547.56520001683","172159.72280001733","79601.01650003344","172159.7582999966","71595.96070001135","NA","172003.4380000434","158832.1614000015","144106.67549999198","79601.0496999952","172159.63980002562","72032.09670004435","158826.83040003758","Experiment","0","0","0","3","1920","diskutiert.","53","25","243"
"<AN>Männer</AN>","C3","<RN>Polizistinnen</RN>","undefined","undefined","True","53","4","<AN>Frauen</AN>","132","-65.0","67.0","61.0","114.0","undefined","undefined","#232323","1620","psycho","True","diskutiert","psycho","psycho","undefined","undefined","undefined","0","0","0","0","0","8","0","8","0","0","8","8","8","0","8","0","50","-810.0","-270.5","5","1003.0","36.857997325953576","Tue Aug  4 09:33:56 2026","The main experiment item","False","Im Rahmen einer öffentlichen Veranstaltung wird über die Zukunft der Hochschulen und die Forschungsförderung diskutiert. Die <RN>Professorinnen</RN> diskutieren über die Zukunft der Hochschulen und setzen sich für mehr Forschungsgelder ein, doch diese <AN>Frauen</AN> lehnen die Vorschläge ab. Die nächsten Schritte werden derzeit kontrovers diskutiert.","experiment.osexp","D:\ET_course_project_gender-bias\experiment","False","mono","False","39","no","white","no","yes","1080","18","space","psycho","178.0","3.0","117","4","8","8","D:\ET_course_project_gender-bias\experiment\subject-8.csv","150","psycho","an_found","Neonatal Nightingale","4.1.14","461.0","178.0","2","0","space","NA","space","space","space","13170.699000009336","NA","7508.373900025617","13170.699000009336","True","53","2","<RN>Professorinnen</RN>","317","461.0","778.0","-173.0","-120.0","2","psycho","2","Im Rahmen einer öffentlichen Veranstaltung wird über die Zukunft der Hochschulen und die Forschungsförderung diskutiert. Die <RN>Professorinnen</RN> diskutieren über die Zukunft der Hochschulen und setzen sich für mehr Forschungsgelder ein, doch diese <AN>Männer</AN> lehnen die Vorschläge ab. Die nächsten Schritte werden derzeit kontrovers diskutiert.","Bei einer öffentlichen Sitzung im Rathaus wird über neue Verkehrsregelungen gesprochen. Die <RN>Polizistinnen</RN> diskutieren laut über mehr Sicherheit im Straßenverkehr und setzen sich für strengere Kontrollen ein, doch diese <AN>Männer</AN> lehnen die Vorschläge ab. Die nächsten Maßnahmen werden derzeit kontrovers verhandelt.","1","1024","2","48000","-16","53","4","132","67.0","199.0","61.0","114.0","experiment","8","even","144117.38640000112","-810.0","-290.0","NA","4551.616400014609","4552.137200022116","72038.4219000116","79547.56520001683","172187.4444000423","79601.01650003344","172187.48080002842","71595.96070001135","NA","172003.4380000434","158832.1614000015","144106.67549999198","79601.0496999952","172187.3629000038","72032.09670004435","158826.83040003758","Experiment","0","0","0","3","1920","diskutiert.","53","25","243"
"<AN>Frauen</AN>","C6","<RN>Ingenieur*innen</RN>","undefined","undefined","True","53","4","<AN>Frauen</AN>","132","-65.0","67.0","61.0","114.0","undefined","undefined","#232323","1620","psycho","True","diskutiert","psycho","psycho","undefined","undefined","undefined","0","0","0","0","0","9","0","9","0","0","9","9","9","0","9","0","50","-810.0","-270.5","5","1003.0","36.857997325953576","Tue Aug  4 09:33:56 2026","The main experiment item","False","Im Rahmen einer öffentlichen Veranstaltung wird über die Zukunft der Hochschulen und die Forschungsförderung diskutiert. Die <RN>Professorinnen</RN> diskutieren über die Zukunft der Hochschulen und setzen sich für mehr Forschungsgelder ein, doch diese <AN>Frauen</AN> lehnen die Vorschläge ab. Die nächsten Schritte werden derzeit kontrovers diskutiert.","experiment.osexp","D:\ET_course_project_gender-bias\experiment","False","mono","False","39","no","white","no","yes","1080","3","space","psycho","178.0","3.0","117","4","9","9","D:\ET_course_project_gender-bias\experiment\subject-8.csv","150","psycho","an_found","Neonatal Nightingale","4.1.14","461.0","178.0","2","0","space","NA","space","space","space","13170.699000009336","NA","7508.373900025617","13170.699000009336","True","53","2","<RN>Professorinnen</RN>","317","461.0","778.0","-173.0","-120.0","2","psycho","2","Im Rahmen einer öffentlichen Veranstaltung wird über die Zukunft der Hochschulen und die Forschungsförderung diskutiert. Die <RN>Professorinnen</RN> diskutieren über die Zukunft der Hochschulen und setzen sich für mehr Forschungsgelder ein, doch diese <AN>Männer</AN> lehnen die Vorschläge ab. Die nächsten Schritte werden derzeit kontrovers diskutiert.","Auf einer wissenschaftlichen Konferenz zu technischen Zukunftsfragen werden derzeit aktuelle gesellschaftliche Themen erörtert. Die <RN>Ingenieur*innen</RN> kritisieren die Energiewende und stehen vor Herausforderungen, doch diese <AN>Frauen</AN> lehnen zusätzliche Investitionen ab. Über die Konsequenzen wird weiterhin intensiv gestritten.","1","1024","2","48000","-16","53","4","132","67.0","199.0","61.0","114.0","experiment","8","even","144117.38640000112","-810.0","-290.0","NA","4551.616400014609","4552.137200022116","72038.4219000116","79547.56520001683","172215.0546000339","79601.01650003344","172215.09000001242","71595.96070001135","NA","172003.4380000434","158832.1614000015","144106.67549999198","79601.0496999952","172214.9730999954","72032.09670004435","158826.83040003758","Experiment","0","0","0","3","1920","diskutiert.","53","25","243"
"<AN>Männer</AN>","C5","<RN>Ingenieur*innen</RN>","undefined","undefined","True","53","4","<AN>Frauen</AN>","132","-65.0","67.0","61.0","114.0","undefined","undefined","#232323","1620","psycho","True","diskutiert","psycho","psycho","undefined","undefined","undefined","0","0","0","0","0","10","0","10","0","0","10","10","10","0","10","0","50","-810.0","-270.5","5","1003.0","36.857997325953576","Tue Aug  4 09:33:56 2026","The main experiment item","False","Im Rahmen einer öffentlichen Veranstaltung wird über die Zukunft der Hochschulen und die Forschungsförderung diskutiert. Die <RN>Professorinnen</RN> diskutieren über die Zukunft der Hochschulen und setzen sich für mehr Forschungsgelder ein, doch diese <AN>Frauen</AN> lehnen die Vorschläge ab. Die nächsten Schritte werden derzeit kontrovers diskutiert.","experiment.osexp","D:\ET_course_project_gender-bias\experiment","False","mono","False","39","no","white","no","yes","1080","17","space","psycho","178.0","3.0","117","1","10","10","D:\ET_course_project_gender-bias\experiment\subject-8.csv","150","psycho","an_found","Neonatal Nightingale","4.1.14","461.0","178.0","2","0","space","NA","space","space","space","13170.699000009336","NA","7508.373900025617","13170.699000009336","True","53","2","<RN>Professorinnen</RN>","317","461.0","778.0","-173.0","-120.0","2","psycho","2","Im Rahmen einer öffentlichen Veranstaltung wird über die Zukunft der Hochschulen und die Forschungsförderung diskutiert. Die <RN>Professorinnen</RN> diskutieren über die Zukunft der Hochschulen und setzen sich für mehr Forschungsgelder ein, doch diese <AN>Männer</AN> lehnen die Vorschläge ab. Die nächsten Schritte werden derzeit kontrovers diskutiert.","Im Rahmen einer städtischen Planungsrunde wird über die zukünftige Mobilität und den Ausbau des Nahverkehrs diskutiert. Die <RN>Ingenieurinnen</RN> diskutieren über nachhaltige Verkehrskonzepte und setzen sich für den ÖPNV ein, doch diese <AN>Männer</AN> lehnen die Vorschläge ab. Die nächsten Schritte werden derzeit kontrovers diskutiert.","1","1024","2","48000","-16","53","4","132","67.0","199.0","61.0","114.0","experiment","8","even","144117.38640000112","-810.0","-290.0","NA","4551.616400014609","4552.137200022116","72038.4219000116","79547.56520001683","172241.66699999478","79601.01650003344","172241.70170002617","71595.96070001135","NA","172003.4380000434","158832.1614000015","144106.67549999198","79601.0496999952","172241.57519999426","72032.09670004435","158826.83040003758","Experiment","0","0","0","3","1920","diskutiert.","53","25","243"
"<AN>Frauen</AN>","C2","<RN>Experten</RN>","undefined","undefined","True","53","4","<AN>Frauen</AN>","132","-65.0","67.0","61.0","114.0","undefined","undefined","#232323","1620","psycho","True","diskutiert","psycho","psycho","undefined","undefined","undefined","0","0","0","0","0","11","0","11","0","0","11","11","11","0","11","0","50","-810.0","-270.5","5","1003.0","36.857997325953576","Tue Aug  4 09:33:56 2026","The main experiment item","False","Im Rahmen einer öffentlichen Veranstaltung wird über die Zukunft der Hochschulen und die Forschungsförderung diskutiert. Die <RN>Professorinnen</RN> diskutieren über die Zukunft der Hochschulen und setzen sich für mehr Forschungsgelder ein, doch diese <AN>Frauen</AN> lehnen die Vorschläge ab. Die nächsten Schritte werden derzeit kontrovers diskutiert.","experiment.osexp","D:\ET_course_project_gender-bias\experiment","False","mono","False","39","no","white","no","yes","1080","14","space","psycho","178.0","3.0","117","1","11","11","D:\ET_course_project_gender-bias\experiment\subject-8.csv","150","psycho","an_found","Neonatal Nightingale","4.1.14","461.0","178.0","2","0","space","NA","space","space","space","13170.699000009336","NA","7508.373900025617","13170.699000009336","True","53","2","<RN>Professorinnen</RN>","317","461.0","778.0","-173.0","-120.0","2","psycho","2","Im Rahmen einer öffentlichen Veranstaltung wird über die Zukunft der Hochschulen und die Forschungsförderung diskutiert. Die <RN>Professorinnen</RN> diskutieren über die Zukunft der Hochschulen und setzen sich für mehr Forschungsgelder ein, doch diese <AN>Männer</AN> lehnen die Vorschläge ab. Die nächsten Schritte werden derzeit kontrovers diskutiert.","Auf einer öffentlichen Veranstaltung stehen Investitionen und langfristige gesellschaftliche Entwicklungen zur Diskussion. Die <RN>Fachfrauen</RN> unterstützen höhere Investitionen und langfristige Entwicklungen, doch diese <AN>Männer</AN> kritisieren die Umsetzung. Die politischen Folgen werden unterschiedlich bewertet.","1","1024","2","48000","-16","53","4","132","67.0","199.0","61.0","114.0","experiment","8","even","144117.38640000112","-810.0","-290.0","NA","4551.616400014609","4552.137200022116","72038.4219000116","79547.56520001683","172270.52570000524","79601.01650003344","172270.56400000583","71595.96070001135","NA","172003.4380000434","158832.1614000015","144106.67549999198","79601.0496999952","172270.35730000352","72032.09670004435","158826.83040003758","Experiment","0","0","0","3","1920","diskutiert.","53","25","243"
"<AN>Frauen</AN>","C2","<RN>Ingenieure</RN>","undefined","undefined","True","53","4","<AN>Frauen</AN>","132","-65.0","67.0","61.0","114.0","undefined","undefined","#232323","1620","psycho","True","diskutiert","psycho","psycho","undefined","undefined","undefined","0","0","0","0","0","12","0","12","0","0","12","12","12","0","12","0","50","-810.0","-270.5","5","1003.0","36.857997325953576","Tue Aug  4 09:33:56 2026","The main experiment item","False","Im Rahmen einer öffentlichen Veranstaltung wird über die Zukunft der Hochschulen und die Forschungsförderung diskutiert. Die <RN>Professorinnen</RN> diskutieren über die Zukunft der Hochschulen und setzen sich für mehr Forschungsgelder ein, doch diese <AN>Frauen</AN> lehnen die Vorschläge ab. Die nächsten Schritte werden derzeit kontrovers diskutiert.","experiment.osexp","D:\ET_course_project_gender-bias\experiment","False","mono","False","39","no","white","no","yes","1080","17","space","psycho","178.0","3.0","117","4","12","12","D:\ET_course_project_gender-bias\experiment\subject-8.csv","150","psycho","an_found","Neonatal Nightingale","4.1.14","461.0","178.0","2","0","space","NA","space","space","space","13170.699000009336","NA","7508.373900025617","13170.699000009336","True","53","2","<RN>Professorinnen</RN>","317","461.0","778.0","-173.0","-120.0","2","psycho","2","Im Rahmen einer öffentlichen Veranstaltung wird über die Zukunft der Hochschulen und die Forschungsförderung diskutiert. Die <RN>Professorinnen</RN> diskutieren über die Zukunft der Hochschulen und setzen sich für mehr Forschungsgelder ein, doch diese <AN>Männer</AN> lehnen die Vorschläge ab. Die nächsten Schritte werden derzeit kontrovers diskutiert.","Im Rahmen einer städtischen Planungsrunde wird über die zukünftige Mobilität und den Ausbau des Nahverkehrs diskutiert. Die <RN>Ingenieurinnen</RN> diskutieren über nachhaltige Verkehrskonzepte und setzen sich für den Ausbau des ÖPNV ein, doch diese <AN>Männer</AN> lehnen die Vorschläge ab. Die nächsten Schritte werden derzeit kontrovers diskutiert.","1","1024","2","48000","-16","53","4","132","67.0","199.0","61.0","114.0","experiment","8","even","144117.38640000112","-810.0","-290.0","NA","4551.616400014609","4552.137200022116","72038.4219000116","79547.56520001683","172297.61120001785","79601.01650003344","172297.65890003182","71595.96070001135","NA","172003.4380000434","158832.1614000015","144106.67549999198","79601.0496999952","172297.51160001615","72032.09670004435","158826.83040003758","Experiment","0","0","0","3","1920","diskutiert.","53","25","243"
"<AN>Männer</AN>","C3","<RN>Ingenieurinnen</RN>","undefined","undefined","True","53","4","<AN>Frauen</AN>","132","-65.0","67.0","61.0","114.0","undefined","undefined","#232323","1620","psycho","True","diskutiert","psycho","psycho","undefined","undefined","undefined","0","0","0","0","0","13","0","13","0","0","13","13","13","0","13","0","50","-810.0","-270.5","5","1003.0","36.857997325953576","Tue Aug  4 09:33:56 2026","The main experiment item","False","Im Rahmen einer öffentlichen Veranstaltung wird über die Zukunft der Hochschulen und die Forschungsförderung diskutiert. Die <RN>Professorinnen</RN> diskutieren über die Zukunft der Hochschulen und setzen sich für mehr Forschungsgelder ein, doch diese <AN>Frauen</AN> lehnen die Vorschläge ab. Die nächsten Schritte werden derzeit kontrovers diskutiert.","experiment.osexp","D:\ET_course_project_gender-bias\experiment","False","mono","False","39","no","white","no","yes","1080","3","space","psycho","178.0","3.0","117","1","13","13","D:\ET_course_project_gender-bias\experiment\subject-8.csv","150","psycho","an_found","Neonatal Nightingale","4.1.14","461.0","178.0","2","0","space","NA","space","space","space","13170.699000009336","NA","7508.373900025617","13170.699000009336","True","53","2","<RN>Professorinnen</RN>","317","461.0","778.0","-173.0","-120.0","2","psycho","2","Im Rahmen einer öffentlichen Veranstaltung wird über die Zukunft der Hochschulen und die Forschungsförderung diskutiert. Die <RN>Professorinnen</RN> diskutieren über die Zukunft der Hochschulen und setzen sich für mehr Forschungsgelder ein, doch diese <AN>Männer</AN> lehnen die Vorschläge ab. Die nächsten Schritte werden derzeit kontrovers diskutiert.","Auf einer wissenschaftlichen Konferenz zu technischen Zukunftsfragen werden derzeit aktuelle gesellschaftliche Themen erörtert. Die <RN>Ingenieur*innen</RN> kritisieren die Energiewende und stehen vor Herausforderungen, doch diese <AN>Frauen</AN> lehnen zusätzliche Investitionen ab. Über die Konsequenzen wird weiterhin intensiv gestritten.","1","1024","2","48000","-16","53","4","132","67.0","199.0","61.0","114.0","experiment","8","even","144117.38640000112","-810.0","-290.0","NA","4551.616400014609","4552.137200022116","72038.4219000116","79547.56520001683","172324.9361999915","79601.01650003344","172324.97180002974","71595.96070001135","NA","172003.4380000434","158832.1614000015","144106.67549999198","79601.0496999952","172324.8506000382","72032.09670004435","158826.83040003758","Experiment","0","0","0","3","1920","diskutiert.","53","25","243"
"<AN>Männer</AN>","C5","<RN>Ingenieur*innen</RN>","undefined","undefined","True","53","4","<AN>Frauen</AN>","132","-65.0","67.0","61.0","114.0","undefined","undefined","#232323","1620","psycho","True","diskutiert","psycho","psycho","undefined","undefined","undefined","0","0","0","0","0","14","0","14","0","0","14","14","14","0","14","0","50","-810.0","-270.5","5","1003.0","36.857997325953576","Tue Aug  4 09:33:56 2026","The main experiment item","False","Im Rahmen einer öffentlichen Veranstaltung wird über die Zukunft der Hochschulen und die Forschungsförderung diskutiert. Die <RN>Professorinnen</RN> diskutieren über die Zukunft der Hochschulen und setzen sich für mehr Forschungsgelder ein, doch diese <AN>Frauen</AN> lehnen die Vorschläge ab. Die nächsten Schritte werden derzeit kontrovers diskutiert.","experiment.osexp","D:\ET_course_project_gender-bias\experiment","False","mono","False","39","no","white","no","yes","1080","3","space","psycho","178.0","3.0","117","3","14","14","D:\ET_course_project_gender-bias\experiment\subject-8.csv","150","psycho","an_found","Neonatal Nightingale","4.1.14","461.0","178.0","2","0","space","NA","space","space","space","13170.699000009336","NA","7508.373900025617","13170.699000009336","True","53","2","<RN>Professorinnen</RN>","317","461.0","778.0","-173.0","-120.0","2","psycho","2","Im Rahmen einer öffentlichen Veranstaltung wird über die Zukunft der Hochschulen und die Forschungsförderung diskutiert. Die <RN>Professorinnen</RN> diskutieren über die Zukunft der Hochschulen und setzen sich für mehr Forschungsgelder ein, doch diese <AN>Männer</AN> lehnen die Vorschläge ab. Die nächsten Schritte werden derzeit kontrovers diskutiert.","Auf einer wissenschaftlichen Konferenz zu technischen Zukunftsfragen werden derzeit aktuelle gesellschaftliche Themen erörtert. Die <RN>Ingenieur*innen</RN> kritisieren die Energiewende und stehen vor Herausforderungen, doch diese <AN>Frauen</AN> lehnen zusätzliche Investitionen ab. Über die Konsequenzen wird weiterhin intensiv gestritten.","1","1024","2","48000","-16","53","4","132","67.0","199.0","61.0","114.0","experiment","8","even","144117.38640000112","-810.0","-290.0","NA","4551.616400014609","4552.137200022116","72038.4219000116","79547.56520001683","172354.46430003503","79601.01650003344","172354.51660002582","71595.96070001135","NA","172003.4380000434","158832.1614000015","144106.67549999198","79601.0496999952","172354.2566000251","72032.09670004435","158826.83040003758","Experiment","0","0","0","3","1920","diskutiert.","53","25","243"
"<AN>Frauen</AN>","C6","<RN>Expert*innen</RN>","undefined","undefined","True","53","4","<AN>Frauen</AN>","132","-65.0","67.0","61.0","114.0","undefined","undefined","#232323","1620","psycho","True","diskutiert","psycho","psycho","undefined","undefined","undefined","0","0","0","0","0","15","0","15","0","0","15","15","15","0","15","0","50","-810.0","-270.5","5","1003.0","36.857997325953576","Tue Aug  4 09:33:56 2026","The main experiment item","False","Im Rahmen einer öffentlichen Veranstaltung wird über die Zukunft der Hochschulen und die Forschungsförderung diskutiert. Die <RN>Professorinnen</RN> diskutieren über die Zukunft der Hochschulen und setzen sich für mehr Forschungsgelder ein, doch diese <AN>Frauen</AN> lehnen die Vorschläge ab. Die nächsten Schritte werden derzeit kontrovers diskutiert.","experiment.osexp","D:\ET_course_project_gender-bias\experiment","False","mono","False","39","no","white","no","yes","1080","7","space","psycho","178.0","3.0","117","6","15","15","D:\ET_course_project_gender-bias\experiment\subject-8.csv","150","psycho","an_found","Neonatal Nightingale","4.1.14","461.0","178.0","2","0","space","NA","space","space","space","13170.699000009336","NA","7508.373900025617","13170.699000009336","True","53","2","<RN>Professorinnen</RN>","317","461.0","778.0","-173.0","-120.0","2","psycho","2","Im Rahmen einer öffentlichen Veranstaltung wird über die Zukunft der Hochschulen und die Forschungsförderung diskutiert. Die <RN>Professorinnen</RN> diskutieren über die Zukunft der Hochschulen und setzen sich für mehr Forschungsgelder ein, doch diese <AN>Männer</AN> lehnen die Vorschläge ab. Die nächsten Schritte werden derzeit kontrovers diskutiert.","Beim Sommerfest eines Unternehmens wird über wirtschaftliche Entwicklungen und gesellschaftliche Herausforderungen diskutiert. Die <RN>Fachleute</RN> sehen große Herausforderungen im nächsten Geschäftsjahr, dennoch bleiben diese <AN>Männer</AN> optimistisch. Die unternehmerischen Folgen werden unterschiedlich bewertet.","1","1024","2","48000","-16","53","4","132","67.0","199.0","61.0","114.0","experiment","8","even","144117.38640000112","-810.0","-290.0","NA","4551.616400014609","4552.137200022116","72038.4219000116","79547.56520001683","172380.98860002356","79601.01650003344","172381.0223999899","71595.96070001135","NA","172003.4380000434","158832.1614000015","144106.67549999198","79601.0496999952","172380.9036000166","72032.09670004435","158826.83040003758","Experiment","0","0","0","3","1920","diskutiert.","53","25","243"
"<AN>Frauen</AN>","C2","<RN>Unternehmer</RN>","undefined","undefined","True","53","4","<AN>Frauen</AN>","132","-65.0","67.0","61.0","114.0","undefined","undefined","#232323","1620","psycho","True","diskutiert","psycho","psycho","undefined","undefined","undefined","0","0","0","0","0","16","0","16","0","0","16","16","16","0","16","0","50","-810.0","-270.5","5","1003.0","36.857997325953576","Tue Aug  4 09:33:56 2026","The main experiment item","False","Im Rahmen einer öffentlichen Veranstaltung wird über die Zukunft der Hochschulen und die Forschungsförderung diskutiert. Die <RN>Professorinnen</RN> diskutieren über die Zukunft der Hochschulen und setzen sich für mehr Forschungsgelder ein, doch diese <AN>Frauen</AN> lehnen die Vorschläge ab. Die nächsten Schritte werden derzeit kontrovers diskutiert.","experiment.osexp","D:\ET_course_project_gender-bias\experiment","False","mono","False","39","no","white","no","yes","1080","4","space","psycho","178.0","3.0","117","5","16","16","D:\ET_course_project_gender-bias\experiment\subject-8.csv","150","psycho","an_found","Neonatal Nightingale","4.1.14","461.0","178.0","2","0","space","NA","space","space","space","13170.699000009336","NA","7508.373900025617","13170.699000009336","True","53","2","<RN>Professorinnen</RN>","317","461.0","778.0","-173.0","-120.0","2","psycho","2","Im Rahmen einer öffentlichen Veranstaltung wird über die Zukunft der Hochschulen und die Forschungsförderung diskutiert. Die <RN>Professorinnen</RN> diskutieren über die Zukunft der Hochschulen und setzen sich für mehr Forschungsgelder ein, doch diese <AN>Männer</AN> lehnen die Vorschläge ab. Die nächsten Schritte werden derzeit kontrovers diskutiert.","Bei einem Networking-Event stehen wirtschaftspolitische und gesellschaftliche Fragestellungen im Mittelpunkt der Diskussion. Die <RN>Unternehmer</RN> brauchen weniger bürokratische Hürden und sprechen über Verbesserungen, doch diese <AN>Männer</AN> fordern weitere steuerliche Entlastungen. Die Folgen dieser Positionen bleiben umstritten.","1","1024","2","48000","-16","53","4","132","67.0","199.0","61.0","114.0","experiment","8","even","144117.38640000112","-810.0","-290.0","NA","4551.616400014609","4552.137200022116","72038.4219000116","79547.56520001683","172408.82370003965","79601.01650003344","172408.86660001706","71595.96070001135","NA","172003.4380000434","158832.1614000015","144106.67549999198","79601.0496999952","172408.49669999443","72032.09670004435","158826.83040003758","Experiment","0","0","0","3","1920","diskutiert.","53","25","243"
"<AN>Frauen</AN>","C6","<RN>Krankenpfleger*innen</RN>","undefined","undefined","True","53","4","<AN>Frauen</AN>","132","-65.0","67.0","61.0","114.0","undefined","undefined","#232323","1620","psycho","True","diskutiert","psycho","psycho","undefined","undefined","undefined","0","0","0","0","0","17","0","17","0","0","17","17","17","0","17","0","50","-810.0","-270.5","5","1003.0","36.857997325953576","Tue Aug  4 09:33:56 2026","The main experiment item","False","Im Rahmen einer öffentlichen Veranstaltung wird über die Zukunft der Hochschulen und die Forschungsförderung diskutiert. Die <RN>Professorinnen</RN> diskutieren über die Zukunft der Hochschulen und setzen sich für mehr Forschungsgelder ein, doch diese <AN>Frauen</AN> lehnen die Vorschläge ab. Die nächsten Schritte werden derzeit kontrovers diskutiert.","experiment.osexp","D:\ET_course_project_gender-bias\experiment","False","mono","False","39","no","white","no","yes","1080","16","space","psycho","178.0","3.0","117","3","17","17","D:\ET_course_project_gender-bias\experiment\subject-8.csv","150","psycho","an_found","Neonatal Nightingale","4.1.14","461.0","178.0","2","0","space","NA","space","space","space","13170.699000009336","NA","7508.373900025617","13170.699000009336","True","53","2","<RN>Professorinnen</RN>","317","461.0","778.0","-173.0","-120.0","2","psycho","2","Im Rahmen einer öffentlichen Veranstaltung wird über die Zukunft der Hochschulen und die Forschungsförderung diskutiert. Die <RN>Professorinnen</RN> diskutieren über die Zukunft der Hochschulen und setzen sich für mehr Forschungsgelder ein, doch diese <AN>Männer</AN> lehnen die Vorschläge ab. Die nächsten Schritte werden derzeit kontrovers diskutiert.","Bei einer Informationsveranstaltung im Krankenhaus wird über aktuelle Impfreformen und deren Auswirkungen gesprochen. Die <RN>Krankenschwestern</RN> diskutieren über Long Covid und setzen sich für mehr Unterstützung ein, doch diese <AN>Männer</AN> lehnen die Vorschläge ab. Die nächsten Schritte werden derzeit kontrovers diskutiert.","1","1024","2","48000","-16","53","4","132","67.0","199.0","61.0","114.0","experiment","8","even","144117.38640000112","-810.0","-290.0","NA","4551.616400014609","4552.137200022116","72038.4219000116","79547.56520001683","172436.6449000081","79601.01650003344","172436.6987000103","71595.96070001135","NA","172003.4380000434","158832.1614000015","144106.67549999198","79601.0496999952","172436.35910004377","72032.09670004435","158826.83040003758","Experiment","0","0","0","3","1920","diskutiert.","53","25","243"
"<AN>Frauen</AN>","C4","<RN>Ingenieurinnen</RN>","undefined","undefined","True","53","4","<AN>Frauen</AN>","132","-130.0","2.0","61.0","114.0","undefined","undefined","#232323","1620","psycho","True","gestritten","psycho","psycho","undefined","undefined","undefined","0","0","0","0","0","18","0","18","0","0","18","18","18","0","18","0","50","-810.0","-270.5","5","1137.0","93.54202912573575","Tue Aug  4 09:33:56 2026","The main experiment item","False","Auf einer wissenschaftlichen Konferenz zu technischen Zukunftsfragen werden derzeit aktuelle gesellschaftliche Themen erörtert. Die <RN>Ingenieurinnen</RN> kritisieren die Energiewende und stehen vor Herausforderungen, doch diese <AN>Frauen</AN> lehnen zusätzliche Investitionen ab. Über die Konsequenzen wird weiterhin intensiv gestritten.","experiment.osexp","D:\ET_course_project_gender-bias\experiment","False","mono","False","39","no","white","no","yes","1080","3","space","psycho","178.0","3.0","117","2","18","18","D:\ET_course_project_gender-bias\experiment\subject-8.csv","150","psycho","an_found","Neonatal Nightingale","4.1.14","596.0","178.0","2","0","space","NA","space","space","space","10899.580499972217","NA","7508.373900025617","10899.580499972217","True","53","3","<RN>Ingenieurinnen</RN>","316","-810.0","-494.0","-56.0","-3.0","2","psycho","2","Auf einer wissenschaftlichen Konferenz zu technischen Zukunftsfragen werden derzeit aktuelle gesellschaftliche Themen erörtert. Die <RN>Ingenieur*innen</RN> kritisieren die Energiewende und stehen vor Herausforderungen, doch diese <AN>Frauen</AN> lehnen zusätzliche Investitionen ab. Über die Konsequenzen wird weiterhin intensiv gestritten.","Auf einer wissenschaftlichen Konferenz zu technischen Zukunftsfragen werden derzeit aktuelle gesellschaftliche Themen erörtert. Die <RN>Ingenieur*innen</RN> kritisieren die Energiewende und stehen vor Herausforderungen, doch diese <AN>Frauen</AN> lehnen zusätzliche Investitionen ab. Über die Konsequenzen wird weiterhin intensiv gestritten.","0","1024","2","48000","-16","53","4","132","2.0","134.0","61.0","114.0","experiment","8","even","172473.95150002558","-810.0","-290.0","NA","4551.616400014609","4552.137200022116","72038.4219000116","79547.56520001683","172463.49799999734","79601.01650003344","214657.06080000382","71595.96070001135","NA","214611.64180003107","203711.4092000411","172463.5271000443","79601.0496999952","172463.2913999958","72032.09670004435","203707.01840001857","Experiment","0","0","0","4","1920","gestritten.","53","25","244"
"<AN>Männer</AN>","C3","<RN>Krankenschwestern</RN>","undefined","undefined","True","53","4","<AN>Frauen</AN>","132","-130.0","2.0","61.0","114.0","undefined","undefined","#232323","1620","psycho","True","gestritten","psycho","psycho","undefined","undefined","undefined","0","0","0","0","0","19","0","19","0","0","19","19","19","0","19","0","50","-810.0","-270.5","5","1137.0","93.54202912573575","Tue Aug  4 09:33:56 2026","The main experiment item","False","Auf einer wissenschaftlichen Konferenz zu technischen Zukunftsfragen werden derzeit aktuelle gesellschaftliche Themen erörtert. Die <RN>Ingenieurinnen</RN> kritisieren die Energiewende und stehen vor Herausforderungen, doch diese <AN>Frauen</AN> lehnen zusätzliche Investitionen ab. Über die Konsequenzen wird weiterhin intensiv gestritten.","experiment.osexp","D:\ET_course_project_gender-bias\experiment","False","mono","False","39","no","white","no","yes","1080","16","space","psycho","178.0","3.0","117","6","19","19","D:\ET_course_project_gender-bias\experiment\subject-8.csv","150","psycho","an_found","Neonatal Nightingale","4.1.14","596.0","178.0","2","0","space","NA","space","space","space","10899.580499972217","NA","7508.373900025617","10899.580499972217","True","53","3","<RN>Ingenieurinnen</RN>","316","-810.0","-494.0","-56.0","-3.0","2","psycho","2","Auf einer wissenschaftlichen Konferenz zu technischen Zukunftsfragen werden derzeit aktuelle gesellschaftliche Themen erörtert. Die <RN>Ingenieur*innen</RN> kritisieren die Energiewende und stehen vor Herausforderungen, doch diese <AN>Frauen</AN> lehnen zusätzliche Investitionen ab. Über die Konsequenzen wird weiterhin intensiv gestritten.","Bei einer Informationsveranstaltung im Krankenhaus wird über aktuelle Impfreformen und deren Auswirkungen gesprochen. Die <RN>Krankenschwestern</RN> diskutieren über Langzeitfolgen von Corona und setzen sich für mehr Unterstützung ein, doch diese <AN>Männer</AN> lehnen die Vorschläge ab. Die nächsten Schritte werden derzeit kontrovers diskutiert.","1","1024","2","48000","-16","53","4","132","2.0","134.0","61.0","114.0","experiment","8","even","172473.95150002558","-810.0","-290.0","NA","4551.616400014609","4552.137200022116","72038.4219000116","79547.56520001683","214684.3191999942","79601.01650003344","214684.3549000332","71595.96070001135","NA","214611.64180003107","203711.4092000411","172463.5271000443","79601.0496999952","214684.2198999948","72032.09670004435","203707.01840001857","Experiment","0","0","0","4","1920","gestritten.","53","25","244"
"<AN>Männer</AN>","C3","<RN>Expertinnen</RN>","undefined","undefined","True","53","4","<AN>Männer</AN>","135","-223.0","-88.0","61.0","114.0","undefined","undefined","#232323","1620","psycho","True","bewertet","psycho","psycho","undefined","undefined","undefined","0","0","0","0","0","20","0","20","0","0","20","20","20","0","20","0","50","-810.0","-270.5","5","959.0","93.52888627071316","Tue Aug  4 09:33:56 2026","The main experiment item","False","Auf einer öffentlichen Veranstaltung stehen Investitionen und langfristige gesellschaftliche Entwicklungen zur Diskussion. Die <RN>Expertinnen</RN> unterstützen höhere Investitionen und langfristige Entwicklungen, doch diese <AN>Männer</AN> kritisieren die Umsetzung. Die politischen Folgen werden unterschiedlich bewertet.","experiment.osexp","D:\ET_course_project_gender-bias\experiment","False","mono","False","39","no","white","no","yes","1080","14","space","psycho","178.0","3.0","117","2","20","20","D:\ET_course_project_gender-bias\experiment\subject-8.csv","150","psycho","an_found","Neonatal Nightingale","4.1.14","371.0","178.0","2","0","space","NA","space","space","space","9500.441499985754","NA","7508.373900025617","9500.441499985754","True","53","3","<RN>Expertinnen</RN>","248","-810.0","-562.0","-56.0","-3.0","2","psycho","2","Auf einer öffentlichen Veranstaltung stehen Investitionen und langfristige gesellschaftliche Entwicklungen zur Diskussion. Die <RN>Fachfrauen</RN> unterstützen höhere Investitionen und langfristige Entwicklungen, doch diese <AN>Männer</AN> kritisieren die Umsetzung. Die politischen Folgen werden unterschiedlich bewertet.","Auf einer öffentlichen Veranstaltung stehen Investitionen und langfristige gesellschaftliche Entwicklungen zur Diskussion. Die <RN>Fachfrauen</RN> unterstützen höhere Investitionen und langfristige Entwicklungen, doch diese <AN>Männer</AN> kritisieren die Umsetzung. Die politischen Folgen werden unterschiedlich bewertet.","0","1024","2","48000","-16","53","4","135","-88.0","47.0","61.0","114.0","experiment","8","even","214724.83349998947","-810.0","-290.0","NA","4551.616400014609","4552.137200022116","72038.4219000116","79547.56520001683","214714.19550001156","79601.01650003344","248009.3897000188","71595.96070001135","NA","247963.50090001943","238462.49080001144","214714.22570000868","79601.0496999952","214714.04130000155","72032.09670004435","238458.88069999637","Experiment","0","0","0","5","1920","bewertet.","53","25","197"
"<AN>Männer</AN>","C1","<RN>Experten</RN>","undefined","undefined","True","53","4","<AN>Männer</AN>","135","-223.0","-88.0","61.0","114.0","undefined","undefined","#232323","1620","psycho","True","bewertet","psycho","psycho","undefined","undefined","undefined","0","0","0","0","0","21","0","21","0","0","21","21","21","0","21","0","50","-810.0","-270.5","5","959.0","93.52888627071316","Tue Aug  4 09:33:56 2026","The main experiment item","False","Auf einer öffentlichen Veranstaltung stehen Investitionen und langfristige gesellschaftliche Entwicklungen zur Diskussion. Die <RN>Expertinnen</RN> unterstützen höhere Investitionen und langfristige Entwicklungen, doch diese <AN>Männer</AN> kritisieren die Umsetzung. Die politischen Folgen werden unterschiedlich bewertet.","experiment.osexp","D:\ET_course_project_gender-bias\experiment","False","mono","False","39","no","white","no","yes","1080","7","space","psycho","178.0","3.0","117","1","21","21","D:\ET_course_project_gender-bias\experiment\subject-8.csv","150","psycho","an_found","Neonatal Nightingale","4.1.14","371.0","178.0","2","0","space","NA","space","space","space","9500.441499985754","NA","7508.373900025617","9500.441499985754","True","53","3","<RN>Expertinnen</RN>","248","-810.0","-562.0","-56.0","-3.0","2","psycho","2","Auf einer öffentlichen Veranstaltung stehen Investitionen und langfristige gesellschaftliche Entwicklungen zur Diskussion. Die <RN>Fachfrauen</RN> unterstützen höhere Investitionen und langfristige Entwicklungen, doch diese <AN>Männer</AN> kritisieren die Umsetzung. Die politischen Folgen werden unterschiedlich bewertet.","Beim Sommerfest eines Unternehmens wird über wirtschaftliche Entwicklungen und gesellschaftliche Herausforderungen diskutiert. Die <RN>Fachleute</RN> sehen große Herausforderungen im nächsten Geschäftsjahr, dennoch bleiben diese <AN>Männer</AN> optimistisch. Die unternehmerischen Folgen werden unterschiedlich bewertet.","1","1024","2","48000","-16","53","4","135","-88.0","47.0","61.0","114.0","experiment","8","even","214724.83349998947","-810.0","-290.0","NA","4551.616400014609","4552.137200022116","72038.4219000116","79547.56520001683","248036.87890002038","79601.01650003344","248036.91389999585","71595.96070001135","NA","247963.50090001943","238462.49080001144","214714.22570000868","79601.0496999952","248036.7908999906","72032.09670004435","238458.88069999637","Experiment","0","0","0","5","1920","bewertet.","53","25","197"
"<AN>Männer</AN>","C5","<RN>Arbeitnehmer*innen</RN>","undefined","undefined","True","53","4","<AN>Männer</AN>","135","-223.0","-88.0","61.0","114.0","undefined","undefined","#232323","1620","psycho","True","bewertet","psycho","psycho","undefined","undefined","undefined","0","0","0","0","0","22","0","22","0","0","22","22","22","0","22","0","50","-810.0","-270.5","5","959.0","93.52888627071316","Tue Aug  4 09:33:56 2026","The main experiment item","False","Auf einer öffentlichen Veranstaltung stehen Investitionen und langfristige gesellschaftliche Entwicklungen zur Diskussion. Die <RN>Expertinnen</RN> unterstützen höhere Investitionen und langfristige Entwicklungen, doch diese <AN>Männer</AN> kritisieren die Umsetzung. Die politischen Folgen werden unterschiedlich bewertet.","experiment.osexp","D:\ET_course_project_gender-bias\experiment","False","mono","False","39","no","white","no","yes","1080","5","space","psycho","178.0","3.0","117","1","22","22","D:\ET_course_project_gender-bias\experiment\subject-8.csv","150","psycho","an_found","Neonatal Nightingale","4.1.14","371.0","178.0","2","0","space","NA","space","space","space","9500.441499985754","NA","7508.373900025617","9500.441499985754","True","53","3","<RN>Expertinnen</RN>","248","-810.0","-562.0","-56.0","-3.0","2","psycho","2","Auf einer öffentlichen Veranstaltung stehen Investitionen und langfristige gesellschaftliche Entwicklungen zur Diskussion. Die <RN>Fachfrauen</RN> unterstützen höhere Investitionen und langfristige Entwicklungen, doch diese <AN>Männer</AN> kritisieren die Umsetzung. Die politischen Folgen werden unterschiedlich bewertet.","Im Rahmen einer Geschäftsveranstaltung findet derzeit ein Austausch über Arbeitsbedingungen und gesellschaftliche Entwicklungen statt. Die <RN>Arbeitnehmer*innen</RN> erwarten höhere Gehälter und klimatisierte Arbeitsplätze, aber diese <AN>Männer</AN> wollen auch weniger arbeiten. Die Frage nach den Konsequenzen bleibt offen.","1","1024","2","48000","-16","53","4","135","-88.0","47.0","61.0","114.0","experiment","8","even","214724.83349998947","-810.0","-290.0","NA","4551.616400014609","4552.137200022116","72038.4219000116","79547.56520001683","248064.060100005","79601.01650003344","248064.0989000094","71595.96070001135","NA","247963.50090001943","238462.49080001144","214714.22570000868","79601.0496999952","248063.9701000182","72032.09670004435","238458.88069999637","Experiment","0","0","0","5","1920","bewertet.","53","25","197"
"<AN>Männern</AN>","C5","<RN>Einwohner*innen</RN>","undefined","undefined","True","53","4","<AN>Männer</AN>","135","-223.0","-88.0","61.0","114.0","undefined","undefined","#232323","1620","psycho","True","bewertet","psycho","psycho","undefined","undefined","undefined","0","0","0","0","0","23","0","23","0","0","23","23","23","0","23","0","50","-810.0","-270.5","5","959.0","93.52888627071316","Tue Aug  4 09:33:56 2026","The main experiment item","False","Auf einer öffentlichen Veranstaltung stehen Investitionen und langfristige gesellschaftliche Entwicklungen zur Diskussion. Die <RN>Expertinnen</RN> unterstützen höhere Investitionen und langfristige Entwicklungen, doch diese <AN>Männer</AN> kritisieren die Umsetzung. Die politischen Folgen werden unterschiedlich bewertet.","experiment.osexp","D:\ET_course_project_gender-bias\experiment","False","mono","False","39","no","white","no","yes","1080","13","space","psycho","178.0","3.0","117","5","23","23","D:\ET_course_project_gender-bias\experiment\subject-8.csv","150","psycho","an_found","Neonatal Nightingale","4.1.14","371.0","178.0","2","0","space","NA","space","space","space","9500.441499985754","NA","7508.373900025617","9500.441499985754","True","53","3","<RN>Expertinnen</RN>","248","-810.0","-562.0","-56.0","-3.0","2","psycho","2","Auf einer öffentlichen Veranstaltung stehen Investitionen und langfristige gesellschaftliche Entwicklungen zur Diskussion. Die <RN>Fachfrauen</RN> unterstützen höhere Investitionen und langfristige Entwicklungen, doch diese <AN>Männer</AN> kritisieren die Umsetzung. Die politischen Folgen werden unterschiedlich bewertet.","Im Rahmen einer öffentlichen Veranstaltung wird über Sicherheit, gesellschaftlichen Zusammenhalt und politische Reformen gesprochen. Die <RN>Bürgerinnen</RN> wünschen sich Sicherheit und verlässliche Perspektiven, doch diese Gruppe von <AN>Frauen</AN> sieht Reformbedarf im System. Die weitere Entwicklung bleibt Gegenstand öffentlicher Debatten.","1","1024","2","48000","-16","53","4","135","-88.0","47.0","61.0","114.0","experiment","8","even","214724.83349998947","-810.0","-290.0","NA","4551.616400014609","4552.137200022116","72038.4219000116","79547.56520001683","248337.23550004652","79601.01650003344","248337.2842000099","71595.96070001135","NA","247963.50090001943","238462.49080001144","214714.22570000868","79601.0496999952","248336.85890003107","72032.09670004435","238458.88069999637","Experiment","0","0","0","5","1920","bewertet.","53","25","197"
"<AN>Frauen</AN>","C2","<RN>Krankenpfleger</RN>","undefined","undefined","True","53","4","<AN>Männer</AN>","135","-223.0","-88.0","61.0","114.0","undefined","undefined","#232323","1620","psycho","True","bewertet","psycho","psycho","undefined","undefined","undefined","0","0","0","0","0","24","0","24","0","0","24","24","24","0","24","0","50","-810.0","-270.5","5","959.0","93.52888627071316","Tue Aug  4 09:33:56 2026","The main experiment item","False","Auf einer öffentlichen Veranstaltung stehen Investitionen und langfristige gesellschaftliche Entwicklungen zur Diskussion. Die <RN>Expertinnen</RN> unterstützen höhere Investitionen und langfristige Entwicklungen, doch diese <AN>Männer</AN> kritisieren die Umsetzung. Die politischen Folgen werden unterschiedlich bewertet.","experiment.osexp","D:\ET_course_project_gender-bias\experiment","False","mono","False","39","no","white","no","yes","1080","16","space","psycho","178.0","3.0","117","5","24","24","D:\ET_course_project_gender-bias\experiment\subject-8.csv","150","psycho","an_found","Neonatal Nightingale","4.1.14","371.0","178.0","2","0","space","NA","space","space","space","9500.441499985754","NA","7508.373900025617","9500.441499985754","True","53","3","<RN>Expertinnen</RN>","248","-810.0","-562.0","-56.0","-3.0","2","psycho","2","Auf einer öffentlichen Veranstaltung stehen Investitionen und langfristige gesellschaftliche Entwicklungen zur Diskussion. Die <RN>Fachfrauen</RN> unterstützen höhere Investitionen und langfristige Entwicklungen, doch diese <AN>Männer</AN> kritisieren die Umsetzung. Die politischen Folgen werden unterschiedlich bewertet.","Bei einer Informationsveranstaltung im Krankenhaus wird über aktuelle Impfreformen und deren Auswirkungen gesprochen. Die <RN>Krankenschwestern</RN> diskutieren über Langzeitfolgen von Corona und setzen sich für mehr Unterstützung ein, doch diese <AN>Männer</AN> lehnen die Vorschläge ab. Die nächsten Schritte werden derzeit kontrovers diskutiert.","1","1024","2","48000","-16","53","4","135","-88.0","47.0","61.0","114.0","experiment","8","even","214724.83349998947","-810.0","-290.0","NA","4551.616400014609","4552.137200022116","72038.4219000116","79547.56520001683","248365.40790001163","79601.01650003344","248365.4504000442","71595.96070001135","NA","247963.50090001943","238462.49080001144","214714.22570000868","79601.0496999952","248365.17190001905","72032.09670004435","238458.88069999637","Experiment","0","0","0","5","1920","bewertet.","53","25","197"
"<AN>Männer</AN>","C3","<RN>Arbeitnehmerinnen</RN>","undefined","undefined","True","53","4","<AN>Männer</AN>","135","-223.0","-88.0","61.0","114.0","undefined","undefined","#232323","1620","psycho","True","bewertet","psycho","psycho","undefined","undefined","undefined","0","0","0","0","0","25","0","25","0","0","25","25","25","0","25","0","50","-810.0","-270.5","5","959.0","93.52888627071316","Tue Aug  4 09:33:56 2026","The main experiment item","False","Auf einer öffentlichen Veranstaltung stehen Investitionen und langfristige gesellschaftliche Entwicklungen zur Diskussion. Die <RN>Expertinnen</RN> unterstützen höhere Investitionen und langfristige Entwicklungen, doch diese <AN>Männer</AN> kritisieren die Umsetzung. Die politischen Folgen werden unterschiedlich bewertet.","experiment.osexp","D:\ET_course_project_gender-bias\experiment","False","mono","False","39","no","white","no","yes","1080","12","space","psycho","178.0","3.0","117","4","25","25","D:\ET_course_project_gender-bias\experiment\subject-8.csv","150","psycho","an_found","Neonatal Nightingale","4.1.14","371.0","178.0","2","0","space","NA","space","space","space","9500.441499985754","NA","7508.373900025617","9500.441499985754","True","53","3","<RN>Expertinnen</RN>","248","-810.0","-562.0","-56.0","-3.0","2","psycho","2","Auf einer öffentlichen Veranstaltung stehen Investitionen und langfristige gesellschaftliche Entwicklungen zur Diskussion. Die <RN>Fachfrauen</RN> unterstützen höhere Investitionen und langfristige Entwicklungen, doch diese <AN>Männer</AN> kritisieren die Umsetzung. Die politischen Folgen werden unterschiedlich bewertet.","Auf einer Gewerkschaftsveranstaltung wird derzeit über Löhne, Arbeitsbedingungen und Arbeitnehmerrechte diskutiert. Die <RN>Beschäftigten</RN> fordern bessere Bezahlung und faire Arbeitsbedingungen, doch diese <AN>Frauen</AN> sehen vor allem strukturelle Probleme. Die kommenden Entwicklungen sind weiterhin Gegenstand von Diskussionen.","1","1024","2","48000","-16","53","4","135","-88.0","47.0","61.0","114.0","experiment","8","even","214724.83349998947","-810.0","-290.0","NA","4551.616400014609","4552.137200022116","72038.4219000116","79547.56520001683","248391.96800003992","79601.01650003344","248392.02000002842","71595.96070001135","NA","247963.50090001943","238462.49080001144","214714.22570000868","79601.0496999952","248391.8366000289","72032.09670004435","238458.88069999637","Experiment","0","0","0","5","1920","bewertet.","53","25","197"
"<AN>Frauen</AN>","C6","<RN>Polizist*innen</RN>","undefined","undefined","True","53","4","<AN>Männer</AN>","135","-223.0","-88.0","61.0","114.0","undefined","undefined","#232323","1620","psycho","True","bewertet","psycho","psycho","undefined","undefined","undefined","0","0","0","0","0","26","0","26","0","0","26","26","26","0","26","0","50","-810.0","-270.5","5","959.0","93.52888627071316","Tue Aug  4 09:33:56 2026","The main experiment item","False","Auf einer öffentlichen Veranstaltung stehen Investitionen und langfristige gesellschaftliche Entwicklungen zur Diskussion. Die <RN>Expertinnen</RN> unterstützen höhere Investitionen und langfristige Entwicklungen, doch diese <AN>Männer</AN> kritisieren die Umsetzung. Die politischen Folgen werden unterschiedlich bewertet.","experiment.osexp","D:\ET_course_project_gender-bias\experiment","False","mono","False","39","no","white","no","yes","1080","18","space","psycho","178.0","3.0","117","1","26","26","D:\ET_course_project_gender-bias\experiment\subject-8.csv","150","psycho","an_found","Neonatal Nightingale","4.1.14","371.0","178.0","2","0","space","NA","space","space","space","9500.441499985754","NA","7508.373900025617","9500.441499985754","True","53","3","<RN>Expertinnen</RN>","248","-810.0","-562.0","-56.0","-3.0","2","psycho","2","Auf einer öffentlichen Veranstaltung stehen Investitionen und langfristige gesellschaftliche Entwicklungen zur Diskussion. Die <RN>Fachfrauen</RN> unterstützen höhere Investitionen und langfristige Entwicklungen, doch diese <AN>Männer</AN> kritisieren die Umsetzung. Die politischen Folgen werden unterschiedlich bewertet.","Bei einer öffentlichen Sitzung im Rathaus wird über neue Verkehrsregelungen gesprochen. Die <RN>Polizistinnen</RN> diskutieren laut über mehr Sicherheit im Straßenverkehr und setzen sich für strengere Kontrollen ein, doch diese <AN>Männer</AN> lehnen die Vorschläge ab. Die nächsten Maßnahmen werden derzeit kontrovers verhandelt.","1","1024","2","48000","-16","53","4","135","-88.0","47.0","61.0","114.0","experiment","8","even","214724.83349998947","-810.0","-290.0","NA","4551.616400014609","4552.137200022116","72038.4219000116","79547.56520001683","248418.9852999989","79601.01650003344","248419.02269999264","71595.96070001135","NA","247963.50090001943","238462.49080001144","214714.22570000868","79601.0496999952","248418.81750000175","72032.09670004435","238458.88069999637","Experiment","0","0","0","5","1920","bewertet.","53","25","197"
"<AN>Frauen</AN>","C4","<RN>Arbeitnehmerinnen</RN>","undefined","undefined","True","53","4","<AN>Männer</AN>","135","-223.0","-88.0","61.0","114.0","undefined","undefined","#232323","1620","psycho","True","bewertet","psycho","psycho","undefined","undefined","undefined","0","0","0","0","0","27","0","27","0","0","27","27","27","0","27","0","50","-810.0","-270.5","5","959.0","93.52888627071316","Tue Aug  4 09:33:56 2026","The main experiment item","False","Auf einer öffentlichen Veranstaltung stehen Investitionen und langfristige gesellschaftliche Entwicklungen zur Diskussion. Die <RN>Expertinnen</RN> unterstützen höhere Investitionen und langfristige Entwicklungen, doch diese <AN>Männer</AN> kritisieren die Umsetzung. Die politischen Folgen werden unterschiedlich bewertet.","experiment.osexp","D:\ET_course_project_gender-bias\experiment","False","mono","False","39","no","white","no","yes","1080","5","space","psycho","178.0","3.0","117","6","27","27","D:\ET_course_project_gender-bias\experiment\subject-8.csv","150","psycho","an_found","Neonatal Nightingale","4.1.14","371.0","178.0","2","0","space","NA","space","space","space","9500.441499985754","NA","7508.373900025617","9500.441499985754","True","53","3","<RN>Expertinnen</RN>","248","-810.0","-562.0","-56.0","-3.0","2","psycho","2","Auf einer öffentlichen Veranstaltung stehen Investitionen und langfristige gesellschaftliche Entwicklungen zur Diskussion. Die <RN>Fachfrauen</RN> unterstützen höhere Investitionen und langfristige Entwicklungen, doch diese <AN>Männer</AN> kritisieren die Umsetzung. Die politischen Folgen werden unterschiedlich bewertet.","Im Rahmen einer Geschäftsveranstaltung findet derzeit ein Austausch über Arbeitsbedingungen und gesellschaftliche Entwicklungen statt. Die <RN>Arbeitnehmer*innen</RN> erwarten höhere Gehälter und klimatisierte Arbeitsplätze, aber diese <AN>Männer</AN> wollen auch weniger arbeiten. Die Frage nach den Konsequenzen bleibt offen.","1","1024","2","48000","-16","53","4","135","-88.0","47.0","61.0","114.0","experiment","8","even","214724.83349998947","-810.0","-290.0","NA","4551.616400014609","4552.137200022116","72038.4219000116","79547.56520001683","248446.94320001872","79601.01650003344","248446.98639999842","71595.96070001135","NA","247963.50090001943","238462.49080001144","214714.22570000868","79601.0496999952","248446.7461000313","72032.09670004435","238458.88069999637","Experiment","0","0","0","5","1920","bewertet.","53","25","197"
"<AN>Männern</AN>","C1","<RN>Einwohner</RN>","undefined","undefined","True","53","4","<AN>Männer</AN>","135","-223.0","-88.0","61.0","114.0","undefined","undefined","#232323","1620","psycho","True","bewertet","psycho","psycho","undefined","undefined","undefined","0","0","0","0","0","28","0","28","0","0","28","28","28","0","28","0","50","-810.0","-270.5","5","959.0","93.52888627071316","Tue Aug  4 09:33:56 2026","The main experiment item","False","Auf einer öffentlichen Veranstaltung stehen Investitionen und langfristige gesellschaftliche Entwicklungen zur Diskussion. Die <RN>Expertinnen</RN> unterstützen höhere Investitionen und langfristige Entwicklungen, doch diese <AN>Männer</AN> kritisieren die Umsetzung. Die politischen Folgen werden unterschiedlich bewertet.","experiment.osexp","D:\ET_course_project_gender-bias\experiment","False","mono","False","39","no","white","no","yes","1080","13","space","psycho","178.0","3.0","117","1","28","28","D:\ET_course_project_gender-bias\experiment\subject-8.csv","150","psycho","an_found","Neonatal Nightingale","4.1.14","371.0","178.0","2","0","space","NA","space","space","space","9500.441499985754","NA","7508.373900025617","9500.441499985754","True","53","3","<RN>Expertinnen</RN>","248","-810.0","-562.0","-56.0","-3.0","2","psycho","2","Auf einer öffentlichen Veranstaltung stehen Investitionen und langfristige gesellschaftliche Entwicklungen zur Diskussion. Die <RN>Fachfrauen</RN> unterstützen höhere Investitionen und langfristige Entwicklungen, doch diese <AN>Männer</AN> kritisieren die Umsetzung. Die politischen Folgen werden unterschiedlich bewertet.","Im Rahmen einer öffentlichen Veranstaltung wird über Sicherheit, gesellschaftlichen Zusammenhalt und politische Reformen gesprochen. Die <RN>Bürgerinnen</RN> wünschen sich mehr Sicherheit und verlässliche Perspektiven, doch diese Gruppe von <AN>Frauen</AN> sieht Reformbedarf im System. Die weitere Entwicklung bleibt Gegenstand öffentlicher Debatten.","1","1024","2","48000","-16","53","4","135","-88.0","47.0","61.0","114.0","experiment","8","even","214724.83349998947","-810.0","-290.0","NA","4551.616400014609","4552.137200022116","72038.4219000116","79547.56520001683","248473.04680000525","79601.01650003344","248473.09990000213","71595.96070001135","NA","247963.50090001943","238462.49080001144","214714.22570000868","79601.0496999952","248472.75890002493","72032.09670004435","238458.88069999637","Experiment","0","0","0","5","1920","bewertet.","53","25","197"
"<AN>Frauen</AN>","C4","<RN>Polizistinnen</RN>","undefined","undefined","True","53","4","<AN>Männer</AN>","135","-223.0","-88.0","61.0","114.0","undefined","undefined","#232323","1620","psycho","True","bewertet","psycho","psycho","undefined","undefined","undefined","0","0","0","0","0","29","0","29","0","0","29","29","29","0","29","0","50","-810.0","-270.5","5","959.0","93.52888627071316","Tue Aug  4 09:33:56 2026","The main experiment item","False","Auf einer öffentlichen Veranstaltung stehen Investitionen und langfristige gesellschaftliche Entwicklungen zur Diskussion. Die <RN>Expertinnen</RN> unterstützen höhere Investitionen und langfristige Entwicklungen, doch diese <AN>Männer</AN> kritisieren die Umsetzung. Die politischen Folgen werden unterschiedlich bewertet.","experiment.osexp","D:\ET_course_project_gender-bias\experiment","False","mono","False","39","no","white","no","yes","1080","18","space","psycho","178.0","3.0","117","5","29","29","D:\ET_course_project_gender-bias\experiment\subject-8.csv","150","psycho","an_found","Neonatal Nightingale","4.1.14","371.0","178.0","2","0","space","NA","space","space","space","9500.441499985754","NA","7508.373900025617","9500.441499985754","True","53","3","<RN>Expertinnen</RN>","248","-810.0","-562.0","-56.0","-3.0","2","psycho","2","Auf einer öffentlichen Veranstaltung stehen Investitionen und langfristige gesellschaftliche Entwicklungen zur Diskussion. Die <RN>Fachfrauen</RN> unterstützen höhere Investitionen und langfristige Entwicklungen, doch diese <AN>Männer</AN> kritisieren die Umsetzung. Die politischen Folgen werden unterschiedlich bewertet.","Bei einer öffentlichen Sitzung im Rathaus wird über neue Verkehrsregelungen gesprochen. Die <RN>Polizistinnen</RN> diskutieren laut über mehr Sicherheit im Straßenverkehr und setzen sich für strengere Kontrollen ein, doch diese <AN>Männer</AN> lehnen die Vorschläge ab. Die nächsten Maßnahmen werden derzeit kontrovers verhandelt.","1","1024","2","48000","-16","53","4","135","-88.0","47.0","61.0","114.0","experiment","8","even","214724.83349998947","-810.0","-290.0","NA","4551.616400014609","4552.137200022116","72038.4219000116","79547.56520001683","248499.92790003307","79601.01650003344","248499.9718000181","71595.96070001135","NA","247963.50090001943","238462.49080001144","214714.22570000868","79601.0496999952","248499.6996000409","72032.09670004435","238458.88069999637","Experiment","0","0","0","5","1920","bewertet.","53","25","197"
"<AN>Frauen</AN>","C2","<RN>Arbeitnehmer</RN>","undefined","undefined","True","53","4","<AN>Männer</AN>","135","-223.0","-88.0","61.0","114.0","undefined","undefined","#232323","1620","psycho","True","bewertet","psycho","psycho","undefined","undefined","undefined","0","0","0","0","0","30","0","30","0","0","30","30","30","0","30","0","50","-810.0","-270.5","5","959.0","93.52888627071316","Tue Aug  4 09:33:56 2026","The main experiment item","False","Auf einer öffentlichen Veranstaltung stehen Investitionen und langfristige gesellschaftliche Entwicklungen zur Diskussion. Die <RN>Expertinnen</RN> unterstützen höhere Investitionen und langfristige Entwicklungen, doch diese <AN>Männer</AN> kritisieren die Umsetzung. Die politischen Folgen werden unterschiedlich bewertet.","experiment.osexp","D:\ET_course_project_gender-bias\experiment","False","mono","False","39","no","white","no","yes","1080","12","space","psycho","178.0","3.0","117","3","30","30","D:\ET_course_project_gender-bias\experiment\subject-8.csv","150","psycho","an_found","Neonatal Nightingale","4.1.14","371.0","178.0","2","0","space","NA","space","space","space","9500.441499985754","NA","7508.373900025617","9500.441499985754","True","53","3","<RN>Expertinnen</RN>","248","-810.0","-562.0","-56.0","-3.0","2","psycho","2","Auf einer öffentlichen Veranstaltung stehen Investitionen und langfristige gesellschaftliche Entwicklungen zur Diskussion. Die <RN>Fachfrauen</RN> unterstützen höhere Investitionen und langfristige Entwicklungen, doch diese <AN>Männer</AN> kritisieren die Umsetzung. Die politischen Folgen werden unterschiedlich bewertet.","Auf einer Gewerkschaftsveranstaltung wird derzeit über Löhne, Arbeitsbedingungen und Arbeitnehmerrechte diskutiert. Die <RN>Beschäftigten</RN> fordern bessere Bezahlung und faire Arbeitsbedingungen, doch diese diskussionsfreudigen <AN>Frauen</AN> sehen vor allem strukturelle Probleme. Die kommenden Entwicklungen sind weiterhin Gegenstand von Diskussionen.","1","1024","2","48000","-16","53","4","135","-88.0","47.0","61.0","114.0","experiment","8","even","214724.83349998947","-810.0","-290.0","NA","4551.616400014609","4552.137200022116","72038.4219000116","79547.56520001683","248528.13590003643","79601.01650003344","248528.1831000466","71595.96070001135","NA","247963.50090001943","238462.49080001144","214714.22570000868","79601.0496999952","248527.95350004453","72032.09670004435","238458.88069999637","Experiment","0","0","0","5","1920","bewertet.","53","25","197"
"<AN>Männer</AN>","C1","<RN>Ingenieure</RN>","undefined","undefined","True","53","4","<AN>Männer</AN>","135","-223.0","-88.0","61.0","114.0","undefined","undefined","#232323","1620","psycho","True","bewertet","psycho","psycho","undefined","undefined","undefined","0","0","0","0","0","31","0","31","0","0","31","31","31","0","31","0","50","-810.0","-270.5","5","959.0","93.52888627071316","Tue Aug  4 09:33:56 2026","The main experiment item","False","Auf einer öffentlichen Veranstaltung stehen Investitionen und langfristige gesellschaftliche Entwicklungen zur Diskussion. Die <RN>Expertinnen</RN> unterstützen höhere Investitionen und langfristige Entwicklungen, doch diese <AN>Männer</AN> kritisieren die Umsetzung. Die politischen Folgen werden unterschiedlich bewertet.","experiment.osexp","D:\ET_course_project_gender-bias\experiment","False","mono","False","39","no","white","no","yes","1080","17","space","psycho","178.0","3.0","117","3","31","31","D:\ET_course_project_gender-bias\experiment\subject-8.csv","150","psycho","an_found","Neonatal Nightingale","4.1.14","371.0","178.0","2","0","space","NA","space","space","space","9500.441499985754","NA","7508.373900025617","9500.441499985754","True","53","3","<RN>Expertinnen</RN>","248","-810.0","-562.0","-56.0","-3.0","2","psycho","2","Auf einer öffentlichen Veranstaltung stehen Investitionen und langfristige gesellschaftliche Entwicklungen zur Diskussion. Die <RN>Fachfrauen</RN> unterstützen höhere Investitionen und langfristige Entwicklungen, doch diese <AN>Männer</AN> kritisieren die Umsetzung. Die politischen Folgen werden unterschiedlich bewertet.","Im Rahmen einer städtischen Planungsrunde wird über die zukünftige Mobilität und den Ausbau des Nahverkehrs diskutiert. Die <RN>Ingenieurinnen</RN> diskutieren über Verkehrskonzepte und setzen sich für den Ausbau des ÖPNV ein, doch diese <AN>Männer</AN> lehnen die Vorschläge ab. Die nächsten Schritte werden derzeit kontrovers diskutiert.","1","1024","2","48000","-16","53","4","135","-88.0","47.0","61.0","114.0","experiment","8","even","214724.83349998947","-810.0","-290.0","NA","4551.616400014609","4552.137200022116","72038.4219000116","79547.56520001683","248555.039400002","79601.01650003344","248555.09259999963","71595.96070001135","NA","247963.50090001943","238462.49080001144","214714.22570000868","79601.0496999952","248554.72070001997","72032.09670004435","238458.88069999637","Experiment","0","0","0","5","1920","bewertet.","53","25","197"
"<AN>Männer</AN>","C1","<RN>Arbeitnehmer</RN>","undefined","undefined","True","53","4","<AN>Männer</AN>","135","-329.0","-194.0","61.0","114.0","undefined","undefined","#232323","1620","psycho","True","Diskussionen","psycho","psycho","undefined","undefined","undefined","0","0","0","0","0","32","0","32","0","0","32","32","32","0","32","0","50","-810.0","-270.5","5","1231.0","57.70171847423611","Tue Aug  4 09:33:56 2026","The main experiment item","False","Auf einer Gewerkschaftsveranstaltung wird derzeit über Löhne, Arbeitsbedingungen und Arbeitnehmerrechte diskutiert. Die <RN>Arbeitnehmer</RN> fordern bessere Bezahlung und faire Arbeitsbedingungen, doch diese diskussionsfreudigen <AN>Männer</AN> sehen vor allem strukturelle Probleme. Die kommenden Entwicklungen sind weiterhin Gegenstand von Diskussionen.","experiment.osexp","D:\ET_course_project_gender-bias\experiment","False","mono","False","39","no","white","no","yes","1080","12","space","psycho","178.0","3.0","117","2","32","32","D:\ET_course_project_gender-bias\experiment\subject-8.csv","150","psycho","an_found","Neonatal Nightingale","4.1.14","735.0","178.0","2","0","space","NA","space","space","space","12316.68119999813","NA","7508.373900025617","12316.68119999813","True","53","2","<RN>Arbeitnehmer</RN>","274","514.0","788.0","-173.0","-120.0","2","psycho","2","Auf einer Gewerkschaftsveranstaltung wird derzeit über Löhne, Arbeitsbedingungen und Arbeitnehmerrechte diskutiert. Die <RN>Beschäftigten</RN> fordern bessere Bezahlung und faire Arbeitsbedingungen, doch diese diskussionsfreudigen <AN>Frauen</AN> sehen vor allem strukturelle Probleme. Die kommenden Entwicklungen sind weiterhin Gegenstand von Diskussionen.","Auf einer Gewerkschaftsveranstaltung wird derzeit über Löhne, Arbeitsbedingungen und Arbeitnehmerrechte diskutiert. Die <RN>Beschäftigten</RN> fordern bessere Bezahlung und faire Arbeitsbedingungen, doch diese diskussionsfreudigen <AN>Frauen</AN> sehen vor allem strukturelle Probleme. Die kommenden Entwicklungen sind weiterhin Gegenstand von Diskussionen.","0","1024","2","48000","-16","53","4","135","-194.0","-59.0","61.0","114.0","experiment","8","even","248597.60899998946","-810.0","-290.0","NA","4551.616400014609","4552.137200022116","72038.4219000116","79547.56520001683","248585.84090002114","79601.01650003344","281041.25410004053","71595.96070001135","NA","280995.4389000195","268678.23230003705","248585.8801000286","79601.0496999952","248585.72550001554","72032.09670004435","268675.0498000183","Experiment","0","0","0","6","1920","Diskussionen.","53","25","289"
"<AN>Frauen</AN>","C4","<RN>Expertinnen</RN>","undefined","undefined","True","53","4","<AN>Männer</AN>","135","-329.0","-194.0","61.0","114.0","undefined","undefined","#232323","1620","psycho","True","Diskussionen","psycho","psycho","undefined","undefined","undefined","0","0","0","0","0","33","0","33","0","0","33","33","33","0","33","0","50","-810.0","-270.5","5","1231.0","57.70171847423611","Tue Aug  4 09:33:56 2026","The main experiment item","False","Auf einer Gewerkschaftsveranstaltung wird derzeit über Löhne, Arbeitsbedingungen und Arbeitnehmerrechte diskutiert. Die <RN>Arbeitnehmer</RN> fordern bessere Bezahlung und faire Arbeitsbedingungen, doch diese diskussionsfreudigen <AN>Männer</AN> sehen vor allem strukturelle Probleme. Die kommenden Entwicklungen sind weiterhin Gegenstand von Diskussionen.","experiment.osexp","D:\ET_course_project_gender-bias\experiment","False","mono","False","39","no","white","no","yes","1080","10","space","psycho","178.0","3.0","117","1","33","33","D:\ET_course_project_gender-bias\experiment\subject-8.csv","150","psycho","an_found","Neonatal Nightingale","4.1.14","735.0","178.0","2","0","space","NA","space","space","space","12316.68119999813","NA","7508.373900025617","12316.68119999813","True","53","2","<RN>Arbeitnehmer</RN>","274","514.0","788.0","-173.0","-120.0","2","psycho","2","Auf einer Gewerkschaftsveranstaltung wird derzeit über Löhne, Arbeitsbedingungen und Arbeitnehmerrechte diskutiert. Die <RN>Beschäftigten</RN> fordern bessere Bezahlung und faire Arbeitsbedingungen, doch diese diskussionsfreudigen <AN>Frauen</AN> sehen vor allem strukturelle Probleme. Die kommenden Entwicklungen sind weiterhin Gegenstand von Diskussionen.","Im Rahmen einer universitären Veranstaltung werden aktuelle Fragestellungen der Rüstungsindustrie behandelt. Die große Mehrheit dieser <RN>Fachleute</RN> sieht eine stärkere Aufrüstung für Deutschland als notwendig, doch diese Gruppe von <AN>Frauen</AN> kritisiert dessen Finanzierung. Die Auswirkungen der Entscheidung werden noch geprüft.","1","1024","2","48000","-16","53","4","135","-194.0","-59.0","61.0","114.0","experiment","8","even","248597.60899998946","-810.0","-290.0","NA","4551.616400014609","4552.137200022116","72038.4219000116","79547.56520001683","281069.97400004184","79601.01650003344","281070.0124000432","71595.96070001135","NA","280995.4389000195","268678.23230003705","248585.8801000286","79601.0496999952","281069.8693000013","72032.09670004435","268675.0498000183","Experiment","0","0","0","6","1920","Diskussionen.","53","25","289"
"<AN>Männer</AN>","C1","<RN>Lehrer</RN>","undefined","undefined","True","53","4","<AN>Männer</AN>","135","-333.0","-198.0","61.0","114.0","undefined","undefined","#232323","1620","psycho","True","Diskussionen","psycho","psycho","undefined","undefined","undefined","0","0","0","0","0","34","0","34","0","0","34","34","34","0","34","0","50","-810.0","-270.5","5","1004.0","12.3126883498284","Tue Aug  4 09:33:56 2026","The main experiment item","False","Auf einer Konferenz zu Bildungsfragen in Stuttgart wird derzeit über aktuelle schulische Themen gesprochen. Die <RN>Lehrer</RN> sollen mehr auf Disziplin und Konsequenzen im Unterricht setzen, doch aus pädagogischen Gründen lehnen diese <AN>Männer</AN> die Vorschläge ab. Die kommenden Entwicklungen sind weiterhin Gegenstand von Diskussionen.","experiment.osexp","D:\ET_course_project_gender-bias\experiment","False","mono","False","39","no","white","no","yes","1080","6","space","psycho","178.0","3.0","117","2","34","34","D:\ET_course_project_gender-bias\experiment\subject-8.csv","150","psycho","an_found","Neonatal Nightingale","4.1.14","508.0","178.0","2","0","space","NA","space","space","space","10268.494700023439","NA","7508.373900025617","10268.494700023439","True","53","2","<RN>Lehrer</RN>","132","167.0","299.0","-173.0","-120.0","2","psycho","2","Auf einer Konferenz zu Bildungsfragen in Stuttgart wird derzeit über aktuelle schulische Themen gesprochen. Die <RN>Lehrer</RN> sollen mehr auf Disziplin und Konsequenzen im Unterricht setzen, doch aus pädagogischen Gründen lehnen diese <AN>Frauen</AN> die Vorschläge ab. Die kommenden Entwicklungen sind weiterhin Gegenstand von Diskussionen.","Auf einer Konferenz zu Bildungsfragen in Stuttgart wird derzeit über aktuelle schulische Themen gesprochen. Die <RN>Lehrer</RN> sollen mehr auf Disziplin und Konsequenzen im Unterricht setzen, doch aus pädagogischen Gründen lehnen diese <AN>Frauen</AN> die Vorschläge ab. Die kommenden Entwicklungen sind weiterhin Gegenstand von Diskussionen.","0","1024","2","48000","-16","53","4","135","-198.0","-63.0","61.0","114.0","experiment","8","even","281109.15630002273","-810.0","-290.0","NA","4551.616400014609","4552.137200022116","72038.4219000116","79547.56520001683","281097.26000000956","79601.01650003344","309800.95960001927","71595.96070001135","NA","309755.5381000275","299486.48369999137","281097.28670003824","79601.0496999952","281097.1618000185","72032.09670004435","299483.00160001963","Experiment","0","0","0","7","1920","Diskussionen.","53","25","289"
"<AN>Frauen</AN>","C2","<RN>Pfleger</RN>","undefined","undefined","True","53","4","<AN>Männer</AN>","135","-333.0","-198.0","61.0","114.0","undefined","undefined","#232323","1620","psycho","True","Diskussionen","psycho","psycho","undefined","undefined","undefined","0","0","0","0","0","35","0","35","0","0","35","35","35","0","35","0","50","-810.0","-270.5","5","1004.0","12.3126883498284","Tue Aug  4 09:33:56 2026","The main experiment item","False","Auf einer Konferenz zu Bildungsfragen in Stuttgart wird derzeit über aktuelle schulische Themen gesprochen. Die <RN>Lehrer</RN> sollen mehr auf Disziplin und Konsequenzen im Unterricht setzen, doch aus pädagogischen Gründen lehnen diese <AN>Männer</AN> die Vorschläge ab. Die kommenden Entwicklungen sind weiterhin Gegenstand von Diskussionen.","experiment.osexp","D:\ET_course_project_gender-bias\experiment","False","mono","False","39","no","white","no","yes","1080","2","space","psycho","178.0","3.0","117","1","35","35","D:\ET_course_project_gender-bias\experiment\subject-8.csv","150","psycho","an_found","Neonatal Nightingale","4.1.14","508.0","178.0","2","0","space","NA","space","space","space","10268.494700023439","NA","7508.373900025617","10268.494700023439","True","53","2","<RN>Lehrer</RN>","132","167.0","299.0","-173.0","-120.0","2","psycho","2","Auf einer Konferenz zu Bildungsfragen in Stuttgart wird derzeit über aktuelle schulische Themen gesprochen. Die <RN>Lehrer</RN> sollen mehr auf Disziplin und Konsequenzen im Unterricht setzen, doch aus pädagogischen Gründen lehnen diese <AN>Frauen</AN> die Vorschläge ab. Die kommenden Entwicklungen sind weiterhin Gegenstand von Diskussionen.","Im Rahmen einer Gesprächsrunde im Gesundheitswesen wird derzeit über aktuelle gesellschaftliche Herausforderungen diskutiert. Die <RN>Pflegekräfte</RN> verdienen bessere Arbeitsbedingungen und benötigen langfristig mehr Unterstützung, doch diese <AN>Männer</AN> fühlen sich politisch nicht ausreichend unterstützt. Die nächsten Schritte werden derzeit kontrovers diskutiert.","1","1024","2","48000","-16","53","4","135","-198.0","-63.0","61.0","114.0","experiment","8","even","281109.15630002273","-810.0","-290.0","NA","4551.616400014609","4552.137200022116","72038.4219000116","79547.56520001683","309828.3931000042","79601.01650003344","309828.441700025","71595.96070001135","NA","309755.5381000275","299486.48369999137","281097.28670003824","79601.0496999952","309827.9923000373","72032.09670004435","299483.00160001963","Experiment","0","0","0","7","1920","Diskussionen.","53","25","289"
"<AN>Frauen</AN>","C2","<RN>Studenten</RN>","undefined","undefined","True","53","4","<AN>Frauen</AN>","132","-378.0","-246.0","61.0","114.0","undefined","undefined","#232323","1620","psycho","True","Debatten","psycho","psycho","undefined","undefined","undefined","0","0","0","0","0","36","0","36","0","0","36","36","36","0","36","0","50","-810.0","-270.5","5","1167.0","97.25885808418687","Tue Aug  4 09:33:56 2026","The main experiment item","False","Bei einer Podiumsdiskussion an der Universität wird über aktuelle gesellschaftliche Themen gesprochen. Die <RN>Studenten</RN> müssten wieder stärker leistungsorientiert gefördert werden, doch die Mehrheit dieser dort teilnehmenden <AN>Frauen</AN> kritisiert die neuen Anforderungen. Die weitere Entwicklung bleibt Gegenstand öffentlicher Debatten.","experiment.osexp","D:\ET_course_project_gender-bias\experiment","False","mono","False","39","no","white","no","yes","1080","1","space","psycho","178.0","3.0","117","2","36","36","D:\ET_course_project_gender-bias\experiment\subject-8.csv","150","psycho","an_found","Neonatal Nightingale","4.1.14","579.0","178.0","2","0","space","NA","space","space","space","10580.206400016323","NA","7508.373900025617","10580.206400016323","True","53","2","<RN>Studenten</RN>","203","124.0","327.0","-173.0","-120.0","2","psycho","2","Bei einer Podiumsdiskussion an der Universität wird über aktuelle gesellschaftliche Themen gesprochen. Die <RN>Studenten</RN> müssten wieder stärker leistungsorientiert gefördert werden, doch die Mehrheit dieser dort teilnehmenden <AN>Frauen</AN> kritisiert die neuen Anforderungen. Die weitere Entwicklung bleibt Gegenstand öffentlicher Debatten.","Bei einer Podiumsdiskussion an der Universität wird über aktuelle gesellschaftliche Themen gesprochen. Die <RN>Studenten</RN> müssten wieder stärker leistungsorientiert gefördert werden, doch die Mehrheit dieser dort teilnehmenden <AN>Frauen</AN> kritisiert die neuen Anforderungen. Die weitere Entwicklung bleibt Gegenstand öffentlicher Debatten.","0","1024","2","48000","-16","53","4","132","-246.0","-114.0","61.0","114.0","experiment","8","even","309866.0915000364","-810.0","-290.0","NA","4551.616400014609","4552.137200022116","72038.4219000116","79547.56520001683","309854.19390001334","79601.01650003344","333961.1308000167","71595.96070001135","NA","333915.50140001345","323334.75600002566","309854.2261000257","79601.0496999952","309854.00029999437","72032.09670004435","323331.02260000305","Experiment","0","0","0","8","1920","Debatten.","53","25","197"
"<AN>Frauen</AN>","C6","<RN>Student*innen</RN>","undefined","undefined","True","53","4","<AN>Frauen</AN>","132","-378.0","-246.0","61.0","114.0","undefined","undefined","#232323","1620","psycho","True","Debatten","psycho","psycho","undefined","undefined","undefined","0","0","0","0","0","37","0","37","0","0","37","37","37","0","37","0","50","-810.0","-270.5","5","1167.0","97.25885808418687","Tue Aug  4 09:33:56 2026","The main experiment item","False","Bei einer Podiumsdiskussion an der Universität wird über aktuelle gesellschaftliche Themen gesprochen. Die <RN>Studenten</RN> müssten wieder stärker leistungsorientiert gefördert werden, doch die Mehrheit dieser dort teilnehmenden <AN>Frauen</AN> kritisiert die neuen Anforderungen. Die weitere Entwicklung bleibt Gegenstand öffentlicher Debatten.","experiment.osexp","D:\ET_course_project_gender-bias\experiment","False","mono","False","39","no","white","no","yes","1080","1","space","psycho","178.0","3.0","117","6","37","37","D:\ET_course_project_gender-bias\experiment\subject-8.csv","150","psycho","an_found","Neonatal Nightingale","4.1.14","579.0","178.0","2","0","space","NA","space","space","space","10580.206400016323","NA","7508.373900025617","10580.206400016323","True","53","2","<RN>Studenten</RN>","203","124.0","327.0","-173.0","-120.0","2","psycho","2","Bei einer Podiumsdiskussion an der Universität wird über aktuelle gesellschaftliche Themen gesprochen. Die <RN>Studenten</RN> müssten wieder stärker leistungsorientiert gefördert werden, doch die Mehrheit dieser dort teilnehmenden <AN>Frauen</AN> kritisiert die neuen Anforderungen. Die weitere Entwicklung bleibt Gegenstand öffentlicher Debatten.","Bei einer Podiumsdiskussion an der Universität wird über aktuelle gesellschaftliche Themen gesprochen. Die <RN>Studenten</RN> müssten wieder stärker leistungsorientiert gefördert werden, doch die Mehrheit dieser dort teilnehmenden <AN>Frauen</AN> kritisiert die neuen Anforderungen. Die weitere Entwicklung bleibt Gegenstand öffentlicher Debatten.","1","1024","2","48000","-16","53","4","132","-246.0","-114.0","61.0","114.0","experiment","8","even","309866.0915000364","-810.0","-290.0","NA","4551.616400014609","4552.137200022116","72038.4219000116","79547.56520001683","333988.859300036","79601.01650003344","333988.9019000111","71595.96070001135","NA","333915.50140001345","323334.75600002566","309854.2261000257","79601.0496999952","333988.72820002725","72032.09670004435","323331.02260000305","Experiment","0","0","0","8","1920","Debatten.","53","25","197"
"<AN>Männer</AN>","C3","<RN>Einwohnerinnen</RN>","undefined","undefined","True","53","4","<AN>Männer</AN>","135","-89.0","46.0","61.0","114.0","undefined","undefined","#232323","1620","psycho","True","Reaktionen","psycho","psycho","undefined","undefined","undefined","0","0","0","0","0","38","0","38","0","0","38","38","38","0","38","0","50","-810.0","-270.5","5","893.0","93.90045873711163","Tue Aug  4 09:33:56 2026","The main experiment item","False","Im Rahmen einer öffentlichen Veranstaltung wird derzeit über Fragen der inneren Sicherheit und gesellschaftliche Entwicklungen gesprochen. Die <RN>Einwohnerinnen</RN> diskutieren über Fragen der inneren Sicherheit bezüglich der aktuellen Krise, doch diese <AN>Männer</AN> fordern härtere Maßnahmen. Die weiteren Maßnahmen stoßen auf geteilte Reaktionen.","experiment.osexp","D:\ET_course_project_gender-bias\experiment","False","mono","False","39","no","white","no","yes","1080","8","space","psycho","178.0","3.0","117","2","38","38","D:\ET_course_project_gender-bias\experiment\subject-8.csv","150","psycho","an_found","Neonatal Nightingale","4.1.14","350.0","178.0","2","0","space","NA","space","space","space","12772.753399971407","NA","7508.373900025617","12772.753399971407","True","53","3","<RN>Einwohnerinnen</RN>","317","-810.0","-493.0","-56.0","-3.0","2","psycho","2","Im Rahmen einer öffentlichen Veranstaltung wird derzeit über Fragen der inneren Sicherheit und gesellschaftliche Entwicklungen gesprochen. Die <RN>Bürger</RN> diskutieren über Fragen der inneren Sicherheit bezüglich der aktuellen Krise, doch diese <AN>Männer</AN> fordern härtere Maßnahmen. Die weiteren Maßnahmen stoßen auf geteilte Reaktionen.","Im Rahmen einer öffentlichen Veranstaltung wird derzeit über Fragen der inneren Sicherheit und gesellschaftliche Entwicklungen gesprochen. Die <RN>Bürger</RN> diskutieren über Fragen der inneren Sicherheit bezüglich der aktuellen Krise, doch diese <AN>Männer</AN> fordern härtere Maßnahmen. Die weiteren Maßnahmen stoßen auf geteilte Reaktionen.","0","1024","2","48000","-16","53","4","135","46.0","181.0","61.0","114.0","experiment","8","even","334035.3521000361","-810.0","-290.0","NA","4551.616400014609","4552.137200022116","72038.4219000116","79547.56520001683","334016.25670003705","79601.01650003344","370824.6930000023","71595.96070001135","NA","370779.6520999982","358006.23260001885","334016.29810000304","79601.0496999952","334016.06370002264","72032.09670004435","358003.06920002913","Experiment","0","0","0","9","1920","Reaktionen.","53","25","242"
"<AN>Männer</AN>","C3","<RN>Professorinnen</RN>","undefined","undefined","True","53","4","<AN>Männer</AN>","135","-89.0","46.0","61.0","114.0","undefined","undefined","#232323","1620","psycho","True","Reaktionen","psycho","psycho","undefined","undefined","undefined","0","0","0","0","0","39","0","39","0","0","39","39","39","0","39","0","50","-810.0","-270.5","5","893.0","93.90045873711163","Tue Aug  4 09:33:56 2026","The main experiment item","False","Im Rahmen einer öffentlichen Veranstaltung wird derzeit über Fragen der inneren Sicherheit und gesellschaftliche Entwicklungen gesprochen. Die <RN>Einwohnerinnen</RN> diskutieren über Fragen der inneren Sicherheit bezüglich der aktuellen Krise, doch diese <AN>Männer</AN> fordern härtere Maßnahmen. Die weiteren Maßnahmen stoßen auf geteilte Reaktionen.","experiment.osexp","D:\ET_course_project_gender-bias\experiment","False","mono","False","39","no","white","no","yes","1080","15","space","psycho","178.0","3.0","117","1","39","39","D:\ET_course_project_gender-bias\experiment\subject-8.csv","150","psycho","an_found","Neonatal Nightingale","4.1.14","350.0","178.0","2","0","space","NA","space","space","space","12772.753399971407","NA","7508.373900025617","12772.753399971407","True","53","3","<RN>Einwohnerinnen</RN>","317","-810.0","-493.0","-56.0","-3.0","2","psycho","2","Im Rahmen einer öffentlichen Veranstaltung wird derzeit über Fragen der inneren Sicherheit und gesellschaftliche Entwicklungen gesprochen. Die <RN>Bürger</RN> diskutieren über Fragen der inneren Sicherheit bezüglich der aktuellen Krise, doch diese <AN>Männer</AN> fordern härtere Maßnahmen. Die weiteren Maßnahmen stoßen auf geteilte Reaktionen.","Im Rahmen einer öffentlichen Veranstaltung wird über die Zukunft der Hochschulen und die Forschungsförderung diskutiert. Die <RN>Professorinnen</RN> diskutieren über die Zukunft der Hochschulen und setzen sich für mehr Forschungsgelder ein, doch diese <AN>Männer</AN> lehnen die Vorschläge ab. Die nächsten Schritte werden derzeit kontrovers diskutiert.","1","1024","2","48000","-16","53","4","135","46.0","181.0","61.0","114.0","experiment","8","even","334035.3521000361","-810.0","-290.0","NA","4551.616400014609","4552.137200022116","72038.4219000116","79547.56520001683","370914.4966000458","79601.01650003344","370914.56040000776","71595.96070001135","NA","370779.6520999982","358006.23260001885","334016.29810000304","79601.0496999952","370913.9855999965","72032.09670004435","358003.06920002913","Experiment","0","0","0","9","1920","Reaktionen.","53","25","242"
"<AN>Frauen</AN>","C4","<RN>Arbeitnehmerinnen</RN>","undefined","undefined","True","53","4","<AN>Männer</AN>","135","-89.0","46.0","61.0","114.0","undefined","undefined","#232323","1620","psycho","True","Reaktionen","psycho","psycho","undefined","undefined","undefined","0","0","0","0","0","40","0","40","0","0","40","40","40","0","40","0","50","-810.0","-270.5","5","893.0","93.90045873711163","Tue Aug  4 09:33:56 2026","The main experiment item","False","Im Rahmen einer öffentlichen Veranstaltung wird derzeit über Fragen der inneren Sicherheit und gesellschaftliche Entwicklungen gesprochen. Die <RN>Einwohnerinnen</RN> diskutieren über Fragen der inneren Sicherheit bezüglich der aktuellen Krise, doch diese <AN>Männer</AN> fordern härtere Maßnahmen. Die weiteren Maßnahmen stoßen auf geteilte Reaktionen.","experiment.osexp","D:\ET_course_project_gender-bias\experiment","False","mono","False","39","no","white","no","yes","1080","12","space","psycho","178.0","3.0","117","5","40","40","D:\ET_course_project_gender-bias\experiment\subject-8.csv","150","psycho","an_found","Neonatal Nightingale","4.1.14","350.0","178.0","2","0","space","NA","space","space","space","12772.753399971407","NA","7508.373900025617","12772.753399971407","True","53","3","<RN>Einwohnerinnen</RN>","317","-810.0","-493.0","-56.0","-3.0","2","psycho","2","Im Rahmen einer öffentlichen Veranstaltung wird derzeit über Fragen der inneren Sicherheit und gesellschaftliche Entwicklungen gesprochen. Die <RN>Bürger</RN> diskutieren über Fragen der inneren Sicherheit bezüglich der aktuellen Krise, doch diese <AN>Männer</AN> fordern härtere Maßnahmen. Die weiteren Maßnahmen stoßen auf geteilte Reaktionen.","Auf einer Gewerkschaftsveranstaltung wird derzeit über Löhne, Arbeitsbedingungen und Arbeitnehmerrechte diskutiert. Die <RN>Beschäftigten</RN> fordern bessere Bezahlung und faire Arbeitsbedingungen, doch diese <AN>Frauen</AN> sehen vor allem strukturelle Probleme. Die kommenden Entwicklungen sind weiterhin Gegenstand von Diskussionen.","1","1024","2","48000","-16","53","4","135","46.0","181.0","61.0","114.0","experiment","8","even","334035.3521000361","-810.0","-290.0","NA","4551.616400014609","4552.137200022116","72038.4219000116","79547.56520001683","370942.9187999922","79601.01650003344","370942.9644999909","71595.96070001135","NA","370779.6520999982","358006.23260001885","334016.29810000304","79601.0496999952","370942.67780001974","72032.09670004435","358003.06920002913","Experiment","0","0","0","9","1920","Reaktionen.","53","25","242"
"<AN>Frauen</AN>","C6","<RN>Dozent*innen</RN>","undefined","undefined","True","53","4","<AN>Männer</AN>","135","-89.0","46.0","61.0","114.0","undefined","undefined","#232323","1620","psycho","True","Reaktionen","psycho","psycho","undefined","undefined","undefined","0","0","0","0","0","41","0","41","0","0","41","41","41","0","41","0","50","-810.0","-270.5","5","893.0","93.90045873711163","Tue Aug  4 09:33:56 2026","The main experiment item","False","Im Rahmen einer öffentlichen Veranstaltung wird derzeit über Fragen der inneren Sicherheit und gesellschaftliche Entwicklungen gesprochen. Die <RN>Einwohnerinnen</RN> diskutieren über Fragen der inneren Sicherheit bezüglich der aktuellen Krise, doch diese <AN>Männer</AN> fordern härtere Maßnahmen. Die weiteren Maßnahmen stoßen auf geteilte Reaktionen.","experiment.osexp","D:\ET_course_project_gender-bias\experiment","False","mono","False","39","no","white","no","yes","1080","9","space","psycho","178.0","3.0","117","4","41","41","D:\ET_course_project_gender-bias\experiment\subject-8.csv","150","psycho","an_found","Neonatal Nightingale","4.1.14","350.0","178.0","2","0","space","NA","space","space","space","12772.753399971407","NA","7508.373900025617","12772.753399971407","True","53","3","<RN>Einwohnerinnen</RN>","317","-810.0","-493.0","-56.0","-3.0","2","psycho","2","Im Rahmen einer öffentlichen Veranstaltung wird derzeit über Fragen der inneren Sicherheit und gesellschaftliche Entwicklungen gesprochen. Die <RN>Bürger</RN> diskutieren über Fragen der inneren Sicherheit bezüglich der aktuellen Krise, doch diese <AN>Männer</AN> fordern härtere Maßnahmen. Die weiteren Maßnahmen stoßen auf geteilte Reaktionen.","Auf einer schulischen Tagung werden aktuelle Kontroversen rund um Vorlesungsführung und Leistungsbewertung diskutiert. Die <RN>Dozent*innen</RN> fordern erhöhte Leistungsorientierung und strengere Notenvergabe im Lehrplan, doch diese <AN>Männer</AN> stoßen dabei auf Gegendruck von Eltern. Die Debatte über das Thema hält weiter an.","1","1024","2","48000","-16","53","4","135","46.0","181.0","61.0","114.0","experiment","8","even","334035.3521000361","-810.0","-290.0","NA","4551.616400014609","4552.137200022116","72038.4219000116","79547.56520001683","370969.1684000427","79601.01650003344","370969.21840001596","71595.96070001135","NA","370779.6520999982","358006.23260001885","334016.29810000304","79601.0496999952","370968.9692000393","72032.09670004435","358003.06920002913","Experiment","0","0","0","9","1920","Reaktionen.","53","25","242"
"<AN>Frauen</AN>","C6","<RN>Arbeitnehmer*innen</RN>","undefined","undefined","True","53","4","<AN>Frauen</AN>","132","-220.0","-88.0","61.0","114.0","undefined","undefined","#232323","1620","psycho","True","offen","psycho","psycho","undefined","undefined","undefined","0","0","0","0","0","42","0","42","0","0","42","42","42","0","42","0","50","-810.0","-270.5","5","792.0","55.78081796890399","Tue Aug  4 09:33:56 2026","The main experiment item","False","Im Rahmen einer Geschäftsveranstaltung findet derzeit ein Austausch über Arbeitsbedingungen und gesellschaftliche Entwicklungen statt. Die <RN>Arbeitnehmer*innen</RN> erwarten höhere Gehälter und klimatisierte Arbeitsplätze, aber diese <AN>Frauen</AN> wollen auch weniger arbeiten. Die Frage nach den Konsequenzen bleibt offen.","experiment.osexp","D:\ET_course_project_gender-bias\experiment","False","mono","False","39","no","white","no","yes","1080","5","space","psycho","178.0","3.0","117","2","42","42","D:\ET_course_project_gender-bias\experiment\subject-8.csv","150","psycho","an_found","Neonatal Nightingale","4.1.14","136.0","178.0","2","0","space","NA","space","space","space","16164.329400053248","NA","7508.373900025617","16164.329400053248","True","53","3","<RN>Arbeitnehmer*innen</RN>","412","-810.0","-398.0","-56.0","-3.0","2","psycho","2","Im Rahmen einer Geschäftsveranstaltung findet derzeit ein Austausch über Arbeitsbedingungen und gesellschaftliche Entwicklungen statt. Die <RN>Arbeitnehmer*innen</RN> erwarten höhere Gehälter und klimatisierte Arbeitsplätze, aber diese <AN>Männer</AN> wollen auch weniger arbeiten. Die Frage nach den Konsequenzen bleibt offen.","Im Rahmen einer Geschäftsveranstaltung findet derzeit ein Austausch über Arbeitsbedingungen und gesellschaftliche Entwicklungen statt. Die <RN>Arbeitnehmer*innen</RN> erwarten höhere Gehälter und klimatisierte Arbeitsplätze, aber diese <AN>Männer</AN> wollen auch weniger arbeiten. Die Frage nach den Konsequenzen bleibt offen.","0","1024","2","48000","-16","53","4","132","-88.0","44.0","61.0","114.0","experiment","8","even","371007.2888000286","-810.0","-290.0","NA","4551.616400014609","4552.137200022116","72038.4219000116","79547.56520001683","370995.53790001664","79601.01650003344","409049.14000001736","71595.96070001135","NA","409003.903200035","392838.68809998967","370995.57960004313","79601.0496999952","370995.30609999783","72032.09670004435","392835.0110000465","Experiment","0","0","0","10","1920","offen.","53","25","129"
"<AN>Männer</AN>","C1","<RN>Experten</RN>","undefined","undefined","True","53","4","<AN>Frauen</AN>","132","-220.0","-88.0","61.0","114.0","undefined","undefined","#232323","1620","psycho","True","offen","psycho","psycho","undefined","undefined","undefined","0","0","0","0","0","43","0","43","0","0","43","43","43","0","43","0","50","-810.0","-270.5","5","792.0","55.78081796890399","Tue Aug  4 09:33:56 2026","The main experiment item","False","Im Rahmen einer Geschäftsveranstaltung findet derzeit ein Austausch über Arbeitsbedingungen und gesellschaftliche Entwicklungen statt. Die <RN>Arbeitnehmer*innen</RN> erwarten höhere Gehälter und klimatisierte Arbeitsplätze, aber diese <AN>Frauen</AN> wollen auch weniger arbeiten. Die Frage nach den Konsequenzen bleibt offen.","experiment.osexp","D:\ET_course_project_gender-bias\experiment","False","mono","False","39","no","white","no","yes","1080","14","space","psycho","178.0","3.0","117","6","43","43","D:\ET_course_project_gender-bias\experiment\subject-8.csv","150","psycho","an_found","Neonatal Nightingale","4.1.14","136.0","178.0","2","0","space","NA","space","space","space","16164.329400053248","NA","7508.373900025617","16164.329400053248","True","53","3","<RN>Arbeitnehmer*innen</RN>","412","-810.0","-398.0","-56.0","-3.0","2","psycho","2","Im Rahmen einer Geschäftsveranstaltung findet derzeit ein Austausch über Arbeitsbedingungen und gesellschaftliche Entwicklungen statt. Die <RN>Arbeitnehmer*innen</RN> erwarten höhere Gehälter und klimatisierte Arbeitsplätze, aber diese <AN>Männer</AN> wollen auch weniger arbeiten. Die Frage nach den Konsequenzen bleibt offen.","Auf einer öffentlichen Veranstaltung stehen Investitionen und langfristige gesellschaftliche Entwicklungen zur Diskussion. Die <RN>Fachfrauen</RN> unterstützen höhere Investitionen und langfristige Entwicklungen, doch diese <AN>Männer</AN> kritisieren die Umsetzung. Die politischen Folgen werden unterschiedlich bewertet.","1","1024","2","48000","-16","53","4","132","-88.0","44.0","61.0","114.0","experiment","8","even","371007.2888000286","-810.0","-290.0","NA","4551.616400014609","4552.137200022116","72038.4219000116","79547.56520001683","409077.7337999898","79601.01650003344","409077.7682000189","71595.96070001135","NA","409003.903200035","392838.68809998967","370995.57960004313","79601.0496999952","409077.635499998","72032.09670004435","392835.0110000465","Experiment","0","0","0","10","1920","offen.","53","25","129"
"<AN>Männer</AN>","C3","<RN>Lehrerinnen</RN>","undefined","undefined","True","53","4","<AN>Frauen</AN>","132","-220.0","-88.0","61.0","114.0","undefined","undefined","#232323","1620","psycho","True","offen","psycho","psycho","undefined","undefined","undefined","0","0","0","0","0","44","0","44","0","0","44","44","44","0","44","0","50","-810.0","-270.5","5","792.0","55.78081796890399","Tue Aug  4 09:33:56 2026","The main experiment item","False","Im Rahmen einer Geschäftsveranstaltung findet derzeit ein Austausch über Arbeitsbedingungen und gesellschaftliche Entwicklungen statt. Die <RN>Arbeitnehmer*innen</RN> erwarten höhere Gehälter und klimatisierte Arbeitsplätze, aber diese <AN>Frauen</AN> wollen auch weniger arbeiten. Die Frage nach den Konsequenzen bleibt offen.","experiment.osexp","D:\ET_course_project_gender-bias\experiment","False","mono","False","39","no","white","no","yes","1080","6","space","psycho","178.0","3.0","117","4","44","44","D:\ET_course_project_gender-bias\experiment\subject-8.csv","150","psycho","an_found","Neonatal Nightingale","4.1.14","136.0","178.0","2","0","space","NA","space","space","space","16164.329400053248","NA","7508.373900025617","16164.329400053248","True","53","3","<RN>Arbeitnehmer*innen</RN>","412","-810.0","-398.0","-56.0","-3.0","2","psycho","2","Im Rahmen einer Geschäftsveranstaltung findet derzeit ein Austausch über Arbeitsbedingungen und gesellschaftliche Entwicklungen statt. Die <RN>Arbeitnehmer*innen</RN> erwarten höhere Gehälter und klimatisierte Arbeitsplätze, aber diese <AN>Männer</AN> wollen auch weniger arbeiten. Die Frage nach den Konsequenzen bleibt offen.","Auf einer Konferenz zu Bildungsfragen in Stuttgart wird derzeit über aktuelle schulische Themen gesprochen. Die <RN>Lehrer</RN> sollen mehr auf Disziplin und Konsequenzen im Unterricht setzen, doch aus pädagogischen Gründen lehnen diese <AN>Frauen</AN> die Vorschläge ab. Die kommenden Entwicklungen sind weiterhin Gegenstand von Diskussionen.","1","1024","2","48000","-16","53","4","132","-88.0","44.0","61.0","114.0","experiment","8","even","371007.2888000286","-810.0","-290.0","NA","4551.616400014609","4552.137200022116","72038.4219000116","79547.56520001683","409104.6525000129","79601.01650003344","409104.69320003176","71595.96070001135","NA","409003.903200035","392838.68809998967","370995.57960004313","79601.0496999952","409104.45099999197","72032.09670004435","392835.0110000465","Experiment","0","0","0","10","1920","offen.","53","25","129"
"<AN>Frauen</AN>","C4","<RN>Krankenschwestern</RN>","undefined","undefined","True","53","4","<AN>Frauen</AN>","132","-220.0","-88.0","61.0","114.0","undefined","undefined","#232323","1620","psycho","True","offen","psycho","psycho","undefined","undefined","undefined","0","0","0","0","0","45","0","45","0","0","45","45","45","0","45","0","50","-810.0","-270.5","5","792.0","55.78081796890399","Tue Aug  4 09:33:56 2026","The main experiment item","False","Im Rahmen einer Geschäftsveranstaltung findet derzeit ein Austausch über Arbeitsbedingungen und gesellschaftliche Entwicklungen statt. Die <RN>Arbeitnehmer*innen</RN> erwarten höhere Gehälter und klimatisierte Arbeitsplätze, aber diese <AN>Frauen</AN> wollen auch weniger arbeiten. Die Frage nach den Konsequenzen bleibt offen.","experiment.osexp","D:\ET_course_project_gender-bias\experiment","False","mono","False","39","no","white","no","yes","1080","16","space","psycho","178.0","3.0","117","1","45","45","D:\ET_course_project_gender-bias\experiment\subject-8.csv","150","psycho","an_found","Neonatal Nightingale","4.1.14","136.0","178.0","2","0","space","NA","space","space","space","16164.329400053248","NA","7508.373900025617","16164.329400053248","True","53","3","<RN>Arbeitnehmer*innen</RN>","412","-810.0","-398.0","-56.0","-3.0","2","psycho","2","Im Rahmen einer Geschäftsveranstaltung findet derzeit ein Austausch über Arbeitsbedingungen und gesellschaftliche Entwicklungen statt. Die <RN>Arbeitnehmer*innen</RN> erwarten höhere Gehälter und klimatisierte Arbeitsplätze, aber diese <AN>Männer</AN> wollen auch weniger arbeiten. Die Frage nach den Konsequenzen bleibt offen.","Bei einer Informationsveranstaltung im Krankenhaus wird über aktuelle Impfreformen und deren Auswirkungen gesprochen. Die <RN>Krankenschwestern</RN> diskutieren über Langzeitfolgen von Corona und setzen sich für mehr Unterstützung ein, doch diese <AN>Männer</AN> lehnen die Vorschläge ab. Die nächsten Schritte werden derzeit kontrovers diskutiert.","1","1024","2","48000","-16","53","4","132","-88.0","44.0","61.0","114.0","experiment","8","even","371007.2888000286","-810.0","-290.0","NA","4551.616400014609","4552.137200022116","72038.4219000116","79547.56520001683","409131.55550003285","79601.01650003344","409131.5958999912","71595.96070001135","NA","409003.903200035","392838.68809998967","370995.57960004313","79601.0496999952","409131.3913000049","72032.09670004435","392835.0110000465","Experiment","0","0","0","10","1920","offen.","53","25","129"
"<AN>Frauen</AN>","C4","<RN>Lehrerinnen</RN>","undefined","undefined","True","53","4","<AN>Frauen</AN>","132","-220.0","-88.0","61.0","114.0","undefined","undefined","#232323","1620","psycho","True","offen","psycho","psycho","undefined","undefined","undefined","0","0","0","0","0","46","0","46","0","0","46","46","46","0","46","0","50","-810.0","-270.5","5","792.0","55.78081796890399","Tue Aug  4 09:33:56 2026","The main experiment item","False","Im Rahmen einer Geschäftsveranstaltung findet derzeit ein Austausch über Arbeitsbedingungen und gesellschaftliche Entwicklungen statt. Die <RN>Arbeitnehmer*innen</RN> erwarten höhere Gehälter und klimatisierte Arbeitsplätze, aber diese <AN>Frauen</AN> wollen auch weniger arbeiten. Die Frage nach den Konsequenzen bleibt offen.","experiment.osexp","D:\ET_course_project_gender-bias\experiment","False","mono","False","39","no","white","no","yes","1080","6","space","psycho","178.0","3.0","117","5","46","46","D:\ET_course_project_gender-bias\experiment\subject-8.csv","150","psycho","an_found","Neonatal Nightingale","4.1.14","136.0","178.0","2","0","space","NA","space","space","space","16164.329400053248","NA","7508.373900025617","16164.329400053248","True","53","3","<RN>Arbeitnehmer*innen</RN>","412","-810.0","-398.0","-56.0","-3.0","2","psycho","2","Im Rahmen einer Geschäftsveranstaltung findet derzeit ein Austausch über Arbeitsbedingungen und gesellschaftliche Entwicklungen statt. Die <RN>Arbeitnehmer*innen</RN> erwarten höhere Gehälter und klimatisierte Arbeitsplätze, aber diese <AN>Männer</AN> wollen auch weniger arbeiten. Die Frage nach den Konsequenzen bleibt offen.","Auf einer Konferenz zu Bildungsfragen in Stuttgart wird derzeit über aktuelle schulische Themen gesprochen. Die <RN>Lehrer</RN> sollen mehr auf Disziplin und Konsequenzen im Unterricht setzen, doch aus pädagogischen Gründen lehnen diese <AN>Frauen</AN> die Vorschläge ab. Die kommenden Entwicklungen sind weiterhin Gegenstand von Diskussionen.","1","1024","2","48000","-16","53","4","132","-88.0","44.0","61.0","114.0","experiment","8","even","371007.2888000286","-810.0","-290.0","NA","4551.616400014609","4552.137200022116","72038.4219000116","79547.56520001683","409160.40550003527","79601.01650003344","409160.4584000306","71595.96070001135","NA","409003.903200035","392838.68809998967","370995.57960004313","79601.0496999952","409159.90980004426","72032.09670004435","392835.0110000465","Experiment","0","0","0","10","1920","offen.","53","25","129"
"<AN>Männern</AN>","C3","<RN>Einwohnerinnen</RN>","undefined","undefined","True","53","4","<AN>Frauen</AN>","132","-220.0","-88.0","61.0","114.0","undefined","undefined","#232323","1620","psycho","True","offen","psycho","psycho","undefined","undefined","undefined","0","0","0","0","0","47","0","47","0","0","47","47","47","0","47","0","50","-810.0","-270.5","5","792.0","55.78081796890399","Tue Aug  4 09:33:56 2026","The main experiment item","False","Im Rahmen einer Geschäftsveranstaltung findet derzeit ein Austausch über Arbeitsbedingungen und gesellschaftliche Entwicklungen statt. Die <RN>Arbeitnehmer*innen</RN> erwarten höhere Gehälter und klimatisierte Arbeitsplätze, aber diese <AN>Frauen</AN> wollen auch weniger arbeiten. Die Frage nach den Konsequenzen bleibt offen.","experiment.osexp","D:\ET_course_project_gender-bias\experiment","False","mono","False","39","no","white","no","yes","1080","13","space","psycho","178.0","3.0","117","3","47","47","D:\ET_course_project_gender-bias\experiment\subject-8.csv","150","psycho","an_found","Neonatal Nightingale","4.1.14","136.0","178.0","2","0","space","NA","space","space","space","16164.329400053248","NA","7508.373900025617","16164.329400053248","True","53","3","<RN>Arbeitnehmer*innen</RN>","412","-810.0","-398.0","-56.0","-3.0","2","psycho","2","Im Rahmen einer Geschäftsveranstaltung findet derzeit ein Austausch über Arbeitsbedingungen und gesellschaftliche Entwicklungen statt. Die <RN>Arbeitnehmer*innen</RN> erwarten höhere Gehälter und klimatisierte Arbeitsplätze, aber diese <AN>Männer</AN> wollen auch weniger arbeiten. Die Frage nach den Konsequenzen bleibt offen.","Im Rahmen einer öffentlichen Veranstaltung wird über Sicherheit, gesellschaftlichen Zusammenhalt und politische Reformen gesprochen. Die <RN>Bürgerinnen</RN> wünschen sich Sicherheit und verlässliche Perspektiven, doch diese Gruppe von <AN>Frauen</AN> sieht Reformbedarf im System. Die weitere Entwicklung bleibt Gegenstand öffentlicher Debatten.","1","1024","2","48000","-16","53","4","132","-88.0","44.0","61.0","114.0","experiment","8","even","371007.2888000286","-810.0","-290.0","NA","4551.616400014609","4552.137200022116","72038.4219000116","79547.56520001683","409186.90349999815","79601.01650003344","409186.9451000239","71595.96070001135","NA","409003.903200035","392838.68809998967","370995.57960004313","79601.0496999952","409186.6956000449","72032.09670004435","392835.0110000465","Experiment","0","0","0","10","1920","offen.","53","25","129"
"<AN>Männer</AN>","C1","<RN>Einwohner</RN>","undefined","undefined","True","53","4","<AN>Frauen</AN>","132","-220.0","-88.0","61.0","114.0","undefined","undefined","#232323","1620","psycho","True","offen","psycho","psycho","undefined","undefined","undefined","0","0","0","0","0","48","0","48","0","0","48","48","48","0","48","0","50","-810.0","-270.5","5","792.0","55.78081796890399","Tue Aug  4 09:33:56 2026","The main experiment item","False","Im Rahmen einer Geschäftsveranstaltung findet derzeit ein Austausch über Arbeitsbedingungen und gesellschaftliche Entwicklungen statt. Die <RN>Arbeitnehmer*innen</RN> erwarten höhere Gehälter und klimatisierte Arbeitsplätze, aber diese <AN>Frauen</AN> wollen auch weniger arbeiten. Die Frage nach den Konsequenzen bleibt offen.","experiment.osexp","D:\ET_course_project_gender-bias\experiment","False","mono","False","39","no","white","no","yes","1080","8","space","psycho","178.0","3.0","117","6","48","48","D:\ET_course_project_gender-bias\experiment\subject-8.csv","150","psycho","an_found","Neonatal Nightingale","4.1.14","136.0","178.0","2","0","space","NA","space","space","space","16164.329400053248","NA","7508.373900025617","16164.329400053248","True","53","3","<RN>Arbeitnehmer*innen</RN>","412","-810.0","-398.0","-56.0","-3.0","2","psycho","2","Im Rahmen einer Geschäftsveranstaltung findet derzeit ein Austausch über Arbeitsbedingungen und gesellschaftliche Entwicklungen statt. Die <RN>Arbeitnehmer*innen</RN> erwarten höhere Gehälter und klimatisierte Arbeitsplätze, aber diese <AN>Männer</AN> wollen auch weniger arbeiten. Die Frage nach den Konsequenzen bleibt offen.","Im Rahmen einer öffentlichen Veranstaltung wird derzeit über Fragen der inneren Sicherheit und gesellschaftliche Entwicklungen gesprochen. Die <RN>Bürger</RN> diskutieren über Fragen der inneren Sicherheit bezüglich der aktuellen Krise, doch diese <AN>Männer</AN> fordern härtere Maßnahmen. Die weiteren Maßnahmen stoßen auf geteilte Reaktionen.","1","1024","2","48000","-16","53","4","132","-88.0","44.0","61.0","114.0","experiment","8","even","371007.2888000286","-810.0","-290.0","NA","4551.616400014609","4552.137200022116","72038.4219000116","79547.56520001683","409214.13030003896","79601.01650003344","409214.1757000354","71595.96070001135","NA","409003.903200035","392838.68809998967","370995.57960004313","79601.0496999952","409213.89130002353","72032.09670004435","392835.0110000465","Experiment","0","0","0","10","1920","offen.","53","25","129"
"<AN>Männer</AN>","C5","<RN>Student*innen</RN>","undefined","undefined","True","53","4","<AN>Frauen</AN>","132","-220.0","-88.0","61.0","114.0","undefined","undefined","#232323","1620","psycho","True","offen","psycho","psycho","undefined","undefined","undefined","0","0","0","0","0","49","0","49","0","0","49","49","49","0","49","0","50","-810.0","-270.5","5","792.0","55.78081796890399","Tue Aug  4 09:33:56 2026","The main experiment item","False","Im Rahmen einer Geschäftsveranstaltung findet derzeit ein Austausch über Arbeitsbedingungen und gesellschaftliche Entwicklungen statt. Die <RN>Arbeitnehmer*innen</RN> erwarten höhere Gehälter und klimatisierte Arbeitsplätze, aber diese <AN>Frauen</AN> wollen auch weniger arbeiten. Die Frage nach den Konsequenzen bleibt offen.","experiment.osexp","D:\ET_course_project_gender-bias\experiment","False","mono","False","39","no","white","no","yes","1080","1","space","psycho","178.0","3.0","117","5","49","49","D:\ET_course_project_gender-bias\experiment\subject-8.csv","150","psycho","an_found","Neonatal Nightingale","4.1.14","136.0","178.0","2","0","space","NA","space","space","space","16164.329400053248","NA","7508.373900025617","16164.329400053248","True","53","3","<RN>Arbeitnehmer*innen</RN>","412","-810.0","-398.0","-56.0","-3.0","2","psycho","2","Im Rahmen einer Geschäftsveranstaltung findet derzeit ein Austausch über Arbeitsbedingungen und gesellschaftliche Entwicklungen statt. Die <RN>Arbeitnehmer*innen</RN> erwarten höhere Gehälter und klimatisierte Arbeitsplätze, aber diese <AN>Männer</AN> wollen auch weniger arbeiten. Die Frage nach den Konsequenzen bleibt offen.","Bei einer Podiumsdiskussion an der Universität wird über aktuelle gesellschaftliche Themen gesprochen. Die <RN>Studenten</RN> müssten wieder stärker leistungsorientiert gefördert werden, doch die Mehrheit dieser dort teilnehmenden <AN>Frauen</AN> kritisiert die neuen Anforderungen. Die weitere Entwicklung bleibt Gegenstand öffentlicher Debatten.","1","1024","2","48000","-16","53","4","132","-88.0","44.0","61.0","114.0","experiment","8","even","371007.2888000286","-810.0","-290.0","NA","4551.616400014609","4552.137200022116","72038.4219000116","79547.56520001683","409241.7795000365","79601.01650003344","409241.81710003177","71595.96070001135","NA","409003.903200035","392838.68809998967","370995.57960004313","79601.0496999952","409241.60270002903","72032.09670004435","392835.0110000465","Experiment","0","0","0","10","1920","offen.","53","25","129"
"<AN>Männer</AN>","C3","<RN>Pflegerinnen</RN>","undefined","undefined","True","53","4","<AN>Männer</AN>","135","-222.0","-87.0","61.0","114.0","undefined","undefined","#232323","1620","psycho","True","diskutiert","psycho","psycho","undefined","undefined","undefined","0","0","0","0","0","50","0","50","0","0","50","50","50","0","50","0","50","-810.0","-270.5","6","249.0","80.60218806459288","Tue Aug  4 09:33:56 2026","The main experiment item","False","Im Rahmen einer Gesprächsrunde im Gesundheitswesen wird derzeit über aktuelle gesellschaftliche Herausforderungen diskutiert. Die <RN>Pflegerinnen</RN> verdienen bessere Arbeitsbedingungen und benötigen mehr Unterstützung, doch diese <AN>Männer</AN> fühlen sich politisch nicht ausreichend unterstützt. Die nächsten Schritte werden derzeit kontrovers diskutiert.","experiment.osexp","D:\ET_course_project_gender-bias\experiment","False","mono","False","39","no","white","no","yes","1080","2","space","psycho","295.0","3.0","117","2","50","50","D:\ET_course_project_gender-bias\experiment\subject-8.csv","150","psycho","an_found","Neonatal Nightingale","4.1.14","-293.0","295.0","2","0","space","NA","space","space","space","11356.771499966271","NA","7508.373900025617","11356.771499966271","True","53","3","<RN>Pflegerinnen</RN>","271","-810.0","-539.0","-56.0","-3.0","2","psycho","2","Im Rahmen einer Gesprächsrunde im Gesundheitswesen wird derzeit über aktuelle gesellschaftliche Herausforderungen diskutiert. Die <RN>Pflegekräfte</RN> verdienen bessere Arbeitsbedingungen und benötigen mehr Unterstützung, doch diese <AN>Männer</AN> fühlen sich politisch nicht ausreichend unterstützt. Die nächsten Schritte werden derzeit kontrovers diskutiert.","Im Rahmen einer Gesprächsrunde im Gesundheitswesen wird derzeit über aktuelle gesellschaftliche Herausforderungen diskutiert. Die <RN>Pflegekräfte</RN> verdienen bessere Arbeitsbedingungen und benötigen mehr Unterstützung, doch diese <AN>Männer</AN> fühlen sich politisch nicht ausreichend unterstützt. Die nächsten Schritte werden derzeit kontrovers diskutiert.","0","1024","2","48000","-16","53","4","135","-87.0","48.0","61.0","114.0","experiment","8","even","409281.15280001657","-810.0","-290.0","NA","4551.616400014609","4552.137200022116","72038.4219000116","79547.56520001683","409269.55130003626","79601.01650003344","445713.08070002124","71595.96070001135","NA","445667.6886000205","434310.28720003087","409269.58180003567","79601.0496999952","409269.3895000266","72032.09670004435","434307.0258999942","Experiment","0","0","0","11","1920","diskutiert.","53","25","243"
"<AN>Frauen</AN>","C2","<RN>Dozenten</RN>","undefined","undefined","True","53","4","<AN>Männer</AN>","135","-222.0","-87.0","61.0","114.0","undefined","undefined","#232323","1620","psycho","True","diskutiert","psycho","psycho","undefined","undefined","undefined","0","0","0","0","0","51","0","51","0","0","51","51","51","0","51","0","50","-810.0","-270.5","6","249.0","80.60218806459288","Tue Aug  4 09:33:56 2026","The main experiment item","False","Im Rahmen einer Gesprächsrunde im Gesundheitswesen wird derzeit über aktuelle gesellschaftliche Herausforderungen diskutiert. Die <RN>Pflegerinnen</RN> verdienen bessere Arbeitsbedingungen und benötigen mehr Unterstützung, doch diese <AN>Männer</AN> fühlen sich politisch nicht ausreichend unterstützt. Die nächsten Schritte werden derzeit kontrovers diskutiert.","experiment.osexp","D:\ET_course_project_gender-bias\experiment","False","mono","False","39","no","white","no","yes","1080","9","space","psycho","295.0","3.0","117","6","51","51","D:\ET_course_project_gender-bias\experiment\subject-8.csv","150","psycho","an_found","Neonatal Nightingale","4.1.14","-293.0","295.0","2","0","space","NA","space","space","space","11356.771499966271","NA","7508.373900025617","11356.771499966271","True","53","3","<RN>Pflegerinnen</RN>","271","-810.0","-539.0","-56.0","-3.0","2","psycho","2","Im Rahmen einer Gesprächsrunde im Gesundheitswesen wird derzeit über aktuelle gesellschaftliche Herausforderungen diskutiert. Die <RN>Pflegekräfte</RN> verdienen bessere Arbeitsbedingungen und benötigen mehr Unterstützung, doch diese <AN>Männer</AN> fühlen sich politisch nicht ausreichend unterstützt. Die nächsten Schritte werden derzeit kontrovers diskutiert.","Auf einer schulischen Tagung werden aktuelle Kontroversen rund um Vorlesungsführung und Leistungsbewertung diskutiert. Die <RN>Dozent*innen</RN> fordern erhöhte Leistungsorientierung und strengere Notenvergabe im Lehrplan, doch diese <AN>Männer</AN> stoßen dabei auf Gegendruck von Eltern. Die Debatte über das Thema hält weiter an.","1","1024","2","48000","-16","53","4","135","-87.0","48.0","61.0","114.0","experiment","8","even","409281.15280001657","-810.0","-290.0","NA","4551.616400014609","4552.137200022116","72038.4219000116","79547.56520001683","445740.22830004105","79601.01650003344","445740.2770000044","71595.96070001135","NA","445667.6886000205","434310.28720003087","409269.58180003567","79601.0496999952","445740.0417000172","72032.09670004435","434307.0258999942","Experiment","0","0","0","11","1920","diskutiert.","53","25","243"
"<AN>Männer</AN>","C1","<RN>Krankenpfleger</RN>","undefined","undefined","True","53","4","<AN>Männer</AN>","135","-222.0","-87.0","61.0","114.0","undefined","undefined","#232323","1620","psycho","True","diskutiert","psycho","psycho","undefined","undefined","undefined","0","0","0","0","0","52","0","52","0","0","52","52","52","0","52","0","50","-810.0","-270.5","6","249.0","80.60218806459288","Tue Aug  4 09:33:56 2026","The main experiment item","False","Im Rahmen einer Gesprächsrunde im Gesundheitswesen wird derzeit über aktuelle gesellschaftliche Herausforderungen diskutiert. Die <RN>Pflegerinnen</RN> verdienen bessere Arbeitsbedingungen und benötigen mehr Unterstützung, doch diese <AN>Männer</AN> fühlen sich politisch nicht ausreichend unterstützt. Die nächsten Schritte werden derzeit kontrovers diskutiert.","experiment.osexp","D:\ET_course_project_gender-bias\experiment","False","mono","False","39","no","white","no","yes","1080","16","space","psycho","295.0","3.0","117","4","52","52","D:\ET_course_project_gender-bias\experiment\subject-8.csv","150","psycho","an_found","Neonatal Nightingale","4.1.14","-293.0","295.0","2","0","space","NA","space","space","space","11356.771499966271","NA","7508.373900025617","11356.771499966271","True","53","3","<RN>Pflegerinnen</RN>","271","-810.0","-539.0","-56.0","-3.0","2","psycho","2","Im Rahmen einer Gesprächsrunde im Gesundheitswesen wird derzeit über aktuelle gesellschaftliche Herausforderungen diskutiert. Die <RN>Pflegekräfte</RN> verdienen bessere Arbeitsbedingungen und benötigen mehr Unterstützung, doch diese <AN>Männer</AN> fühlen sich politisch nicht ausreichend unterstützt. Die nächsten Schritte werden derzeit kontrovers diskutiert.","Bei einer Informationsveranstaltung im Krankenhaus wird über aktuelle Impfreformen und deren Auswirkungen gesprochen. Die <RN>Krankenschwestern</RN> diskutieren über Langzeitfolgen von Corona und setzen sich für mehr Unterstützung ein, doch diese <AN>Männer</AN> lehnen die Vorschläge ab. Die nächsten Schritte werden derzeit kontrovers diskutiert.","1","1024","2","48000","-16","53","4","135","-87.0","48.0","61.0","114.0","experiment","8","even","409281.15280001657","-810.0","-290.0","NA","4551.616400014609","4552.137200022116","72038.4219000116","79547.56520001683","445766.88230002765","79601.01650003344","445766.91880001454","71595.96070001135","NA","445667.6886000205","434310.28720003087","409269.58180003567","79601.0496999952","445766.79170003626","72032.09670004435","434307.0258999942","Experiment","0","0","0","11","1920","diskutiert.","53","25","243"
"<AN>Frauen</AN>","C2","<RN>Arbeitnehmer</RN>","undefined","undefined","True","53","4","<AN>Männer</AN>","135","-222.0","-87.0","61.0","114.0","undefined","undefined","#232323","1620","psycho","True","diskutiert","psycho","psycho","undefined","undefined","undefined","0","0","0","0","0","53","0","53","0","0","53","53","53","0","53","0","50","-810.0","-270.5","6","249.0","80.60218806459288","Tue Aug  4 09:33:56 2026","The main experiment item","False","Im Rahmen einer Gesprächsrunde im Gesundheitswesen wird derzeit über aktuelle gesellschaftliche Herausforderungen diskutiert. Die <RN>Pflegerinnen</RN> verdienen bessere Arbeitsbedingungen und benötigen mehr Unterstützung, doch diese <AN>Männer</AN> fühlen sich politisch nicht ausreichend unterstützt. Die nächsten Schritte werden derzeit kontrovers diskutiert.","experiment.osexp","D:\ET_course_project_gender-bias\experiment","False","mono","False","39","no","white","no","yes","1080","5","space","psycho","295.0","3.0","117","4","53","53","D:\ET_course_project_gender-bias\experiment\subject-8.csv","150","psycho","an_found","Neonatal Nightingale","4.1.14","-293.0","295.0","2","0","space","NA","space","space","space","11356.771499966271","NA","7508.373900025617","11356.771499966271","True","53","3","<RN>Pflegerinnen</RN>","271","-810.0","-539.0","-56.0","-3.0","2","psycho","2","Im Rahmen einer Gesprächsrunde im Gesundheitswesen wird derzeit über aktuelle gesellschaftliche Herausforderungen diskutiert. Die <RN>Pflegekräfte</RN> verdienen bessere Arbeitsbedingungen und benötigen mehr Unterstützung, doch diese <AN>Männer</AN> fühlen sich politisch nicht ausreichend unterstützt. Die nächsten Schritte werden derzeit kontrovers diskutiert.","Im Rahmen einer Geschäftsveranstaltung findet derzeit ein Austausch über Arbeitsbedingungen und gesellschaftliche Entwicklungen statt. Die <RN>Arbeitnehmer*innen</RN> erwarten höhere Gehälter und klimatisierte Arbeitsplätze, trotzdem wollen diese <AN>Männer</AN> auch weniger arbeiten. Die Frage nach den Konsequenzen bleibt offen.","1","1024","2","48000","-16","53","4","135","-87.0","48.0","61.0","114.0","experiment","8","even","409281.15280001657","-810.0","-290.0","NA","4551.616400014609","4552.137200022116","72038.4219000116","79547.56520001683","445799.2467000149","79601.01650003344","445799.3003000156","71595.96070001135","NA","445667.6886000205","434310.28720003087","409269.58180003567","79601.0496999952","445799.0524999914","72032.09670004435","434307.0258999942","Experiment","0","0","0","11","1920","diskutiert.","53","25","243"
"<AN>Männer</AN>","C5","<RN>Arbeitnehmer*innen</RN>","undefined","undefined","True","53","4","<AN>Männer</AN>","135","-222.0","-87.0","61.0","114.0","undefined","undefined","#232323","1620","psycho","True","diskutiert","psycho","psycho","undefined","undefined","undefined","0","0","0","0","0","54","0","54","0","0","54","54","54","0","54","0","50","-810.0","-270.5","6","249.0","80.60218806459288","Tue Aug  4 09:33:56 2026","The main experiment item","False","Im Rahmen einer Gesprächsrunde im Gesundheitswesen wird derzeit über aktuelle gesellschaftliche Herausforderungen diskutiert. Die <RN>Pflegerinnen</RN> verdienen bessere Arbeitsbedingungen und benötigen mehr Unterstützung, doch diese <AN>Männer</AN> fühlen sich politisch nicht ausreichend unterstützt. Die nächsten Schritte werden derzeit kontrovers diskutiert.","experiment.osexp","D:\ET_course_project_gender-bias\experiment","False","mono","False","39","no","white","no","yes","1080","12","space","psycho","295.0","3.0","117","6","54","54","D:\ET_course_project_gender-bias\experiment\subject-8.csv","150","psycho","an_found","Neonatal Nightingale","4.1.14","-293.0","295.0","2","0","space","NA","space","space","space","11356.771499966271","NA","7508.373900025617","11356.771499966271","True","53","3","<RN>Pflegerinnen</RN>","271","-810.0","-539.0","-56.0","-3.0","2","psycho","2","Im Rahmen einer Gesprächsrunde im Gesundheitswesen wird derzeit über aktuelle gesellschaftliche Herausforderungen diskutiert. Die <RN>Pflegekräfte</RN> verdienen bessere Arbeitsbedingungen und benötigen mehr Unterstützung, doch diese <AN>Männer</AN> fühlen sich politisch nicht ausreichend unterstützt. Die nächsten Schritte werden derzeit kontrovers diskutiert.","Auf einer Gewerkschaftsveranstaltung wird derzeit über Löhne, Arbeitsbedingungen und Arbeitnehmerrechte diskutiert. Die <RN>Beschäftigten</RN> fordern bessere Bezahlung und faire Arbeitsbedingungen, doch diese <AN>Frauen</AN> sehen vor allem strukturelle Probleme. Die kommenden Entwicklungen sind weiterhin Gegenstand von Diskussionen.","1","1024","2","48000","-16","53","4","135","-87.0","48.0","61.0","114.0","experiment","8","even","409281.15280001657","-810.0","-290.0","NA","4551.616400014609","4552.137200022116","72038.4219000116","79547.56520001683","445826.823600044","79601.01650003344","445826.8718000036","71595.96070001135","NA","445667.6886000205","434310.28720003087","409269.58180003567","79601.0496999952","445826.4919000212","72032.09670004435","434307.0258999942","Experiment","0","0","0","11","1920","diskutiert.","53","25","243"
"<AN>Frauen</AN>","C4","<RN>Einwohnerinnen</RN>","undefined","undefined","True","53","4","<AN>Männer</AN>","135","-222.0","-87.0","61.0","114.0","undefined","undefined","#232323","1620","psycho","True","diskutiert","psycho","psycho","undefined","undefined","undefined","0","0","0","0","0","55","0","55","0","0","55","55","55","0","55","0","50","-810.0","-270.5","6","249.0","80.60218806459288","Tue Aug  4 09:33:56 2026","The main experiment item","False","Im Rahmen einer Gesprächsrunde im Gesundheitswesen wird derzeit über aktuelle gesellschaftliche Herausforderungen diskutiert. Die <RN>Pflegerinnen</RN> verdienen bessere Arbeitsbedingungen und benötigen mehr Unterstützung, doch diese <AN>Männer</AN> fühlen sich politisch nicht ausreichend unterstützt. Die nächsten Schritte werden derzeit kontrovers diskutiert.","experiment.osexp","D:\ET_course_project_gender-bias\experiment","False","mono","False","39","no","white","no","yes","1080","13","space","psycho","295.0","3.0","117","4","55","55","D:\ET_course_project_gender-bias\experiment\subject-8.csv","150","psycho","an_found","Neonatal Nightingale","4.1.14","-293.0","295.0","2","0","space","NA","space","space","space","11356.771499966271","NA","7508.373900025617","11356.771499966271","True","53","3","<RN>Pflegerinnen</RN>","271","-810.0","-539.0","-56.0","-3.0","2","psycho","2","Im Rahmen einer Gesprächsrunde im Gesundheitswesen wird derzeit über aktuelle gesellschaftliche Herausforderungen diskutiert. Die <RN>Pflegekräfte</RN> verdienen bessere Arbeitsbedingungen und benötigen mehr Unterstützung, doch diese <AN>Männer</AN> fühlen sich politisch nicht ausreichend unterstützt. Die nächsten Schritte werden derzeit kontrovers diskutiert.","Im Rahmen einer öffentlichen Veranstaltung wird über Sicherheit, gesellschaftlichen Zusammenhalt und politische Reformen gesprochen. Die <RN>Bürgerinnen</RN> wünschen sich Sicherheit und verlässliche Perspektiven, doch diese Gruppe von <AN>Frauen</AN> sieht Reformbedarf im System. Die weitere Entwicklung bleibt Gegenstand öffentlicher Debatten.","1","1024","2","48000","-16","53","4","135","-87.0","48.0","61.0","114.0","experiment","8","even","409281.15280001657","-810.0","-290.0","NA","4551.616400014609","4552.137200022116","72038.4219000116","79547.56520001683","445853.4233000246","79601.01650003344","445853.4623000305","71595.96070001135","NA","445667.6886000205","434310.28720003087","409269.58180003567","79601.0496999952","445853.2473000232","72032.09670004435","434307.0258999942","Experiment","0","0","0","11","1920","diskutiert.","53","25","243"
"<AN>Frauen</AN>","C2","<RN>Einwohner</RN>","undefined","undefined","True","53","4","<AN>Männer</AN>","135","-222.0","-87.0","61.0","114.0","undefined","undefined","#232323","1620","psycho","True","diskutiert","psycho","psycho","undefined","undefined","undefined","0","0","0","0","0","56","0","56","0","0","56","56","56","0","56","0","50","-810.0","-270.5","6","249.0","80.60218806459288","Tue Aug  4 09:33:56 2026","The main experiment item","False","Im Rahmen einer Gesprächsrunde im Gesundheitswesen wird derzeit über aktuelle gesellschaftliche Herausforderungen diskutiert. Die <RN>Pflegerinnen</RN> verdienen bessere Arbeitsbedingungen und benötigen mehr Unterstützung, doch diese <AN>Männer</AN> fühlen sich politisch nicht ausreichend unterstützt. Die nächsten Schritte werden derzeit kontrovers diskutiert.","experiment.osexp","D:\ET_course_project_gender-bias\experiment","False","mono","False","39","no","white","no","yes","1080","8","space","psycho","295.0","3.0","117","1","56","56","D:\ET_course_project_gender-bias\experiment\subject-8.csv","150","psycho","an_found","Neonatal Nightingale","4.1.14","-293.0","295.0","2","0","space","NA","space","space","space","11356.771499966271","NA","7508.373900025617","11356.771499966271","True","53","3","<RN>Pflegerinnen</RN>","271","-810.0","-539.0","-56.0","-3.0","2","psycho","2","Im Rahmen einer Gesprächsrunde im Gesundheitswesen wird derzeit über aktuelle gesellschaftliche Herausforderungen diskutiert. Die <RN>Pflegekräfte</RN> verdienen bessere Arbeitsbedingungen und benötigen mehr Unterstützung, doch diese <AN>Männer</AN> fühlen sich politisch nicht ausreichend unterstützt. Die nächsten Schritte werden derzeit kontrovers diskutiert.","Im Rahmen einer öffentlichen Veranstaltung wird derzeit über Fragen der inneren Sicherheit und gesellschaftliche Entwicklungen gesprochen. Die <RN>Bürger</RN> diskutieren über Fragen der inneren Sicherheit bezüglich der aktuellen Krise, doch diese <AN>Männer</AN> fordern härtere Maßnahmen. Die weiteren Maßnahmen stoßen auf geteilte Reaktionen.","1","1024","2","48000","-16","53","4","135","-87.0","48.0","61.0","114.0","experiment","8","even","409281.15280001657","-810.0","-290.0","NA","4551.616400014609","4552.137200022116","72038.4219000116","79547.56520001683","445881.82870001765","79601.01650003344","445881.8687000312","71595.96070001135","NA","445667.6886000205","434310.28720003087","409269.58180003567","79601.0496999952","445881.63489999715","72032.09670004435","434307.0258999942","Experiment","0","0","0","11","1920","diskutiert.","53","25","243"
"<AN>Männer</AN>","C3","<RN>Aktivistinnen</RN>","undefined","undefined","True","53","4","<AN>Männer</AN>","135","-222.0","-87.0","61.0","114.0","undefined","undefined","#232323","1620","psycho","True","diskutiert","psycho","psycho","undefined","undefined","undefined","0","0","0","0","0","57","0","57","0","0","57","57","57","0","57","0","50","-810.0","-270.5","6","249.0","80.60218806459288","Tue Aug  4 09:33:56 2026","The main experiment item","False","Im Rahmen einer Gesprächsrunde im Gesundheitswesen wird derzeit über aktuelle gesellschaftliche Herausforderungen diskutiert. Die <RN>Pflegerinnen</RN> verdienen bessere Arbeitsbedingungen und benötigen mehr Unterstützung, doch diese <AN>Männer</AN> fühlen sich politisch nicht ausreichend unterstützt. Die nächsten Schritte werden derzeit kontrovers diskutiert.","experiment.osexp","D:\ET_course_project_gender-bias\experiment","False","mono","False","39","no","white","no","yes","1080","11","space","psycho","295.0","3.0","117","5","57","57","D:\ET_course_project_gender-bias\experiment\subject-8.csv","150","psycho","an_found","Neonatal Nightingale","4.1.14","-293.0","295.0","2","0","space","NA","space","space","space","11356.771499966271","NA","7508.373900025617","11356.771499966271","True","53","3","<RN>Pflegerinnen</RN>","271","-810.0","-539.0","-56.0","-3.0","2","psycho","2","Im Rahmen einer Gesprächsrunde im Gesundheitswesen wird derzeit über aktuelle gesellschaftliche Herausforderungen diskutiert. Die <RN>Pflegekräfte</RN> verdienen bessere Arbeitsbedingungen und benötigen mehr Unterstützung, doch diese <AN>Männer</AN> fühlen sich politisch nicht ausreichend unterstützt. Die nächsten Schritte werden derzeit kontrovers diskutiert.","Auf einer öffentlichen Veranstaltung werden aktuelle wohnungs- und gesellschaftspolitische Themen diskutiert. Die <RN>Aktivist*innen</RN> fordern mehr bezahlbaren Wohnraum in Stuttgart und diskutieren faire Lösungsansätze, doch diese <AN>Frauen</AN> sehen die Verantwortung stärker beim Bund. Die Auswirkungen der Entscheidung werden noch geprüft.","1","1024","2","48000","-16","53","4","135","-87.0","48.0","61.0","114.0","experiment","8","even","409281.15280001657","-810.0","-290.0","NA","4551.616400014609","4552.137200022116","72038.4219000116","79547.56520001683","445910.56540003046","79601.01650003344","445910.61920003267","71595.96070001135","NA","445667.6886000205","434310.28720003087","409269.58180003567","79601.0496999952","445910.33099999186","72032.09670004435","434307.0258999942","Experiment","0","0","0","11","1920","diskutiert.","53","25","243"
"<AN>Frauen</AN>","C6","<RN>Unternehmer*innen</RN>","undefined","undefined","True","53","4","<AN>Männer</AN>","135","-222.0","-87.0","61.0","114.0","undefined","undefined","#232323","1620","psycho","True","diskutiert","psycho","psycho","undefined","undefined","undefined","0","0","0","0","0","58","0","58","0","0","58","58","58","0","58","0","50","-810.0","-270.5","6","249.0","80.60218806459288","Tue Aug  4 09:33:56 2026","The main experiment item","False","Im Rahmen einer Gesprächsrunde im Gesundheitswesen wird derzeit über aktuelle gesellschaftliche Herausforderungen diskutiert. Die <RN>Pflegerinnen</RN> verdienen bessere Arbeitsbedingungen und benötigen mehr Unterstützung, doch diese <AN>Männer</AN> fühlen sich politisch nicht ausreichend unterstützt. Die nächsten Schritte werden derzeit kontrovers diskutiert.","experiment.osexp","D:\ET_course_project_gender-bias\experiment","False","mono","False","39","no","white","no","yes","1080","4","space","psycho","295.0","3.0","117","3","58","58","D:\ET_course_project_gender-bias\experiment\subject-8.csv","150","psycho","an_found","Neonatal Nightingale","4.1.14","-293.0","295.0","2","0","space","NA","space","space","space","11356.771499966271","NA","7508.373900025617","11356.771499966271","True","53","3","<RN>Pflegerinnen</RN>","271","-810.0","-539.0","-56.0","-3.0","2","psycho","2","Im Rahmen einer Gesprächsrunde im Gesundheitswesen wird derzeit über aktuelle gesellschaftliche Herausforderungen diskutiert. Die <RN>Pflegekräfte</RN> verdienen bessere Arbeitsbedingungen und benötigen mehr Unterstützung, doch diese <AN>Männer</AN> fühlen sich politisch nicht ausreichend unterstützt. Die nächsten Schritte werden derzeit kontrovers diskutiert.","Bei einem Networking-Event stehen wirtschaftspolitische und gesellschaftliche Fragestellungen im Mittelpunkt der Diskussion. Die <RN>Unternehmer</RN> brauchen weniger bürokratische Hürden und sprechen über Verbesserungen, doch diese <AN>Männer</AN> fordern weitere steuerliche Entlastungen. Die Folgen dieser Positionen bleiben umstritten.","1","1024","2","48000","-16","53","4","135","-87.0","48.0","61.0","114.0","experiment","8","even","409281.15280001657","-810.0","-290.0","NA","4551.616400014609","4552.137200022116","72038.4219000116","79547.56520001683","445936.6963999928","79601.01650003344","445936.73710001167","71595.96070001135","NA","445667.6886000205","434310.28720003087","409269.58180003567","79601.0496999952","445936.4969000453","72032.09670004435","434307.0258999942","Experiment","0","0","0","11","1920","diskutiert.","53","25","243"
"<AN>Frauen</AN>","C6","<RN>Lehrer*innen</RN>","undefined","undefined","True","53","4","<AN>Männer</AN>","135","-222.0","-87.0","61.0","114.0","undefined","undefined","#232323","1620","psycho","True","diskutiert","psycho","psycho","undefined","undefined","undefined","0","0","0","0","0","59","0","59","0","0","59","59","59","0","59","0","50","-810.0","-270.5","6","249.0","80.60218806459288","Tue Aug  4 09:33:56 2026","The main experiment item","False","Im Rahmen einer Gesprächsrunde im Gesundheitswesen wird derzeit über aktuelle gesellschaftliche Herausforderungen diskutiert. Die <RN>Pflegerinnen</RN> verdienen bessere Arbeitsbedingungen und benötigen mehr Unterstützung, doch diese <AN>Männer</AN> fühlen sich politisch nicht ausreichend unterstützt. Die nächsten Schritte werden derzeit kontrovers diskutiert.","experiment.osexp","D:\ET_course_project_gender-bias\experiment","False","mono","False","39","no","white","no","yes","1080","6","space","psycho","295.0","3.0","117","1","59","59","D:\ET_course_project_gender-bias\experiment\subject-8.csv","150","psycho","an_found","Neonatal Nightingale","4.1.14","-293.0","295.0","2","0","space","NA","space","space","space","11356.771499966271","NA","7508.373900025617","11356.771499966271","True","53","3","<RN>Pflegerinnen</RN>","271","-810.0","-539.0","-56.0","-3.0","2","psycho","2","Im Rahmen einer Gesprächsrunde im Gesundheitswesen wird derzeit über aktuelle gesellschaftliche Herausforderungen diskutiert. Die <RN>Pflegekräfte</RN> verdienen bessere Arbeitsbedingungen und benötigen mehr Unterstützung, doch diese <AN>Männer</AN> fühlen sich politisch nicht ausreichend unterstützt. Die nächsten Schritte werden derzeit kontrovers diskutiert.","Auf einer Konferenz zu Bildungsfragen wird derzeit über aktuelle schulische Themen gesprochen. Die <RN>Lehrer</RN> sollen mehr auf Disziplin und Konsequenzen im Unterricht setzen, doch aus pädagogischen Gründen lehnen diese <AN>Frauen</AN> die Vorschläge ab. Die kommenden Entwicklungen sind weiterhin Gegenstand von Diskussionen.","1","1024","2","48000","-16","53","4","135","-87.0","48.0","61.0","114.0","experiment","8","even","409281.15280001657","-810.0","-290.0","NA","4551.616400014609","4552.137200022116","72038.4219000116","79547.56520001683","445964.5778000122","79601.01650003344","445964.61780002574","71595.96070001135","NA","445667.6886000205","434310.28720003087","409269.58180003567","79601.0496999952","445964.39989999635","72032.09670004435","434307.0258999942","Experiment","0","0","0","11","1920","diskutiert.","53","25","243"
"<AN>Männer</AN>","C5","<RN>Unternehmer*innen</RN>","undefined","undefined","True","53","4","<AN>Männer</AN>","135","-84.0","51.0","61.0","114.0","undefined","undefined","#232323","1620","psycho","True","umstritten","psycho","psycho","undefined","undefined","undefined","0","0","0","0","0","60","0","60","0","0","60","60","60","0","60","0","50","-810.0","-270.5","5","1152.0","89.05845217249173","Tue Aug  4 09:33:56 2026","The main experiment item","False","Bei einem Networking-Event stehen wirtschaftspolitische und gesellschaftliche Fragestellungen im Mittelpunkt der Diskussion. Die <RN>Unternehmer*innen</RN> brauchen weniger bürokratische Hürden und sprechen über Verbesserungen, doch diese <AN>Männer</AN> fordern weitere steuerliche Entlastungen. Die Folgen dieser Positionen bleiben umstritten.","experiment.osexp","D:\ET_course_project_gender-bias\experiment","False","mono","False","39","no","white","no","yes","1080","4","space","psycho","178.0","3.0","117","2","60","60","D:\ET_course_project_gender-bias\experiment\subject-8.csv","150","psycho","an_found","Neonatal Nightingale","4.1.14","610.0","178.0","2","0","space","NA","space","space","space","10732.512200018391","NA","7508.373900025617","10732.512200018391","True","53","3","<RN>Unternehmer*innen</RN>","387","-810.0","-423.0","-56.0","-3.0","2","psycho","2","Bei einem Networking-Event stehen wirtschaftspolitische und gesellschaftliche Fragestellungen im Mittelpunkt der Diskussion. Die <RN>Unternehmer</RN> brauchen weniger bürokratische Hürden und sprechen über Verbesserungen, doch diese <AN>Männer</AN> fordern weitere steuerliche Entlastungen. Die Folgen dieser Positionen bleiben umstritten.","Bei einem Networking-Event stehen wirtschaftspolitische und gesellschaftliche Fragestellungen im Mittelpunkt der Diskussion. Die <RN>Unternehmer</RN> brauchen weniger bürokratische Hürden und sprechen über Verbesserungen, doch diese <AN>Männer</AN> fordern weitere steuerliche Entlastungen. Die Folgen dieser Positionen bleiben umstritten.","0","1024","2","48000","-16","53","4","135","51.0","186.0","61.0","114.0","experiment","8","even","446003.2041000086","-810.0","-290.0","NA","4551.616400014609","4552.137200022116","72038.4219000116","79547.56520001683","445991.66790000163","79601.01650003344","477097.1843000152","71595.96070001135","NA","477051.72470002435","466318.5948000173","445991.69789999723","79601.0496999952","445991.45730002783","72032.09670004435","466315.1130999904","Experiment","0","0","0","12","1920","umstritten.","53","25","243"
"<AN>Frauen</AN>","C6","<RN>Einwohner*innen</RN>","undefined","undefined","True","53","4","<AN>Männer</AN>","135","-84.0","51.0","61.0","114.0","undefined","undefined","#232323","1620","psycho","True","umstritten","psycho","psycho","undefined","undefined","undefined","0","0","0","0","0","61","0","61","0","0","61","61","61","0","61","0","50","-810.0","-270.5","5","1152.0","89.05845217249173","Tue Aug  4 09:33:56 2026","The main experiment item","False","Bei einem Networking-Event stehen wirtschaftspolitische und gesellschaftliche Fragestellungen im Mittelpunkt der Diskussion. Die <RN>Unternehmer*innen</RN> brauchen weniger bürokratische Hürden und sprechen über Verbesserungen, doch diese <AN>Männer</AN> fordern weitere steuerliche Entlastungen. Die Folgen dieser Positionen bleiben umstritten.","experiment.osexp","D:\ET_course_project_gender-bias\experiment","False","mono","False","39","no","white","no","yes","1080","13","space","psycho","178.0","3.0","117","6","61","61","D:\ET_course_project_gender-bias\experiment\subject-8.csv","150","psycho","an_found","Neonatal Nightingale","4.1.14","610.0","178.0","2","0","space","NA","space","space","space","10732.512200018391","NA","7508.373900025617","10732.512200018391","True","53","3","<RN>Unternehmer*innen</RN>","387","-810.0","-423.0","-56.0","-3.0","2","psycho","2","Bei einem Networking-Event stehen wirtschaftspolitische und gesellschaftliche Fragestellungen im Mittelpunkt der Diskussion. Die <RN>Unternehmer</RN> brauchen weniger bürokratische Hürden und sprechen über Verbesserungen, doch diese <AN>Männer</AN> fordern weitere steuerliche Entlastungen. Die Folgen dieser Positionen bleiben umstritten.","Im Rahmen einer öffentlichen Veranstaltung wird über Sicherheit, gesellschaftlichen Zusammenhalt und politische Reformen gesprochen. Die <RN>Bürgerinnen</RN> wünschen sich Sicherheit und verlässliche Perspektiven, doch diese Gruppe von <AN>Frauen</AN> sieht Reformbedarf im System. Die weitere Entwicklung bleibt Gegenstand öffentlicher Debatten.","1","1024","2","48000","-16","53","4","135","51.0","186.0","61.0","114.0","experiment","8","even","446003.2041000086","-810.0","-290.0","NA","4551.616400014609","4552.137200022116","72038.4219000116","79547.56520001683","477389.4654000178","79601.01650003344","477389.52760002576","71595.96070001135","NA","477051.72470002435","466318.5948000173","445991.69789999723","79601.0496999952","477388.78169999225","72032.09670004435","466315.1130999904","Experiment","0","0","0","12","1920","umstritten.","53","25","243"
"<AN>Frauen</AN>","C6","<RN>Arbeitnehmer*innen</RN>","undefined","undefined","True","53","4","<AN>Männer</AN>","135","-84.0","51.0","61.0","114.0","undefined","undefined","#232323","1620","psycho","True","umstritten","psycho","psycho","undefined","undefined","undefined","0","0","0","0","0","62","0","62","0","0","62","62","62","0","62","0","50","-810.0","-270.5","5","1152.0","89.05845217249173","Tue Aug  4 09:33:56 2026","The main experiment item","False","Bei einem Networking-Event stehen wirtschaftspolitische und gesellschaftliche Fragestellungen im Mittelpunkt der Diskussion. Die <RN>Unternehmer*innen</RN> brauchen weniger bürokratische Hürden und sprechen über Verbesserungen, doch diese <AN>Männer</AN> fordern weitere steuerliche Entlastungen. Die Folgen dieser Positionen bleiben umstritten.","experiment.osexp","D:\ET_course_project_gender-bias\experiment","False","mono","False","39","no","white","no","yes","1080","12","space","psycho","178.0","3.0","117","1","62","62","D:\ET_course_project_gender-bias\experiment\subject-8.csv","150","psycho","an_found","Neonatal Nightingale","4.1.14","610.0","178.0","2","0","space","NA","space","space","space","10732.512200018391","NA","7508.373900025617","10732.512200018391","True","53","3","<RN>Unternehmer*innen</RN>","387","-810.0","-423.0","-56.0","-3.0","2","psycho","2","Bei einem Networking-Event stehen wirtschaftspolitische und gesellschaftliche Fragestellungen im Mittelpunkt der Diskussion. Die <RN>Unternehmer</RN> brauchen weniger bürokratische Hürden und sprechen über Verbesserungen, doch diese <AN>Männer</AN> fordern weitere steuerliche Entlastungen. Die Folgen dieser Positionen bleiben umstritten.","Auf einer Gewerkschaftsveranstaltung wird derzeit über Löhne, Arbeitsbedingungen und Arbeitnehmerrechte diskutiert. Die <RN>Beschäftigten</RN> fordern bessere Bezahlung und faire Arbeitsbedingungen, doch diese <AN>Frauen</AN> sehen vor allem strukturelle Probleme. Die kommenden Entwicklungen sind weiterhin Gegenstand von Diskussionen.","1","1024","2","48000","-16","53","4","135","51.0","186.0","61.0","114.0","experiment","8","even","446003.2041000086","-810.0","-290.0","NA","4551.616400014609","4552.137200022116","72038.4219000116","79547.56520001683","477418.0815000436","79601.01650003344","477418.1268000393","71595.96070001135","NA","477051.72470002435","466318.5948000173","445991.69789999723","79601.0496999952","477417.82969998894","72032.09670004435","466315.1130999904","Experiment","0","0","0","12","1920","umstritten.","53","25","243"
"<AN>Männer</AN>","C3","<RN>Studentinnen</RN>","undefined","undefined","True","53","4","<AN>Männer</AN>","135","-84.0","51.0","61.0","114.0","undefined","undefined","#232323","1620","psycho","True","umstritten","psycho","psycho","undefined","undefined","undefined","0","0","0","0","0","63","0","63","0","0","63","63","63","0","63","0","50","-810.0","-270.5","5","1152.0","89.05845217249173","Tue Aug  4 09:33:56 2026","The main experiment item","False","Bei einem Networking-Event stehen wirtschaftspolitische und gesellschaftliche Fragestellungen im Mittelpunkt der Diskussion. Die <RN>Unternehmer*innen</RN> brauchen weniger bürokratische Hürden und sprechen über Verbesserungen, doch diese <AN>Männer</AN> fordern weitere steuerliche Entlastungen. Die Folgen dieser Positionen bleiben umstritten.","experiment.osexp","D:\ET_course_project_gender-bias\experiment","False","mono","False","39","no","white","no","yes","1080","1","space","psycho","178.0","3.0","117","3","63","63","D:\ET_course_project_gender-bias\experiment\subject-8.csv","150","psycho","an_found","Neonatal Nightingale","4.1.14","610.0","178.0","2","0","space","NA","space","space","space","10732.512200018391","NA","7508.373900025617","10732.512200018391","True","53","3","<RN>Unternehmer*innen</RN>","387","-810.0","-423.0","-56.0","-3.0","2","psycho","2","Bei einem Networking-Event stehen wirtschaftspolitische und gesellschaftliche Fragestellungen im Mittelpunkt der Diskussion. Die <RN>Unternehmer</RN> brauchen weniger bürokratische Hürden und sprechen über Verbesserungen, doch diese <AN>Männer</AN> fordern weitere steuerliche Entlastungen. Die Folgen dieser Positionen bleiben umstritten.","Bei einer Podiumsdiskussion an der Universität Stuttgart wird über aktuelle gesellschaftliche Themen gesprochen. Die <RN>Studenten</RN> müssten wieder stärker leistungsorientiert gefördert werden, doch die Mehrheit dieser dort teilnehmenden <AN>Frauen</AN> kritisiert die neuen Anforderungen. Die weitere Entwicklung bleibt Gegenstand öffentlicher Debatten.","1","1024","2","48000","-16","53","4","135","51.0","186.0","61.0","114.0","experiment","8","even","446003.2041000086","-810.0","-290.0","NA","4551.616400014609","4552.137200022116","72038.4219000116","79547.56520001683","477444.52920003096","79601.01650003344","477444.5816000225","71595.96070001135","NA","477051.72470002435","466318.5948000173","445991.69789999723","79601.0496999952","477444.30130004184","72032.09670004435","466315.1130999904","Experiment","0","0","0","12","1920","umstritten.","53","25","243"
"<AN>Männer</AN>","C5","<RN>Krankenpfleger*innen</RN>","undefined","undefined","True","53","4","<AN>Männer</AN>","135","-17.0","118.0","61.0","114.0","undefined","undefined","#232323","1620","psycho","True","diskutiert","psycho","psycho","undefined","undefined","undefined","0","0","0","0","0","64","0","64","0","0","64","64","64","0","64","0","50","-810.0","-270.5","5","1003.0","66.93047409364435","Tue Aug  4 09:33:56 2026","The main experiment item","False","Bei einer Informationsveranstaltung im Krankenhaus wird über aktuelle Impfreformen und deren Auswirkungen gesprochen. Die <RN>Krankenpfleger*innen</RN> diskutieren über Long Covid und setzen sich für mehr Unterstützung ein, doch diese <AN>Männer</AN> lehnen die Vorschläge ab. Die nächsten Schritte werden derzeit kontrovers diskutiert.","experiment.osexp","D:\ET_course_project_gender-bias\experiment","False","mono","False","39","no","white","no","yes","1080","16","space","psycho","178.0","3.0","117","2","64","64","D:\ET_course_project_gender-bias\experiment\subject-8.csv","150","psycho","an_found","Neonatal Nightingale","4.1.14","461.0","178.0","2","0","space","NA","space","space","space","16372.7020000224","NA","7508.373900025617","16372.7020000224","True","53","3","<RN>Krankenpfleger*innen</RN>","455","-810.0","-355.0","-56.0","-3.0","2","psycho","2","Bei einer Informationsveranstaltung im Krankenhaus wird über aktuelle Impfreformen und deren Auswirkungen gesprochen. Die <RN>Krankenschwestern</RN> diskutieren über Long Covid und setzen sich für mehr Unterstützung ein, doch diese <AN>Männer</AN> lehnen die Vorschläge ab. Die nächsten Schritte werden derzeit kontrovers diskutiert.","Bei einer Informationsveranstaltung im Krankenhaus wird über aktuelle Impfreformen und deren Auswirkungen gesprochen. Die <RN>Krankenschwestern</RN> diskutieren über Long Covid und setzen sich für mehr Unterstützung ein, doch diese <AN>Männer</AN> lehnen die Vorschläge ab. Die nächsten Schritte werden derzeit kontrovers diskutiert.","0","1024","2","48000","-16","53","4","135","118.0","253.0","61.0","114.0","experiment","8","even","477484.5505999983","-810.0","-290.0","NA","4551.616400014609","4552.137200022116","72038.4219000116","79547.56520001683","477472.16510004364","79601.01650003344","508520.4344000085","71595.96070001135","NA","508475.66039999947","492102.3676000186","477472.209700034","79601.0496999952","477471.9769000076","72032.09670004435","492099.1020000074","Experiment","0","0","0","13","1920","diskutiert.","53","25","243"
"<AN>Männer</AN>","C1","<RN>Pfleger</RN>","undefined","undefined","True","53","4","<AN>Männer</AN>","135","-17.0","118.0","61.0","114.0","undefined","undefined","#232323","1620","psycho","True","diskutiert","psycho","psycho","undefined","undefined","undefined","0","0","0","0","0","65","0","65","0","0","65","65","65","0","65","0","50","-810.0","-270.5","5","1003.0","66.93047409364435","Tue Aug  4 09:33:56 2026","The main experiment item","False","Bei einer Informationsveranstaltung im Krankenhaus wird über aktuelle Impfreformen und deren Auswirkungen gesprochen. Die <RN>Krankenpfleger*innen</RN> diskutieren über Long Covid und setzen sich für mehr Unterstützung ein, doch diese <AN>Männer</AN> lehnen die Vorschläge ab. Die nächsten Schritte werden derzeit kontrovers diskutiert.","experiment.osexp","D:\ET_course_project_gender-bias\experiment","False","mono","False","39","no","white","no","yes","1080","2","space","psycho","178.0","3.0","117","6","65","65","D:\ET_course_project_gender-bias\experiment\subject-8.csv","150","psycho","an_found","Neonatal Nightingale","4.1.14","461.0","178.0","2","0","space","NA","space","space","space","16372.7020000224","NA","7508.373900025617","16372.7020000224","True","53","3","<RN>Krankenpfleger*innen</RN>","455","-810.0","-355.0","-56.0","-3.0","2","psycho","2","Bei einer Informationsveranstaltung im Krankenhaus wird über aktuelle Impfreformen und deren Auswirkungen gesprochen. Die <RN>Krankenschwestern</RN> diskutieren über Long Covid und setzen sich für mehr Unterstützung ein, doch diese <AN>Männer</AN> lehnen die Vorschläge ab. Die nächsten Schritte werden derzeit kontrovers diskutiert.","Im Rahmen einer Gesprächsrunde im Gesundheitswesen wird derzeit über aktuelle gesellschaftliche Herausforderungen diskutiert. Die <RN>Pflegekräfte</RN> verdienen bessere Arbeitsbedingungen und benötigen langfristig mehr Unterstützung, doch diese <AN>Männer</AN> fühlen sich politisch nicht ausreichend unterstützt. Die nächsten Schritte werden derzeit kontrovers diskutiert.","1","1024","2","48000","-16","53","4","135","118.0","253.0","61.0","114.0","experiment","8","even","477484.5505999983","-810.0","-290.0","NA","4551.616400014609","4552.137200022116","72038.4219000116","79547.56520001683","508547.3840000341","79601.01650003344","508547.43480001343","71595.96070001135","NA","508475.66039999947","492102.3676000186","477472.209700034","79601.0496999952","508547.13379999157","72032.09670004435","492099.1020000074","Experiment","0","0","0","13","1920","diskutiert.","53","25","243"
"<AN>Männer</AN>","C3","<RN>Ingenieurinnen</RN>","undefined","undefined","True","53","4","<AN>Männer</AN>","135","-17.0","118.0","61.0","114.0","undefined","undefined","#232323","1620","psycho","True","diskutiert","psycho","psycho","undefined","undefined","undefined","0","0","0","0","0","66","0","66","0","0","66","66","66","0","66","0","50","-810.0","-270.5","5","1003.0","66.93047409364435","Tue Aug  4 09:33:56 2026","The main experiment item","False","Bei einer Informationsveranstaltung im Krankenhaus wird über aktuelle Impfreformen und deren Auswirkungen gesprochen. Die <RN>Krankenpfleger*innen</RN> diskutieren über Long Covid und setzen sich für mehr Unterstützung ein, doch diese <AN>Männer</AN> lehnen die Vorschläge ab. Die nächsten Schritte werden derzeit kontrovers diskutiert.","experiment.osexp","D:\ET_course_project_gender-bias\experiment","False","mono","False","39","no","white","no","yes","1080","17","space","psycho","178.0","3.0","117","5","66","66","D:\ET_course_project_gender-bias\experiment\subject-8.csv","150","psycho","an_found","Neonatal Nightingale","4.1.14","461.0","178.0","2","0","space","NA","space","space","space","16372.7020000224","NA","7508.373900025617","16372.7020000224","True","53","3","<RN>Krankenpfleger*innen</RN>","455","-810.0","-355.0","-56.0","-3.0","2","psycho","2","Bei einer Informationsveranstaltung im Krankenhaus wird über aktuelle Impfreformen und deren Auswirkungen gesprochen. Die <RN>Krankenschwestern</RN> diskutieren über Long Covid und setzen sich für mehr Unterstützung ein, doch diese <AN>Männer</AN> lehnen die Vorschläge ab. Die nächsten Schritte werden derzeit kontrovers diskutiert.","Im Rahmen einer städtischen Planungsrunde wird über die zukünftige Mobilität und den Ausbau des Nahverkehrs diskutiert. Die <RN>Ingenieurinnen</RN> diskutieren über nachhaltige Verkehrskonzepte und setzen sich für den Ausbau des ÖPNV ein, doch diese <AN>Männer</AN> lehnen die Vorschläge ab. Die nächsten Schritte werden derzeit kontrovers diskutiert.","1","1024","2","48000","-16","53","4","135","118.0","253.0","61.0","114.0","experiment","8","even","477484.5505999983","-810.0","-290.0","NA","4551.616400014609","4552.137200022116","72038.4219000116","79547.56520001683","508574.59120004205","79601.01650003344","508574.644700042","71595.96070001135","NA","508475.66039999947","492102.3676000186","477472.209700034","79601.0496999952","508574.35010001063","72032.09670004435","492099.1020000074","Experiment","0","0","0","13","1920","diskutiert.","53","25","243"
"<AN>Männer</AN>","C5","<RN>Lehrer*innen</RN>","undefined","undefined","True","53","4","<AN>Männer</AN>","135","-17.0","118.0","61.0","114.0","undefined","undefined","#232323","1620","psycho","True","diskutiert","psycho","psycho","undefined","undefined","undefined","0","0","0","0","0","67","0","67","0","0","67","67","67","0","67","0","50","-810.0","-270.5","5","1003.0","66.93047409364435","Tue Aug  4 09:33:56 2026","The main experiment item","False","Bei einer Informationsveranstaltung im Krankenhaus wird über aktuelle Impfreformen und deren Auswirkungen gesprochen. Die <RN>Krankenpfleger*innen</RN> diskutieren über Long Covid und setzen sich für mehr Unterstützung ein, doch diese <AN>Männer</AN> lehnen die Vorschläge ab. Die nächsten Schritte werden derzeit kontrovers diskutiert.","experiment.osexp","D:\ET_course_project_gender-bias\experiment","False","mono","False","39","no","white","no","yes","1080","6","space","psycho","178.0","3.0","117","6","67","67","D:\ET_course_project_gender-bias\experiment\subject-8.csv","150","psycho","an_found","Neonatal Nightingale","4.1.14","461.0","178.0","2","0","space","NA","space","space","space","16372.7020000224","NA","7508.373900025617","16372.7020000224","True","53","3","<RN>Krankenpfleger*innen</RN>","455","-810.0","-355.0","-56.0","-3.0","2","psycho","2","Bei einer Informationsveranstaltung im Krankenhaus wird über aktuelle Impfreformen und deren Auswirkungen gesprochen. Die <RN>Krankenschwestern</RN> diskutieren über Long Covid und setzen sich für mehr Unterstützung ein, doch diese <AN>Männer</AN> lehnen die Vorschläge ab. Die nächsten Schritte werden derzeit kontrovers diskutiert.","Auf einer Konferenz zu Bildungsfragen wird derzeit über aktuelle schulische Themen gesprochen. Die <RN>Lehrer</RN> sollen mehr auf Disziplin und Konsequenzen im Unterricht setzen, doch aus pädagogischen Gründen lehnen diese <AN>Frauen</AN> die Vorschläge ab. Die kommenden Entwicklungen sind weiterhin Gegenstand von Diskussionen.","1","1024","2","48000","-16","53","4","135","118.0","253.0","61.0","114.0","experiment","8","even","477484.5505999983","-810.0","-290.0","NA","4551.616400014609","4552.137200022116","72038.4219000116","79547.56520001683","508601.75950004486","79601.01650003344","508601.81150003336","71595.96070001135","NA","508475.66039999947","492102.3676000186","477472.209700034","79601.0496999952","508601.3033000054","72032.09670004435","492099.1020000074","Experiment","0","0","0","13","1920","diskutiert.","53","25","243"
"<AN>Männer</AN>","C1","<RN>Polizisten</RN>","undefined","undefined","True","53","4","<AN>Männer</AN>","135","-202.0","-67.0","61.0","114.0","undefined","undefined","#232323","1620","psycho","True","verhandelt","psycho","psycho","undefined","undefined","undefined","0","0","0","0","0","68","0","68","0","0","68","68","68","0","68","0","50","-810.0","-270.5","5","1026.0","62.56853683441861","Tue Aug  4 09:33:56 2026","The main experiment item","False","Bei einer öffentlichen Sitzung im Rathaus wird über neue Verkehrsregelungen gesprochen. Die <RN>Polizisten</RN> diskutieren laut über mehr Sicherheit im Straßenverkehr und setzen sich für strengere Kontrollen ein, doch diese <AN>Männer</AN> lehnen die Vorschläge ab. Die nächsten Maßnahmen werden derzeit kontrovers verhandelt.","experiment.osexp","D:\ET_course_project_gender-bias\experiment","False","mono","False","39","no","white","no","yes","1080","18","space","psycho","178.0","3.0","117","2","68","68","D:\ET_course_project_gender-bias\experiment\subject-8.csv","150","psycho","an_found","Neonatal Nightingale","4.1.14","485.0","178.0","2","0","space","NA","space","space","space","9203.88709998224","NA","7508.373900025617","9203.88709998224","True","53","2","<RN>Polizisten</RN>","225","-13.0","212.0","-173.0","-120.0","2","psycho","2","Bei einer öffentlichen Sitzung im Rathaus wird über neue Verkehrsregelungen gesprochen. Die <RN>Polizistinnen</RN> diskutieren laut über mehr Sicherheit im Straßenverkehr und setzen sich für strengere Kontrollen ein, doch diese <AN>Männer</AN> lehnen die Vorschläge ab. Die nächsten Maßnahmen werden derzeit kontrovers verhandelt.","Bei einer öffentlichen Sitzung im Rathaus wird über neue Verkehrsregelungen gesprochen. Die <RN>Polizistinnen</RN> diskutieren laut über mehr Sicherheit im Straßenverkehr und setzen sich für strengere Kontrollen ein, doch diese <AN>Männer</AN> lehnen die Vorschläge ab. Die nächsten Maßnahmen werden derzeit kontrovers verhandelt.","0","1024","2","48000","-16","53","4","135","-67.0","68.0","61.0","114.0","experiment","8","even","508641.3287000032","-810.0","-290.0","NA","4551.616400014609","4552.137200022116","72038.4219000116","79547.56520001683","508629.79020003695","79601.01650003344","529632.8908000141","71595.96070001135","NA","529587.6841000281","520383.1986000296","508629.83240000904","79601.0496999952","508629.4674000237","72032.09670004435","520379.25950001227","Experiment","0","0","0","14","1920","verhandelt.","53","25","244"
"<AN>Frauen</AN>","C2","<RN>Ingenieure</RN>","undefined","undefined","True","53","4","<AN>Männer</AN>","135","-202.0","-67.0","61.0","114.0","undefined","undefined","#232323","1620","psycho","True","verhandelt","psycho","psycho","undefined","undefined","undefined","0","0","0","0","0","69","0","69","0","0","69","69","69","0","69","0","50","-810.0","-270.5","5","1026.0","62.56853683441861","Tue Aug  4 09:33:56 2026","The main experiment item","False","Bei einer öffentlichen Sitzung im Rathaus wird über neue Verkehrsregelungen gesprochen. Die <RN>Polizisten</RN> diskutieren laut über mehr Sicherheit im Straßenverkehr und setzen sich für strengere Kontrollen ein, doch diese <AN>Männer</AN> lehnen die Vorschläge ab. Die nächsten Maßnahmen werden derzeit kontrovers verhandelt.","experiment.osexp","D:\ET_course_project_gender-bias\experiment","False","mono","False","39","no","white","no","yes","1080","3","space","psycho","178.0","3.0","117","6","69","69","D:\ET_course_project_gender-bias\experiment\subject-8.csv","150","psycho","an_found","Neonatal Nightingale","4.1.14","485.0","178.0","2","0","space","NA","space","space","space","9203.88709998224","NA","7508.373900025617","9203.88709998224","True","53","2","<RN>Polizisten</RN>","225","-13.0","212.0","-173.0","-120.0","2","psycho","2","Bei einer öffentlichen Sitzung im Rathaus wird über neue Verkehrsregelungen gesprochen. Die <RN>Polizistinnen</RN> diskutieren laut über mehr Sicherheit im Straßenverkehr und setzen sich für strengere Kontrollen ein, doch diese <AN>Männer</AN> lehnen die Vorschläge ab. Die nächsten Maßnahmen werden derzeit kontrovers verhandelt.","Auf einer wissenschaftlichen Konferenz zu technischen Zukunftsfragen werden derzeit aktuelle gesellschaftliche Themen erörtert. Die <RN>Ingenieur*innen</RN> spielen eine zentrale Rolle bei der Energiewende und stehen vor Herausforderungen, doch diese <AN>Frauen</AN> lehnen zusätzliche Investitionen ab. Über die Konsequenzen wird weiterhin intensiv gestritten.","1","1024","2","48000","-16","53","4","135","-67.0","68.0","61.0","114.0","experiment","8","even","508641.3287000032","-810.0","-290.0","NA","4551.616400014609","4552.137200022116","72038.4219000116","79547.56520001683","529661.4494000096","79601.01650003344","529661.4835000364","71595.96070001135","NA","529587.6841000281","520383.1986000296","508629.83240000904","79601.0496999952","529661.3605000312","72032.09670004435","520379.25950001227","Experiment","0","0","0","14","1920","verhandelt.","53","25","244"
"<AN>Frauen</AN>","C6","<RN>Professor*innen</RN>","undefined","undefined","True","53","4","<AN>Männer</AN>","135","-202.0","-67.0","61.0","114.0","undefined","undefined","#232323","1620","psycho","True","verhandelt","psycho","psycho","undefined","undefined","undefined","0","0","0","0","0","70","0","70","0","0","70","70","70","0","70","0","50","-810.0","-270.5","5","1026.0","62.56853683441861","Tue Aug  4 09:33:56 2026","The main experiment item","False","Bei einer öffentlichen Sitzung im Rathaus wird über neue Verkehrsregelungen gesprochen. Die <RN>Polizisten</RN> diskutieren laut über mehr Sicherheit im Straßenverkehr und setzen sich für strengere Kontrollen ein, doch diese <AN>Männer</AN> lehnen die Vorschläge ab. Die nächsten Maßnahmen werden derzeit kontrovers verhandelt.","experiment.osexp","D:\ET_course_project_gender-bias\experiment","False","mono","False","39","no","white","no","yes","1080","15","space","psycho","178.0","3.0","117","4","70","70","D:\ET_course_project_gender-bias\experiment\subject-8.csv","150","psycho","an_found","Neonatal Nightingale","4.1.14","485.0","178.0","2","0","space","NA","space","space","space","9203.88709998224","NA","7508.373900025617","9203.88709998224","True","53","2","<RN>Polizisten</RN>","225","-13.0","212.0","-173.0","-120.0","2","psycho","2","Bei einer öffentlichen Sitzung im Rathaus wird über neue Verkehrsregelungen gesprochen. Die <RN>Polizistinnen</RN> diskutieren laut über mehr Sicherheit im Straßenverkehr und setzen sich für strengere Kontrollen ein, doch diese <AN>Männer</AN> lehnen die Vorschläge ab. Die nächsten Maßnahmen werden derzeit kontrovers verhandelt.","Im Rahmen einer öffentlichen Veranstaltung wird über die Zukunft der Hochschulen und die Forschungsförderung diskutiert. Die <RN>Professorinnen</RN> diskutieren über die Zukunft der Hochschulen und setzen sich für mehr Forschungsgelder ein, doch diese <AN>Männer</AN> lehnen die Vorschläge ab. Die nächsten Schritte werden derzeit kontrovers diskutiert.","1","1024","2","48000","-16","53","4","135","-67.0","68.0","61.0","114.0","experiment","8","even","508641.3287000032","-810.0","-290.0","NA","4551.616400014609","4552.137200022116","72038.4219000116","79547.56520001683","529688.9716000296","79601.01650003344","529689.024500025","71595.96070001135","NA","529587.6841000281","520383.1986000296","508629.83240000904","79601.0496999952","529688.7402000139","72032.09670004435","520379.25950001227","Experiment","0","0","0","14","1920","verhandelt.","53","25","244"
"<AN>Männer</AN>","C1","<RN>Unternehmer</RN>","undefined","undefined","True","53","4","<AN>Männer</AN>","135","-202.0","-67.0","61.0","114.0","undefined","undefined","#232323","1620","psycho","True","verhandelt","psycho","psycho","undefined","undefined","undefined","0","0","0","0","0","71","0","71","0","0","71","71","71","0","71","0","50","-810.0","-270.5","5","1026.0","62.56853683441861","Tue Aug  4 09:33:56 2026","The main experiment item","False","Bei einer öffentlichen Sitzung im Rathaus wird über neue Verkehrsregelungen gesprochen. Die <RN>Polizisten</RN> diskutieren laut über mehr Sicherheit im Straßenverkehr und setzen sich für strengere Kontrollen ein, doch diese <AN>Männer</AN> lehnen die Vorschläge ab. Die nächsten Maßnahmen werden derzeit kontrovers verhandelt.","experiment.osexp","D:\ET_course_project_gender-bias\experiment","False","mono","False","39","no","white","no","yes","1080","4","space","psycho","178.0","3.0","117","4","71","71","D:\ET_course_project_gender-bias\experiment\subject-8.csv","150","psycho","an_found","Neonatal Nightingale","4.1.14","485.0","178.0","2","0","space","NA","space","space","space","9203.88709998224","NA","7508.373900025617","9203.88709998224","True","53","2","<RN>Polizisten</RN>","225","-13.0","212.0","-173.0","-120.0","2","psycho","2","Bei einer öffentlichen Sitzung im Rathaus wird über neue Verkehrsregelungen gesprochen. Die <RN>Polizistinnen</RN> diskutieren laut über mehr Sicherheit im Straßenverkehr und setzen sich für strengere Kontrollen ein, doch diese <AN>Männer</AN> lehnen die Vorschläge ab. Die nächsten Maßnahmen werden derzeit kontrovers verhandelt.","Bei einem Networking-Event stehen wirtschaftspolitische und gesellschaftliche Fragestellungen im Mittelpunkt der Diskussion. Die <RN>Unternehmer</RN> brauchen weniger bürokratische Hürden und sprechen über Verbesserungen, doch diese <AN>Männer</AN> fordern weitere steuerliche Entlastungen. Die Folgen dieser Positionen bleiben umstritten.","1","1024","2","48000","-16","53","4","135","-67.0","68.0","61.0","114.0","experiment","8","even","508641.3287000032","-810.0","-290.0","NA","4551.616400014609","4552.137200022116","72038.4219000116","79547.56520001683","529716.996400035","79601.01650003344","529717.0306000044","71595.96070001135","NA","529587.6841000281","520383.1986000296","508629.83240000904","79601.0496999952","529716.9078000006","72032.09670004435","520379.25950001227","Experiment","0","0","0","14","1920","verhandelt.","53","25","244"
"<AN>Frauen</AN>","C4","<RN>Ingenieurinnen</RN>","undefined","undefined","True","53","4","<AN>Männer</AN>","135","-202.0","-67.0","61.0","114.0","undefined","undefined","#232323","1620","psycho","True","verhandelt","psycho","psycho","undefined","undefined","undefined","0","0","0","0","0","72","0","72","0","0","72","72","72","0","72","0","50","-810.0","-270.5","5","1026.0","62.56853683441861","Tue Aug  4 09:33:56 2026","The main experiment item","False","Bei einer öffentlichen Sitzung im Rathaus wird über neue Verkehrsregelungen gesprochen. Die <RN>Polizisten</RN> diskutieren laut über mehr Sicherheit im Straßenverkehr und setzen sich für strengere Kontrollen ein, doch diese <AN>Männer</AN> lehnen die Vorschläge ab. Die nächsten Maßnahmen werden derzeit kontrovers verhandelt.","experiment.osexp","D:\ET_course_project_gender-bias\experiment","False","mono","False","39","no","white","no","yes","1080","17","space","psycho","178.0","3.0","117","6","72","72","D:\ET_course_project_gender-bias\experiment\subject-8.csv","150","psycho","an_found","Neonatal Nightingale","4.1.14","485.0","178.0","2","0","space","NA","space","space","space","9203.88709998224","NA","7508.373900025617","9203.88709998224","True","53","2","<RN>Polizisten</RN>","225","-13.0","212.0","-173.0","-120.0","2","psycho","2","Bei einer öffentlichen Sitzung im Rathaus wird über neue Verkehrsregelungen gesprochen. Die <RN>Polizistinnen</RN> diskutieren laut über mehr Sicherheit im Straßenverkehr und setzen sich für strengere Kontrollen ein, doch diese <AN>Männer</AN> lehnen die Vorschläge ab. Die nächsten Maßnahmen werden derzeit kontrovers verhandelt.","Im Rahmen einer städtischen Planungsrunde wird über die zukünftige Mobilität und den Ausbau des Nahverkehrs diskutiert. Die <RN>Ingenieurinnen</RN> diskutieren über nachhaltige Verkehrskonzepte und setzen sich für den Ausbau des ÖPNV ein, doch diese <AN>Männer</AN> lehnen die Vorschläge ab. Die nächsten Schritte werden derzeit kontrovers diskutiert.","1","1024","2","48000","-16","53","4","135","-67.0","68.0","61.0","114.0","experiment","8","even","508641.3287000032","-810.0","-290.0","NA","4551.616400014609","4552.137200022116","72038.4219000116","79547.56520001683","529746.5350000421","79601.01650003344","529746.5857000207","71595.96070001135","NA","529587.6841000281","520383.1986000296","508629.83240000904","79601.0496999952","529745.7835000241","72032.09670004435","520379.25950001227","Experiment","0","0","0","14","1920","verhandelt.","53","25","244"
"<AN>Männer</AN>","C3","<RN>Arbeitnehmerinnen</RN>","undefined","undefined","True","53","4","<AN>Männer</AN>","135","-202.0","-67.0","61.0","114.0","undefined","undefined","#232323","1620","psycho","True","verhandelt","psycho","psycho","undefined","undefined","undefined","0","0","0","0","0","73","0","73","0","0","73","73","73","0","73","0","50","-810.0","-270.5","5","1026.0","62.56853683441861","Tue Aug  4 09:33:56 2026","The main experiment item","False","Bei einer öffentlichen Sitzung im Rathaus wird über neue Verkehrsregelungen gesprochen. Die <RN>Polizisten</RN> diskutieren laut über mehr Sicherheit im Straßenverkehr und setzen sich für strengere Kontrollen ein, doch diese <AN>Männer</AN> lehnen die Vorschläge ab. Die nächsten Maßnahmen werden derzeit kontrovers verhandelt.","experiment.osexp","D:\ET_course_project_gender-bias\experiment","False","mono","False","39","no","white","no","yes","1080","5","space","psycho","178.0","3.0","117","5","73","73","D:\ET_course_project_gender-bias\experiment\subject-8.csv","150","psycho","an_found","Neonatal Nightingale","4.1.14","485.0","178.0","2","0","space","NA","space","space","space","9203.88709998224","NA","7508.373900025617","9203.88709998224","True","53","2","<RN>Polizisten</RN>","225","-13.0","212.0","-173.0","-120.0","2","psycho","2","Bei einer öffentlichen Sitzung im Rathaus wird über neue Verkehrsregelungen gesprochen. Die <RN>Polizistinnen</RN> diskutieren laut über mehr Sicherheit im Straßenverkehr und setzen sich für strengere Kontrollen ein, doch diese <AN>Männer</AN> lehnen die Vorschläge ab. Die nächsten Maßnahmen werden derzeit kontrovers verhandelt.","Im Rahmen einer Geschäftsveranstaltung findet derzeit ein Austausch über Arbeitsbedingungen und gesellschaftliche Entwicklungen statt. Die <RN>Arbeitnehmer*innen</RN> erwarten höhere Gehälter und klimatisierte Arbeitsplätze, aber diese <AN>Männer</AN> wollen auch weniger arbeiten. Die Frage nach den Konsequenzen bleibt offen.","1","1024","2","48000","-16","53","4","135","-67.0","68.0","61.0","114.0","experiment","8","even","508641.3287000032","-810.0","-290.0","NA","4551.616400014609","4552.137200022116","72038.4219000116","79547.56520001683","529774.092000036","79601.01650003344","529774.145500036","71595.96070001135","NA","529587.6841000281","520383.1986000296","508629.83240000904","79601.0496999952","529773.818799993","72032.09670004435","520379.25950001227","Experiment","0","0","0","14","1920","verhandelt.","53","25","244"
"<AN>Männer</AN>","C3","<RN>Expertinnen</RN>","undefined","undefined","True","53","4","<AN>Männer</AN>","135","-202.0","-67.0","61.0","114.0","undefined","undefined","#232323","1620","psycho","True","verhandelt","psycho","psycho","undefined","undefined","undefined","0","0","0","0","0","74","0","74","0","0","74","74","74","0","74","0","50","-810.0","-270.5","5","1026.0","62.56853683441861","Tue Aug  4 09:33:56 2026","The main experiment item","False","Bei einer öffentlichen Sitzung im Rathaus wird über neue Verkehrsregelungen gesprochen. Die <RN>Polizisten</RN> diskutieren laut über mehr Sicherheit im Straßenverkehr und setzen sich für strengere Kontrollen ein, doch diese <AN>Männer</AN> lehnen die Vorschläge ab. Die nächsten Maßnahmen werden derzeit kontrovers verhandelt.","experiment.osexp","D:\ET_course_project_gender-bias\experiment","False","mono","False","39","no","white","no","yes","1080","7","space","psycho","178.0","3.0","117","3","74","74","D:\ET_course_project_gender-bias\experiment\subject-8.csv","150","psycho","an_found","Neonatal Nightingale","4.1.14","485.0","178.0","2","0","space","NA","space","space","space","9203.88709998224","NA","7508.373900025617","9203.88709998224","True","53","2","<RN>Polizisten</RN>","225","-13.0","212.0","-173.0","-120.0","2","psycho","2","Bei einer öffentlichen Sitzung im Rathaus wird über neue Verkehrsregelungen gesprochen. Die <RN>Polizistinnen</RN> diskutieren laut über mehr Sicherheit im Straßenverkehr und setzen sich für strengere Kontrollen ein, doch diese <AN>Männer</AN> lehnen die Vorschläge ab. Die nächsten Maßnahmen werden derzeit kontrovers verhandelt.","Beim Sommerfest eines Unternehmens wird über wirtschaftliche Entwicklungen und gesellschaftliche Herausforderungen diskutiert. Die <RN>Fachleute</RN> sehen große Herausforderungen im nächsten Geschäftsjahr, dennoch bleiben diese <AN>Männer</AN> optimistisch. Die unternehmerischen Folgen werden unterschiedlich bewertet.","1","1024","2","48000","-16","53","4","135","-67.0","68.0","61.0","114.0","experiment","8","even","508641.3287000032","-810.0","-290.0","NA","4551.616400014609","4552.137200022116","72038.4219000116","79547.56520001683","529801.095200004","79601.01650003344","529801.1350000161","71595.96070001135","NA","529587.6841000281","520383.1986000296","508629.83240000904","79601.0496999952","529800.9187999996","72032.09670004435","520379.25950001227","Experiment","0","0","0","14","1920","verhandelt.","53","25","244"
"<AN>Männern</AN>","C3","<RN>Expertinnen</RN>","undefined","undefined","True","53","4","<AN>Männer</AN>","135","-202.0","-67.0","61.0","114.0","undefined","undefined","#232323","1620","psycho","True","verhandelt","psycho","psycho","undefined","undefined","undefined","0","0","0","0","0","75","0","75","0","0","75","75","75","0","75","0","50","-810.0","-270.5","5","1026.0","62.56853683441861","Tue Aug  4 09:33:56 2026","The main experiment item","False","Bei einer öffentlichen Sitzung im Rathaus wird über neue Verkehrsregelungen gesprochen. Die <RN>Polizisten</RN> diskutieren laut über mehr Sicherheit im Straßenverkehr und setzen sich für strengere Kontrollen ein, doch diese <AN>Männer</AN> lehnen die Vorschläge ab. Die nächsten Maßnahmen werden derzeit kontrovers verhandelt.","experiment.osexp","D:\ET_course_project_gender-bias\experiment","False","mono","False","39","no","white","no","yes","1080","10","space","psycho","178.0","3.0","117","6","75","75","D:\ET_course_project_gender-bias\experiment\subject-8.csv","150","psycho","an_found","Neonatal Nightingale","4.1.14","485.0","178.0","2","0","space","NA","space","space","space","9203.88709998224","NA","7508.373900025617","9203.88709998224","True","53","2","<RN>Polizisten</RN>","225","-13.0","212.0","-173.0","-120.0","2","psycho","2","Bei einer öffentlichen Sitzung im Rathaus wird über neue Verkehrsregelungen gesprochen. Die <RN>Polizistinnen</RN> diskutieren laut über mehr Sicherheit im Straßenverkehr und setzen sich für strengere Kontrollen ein, doch diese <AN>Männer</AN> lehnen die Vorschläge ab. Die nächsten Maßnahmen werden derzeit kontrovers verhandelt.","Im Rahmen einer universitären Veranstaltung werden aktuelle Fragestellungen der Rüstungsindustrie behandelt. Die große Mehrheit dieser <RN>Fachleute</RN> sehen eine stärkere Aufrüstung für Deutschland als notwendig, doch diese Gruppe von <AN>Frauen</AN> kritisiert dessen Finanzierung. Die Auswirkungen der Entscheidung werden noch geprüft.","1","1024","2","48000","-16","53","4","135","-67.0","68.0","61.0","114.0","experiment","8","even","508641.3287000032","-810.0","-290.0","NA","4551.616400014609","4552.137200022116","72038.4219000116","79547.56520001683","529829.585200001","79601.01650003344","529829.6431000344","71595.96070001135","NA","529587.6841000281","520383.1986000296","508629.83240000904","79601.0496999952","529829.4948000112","72032.09670004435","520379.25950001227","Experiment","0","0","0","14","1920","verhandelt.","53","25","244"
"<AN>Männern</AN>","C1","<RN>Experten</RN>","undefined","undefined","True","53","4","<AN>Männer</AN>","135","-202.0","-67.0","61.0","114.0","undefined","undefined","#232323","1620","psycho","True","verhandelt","psycho","psycho","undefined","undefined","undefined","0","0","0","0","0","76","0","76","0","0","76","76","76","0","76","0","50","-810.0","-270.5","5","1026.0","62.56853683441861","Tue Aug  4 09:33:56 2026","The main experiment item","False","Bei einer öffentlichen Sitzung im Rathaus wird über neue Verkehrsregelungen gesprochen. Die <RN>Polizisten</RN> diskutieren laut über mehr Sicherheit im Straßenverkehr und setzen sich für strengere Kontrollen ein, doch diese <AN>Männer</AN> lehnen die Vorschläge ab. Die nächsten Maßnahmen werden derzeit kontrovers verhandelt.","experiment.osexp","D:\ET_course_project_gender-bias\experiment","False","mono","False","39","no","white","no","yes","1080","10","space","psycho","178.0","3.0","117","4","76","76","D:\ET_course_project_gender-bias\experiment\subject-8.csv","150","psycho","an_found","Neonatal Nightingale","4.1.14","485.0","178.0","2","0","space","NA","space","space","space","9203.88709998224","NA","7508.373900025617","9203.88709998224","True","53","2","<RN>Polizisten</RN>","225","-13.0","212.0","-173.0","-120.0","2","psycho","2","Bei einer öffentlichen Sitzung im Rathaus wird über neue Verkehrsregelungen gesprochen. Die <RN>Polizistinnen</RN> diskutieren laut über mehr Sicherheit im Straßenverkehr und setzen sich für strengere Kontrollen ein, doch diese <AN>Männer</AN> lehnen die Vorschläge ab. Die nächsten Maßnahmen werden derzeit kontrovers verhandelt.","Im Rahmen einer universitären Veranstaltung werden aktuelle Fragestellungen der Rüstungsindustrie behandelt. Die große Mehrheit dieser <RN>Fachleute</RN> sehen eine stärkere Aufrüstung für Deutschland als notwendig, doch diese Gruppe von <AN>Frauen</AN> kritisiert dessen Finanzierung. Die Auswirkungen der Entscheidung werden noch geprüft.","1","1024","2","48000","-16","53","4","135","-67.0","68.0","61.0","114.0","experiment","8","even","508641.3287000032","-810.0","-290.0","NA","4551.616400014609","4552.137200022116","72038.4219000116","79547.56520001683","529856.3893000246","79601.01650003344","529856.4435000299","71595.96070001135","NA","529587.6841000281","520383.1986000296","508629.83240000904","79601.0496999952","529856.1391000403","72032.09670004435","520379.25950001227","Experiment","0","0","0","14","1920","verhandelt.","53","25","244"
"<AN>Männer</AN>","C1","<RN>Professoren</RN>","undefined","undefined","True","53","4","<AN>Männer</AN>","135","-202.0","-67.0","61.0","114.0","undefined","undefined","#232323","1620","psycho","True","verhandelt","psycho","psycho","undefined","undefined","undefined","0","0","0","0","0","77","0","77","0","0","77","77","77","0","77","0","50","-810.0","-270.5","5","1026.0","62.56853683441861","Tue Aug  4 09:33:56 2026","The main experiment item","False","Bei einer öffentlichen Sitzung im Rathaus wird über neue Verkehrsregelungen gesprochen. Die <RN>Polizisten</RN> diskutieren laut über mehr Sicherheit im Straßenverkehr und setzen sich für strengere Kontrollen ein, doch diese <AN>Männer</AN> lehnen die Vorschläge ab. Die nächsten Maßnahmen werden derzeit kontrovers verhandelt.","experiment.osexp","D:\ET_course_project_gender-bias\experiment","False","mono","False","39","no","white","no","yes","1080","15","space","psycho","178.0","3.0","117","5","77","77","D:\ET_course_project_gender-bias\experiment\subject-8.csv","150","psycho","an_found","Neonatal Nightingale","4.1.14","485.0","178.0","2","0","space","NA","space","space","space","9203.88709998224","NA","7508.373900025617","9203.88709998224","True","53","2","<RN>Polizisten</RN>","225","-13.0","212.0","-173.0","-120.0","2","psycho","2","Bei einer öffentlichen Sitzung im Rathaus wird über neue Verkehrsregelungen gesprochen. Die <RN>Polizistinnen</RN> diskutieren laut über mehr Sicherheit im Straßenverkehr und setzen sich für strengere Kontrollen ein, doch diese <AN>Männer</AN> lehnen die Vorschläge ab. Die nächsten Maßnahmen werden derzeit kontrovers verhandelt.","Im Rahmen einer öffentlichen Veranstaltung wird über die Zukunft der Hochschulen und die Forschungsförderung diskutiert. Die <RN>Professorinnen</RN> diskutieren über die Zukunft der Hochschulen und setzen sich für mehr Forschungsgelder ein, doch diese <AN>Männer</AN> lehnen die Vorschläge ab. Die nächsten Schritte werden derzeit kontrovers diskutiert.","1","1024","2","48000","-16","53","4","135","-67.0","68.0","61.0","114.0","experiment","8","even","508641.3287000032","-810.0","-290.0","NA","4551.616400014609","4552.137200022116","72038.4219000116","79547.56520001683","529883.3659000229","79601.01650003344","529883.4181000129","71595.96070001135","NA","529587.6841000281","520383.1986000296","508629.83240000904","79601.0496999952","529883.1357000163","72032.09670004435","520379.25950001227","Experiment","0","0","0","14","1920","verhandelt.","53","25","244"
"<AN>Männer</AN>","C3","<RN>Dozentinnen</RN>","undefined","undefined","True","53","4","<AN>Männer</AN>","135","-202.0","-67.0","61.0","114.0","undefined","undefined","#232323","1620","psycho","True","verhandelt","psycho","psycho","undefined","undefined","undefined","0","0","0","0","0","78","0","78","0","0","78","78","78","0","78","0","50","-810.0","-270.5","5","1026.0","62.56853683441861","Tue Aug  4 09:33:56 2026","The main experiment item","False","Bei einer öffentlichen Sitzung im Rathaus wird über neue Verkehrsregelungen gesprochen. Die <RN>Polizisten</RN> diskutieren laut über mehr Sicherheit im Straßenverkehr und setzen sich für strengere Kontrollen ein, doch diese <AN>Männer</AN> lehnen die Vorschläge ab. Die nächsten Maßnahmen werden derzeit kontrovers verhandelt.","experiment.osexp","D:\ET_course_project_gender-bias\experiment","False","mono","False","39","no","white","no","yes","1080","9","space","psycho","178.0","3.0","117","1","78","78","D:\ET_course_project_gender-bias\experiment\subject-8.csv","150","psycho","an_found","Neonatal Nightingale","4.1.14","485.0","178.0","2","0","space","NA","space","space","space","9203.88709998224","NA","7508.373900025617","9203.88709998224","True","53","2","<RN>Polizisten</RN>","225","-13.0","212.0","-173.0","-120.0","2","psycho","2","Bei einer öffentlichen Sitzung im Rathaus wird über neue Verkehrsregelungen gesprochen. Die <RN>Polizistinnen</RN> diskutieren laut über mehr Sicherheit im Straßenverkehr und setzen sich für strengere Kontrollen ein, doch diese <AN>Männer</AN> lehnen die Vorschläge ab. Die nächsten Maßnahmen werden derzeit kontrovers verhandelt.","Auf einer schulischen Tagung werden aktuelle Kontroversen rund um Vorlesungsführung und Leistungsbewertung diskutiert. Die <RN>Dozent*innen</RN> fordern erhöhte Leistungsorientierung und strengere Notenvergabe im Lehrplan, doch diese <AN>Männer</AN> stoßen dabei auf Gegendruck von Eltern. Die Debatte über das Thema hält weiter an.","1","1024","2","48000","-16","53","4","135","-67.0","68.0","61.0","114.0","experiment","8","even","508641.3287000032","-810.0","-290.0","NA","4551.616400014609","4552.137200022116","72038.4219000116","79547.56520001683","529912.723299989","79601.01650003344","529912.7789000049","71595.96070001135","NA","529587.6841000281","520383.1986000296","508629.83240000904","79601.0496999952","529912.3787000426","72032.09670004435","520379.25950001227","Experiment","0","0","0","14","1920","verhandelt.","53","25","244"
"<AN>Männer</AN>","C5","<RN>Aktivist*innen</RN>","undefined","undefined","True","53","4","<AN>Männer</AN>","135","-202.0","-67.0","61.0","114.0","undefined","undefined","#232323","1620","psycho","True","verhandelt","psycho","psycho","undefined","undefined","undefined","0","0","0","0","0","79","0","79","0","0","79","79","79","0","79","0","50","-810.0","-270.5","5","1026.0","62.56853683441861","Tue Aug  4 09:33:56 2026","The main experiment item","False","Bei einer öffentlichen Sitzung im Rathaus wird über neue Verkehrsregelungen gesprochen. Die <RN>Polizisten</RN> diskutieren laut über mehr Sicherheit im Straßenverkehr und setzen sich für strengere Kontrollen ein, doch diese <AN>Männer</AN> lehnen die Vorschläge ab. Die nächsten Maßnahmen werden derzeit kontrovers verhandelt.","experiment.osexp","D:\ET_course_project_gender-bias\experiment","False","mono","False","39","no","white","no","yes","1080","11","space","psycho","178.0","3.0","117","1","79","79","D:\ET_course_project_gender-bias\experiment\subject-8.csv","150","psycho","an_found","Neonatal Nightingale","4.1.14","485.0","178.0","2","0","space","NA","space","space","space","9203.88709998224","NA","7508.373900025617","9203.88709998224","True","53","2","<RN>Polizisten</RN>","225","-13.0","212.0","-173.0","-120.0","2","psycho","2","Bei einer öffentlichen Sitzung im Rathaus wird über neue Verkehrsregelungen gesprochen. Die <RN>Polizistinnen</RN> diskutieren laut über mehr Sicherheit im Straßenverkehr und setzen sich für strengere Kontrollen ein, doch diese <AN>Männer</AN> lehnen die Vorschläge ab. Die nächsten Maßnahmen werden derzeit kontrovers verhandelt.","Auf einer öffentlichen Veranstaltung werden aktuelle wohnungs- und gesellschaftspolitische Themen diskutiert. Die <RN>Aktivist*innen</RN> fordern mehr bezahlbaren Wohnraum in Stuttgart und diskutieren faire Lösungsansätze, doch diese <AN>Frauen</AN> sehen die Verantwortung stärker beim Bund. Die Auswirkungen der Entscheidung werden noch geprüft.","1","1024","2","48000","-16","53","4","135","-67.0","68.0","61.0","114.0","experiment","8","even","508641.3287000032","-810.0","-290.0","NA","4551.616400014609","4552.137200022116","72038.4219000116","79547.56520001683","529939.4603000255","79601.01650003344","529939.4956000033","71595.96070001135","NA","529587.6841000281","520383.1986000296","508629.83240000904","79601.0496999952","529939.3640999915","72032.09670004435","520379.25950001227","Experiment","0","0","0","14","1920","verhandelt.","53","25","244"
"<AN>Frauen</AN>","C4","<RN>Expertinnen</RN>","undefined","undefined","True","53","4","<AN>Männer</AN>","135","-202.0","-67.0","61.0","114.0","undefined","undefined","#232323","1620","psycho","True","verhandelt","psycho","psycho","undefined","undefined","undefined","0","0","0","0","0","80","0","80","0","0","80","80","80","0","80","0","50","-810.0","-270.5","5","1026.0","62.56853683441861","Tue Aug  4 09:33:56 2026","The main experiment item","False","Bei einer öffentlichen Sitzung im Rathaus wird über neue Verkehrsregelungen gesprochen. Die <RN>Polizisten</RN> diskutieren laut über mehr Sicherheit im Straßenverkehr und setzen sich für strengere Kontrollen ein, doch diese <AN>Männer</AN> lehnen die Vorschläge ab. Die nächsten Maßnahmen werden derzeit kontrovers verhandelt.","experiment.osexp","D:\ET_course_project_gender-bias\experiment","False","mono","False","39","no","white","no","yes","1080","7","space","psycho","178.0","3.0","117","4","80","80","D:\ET_course_project_gender-bias\experiment\subject-8.csv","150","psycho","an_found","Neonatal Nightingale","4.1.14","485.0","178.0","2","0","space","NA","space","space","space","9203.88709998224","NA","7508.373900025617","9203.88709998224","True","53","2","<RN>Polizisten</RN>","225","-13.0","212.0","-173.0","-120.0","2","psycho","2","Bei einer öffentlichen Sitzung im Rathaus wird über neue Verkehrsregelungen gesprochen. Die <RN>Polizistinnen</RN> diskutieren laut über mehr Sicherheit im Straßenverkehr und setzen sich für strengere Kontrollen ein, doch diese <AN>Männer</AN> lehnen die Vorschläge ab. Die nächsten Maßnahmen werden derzeit kontrovers verhandelt.","Beim Sommerfest eines Unternehmens wird über wirtschaftliche Entwicklungen und gesellschaftliche Herausforderungen diskutiert. Die <RN>Fachleute</RN> sehen große Herausforderungen im nächsten Geschäftsjahr, dennoch bleiben diese <AN>Männer</AN> optimistisch. Die unternehmerischen Folgen werden unterschiedlich bewertet.","1","1024","2","48000","-16","53","4","135","-67.0","68.0","61.0","114.0","experiment","8","even","508641.3287000032","-810.0","-290.0","NA","4551.616400014609","4552.137200022116","72038.4219000116","79547.56520001683","529966.8176000123","79601.01650003344","529966.8747000396","71595.96070001135","NA","529587.6841000281","520383.1986000296","508629.83240000904","79601.0496999952","529966.5396999917","72032.09670004435","520379.25950001227","Experiment","0","0","0","14","1920","verhandelt.","53","25","244"
"<AN>Männer</AN>","C1","<RN>Studenten</RN>","undefined","undefined","True","53","4","<AN>Männer</AN>","135","-202.0","-67.0","61.0","114.0","undefined","undefined","#232323","1620","psycho","True","verhandelt","psycho","psycho","undefined","undefined","undefined","0","0","0","0","0","81","0","81","0","0","81","81","81","0","81","0","50","-810.0","-270.5","5","1026.0","62.56853683441861","Tue Aug  4 09:33:56 2026","The main experiment item","False","Bei einer öffentlichen Sitzung im Rathaus wird über neue Verkehrsregelungen gesprochen. Die <RN>Polizisten</RN> diskutieren laut über mehr Sicherheit im Straßenverkehr und setzen sich für strengere Kontrollen ein, doch diese <AN>Männer</AN> lehnen die Vorschläge ab. Die nächsten Maßnahmen werden derzeit kontrovers verhandelt.","experiment.osexp","D:\ET_course_project_gender-bias\experiment","False","mono","False","39","no","white","no","yes","1080","1","space","psycho","178.0","3.0","117","1","81","81","D:\ET_course_project_gender-bias\experiment\subject-8.csv","150","psycho","an_found","Neonatal Nightingale","4.1.14","485.0","178.0","2","0","space","NA","space","space","space","9203.88709998224","NA","7508.373900025617","9203.88709998224","True","53","2","<RN>Polizisten</RN>","225","-13.0","212.0","-173.0","-120.0","2","psycho","2","Bei einer öffentlichen Sitzung im Rathaus wird über neue Verkehrsregelungen gesprochen. Die <RN>Polizistinnen</RN> diskutieren laut über mehr Sicherheit im Straßenverkehr und setzen sich für strengere Kontrollen ein, doch diese <AN>Männer</AN> lehnen die Vorschläge ab. Die nächsten Maßnahmen werden derzeit kontrovers verhandelt.","Bei einer Podiumsdiskussion an der Universität wird über aktuelle gesellschaftliche Themen gesprochen. Die <RN>Studenten</RN> müssten wieder stärker leistungsorientiert gefördert werden, doch die Mehrheit dieser dort teilnehmenden <AN>Frauen</AN> kritisiert die neuen Anforderungen. Die weitere Entwicklung bleibt Gegenstand öffentlicher Debatten.","1","1024","2","48000","-16","53","4","135","-67.0","68.0","61.0","114.0","experiment","8","even","508641.3287000032","-810.0","-290.0","NA","4551.616400014609","4552.137200022116","72038.4219000116","79547.56520001683","529993.6586000258","79601.01650003344","529993.6929999967","71595.96070001135","NA","529587.6841000281","520383.1986000296","508629.83240000904","79601.0496999952","529993.5706999968","72032.09670004435","520379.25950001227","Experiment","0","0","0","14","1920","verhandelt.","53","25","244"
"<AN>Männern</AN>","C5","<RN>Expert*innen</RN>","undefined","undefined","True","53","4","<AN>Männern</AN>","158","-63.0","95.0","61.0","114.0","undefined","undefined","#232323","1620","psycho","True","geprüft","psycho","psycho","undefined","undefined","undefined","0","0","0","0","0","82","0","82","0","0","82","82","82","0","82","0","50","-810.0","-270.5","5","1364.0","44.69725687869445","Tue Aug  4 09:33:56 2026","The main experiment item","False","Im Rahmen einer universitären Veranstaltung werden aktuelle Fragestellungen der Rüstungsindustrie behandelt. Die große Mehrheit dieser <RN>Expert*innen</RN> sehen eine stärkere Aufrüstung für Deutschland als notwendig, doch diese Gruppe von <AN>Männern</AN> kritisiert dessen Finanzierung. Die Auswirkungen der Entscheidung werden noch geprüft.","experiment.osexp","D:\ET_course_project_gender-bias\experiment","False","mono","False","39","no","white","no","yes","1080","10","space","psycho","178.0","3.0","117","2","82","82","D:\ET_course_project_gender-bias\experiment\subject-8.csv","150","psycho","an_found","Neonatal Nightingale","4.1.14","754.0","178.0","2","0","space","NA","space","space","space","8668.534700002056","NA","7508.373900025617","8668.534700002056","True","53","3","<RN>Expert*innen</RN>","271","-651.0","-380.0","-56.0","-3.0","2","psycho","2","Im Rahmen einer universitären Veranstaltung werden aktuelle Fragestellungen der Rüstungsindustrie behandelt. Die große Mehrheit dieser <RN>Fachleute</RN> sehen eine stärkere Aufrüstung für Deutschland als notwendig, doch diese Gruppe von <AN>Frauen</AN> kritisiert dessen Finanzierung. Die Auswirkungen der Entscheidung werden noch geprüft.","Im Rahmen einer universitären Veranstaltung werden aktuelle Fragestellungen der Rüstungsindustrie behandelt. Die große Mehrheit dieser <RN>Fachleute</RN> sehen eine stärkere Aufrüstung für Deutschland als notwendig, doch diese Gruppe von <AN>Frauen</AN> kritisiert dessen Finanzierung. Die Auswirkungen der Entscheidung werden noch geprüft.","0","1024","2","48000","-16","53","4","158","95.0","253.0","61.0","114.0","experiment","8","even","530033.2218999974","-810.0","-290.0","NA","4551.616400014609","4552.137200022116","72038.4219000116","79547.56520001683","530021.9132000348","79601.01650003344","553280.971500033","71595.96070001135","NA","553235.8235000283","544566.584300017","530021.9387999969","79601.0496999952","530021.8228000449","72032.09670004435","544563.1511000101","Experiment","0","0","0","15","1920","geprüft.","53","25","175"
"<AN>Frauen</AN>","C2","<RN>Experten</RN>","undefined","undefined","True","53","4","<AN>Männern</AN>","158","-63.0","95.0","61.0","114.0","undefined","undefined","#232323","1620","psycho","True","geprüft","psycho","psycho","undefined","undefined","undefined","0","0","0","0","0","83","0","83","0","0","83","83","83","0","83","0","50","-810.0","-270.5","5","1364.0","44.69725687869445","Tue Aug  4 09:33:56 2026","The main experiment item","False","Im Rahmen einer universitären Veranstaltung werden aktuelle Fragestellungen der Rüstungsindustrie behandelt. Die große Mehrheit dieser <RN>Expert*innen</RN> sehen eine stärkere Aufrüstung für Deutschland als notwendig, doch diese Gruppe von <AN>Männern</AN> kritisiert dessen Finanzierung. Die Auswirkungen der Entscheidung werden noch geprüft.","experiment.osexp","D:\ET_course_project_gender-bias\experiment","False","mono","False","39","no","white","no","yes","1080","10","space","psycho","178.0","3.0","117","5","83","83","D:\ET_course_project_gender-bias\experiment\subject-8.csv","150","psycho","an_found","Neonatal Nightingale","4.1.14","754.0","178.0","2","0","space","NA","space","space","space","8668.534700002056","NA","7508.373900025617","8668.534700002056","True","53","3","<RN>Expert*innen</RN>","271","-651.0","-380.0","-56.0","-3.0","2","psycho","2","Im Rahmen einer universitären Veranstaltung werden aktuelle Fragestellungen der Rüstungsindustrie behandelt. Die große Mehrheit dieser <RN>Fachleute</RN> sehen eine stärkere Aufrüstung für Deutschland als notwendig, doch diese Gruppe von <AN>Frauen</AN> kritisiert dessen Finanzierung. Die Auswirkungen der Entscheidung werden noch geprüft.","Im Rahmen einer universitären Veranstaltung werden aktuelle Fragestellungen der Rüstungsindustrie behandelt. Die große Mehrheit dieser <RN>Fachleute</RN> sehen eine stärkere Aufrüstung für Deutschland als notwendig, doch diese Gruppe von <AN>Frauen</AN> kritisiert dessen Finanzierung. Die Auswirkungen der Entscheidung werden noch geprüft.","1","1024","2","48000","-16","53","4","158","95.0","253.0","61.0","114.0","experiment","8","even","530033.2218999974","-810.0","-290.0","NA","4551.616400014609","4552.137200022116","72038.4219000116","79547.56520001683","553308.8560000178","79601.01650003344","553308.9085000101","71595.96070001135","NA","553235.8235000283","544566.584300017","530021.9387999969","79601.0496999952","553308.6380000459","72032.09670004435","544563.1511000101","Experiment","0","0","0","15","1920","geprüft.","53","25","175"
"<AN>Frauen</AN>","C6","<RN>Expert*innen</RN>","undefined","undefined","True","53","4","<AN>Männern</AN>","158","-63.0","95.0","61.0","114.0","undefined","undefined","#232323","1620","psycho","True","geprüft","psycho","psycho","undefined","undefined","undefined","0","0","0","0","0","84","0","84","0","0","84","84","84","0","84","0","50","-810.0","-270.5","5","1364.0","44.69725687869445","Tue Aug  4 09:33:56 2026","The main experiment item","False","Im Rahmen einer universitären Veranstaltung werden aktuelle Fragestellungen der Rüstungsindustrie behandelt. Die große Mehrheit dieser <RN>Expert*innen</RN> sehen eine stärkere Aufrüstung für Deutschland als notwendig, doch diese Gruppe von <AN>Männern</AN> kritisiert dessen Finanzierung. Die Auswirkungen der Entscheidung werden noch geprüft.","experiment.osexp","D:\ET_course_project_gender-bias\experiment","False","mono","False","39","no","white","no","yes","1080","14","space","psycho","178.0","3.0","117","5","84","84","D:\ET_course_project_gender-bias\experiment\subject-8.csv","150","psycho","an_found","Neonatal Nightingale","4.1.14","754.0","178.0","2","0","space","NA","space","space","space","8668.534700002056","NA","7508.373900025617","8668.534700002056","True","53","3","<RN>Expert*innen</RN>","271","-651.0","-380.0","-56.0","-3.0","2","psycho","2","Im Rahmen einer universitären Veranstaltung werden aktuelle Fragestellungen der Rüstungsindustrie behandelt. Die große Mehrheit dieser <RN>Fachleute</RN> sehen eine stärkere Aufrüstung für Deutschland als notwendig, doch diese Gruppe von <AN>Frauen</AN> kritisiert dessen Finanzierung. Die Auswirkungen der Entscheidung werden noch geprüft.","Auf einer öffentlichen Veranstaltung stehen Investitionen und langfristige gesellschaftliche Entwicklungen zur Diskussion. Die <RN>Fachfrauen</RN> unterstützen höhere Investitionen und langfristige Entwicklungen, doch diese <AN>Männer</AN> kritisieren die Umsetzung. Die politischen Folgen werden unterschiedlich bewertet.","1","1024","2","48000","-16","53","4","158","95.0","253.0","61.0","114.0","experiment","8","even","530033.2218999974","-810.0","-290.0","NA","4551.616400014609","4552.137200022116","72038.4219000116","79547.56520001683","553335.8679999947","79601.01650003344","553335.9026000253","71595.96070001135","NA","553235.8235000283","544566.584300017","530021.9387999969","79601.0496999952","553335.7797000208","72032.09670004435","544563.1511000101","Experiment","0","0","0","15","1920","geprüft.","53","25","175"
"<AN>Männer</AN>","C5","<RN>Dozent*innen</RN>","undefined","undefined","True","53","4","<AN>Männern</AN>","158","-63.0","95.0","61.0","114.0","undefined","undefined","#232323","1620","psycho","True","geprüft","psycho","psycho","undefined","undefined","undefined","0","0","0","0","0","85","0","85","0","0","85","85","85","0","85","0","50","-810.0","-270.5","5","1364.0","44.69725687869445","Tue Aug  4 09:33:56 2026","The main experiment item","False","Im Rahmen einer universitären Veranstaltung werden aktuelle Fragestellungen der Rüstungsindustrie behandelt. Die große Mehrheit dieser <RN>Expert*innen</RN> sehen eine stärkere Aufrüstung für Deutschland als notwendig, doch diese Gruppe von <AN>Männern</AN> kritisiert dessen Finanzierung. Die Auswirkungen der Entscheidung werden noch geprüft.","experiment.osexp","D:\ET_course_project_gender-bias\experiment","False","mono","False","39","no","white","no","yes","1080","9","space","psycho","178.0","3.0","117","3","85","85","D:\ET_course_project_gender-bias\experiment\subject-8.csv","150","psycho","an_found","Neonatal Nightingale","4.1.14","754.0","178.0","2","0","space","NA","space","space","space","8668.534700002056","NA","7508.373900025617","8668.534700002056","True","53","3","<RN>Expert*innen</RN>","271","-651.0","-380.0","-56.0","-3.0","2","psycho","2","Im Rahmen einer universitären Veranstaltung werden aktuelle Fragestellungen der Rüstungsindustrie behandelt. Die große Mehrheit dieser <RN>Fachleute</RN> sehen eine stärkere Aufrüstung für Deutschland als notwendig, doch diese Gruppe von <AN>Frauen</AN> kritisiert dessen Finanzierung. Die Auswirkungen der Entscheidung werden noch geprüft.","Auf einer schulischen Tagung werden aktuelle Kontroversen rund um Vorlesungsführung und Leistungsbewertung diskutiert. Die <RN>Dozent*innen</RN> fordern erhöhte Leistungsorientierung und strengere Notenvergabe im Lehrplan, doch diese <AN>Männer</AN> stoßen dabei auf Gegendruck von Eltern. Die Debatte über das Thema hält weiter an.","1","1024","2","48000","-16","53","4","158","95.0","253.0","61.0","114.0","experiment","8","even","530033.2218999974","-810.0","-290.0","NA","4551.616400014609","4552.137200022116","72038.4219000116","79547.56520001683","553364.2961000442","79601.01650003344","553364.3427999923","71595.96070001135","NA","553235.8235000283","544566.584300017","530021.9387999969","79601.0496999952","553363.9189000241","72032.09670004435","544563.1511000101","Experiment","0","0","0","15","1920","geprüft.","53","25","175"
"<AN>Frauen</AN>","C2","<RN>Professoren</RN>","undefined","undefined","True","53","4","<AN>Männern</AN>","158","-63.0","95.0","61.0","114.0","undefined","undefined","#232323","1620","psycho","True","geprüft","psycho","psycho","undefined","undefined","undefined","0","0","0","0","0","86","0","86","0","0","86","86","86","0","86","0","50","-810.0","-270.5","5","1364.0","44.69725687869445","Tue Aug  4 09:33:56 2026","The main experiment item","False","Im Rahmen einer universitären Veranstaltung werden aktuelle Fragestellungen der Rüstungsindustrie behandelt. Die große Mehrheit dieser <RN>Expert*innen</RN> sehen eine stärkere Aufrüstung für Deutschland als notwendig, doch diese Gruppe von <AN>Männern</AN> kritisiert dessen Finanzierung. Die Auswirkungen der Entscheidung werden noch geprüft.","experiment.osexp","D:\ET_course_project_gender-bias\experiment","False","mono","False","39","no","white","no","yes","1080","15","space","psycho","178.0","3.0","117","6","86","86","D:\ET_course_project_gender-bias\experiment\subject-8.csv","150","psycho","an_found","Neonatal Nightingale","4.1.14","754.0","178.0","2","0","space","NA","space","space","space","8668.534700002056","NA","7508.373900025617","8668.534700002056","True","53","3","<RN>Expert*innen</RN>","271","-651.0","-380.0","-56.0","-3.0","2","psycho","2","Im Rahmen einer universitären Veranstaltung werden aktuelle Fragestellungen der Rüstungsindustrie behandelt. Die große Mehrheit dieser <RN>Fachleute</RN> sehen eine stärkere Aufrüstung für Deutschland als notwendig, doch diese Gruppe von <AN>Frauen</AN> kritisiert dessen Finanzierung. Die Auswirkungen der Entscheidung werden noch geprüft.","Im Rahmen einer öffentlichen Veranstaltung wird über die Zukunft der Hochschulen und die Forschungsförderung diskutiert. Die <RN>Professorinnen</RN> diskutieren über die Zukunft der Hochschulen und setzen sich für mehr Forschungsgelder ein, doch diese <AN>Männer</AN> lehnen die Vorschläge ab. Die nächsten Schritte werden derzeit kontrovers diskutiert.","1","1024","2","48000","-16","53","4","158","95.0","253.0","61.0","114.0","experiment","8","even","530033.2218999974","-810.0","-290.0","NA","4551.616400014609","4552.137200022116","72038.4219000116","79547.56520001683","553391.0099000204","79601.01650003344","553391.064800031","71595.96070001135","NA","553235.8235000283","544566.584300017","530021.9387999969","79601.0496999952","553390.7360000303","72032.09670004435","544563.1511000101","Experiment","0","0","0","15","1920","geprüft.","53","25","175"
"<AN>Männer</AN>","C1","<RN>Arbeitnehmer</RN>","undefined","undefined","True","53","4","<AN>Männern</AN>","158","-63.0","95.0","61.0","114.0","undefined","undefined","#232323","1620","psycho","True","geprüft","psycho","psycho","undefined","undefined","undefined","0","0","0","0","0","87","0","87","0","0","87","87","87","0","87","0","50","-810.0","-270.5","5","1364.0","44.69725687869445","Tue Aug  4 09:33:56 2026","The main experiment item","False","Im Rahmen einer universitären Veranstaltung werden aktuelle Fragestellungen der Rüstungsindustrie behandelt. Die große Mehrheit dieser <RN>Expert*innen</RN> sehen eine stärkere Aufrüstung für Deutschland als notwendig, doch diese Gruppe von <AN>Männern</AN> kritisiert dessen Finanzierung. Die Auswirkungen der Entscheidung werden noch geprüft.","experiment.osexp","D:\ET_course_project_gender-bias\experiment","False","mono","False","39","no","white","no","yes","1080","5","space","psycho","178.0","3.0","117","3","87","87","D:\ET_course_project_gender-bias\experiment\subject-8.csv","150","psycho","an_found","Neonatal Nightingale","4.1.14","754.0","178.0","2","0","space","NA","space","space","space","8668.534700002056","NA","7508.373900025617","8668.534700002056","True","53","3","<RN>Expert*innen</RN>","271","-651.0","-380.0","-56.0","-3.0","2","psycho","2","Im Rahmen einer universitären Veranstaltung werden aktuelle Fragestellungen der Rüstungsindustrie behandelt. Die große Mehrheit dieser <RN>Fachleute</RN> sehen eine stärkere Aufrüstung für Deutschland als notwendig, doch diese Gruppe von <AN>Frauen</AN> kritisiert dessen Finanzierung. Die Auswirkungen der Entscheidung werden noch geprüft.","Im Rahmen einer Geschäftsveranstaltung findet derzeit ein Austausch über Arbeitsbedingungen und gesellschaftliche Entwicklungen statt. Die <RN>Arbeitnehmer*innen</RN> erwarten höhere Gehälter und klimatisierte Arbeitsplätze, trotzdem wollen diese <AN>Männer</AN> auch weniger arbeiten. Die Frage nach den Konsequenzen bleibt offen.","1","1024","2","48000","-16","53","4","158","95.0","253.0","61.0","114.0","experiment","8","even","530033.2218999974","-810.0","-290.0","NA","4551.616400014609","4552.137200022116","72038.4219000116","79547.56520001683","553421.150500013","79601.01650003344","553421.2083000457","71595.96070001135","NA","553235.8235000283","544566.584300017","530021.9387999969","79601.0496999952","553420.9207000094","72032.09670004435","544563.1511000101","Experiment","0","0","0","15","1920","geprüft.","53","25","175"
"<AN>Frauen</AN>","C6","<RN>Expert*innen</RN>","undefined","undefined","True","53","4","<AN>Männern</AN>","158","-63.0","95.0","61.0","114.0","undefined","undefined","#232323","1620","psycho","True","geprüft","psycho","psycho","undefined","undefined","undefined","0","0","0","0","0","88","0","88","0","0","88","88","88","0","88","0","50","-810.0","-270.5","5","1364.0","44.69725687869445","Tue Aug  4 09:33:56 2026","The main experiment item","False","Im Rahmen einer universitären Veranstaltung werden aktuelle Fragestellungen der Rüstungsindustrie behandelt. Die große Mehrheit dieser <RN>Expert*innen</RN> sehen eine stärkere Aufrüstung für Deutschland als notwendig, doch diese Gruppe von <AN>Männern</AN> kritisiert dessen Finanzierung. Die Auswirkungen der Entscheidung werden noch geprüft.","experiment.osexp","D:\ET_course_project_gender-bias\experiment","False","mono","False","39","no","white","no","yes","1080","10","space","psycho","178.0","3.0","117","3","88","88","D:\ET_course_project_gender-bias\experiment\subject-8.csv","150","psycho","an_found","Neonatal Nightingale","4.1.14","754.0","178.0","2","0","space","NA","space","space","space","8668.534700002056","NA","7508.373900025617","8668.534700002056","True","53","3","<RN>Expert*innen</RN>","271","-651.0","-380.0","-56.0","-3.0","2","psycho","2","Im Rahmen einer universitären Veranstaltung werden aktuelle Fragestellungen der Rüstungsindustrie behandelt. Die große Mehrheit dieser <RN>Fachleute</RN> sehen eine stärkere Aufrüstung für Deutschland als notwendig, doch diese Gruppe von <AN>Frauen</AN> kritisiert dessen Finanzierung. Die Auswirkungen der Entscheidung werden noch geprüft.","Im Rahmen einer universitären Veranstaltung werden aktuelle Fragestellungen der Rüstungsindustrie behandelt. Die große Mehrheit dieser <RN>Fachleute</RN> sehen eine stärkere Aufrüstung für Deutschland als notwendig, doch diese Gruppe von <AN>Frauen</AN> kritisiert dessen Finanzierung. Die Auswirkungen der Entscheidung werden noch geprüft.","1","1024","2","48000","-16","53","4","158","95.0","253.0","61.0","114.0","experiment","8","even","530033.2218999974","-810.0","-290.0","NA","4551.616400014609","4552.137200022116","72038.4219000116","79547.56520001683","553451.0876000277","79601.01650003344","553451.1219999986","71595.96070001135","NA","553235.8235000283","544566.584300017","530021.9387999969","79601.0496999952","553450.9987999918","72032.09670004435","544563.1511000101","Experiment","0","0","0","15","1920","geprüft.","53","25","175"
"<AN>Männer</AN>","C1","<RN>Ingenieure</RN>","undefined","undefined","True","53","4","<AN>Männern</AN>","158","-63.0","95.0","61.0","114.0","undefined","undefined","#232323","1620","psycho","True","geprüft","psycho","psycho","undefined","undefined","undefined","0","0","0","0","0","89","0","89","0","0","89","89","89","0","89","0","50","-810.0","-270.5","5","1364.0","44.69725687869445","Tue Aug  4 09:33:56 2026","The main experiment item","False","Im Rahmen einer universitären Veranstaltung werden aktuelle Fragestellungen der Rüstungsindustrie behandelt. Die große Mehrheit dieser <RN>Expert*innen</RN> sehen eine stärkere Aufrüstung für Deutschland als notwendig, doch diese Gruppe von <AN>Männern</AN> kritisiert dessen Finanzierung. Die Auswirkungen der Entscheidung werden noch geprüft.","experiment.osexp","D:\ET_course_project_gender-bias\experiment","False","mono","False","39","no","white","no","yes","1080","3","space","psycho","178.0","3.0","117","5","89","89","D:\ET_course_project_gender-bias\experiment\subject-8.csv","150","psycho","an_found","Neonatal Nightingale","4.1.14","754.0","178.0","2","0","space","NA","space","space","space","8668.534700002056","NA","7508.373900025617","8668.534700002056","True","53","3","<RN>Expert*innen</RN>","271","-651.0","-380.0","-56.0","-3.0","2","psycho","2","Im Rahmen einer universitären Veranstaltung werden aktuelle Fragestellungen der Rüstungsindustrie behandelt. Die große Mehrheit dieser <RN>Fachleute</RN> sehen eine stärkere Aufrüstung für Deutschland als notwendig, doch diese Gruppe von <AN>Frauen</AN> kritisiert dessen Finanzierung. Die Auswirkungen der Entscheidung werden noch geprüft.","Auf einer wissenschaftlichen Konferenz zu technischen Zukunftsfragen werden derzeit aktuelle gesellschaftliche Themen erörtert. Die <RN>Ingenieur*innen</RN> kritisieren die Energiewende und stehen vor Herausforderungen, doch diese <AN>Frauen</AN> lehnen zusätzliche Investitionen ab. Über die Konsequenzen wird weiterhin intensiv gestritten.","1","1024","2","48000","-16","53","4","158","95.0","253.0","61.0","114.0","experiment","8","even","530033.2218999974","-810.0","-290.0","NA","4551.616400014609","4552.137200022116","72038.4219000116","79547.56520001683","553477.8497000225","79601.01650003344","553477.9057000414","71595.96070001135","NA","553235.8235000283","544566.584300017","530021.9387999969","79601.0496999952","553477.6129000238","72032.09670004435","544563.1511000101","Experiment","0","0","0","15","1920","geprüft.","53","25","175"
"<AN>Männer</AN>","C1","<RN>Aktivisten</RN>","undefined","undefined","True","53","4","<AN>Männern</AN>","158","-63.0","95.0","61.0","114.0","undefined","undefined","#232323","1620","psycho","True","geprüft","psycho","psycho","undefined","undefined","undefined","0","0","0","0","0","90","0","90","0","0","90","90","90","0","90","0","50","-810.0","-270.5","5","1364.0","44.69725687869445","Tue Aug  4 09:33:56 2026","The main experiment item","False","Im Rahmen einer universitären Veranstaltung werden aktuelle Fragestellungen der Rüstungsindustrie behandelt. Die große Mehrheit dieser <RN>Expert*innen</RN> sehen eine stärkere Aufrüstung für Deutschland als notwendig, doch diese Gruppe von <AN>Männern</AN> kritisiert dessen Finanzierung. Die Auswirkungen der Entscheidung werden noch geprüft.","experiment.osexp","D:\ET_course_project_gender-bias\experiment","False","mono","False","39","no","white","no","yes","1080","11","space","psycho","178.0","3.0","117","3","90","90","D:\ET_course_project_gender-bias\experiment\subject-8.csv","150","psycho","an_found","Neonatal Nightingale","4.1.14","754.0","178.0","2","0","space","NA","space","space","space","8668.534700002056","NA","7508.373900025617","8668.534700002056","True","53","3","<RN>Expert*innen</RN>","271","-651.0","-380.0","-56.0","-3.0","2","psycho","2","Im Rahmen einer universitären Veranstaltung werden aktuelle Fragestellungen der Rüstungsindustrie behandelt. Die große Mehrheit dieser <RN>Fachleute</RN> sehen eine stärkere Aufrüstung für Deutschland als notwendig, doch diese Gruppe von <AN>Frauen</AN> kritisiert dessen Finanzierung. Die Auswirkungen der Entscheidung werden noch geprüft.","Auf einer öffentlichen Veranstaltung werden aktuelle wohnungs- und gesellschaftspolitische Themen diskutiert. Die <RN>Aktivist*innen</RN> fordern mehr bezahlbaren Wohnraum in Stuttgart für alle und diskutieren faire Lösungsansätze, doch diese <AN>Frauen</AN> sehen die Verantwortung stärker beim Bund. Die Auswirkungen der Entscheidung werden noch geprüft.","1","1024","2","48000","-16","53","4","158","95.0","253.0","61.0","114.0","experiment","8","even","530033.2218999974","-810.0","-290.0","NA","4551.616400014609","4552.137200022116","72038.4219000116","79547.56520001683","553505.7477999944","79601.01650003344","553505.783700035","71595.96070001135","NA","553235.8235000283","544566.584300017","530021.9387999969","79601.0496999952","553505.6620000396","72032.09670004435","544563.1511000101","Experiment","0","0","0","15","1920","geprüft.","53","25","175"
"<AN>Frauen</AN>","C2","<RN>Aktivisten</RN>","undefined","undefined","True","53","4","<AN>Männern</AN>","158","-63.0","95.0","61.0","114.0","undefined","undefined","#232323","1620","psycho","True","geprüft","psycho","psycho","undefined","undefined","undefined","0","0","0","0","0","91","0","91","0","0","91","91","91","0","91","0","50","-810.0","-270.5","5","1364.0","44.69725687869445","Tue Aug  4 09:33:56 2026","The main experiment item","False","Im Rahmen einer universitären Veranstaltung werden aktuelle Fragestellungen der Rüstungsindustrie behandelt. Die große Mehrheit dieser <RN>Expert*innen</RN> sehen eine stärkere Aufrüstung für Deutschland als notwendig, doch diese Gruppe von <AN>Männern</AN> kritisiert dessen Finanzierung. Die Auswirkungen der Entscheidung werden noch geprüft.","experiment.osexp","D:\ET_course_project_gender-bias\experiment","False","mono","False","39","no","white","no","yes","1080","11","space","psycho","178.0","3.0","117","4","91","91","D:\ET_course_project_gender-bias\experiment\subject-8.csv","150","psycho","an_found","Neonatal Nightingale","4.1.14","754.0","178.0","2","0","space","NA","space","space","space","8668.534700002056","NA","7508.373900025617","8668.534700002056","True","53","3","<RN>Expert*innen</RN>","271","-651.0","-380.0","-56.0","-3.0","2","psycho","2","Im Rahmen einer universitären Veranstaltung werden aktuelle Fragestellungen der Rüstungsindustrie behandelt. Die große Mehrheit dieser <RN>Fachleute</RN> sehen eine stärkere Aufrüstung für Deutschland als notwendig, doch diese Gruppe von <AN>Frauen</AN> kritisiert dessen Finanzierung. Die Auswirkungen der Entscheidung werden noch geprüft.","Auf einer öffentlichen Veranstaltung werden aktuelle wohnungs- und gesellschaftspolitische Themen diskutiert. Die <RN>Aktivist*innen</RN> fordern mehr bezahlbaren Wohnraum in Stuttgart für alle und diskutieren faire Lösungsansätze, doch diese <AN>Frauen</AN> sehen die Verantwortung stärker beim Bund. Die Auswirkungen der Entscheidung werden noch geprüft.","1","1024","2","48000","-16","53","4","158","95.0","253.0","61.0","114.0","experiment","8","even","530033.2218999974","-810.0","-290.0","NA","4551.616400014609","4552.137200022116","72038.4219000116","79547.56520001683","553533.3439999959","79601.01650003344","553533.3822999964","71595.96070001135","NA","553235.8235000283","544566.584300017","530021.9387999969","79601.0496999952","553533.1784000155","72032.09670004435","544563.1511000101","Experiment","0","0","0","15","1920","geprüft.","53","25","175"
"<AN>Frauen</AN>","C6","<RN>Einwohner*innen</RN>","undefined","undefined","True","53","4","<AN>Männern</AN>","158","-63.0","95.0","61.0","114.0","undefined","undefined","#232323","1620","psycho","True","geprüft","psycho","psycho","undefined","undefined","undefined","0","0","0","0","0","92","0","92","0","0","92","92","92","0","92","0","50","-810.0","-270.5","5","1364.0","44.69725687869445","Tue Aug  4 09:33:56 2026","The main experiment item","False","Im Rahmen einer universitären Veranstaltung werden aktuelle Fragestellungen der Rüstungsindustrie behandelt. Die große Mehrheit dieser <RN>Expert*innen</RN> sehen eine stärkere Aufrüstung für Deutschland als notwendig, doch diese Gruppe von <AN>Männern</AN> kritisiert dessen Finanzierung. Die Auswirkungen der Entscheidung werden noch geprüft.","experiment.osexp","D:\ET_course_project_gender-bias\experiment","False","mono","False","39","no","white","no","yes","1080","8","space","psycho","178.0","3.0","117","5","92","92","D:\ET_course_project_gender-bias\experiment\subject-8.csv","150","psycho","an_found","Neonatal Nightingale","4.1.14","754.0","178.0","2","0","space","NA","space","space","space","8668.534700002056","NA","7508.373900025617","8668.534700002056","True","53","3","<RN>Expert*innen</RN>","271","-651.0","-380.0","-56.0","-3.0","2","psycho","2","Im Rahmen einer universitären Veranstaltung werden aktuelle Fragestellungen der Rüstungsindustrie behandelt. Die große Mehrheit dieser <RN>Fachleute</RN> sehen eine stärkere Aufrüstung für Deutschland als notwendig, doch diese Gruppe von <AN>Frauen</AN> kritisiert dessen Finanzierung. Die Auswirkungen der Entscheidung werden noch geprüft.","Im Rahmen einer öffentlichen Veranstaltung wird derzeit über Fragen der inneren Sicherheit und gesellschaftliche Entwicklungen gesprochen. Die <RN>Bürger</RN> diskutieren über Fragen der Sicherheit bezüglich der aktuellen Krise, doch diese <AN>Männer</AN> fordern härtere Maßnahmen. Die weiteren Maßnahmen stoßen auf geteilte Reaktionen.","1","1024","2","48000","-16","53","4","158","95.0","253.0","61.0","114.0","experiment","8","even","530033.2218999974","-810.0","-290.0","NA","4551.616400014609","4552.137200022116","72038.4219000116","79547.56520001683","553560.8196000103","79601.01650003344","553560.85910002","71595.96070001135","NA","553235.8235000283","544566.584300017","530021.9387999969","79601.0496999952","553560.6528000208","72032.09670004435","544563.1511000101","Experiment","0","0","0","15","1920","geprüft.","53","25","175"
"<AN>Frauen</AN>","C4","<RN>Studentinnen</RN>","undefined","undefined","True","53","4","<AN>Männern</AN>","158","-63.0","95.0","61.0","114.0","undefined","undefined","#232323","1620","psycho","True","geprüft","psycho","psycho","undefined","undefined","undefined","0","0","0","0","0","93","0","93","0","0","93","93","93","0","93","0","50","-810.0","-270.5","5","1364.0","44.69725687869445","Tue Aug  4 09:33:56 2026","The main experiment item","False","Im Rahmen einer universitären Veranstaltung werden aktuelle Fragestellungen der Rüstungsindustrie behandelt. Die große Mehrheit dieser <RN>Expert*innen</RN> sehen eine stärkere Aufrüstung für Deutschland als notwendig, doch diese Gruppe von <AN>Männern</AN> kritisiert dessen Finanzierung. Die Auswirkungen der Entscheidung werden noch geprüft.","experiment.osexp","D:\ET_course_project_gender-bias\experiment","False","mono","False","39","no","white","no","yes","1080","1","space","psycho","178.0","3.0","117","4","93","93","D:\ET_course_project_gender-bias\experiment\subject-8.csv","150","psycho","an_found","Neonatal Nightingale","4.1.14","754.0","178.0","2","0","space","NA","space","space","space","8668.534700002056","NA","7508.373900025617","8668.534700002056","True","53","3","<RN>Expert*innen</RN>","271","-651.0","-380.0","-56.0","-3.0","2","psycho","2","Im Rahmen einer universitären Veranstaltung werden aktuelle Fragestellungen der Rüstungsindustrie behandelt. Die große Mehrheit dieser <RN>Fachleute</RN> sehen eine stärkere Aufrüstung für Deutschland als notwendig, doch diese Gruppe von <AN>Frauen</AN> kritisiert dessen Finanzierung. Die Auswirkungen der Entscheidung werden noch geprüft.","Bei einer Podiumsdiskussion an der Universität wird über aktuelle gesellschaftliche Themen gesprochen. Die <RN>Studenten</RN> müssten wieder stärker leistungsorientiert gefördert werden, doch die Mehrheit dieser dort teilnehmenden <AN>Frauen</AN> kritisiert die neuen Anforderungen. Die weitere Entwicklung bleibt Gegenstand öffentlicher Debatten.","1","1024","2","48000","-16","53","4","158","95.0","253.0","61.0","114.0","experiment","8","even","530033.2218999974","-810.0","-290.0","NA","4551.616400014609","4552.137200022116","72038.4219000116","79547.56520001683","553590.3390000458","79601.01650003344","553590.377799992","71595.96070001135","NA","553235.8235000283","544566.584300017","530021.9387999969","79601.0496999952","553590.150700009","72032.09670004435","544563.1511000101","Experiment","0","0","0","15","1920","geprüft.","53","25","175"
"<AN>Frauen</AN>","C2","<RN>Polizisten</RN>","undefined","undefined","True","53","4","<AN>Männern</AN>","158","-63.0","95.0","61.0","114.0","undefined","undefined","#232323","1620","psycho","True","geprüft","psycho","psycho","undefined","undefined","undefined","0","0","0","0","0","94","0","94","0","0","94","94","94","0","94","0","50","-810.0","-270.5","5","1364.0","44.69725687869445","Tue Aug  4 09:33:56 2026","The main experiment item","False","Im Rahmen einer universitären Veranstaltung werden aktuelle Fragestellungen der Rüstungsindustrie behandelt. Die große Mehrheit dieser <RN>Expert*innen</RN> sehen eine stärkere Aufrüstung für Deutschland als notwendig, doch diese Gruppe von <AN>Männern</AN> kritisiert dessen Finanzierung. Die Auswirkungen der Entscheidung werden noch geprüft.","experiment.osexp","D:\ET_course_project_gender-bias\experiment","False","mono","False","39","no","white","no","yes","1080","18","space","psycho","178.0","3.0","117","3","94","94","D:\ET_course_project_gender-bias\experiment\subject-8.csv","150","psycho","an_found","Neonatal Nightingale","4.1.14","754.0","178.0","2","0","space","NA","space","space","space","8668.534700002056","NA","7508.373900025617","8668.534700002056","True","53","3","<RN>Expert*innen</RN>","271","-651.0","-380.0","-56.0","-3.0","2","psycho","2","Im Rahmen einer universitären Veranstaltung werden aktuelle Fragestellungen der Rüstungsindustrie behandelt. Die große Mehrheit dieser <RN>Fachleute</RN> sehen eine stärkere Aufrüstung für Deutschland als notwendig, doch diese Gruppe von <AN>Frauen</AN> kritisiert dessen Finanzierung. Die Auswirkungen der Entscheidung werden noch geprüft.","Bei einer öffentlichen Sitzung im Rathaus wird über neue Verkehrsregelungen gesprochen. Die <RN>Polizistinnen</RN> diskutieren laut über mehr Sicherheit im Straßenverkehr und setzen sich für strengere Kontrollen ein, doch diese <AN>Männer</AN> lehnen die Vorschläge ab. Die nächsten Maßnahmen werden derzeit kontrovers verhandelt.","1","1024","2","48000","-16","53","4","158","95.0","253.0","61.0","114.0","experiment","8","even","530033.2218999974","-810.0","-290.0","NA","4551.616400014609","4552.137200022116","72038.4219000116","79547.56520001683","553616.8103000382","79601.01650003344","553616.850099992","71595.96070001135","NA","553235.8235000283","544566.584300017","530021.9387999969","79601.0496999952","553616.7130999966","72032.09670004435","544563.1511000101","Experiment","0","0","0","15","1920","geprüft.","53","25","175"
"<AN>Männer</AN>","C5","<RN>Polizist*innen</RN>","undefined","undefined","True","53","4","<AN>Männern</AN>","158","-63.0","95.0","61.0","114.0","undefined","undefined","#232323","1620","psycho","True","geprüft","psycho","psycho","undefined","undefined","undefined","0","0","0","0","0","95","0","95","0","0","95","95","95","0","95","0","50","-810.0","-270.5","5","1364.0","44.69725687869445","Tue Aug  4 09:33:56 2026","The main experiment item","False","Im Rahmen einer universitären Veranstaltung werden aktuelle Fragestellungen der Rüstungsindustrie behandelt. Die große Mehrheit dieser <RN>Expert*innen</RN> sehen eine stärkere Aufrüstung für Deutschland als notwendig, doch diese Gruppe von <AN>Männern</AN> kritisiert dessen Finanzierung. Die Auswirkungen der Entscheidung werden noch geprüft.","experiment.osexp","D:\ET_course_project_gender-bias\experiment","False","mono","False","39","no","white","no","yes","1080","18","space","psycho","178.0","3.0","117","6","95","95","D:\ET_course_project_gender-bias\experiment\subject-8.csv","150","psycho","an_found","Neonatal Nightingale","4.1.14","754.0","178.0","2","0","space","NA","space","space","space","8668.534700002056","NA","7508.373900025617","8668.534700002056","True","53","3","<RN>Expert*innen</RN>","271","-651.0","-380.0","-56.0","-3.0","2","psycho","2","Im Rahmen einer universitären Veranstaltung werden aktuelle Fragestellungen der Rüstungsindustrie behandelt. Die große Mehrheit dieser <RN>Fachleute</RN> sehen eine stärkere Aufrüstung für Deutschland als notwendig, doch diese Gruppe von <AN>Frauen</AN> kritisiert dessen Finanzierung. Die Auswirkungen der Entscheidung werden noch geprüft.","Bei einer öffentlichen Sitzung im Rathaus wird über neue Verkehrsregelungen gesprochen. Die <RN>Polizistinnen</RN> diskutieren laut über mehr Sicherheit im Straßenverkehr und setzen sich für strengere Kontrollen ein, doch diese <AN>Männer</AN> lehnen die Vorschläge ab. Die nächsten Maßnahmen werden derzeit kontrovers verhandelt.","1","1024","2","48000","-16","53","4","158","95.0","253.0","61.0","114.0","experiment","8","even","530033.2218999974","-810.0","-290.0","NA","4551.616400014609","4552.137200022116","72038.4219000116","79547.56520001683","553645.3888000106","79601.01650003344","553645.428400021","71595.96070001135","NA","553235.8235000283","544566.584300017","530021.9387999969","79601.0496999952","553645.2106999932","72032.09670004435","544563.1511000101","Experiment","0","0","0","15","1920","geprüft.","53","25","175"
"<AN>Frauen</AN>","C4","<RN>Dozentinnen</RN>","undefined","undefined","True","53","4","<AN>Frauen</AN>","132","-339.0","-207.0","61.0","114.0","undefined","undefined","#232323","1620","psycho","True","an","psycho","psycho","undefined","undefined","undefined","0","0","0","0","0","96","0","96","0","0","96","96","96","0","96","0","50","-810.0","-270.5","5","795.0","30.359534797489893","Tue Aug  4 09:33:56 2026","The main experiment item","False","Auf einer schulischen Tagung werden aktuelle Kontroversen rund um Vorlesungsführung und Leistungsbewertung diskutiert. Die <RN>Dozentinnen</RN> fordern erhöhte Leistungsorientierung und strengere Notenvergabe im Lehrplan, doch diese <AN>Frauen</AN> stoßen dabei auf Gegendruck von Eltern. Die Debatte über das Thema hält weiter an.","experiment.osexp","D:\ET_course_project_gender-bias\experiment","False","mono","False","39","no","white","no","yes","1080","9","space","psycho","178.0","3.0","117","2","96","96","D:\ET_course_project_gender-bias\experiment\subject-8.csv","150","psycho","an_found","Neonatal Nightingale","4.1.14","69.0","178.0","2","0","space","NA","space","space","space","15507.8556999797","NA","7508.373900025617","15507.8556999797","True","53","2","<RN>Dozentinnen</RN>","249","488.0","737.0","-173.0","-120.0","2","psycho","2","Auf einer schulischen Tagung werden aktuelle Kontroversen rund um Vorlesungsführung und Leistungsbewertung diskutiert. Die <RN>Dozent*innen</RN> fordern erhöhte Leistungsorientierung und strengere Notenvergabe im Lehrplan, doch diese <AN>Männer</AN> stoßen dabei auf Gegendruck von Eltern. Die Debatte über das Thema hält weiter an.","Auf einer schulischen Tagung werden aktuelle Kontroversen rund um Vorlesungsführung und Leistungsbewertung diskutiert. Die <RN>Dozent*innen</RN> fordern erhöhte Leistungsorientierung und strengere Notenvergabe im Lehrplan, doch diese <AN>Männer</AN> stoßen dabei auf Gegendruck von Eltern. Die Debatte über das Thema hält weiter an.","0","1024","2","48000","-16","53","4","132","-207.0","-75.0","61.0","114.0","experiment","8","even","553686.3889000379","-810.0","-290.0","NA","4551.616400014609","4552.137200022116","72038.4219000116","79547.56520001683","553674.3181000347","79601.01650003344","583680.7736000046","71595.96070001135","NA","583635.8935000026","568127.3361000349","553674.3629000266","79601.0496999952","553674.1311000078","72032.09670004435","568123.271599994","Experiment","0","0","0","16","1920","an.","53","25","59"
"<AN>Frauen</AN>","C4","<RN>Einwohnerinnen</RN>","undefined","undefined","True","53","4","<AN>Frauen</AN>","132","-339.0","-207.0","61.0","114.0","undefined","undefined","#232323","1620","psycho","True","an","psycho","psycho","undefined","undefined","undefined","0","0","0","0","0","97","0","97","0","0","97","97","97","0","97","0","50","-810.0","-270.5","5","795.0","30.359534797489893","Tue Aug  4 09:33:56 2026","The main experiment item","False","Auf einer schulischen Tagung werden aktuelle Kontroversen rund um Vorlesungsführung und Leistungsbewertung diskutiert. Die <RN>Dozentinnen</RN> fordern erhöhte Leistungsorientierung und strengere Notenvergabe im Lehrplan, doch diese <AN>Frauen</AN> stoßen dabei auf Gegendruck von Eltern. Die Debatte über das Thema hält weiter an.","experiment.osexp","D:\ET_course_project_gender-bias\experiment","False","mono","False","39","no","white","no","yes","1080","8","space","psycho","178.0","3.0","117","3","97","97","D:\ET_course_project_gender-bias\experiment\subject-8.csv","150","psycho","an_found","Neonatal Nightingale","4.1.14","69.0","178.0","2","0","space","NA","space","space","space","15507.8556999797","NA","7508.373900025617","15507.8556999797","True","53","2","<RN>Dozentinnen</RN>","249","488.0","737.0","-173.0","-120.0","2","psycho","2","Auf einer schulischen Tagung werden aktuelle Kontroversen rund um Vorlesungsführung und Leistungsbewertung diskutiert. Die <RN>Dozent*innen</RN> fordern erhöhte Leistungsorientierung und strengere Notenvergabe im Lehrplan, doch diese <AN>Männer</AN> stoßen dabei auf Gegendruck von Eltern. Die Debatte über das Thema hält weiter an.","Im Rahmen einer öffentlichen Veranstaltung wird derzeit über Fragen der inneren Sicherheit und gesellschaftliche Entwicklungen gesprochen. Die <RN>Bürger</RN> diskutieren über Fragen der inneren Sicherheit bezüglich der aktuellen Krise, doch diese <AN>Männer</AN> fordern härtere Maßnahmen. Die weiteren Maßnahmen stoßen auf geteilte Reaktionen.","1","1024","2","48000","-16","53","4","132","-207.0","-75.0","61.0","114.0","experiment","8","even","553686.3889000379","-810.0","-290.0","NA","4551.616400014609","4552.137200022116","72038.4219000116","79547.56520001683","583708.0745000276","79601.01650003344","583708.1078999909","71595.96070001135","NA","583635.8935000026","568127.3361000349","553674.3629000266","79601.0496999952","583707.9911000328","72032.09670004435","568123.271599994","Experiment","0","0","0","16","1920","an.","53","25","59"
"<AN>Frauen</AN>","C4","<RN>Aktivistinnen</RN>","undefined","undefined","True","53","4","<AN>Frauen</AN>","132","-339.0","-207.0","61.0","114.0","undefined","undefined","#232323","1620","psycho","True","an","psycho","psycho","undefined","undefined","undefined","0","0","0","0","0","98","0","98","0","0","98","98","98","0","98","0","50","-810.0","-270.5","5","795.0","30.359534797489893","Tue Aug  4 09:33:56 2026","The main experiment item","False","Auf einer schulischen Tagung werden aktuelle Kontroversen rund um Vorlesungsführung und Leistungsbewertung diskutiert. Die <RN>Dozentinnen</RN> fordern erhöhte Leistungsorientierung und strengere Notenvergabe im Lehrplan, doch diese <AN>Frauen</AN> stoßen dabei auf Gegendruck von Eltern. Die Debatte über das Thema hält weiter an.","experiment.osexp","D:\ET_course_project_gender-bias\experiment","False","mono","False","39","no","white","no","yes","1080","11","space","psycho","178.0","3.0","117","6","98","98","D:\ET_course_project_gender-bias\experiment\subject-8.csv","150","psycho","an_found","Neonatal Nightingale","4.1.14","69.0","178.0","2","0","space","NA","space","space","space","15507.8556999797","NA","7508.373900025617","15507.8556999797","True","53","2","<RN>Dozentinnen</RN>","249","488.0","737.0","-173.0","-120.0","2","psycho","2","Auf einer schulischen Tagung werden aktuelle Kontroversen rund um Vorlesungsführung und Leistungsbewertung diskutiert. Die <RN>Dozent*innen</RN> fordern erhöhte Leistungsorientierung und strengere Notenvergabe im Lehrplan, doch diese <AN>Männer</AN> stoßen dabei auf Gegendruck von Eltern. Die Debatte über das Thema hält weiter an.","Auf einer öffentlichen Veranstaltung werden aktuelle wohnungs- und gesellschaftspolitische Themen diskutiert. Die <RN>Aktivist*innen</RN> fordern mehr bezahlbaren Wohnraum in Stuttgart und diskutieren faire Lösungsansätze, doch diese <AN>Frauen</AN> sehen die Verantwortung stärker beim Bund. Die Auswirkungen der Entscheidung werden noch geprüft.","1","1024","2","48000","-16","53","4","132","-207.0","-75.0","61.0","114.0","experiment","8","even","553686.3889000379","-810.0","-290.0","NA","4551.616400014609","4552.137200022116","72038.4219000116","79547.56520001683","583736.4087000024","79601.01650003344","583736.4487000159","71595.96070001135","NA","583635.8935000026","568127.3361000349","553674.3629000266","79601.0496999952","583736.2619999913","72032.09670004435","568123.271599994","Experiment","0","0","0","16","1920","an.","53","25","59"
"<AN>Männer</AN>","C5","<RN>Pfleger*innen</RN>","undefined","undefined","True","53","4","<AN>Frauen</AN>","132","-339.0","-207.0","61.0","114.0","undefined","undefined","#232323","1620","psycho","True","an","psycho","psycho","undefined","undefined","undefined","0","0","0","0","0","99","0","99","0","0","99","99","99","0","99","0","50","-810.0","-270.5","5","795.0","30.359534797489893","Tue Aug  4 09:33:56 2026","The main experiment item","False","Auf einer schulischen Tagung werden aktuelle Kontroversen rund um Vorlesungsführung und Leistungsbewertung diskutiert. Die <RN>Dozentinnen</RN> fordern erhöhte Leistungsorientierung und strengere Notenvergabe im Lehrplan, doch diese <AN>Frauen</AN> stoßen dabei auf Gegendruck von Eltern. Die Debatte über das Thema hält weiter an.","experiment.osexp","D:\ET_course_project_gender-bias\experiment","False","mono","False","39","no","white","no","yes","1080","2","space","psycho","178.0","3.0","117","4","99","99","D:\ET_course_project_gender-bias\experiment\subject-8.csv","150","psycho","an_found","Neonatal Nightingale","4.1.14","69.0","178.0","2","0","space","NA","space","space","space","15507.8556999797","NA","7508.373900025617","15507.8556999797","True","53","2","<RN>Dozentinnen</RN>","249","488.0","737.0","-173.0","-120.0","2","psycho","2","Auf einer schulischen Tagung werden aktuelle Kontroversen rund um Vorlesungsführung und Leistungsbewertung diskutiert. Die <RN>Dozent*innen</RN> fordern erhöhte Leistungsorientierung und strengere Notenvergabe im Lehrplan, doch diese <AN>Männer</AN> stoßen dabei auf Gegendruck von Eltern. Die Debatte über das Thema hält weiter an.","Im Rahmen einer Gesprächsrunde im Gesundheitswesen wird derzeit über aktuelle gesellschaftliche Herausforderungen diskutiert. Die <RN>Pflegekräfte</RN> verdienen bessere Arbeitsbedingungen und benötigen mehr Unterstützung, doch diese <AN>Männer</AN> fühlen sich politisch nicht ausreichend unterstützt. Die nächsten Schritte werden derzeit kontrovers diskutiert.","1","1024","2","48000","-16","53","4","132","-207.0","-75.0","61.0","114.0","experiment","8","even","553686.3889000379","-810.0","-290.0","NA","4551.616400014609","4552.137200022116","72038.4219000116","79547.56520001683","583763.1171999965","79601.01650003344","583763.1547999918","71595.96070001135","NA","583635.8935000026","568127.3361000349","553674.3629000266","79601.0496999952","583763.0297000287","72032.09670004435","568123.271599994","Experiment","0","0","0","16","1920","an.","53","25","59"
"<AN>Männer</AN>","C3","<RN>Unternehmerinnen</RN>","undefined","undefined","True","53","4","<AN>Frauen</AN>","132","-339.0","-207.0","61.0","114.0","undefined","undefined","#232323","1620","psycho","True","an","psycho","psycho","undefined","undefined","undefined","0","0","0","0","0","100","0","100","0","0","100","100","100","0","100","0","50","-810.0","-270.5","5","795.0","30.359534797489893","Tue Aug  4 09:33:56 2026","The main experiment item","False","Auf einer schulischen Tagung werden aktuelle Kontroversen rund um Vorlesungsführung und Leistungsbewertung diskutiert. Die <RN>Dozentinnen</RN> fordern erhöhte Leistungsorientierung und strengere Notenvergabe im Lehrplan, doch diese <AN>Frauen</AN> stoßen dabei auf Gegendruck von Eltern. Die Debatte über das Thema hält weiter an.","experiment.osexp","D:\ET_course_project_gender-bias\experiment","False","mono","False","39","no","white","no","yes","1080","4","space","psycho","178.0","3.0","117","6","100","100","D:\ET_course_project_gender-bias\experiment\subject-8.csv","150","psycho","an_found","Neonatal Nightingale","4.1.14","69.0","178.0","2","0","space","NA","space","space","space","15507.8556999797","NA","7508.373900025617","15507.8556999797","True","53","2","<RN>Dozentinnen</RN>","249","488.0","737.0","-173.0","-120.0","2","psycho","2","Auf einer schulischen Tagung werden aktuelle Kontroversen rund um Vorlesungsführung und Leistungsbewertung diskutiert. Die <RN>Dozent*innen</RN> fordern erhöhte Leistungsorientierung und strengere Notenvergabe im Lehrplan, doch diese <AN>Männer</AN> stoßen dabei auf Gegendruck von Eltern. Die Debatte über das Thema hält weiter an.","Bei einem Networking-Event stehen wirtschaftspolitische und gesellschaftliche Fragestellungen im Mittelpunkt der Diskussion. Die <RN>Unternehmer</RN> brauchen weniger bürokratische Hürden und sprechen über Verbesserungen, doch diese <AN>Männer</AN> fordern weitere steuerliche Entlastungen. Die Folgen dieser Positionen bleiben umstritten.","1","1024","2","48000","-16","53","4","132","-207.0","-75.0","61.0","114.0","experiment","8","even","553686.3889000379","-810.0","-290.0","NA","4551.616400014609","4552.137200022116","72038.4219000116","79547.56520001683","583790.4387000017","79601.01650003344","583790.4934000107","71595.96070001135","NA","583635.8935000026","568127.3361000349","553674.3629000266","79601.0496999952","583790.2311999933","72032.09670004435","568123.271599994","Experiment","0","0","0","16","1920","an.","53","25","59"
"<AN>Frauen</AN>","C4","<RN>Pflegerinnen</RN>","undefined","undefined","True","53","4","<AN>Frauen</AN>","132","-339.0","-207.0","61.0","114.0","undefined","undefined","#232323","1620","psycho","True","an","psycho","psycho","undefined","undefined","undefined","0","0","0","0","0","101","0","101","0","0","101","101","101","0","101","0","50","-810.0","-270.5","5","795.0","30.359534797489893","Tue Aug  4 09:33:56 2026","The main experiment item","False","Auf einer schulischen Tagung werden aktuelle Kontroversen rund um Vorlesungsführung und Leistungsbewertung diskutiert. Die <RN>Dozentinnen</RN> fordern erhöhte Leistungsorientierung und strengere Notenvergabe im Lehrplan, doch diese <AN>Frauen</AN> stoßen dabei auf Gegendruck von Eltern. Die Debatte über das Thema hält weiter an.","experiment.osexp","D:\ET_course_project_gender-bias\experiment","False","mono","False","39","no","white","no","yes","1080","2","space","psycho","178.0","3.0","117","3","101","101","D:\ET_course_project_gender-bias\experiment\subject-8.csv","150","psycho","an_found","Neonatal Nightingale","4.1.14","69.0","178.0","2","0","space","NA","space","space","space","15507.8556999797","NA","7508.373900025617","15507.8556999797","True","53","2","<RN>Dozentinnen</RN>","249","488.0","737.0","-173.0","-120.0","2","psycho","2","Auf einer schulischen Tagung werden aktuelle Kontroversen rund um Vorlesungsführung und Leistungsbewertung diskutiert. Die <RN>Dozent*innen</RN> fordern erhöhte Leistungsorientierung und strengere Notenvergabe im Lehrplan, doch diese <AN>Männer</AN> stoßen dabei auf Gegendruck von Eltern. Die Debatte über das Thema hält weiter an.","Im Rahmen einer Gesprächsrunde im Gesundheitswesen wird derzeit über aktuelle gesellschaftliche Herausforderungen diskutiert. Die <RN>Pflegekräfte</RN> verdienen bessere Arbeitsbedingungen und benötigen mehr Unterstützung, doch diese <AN>Männer</AN> fühlen sich politisch nicht ausreichend unterstützt. Die nächsten Schritte werden derzeit kontrovers diskutiert.","1","1024","2","48000","-16","53","4","132","-207.0","-75.0","61.0","114.0","experiment","8","even","553686.3889000379","-810.0","-290.0","NA","4551.616400014609","4552.137200022116","72038.4219000116","79547.56520001683","583819.742200023","79601.01650003344","583819.8584000347","71595.96070001135","NA","583635.8935000026","568127.3361000349","553674.3629000266","79601.0496999952","583818.7671999913","72032.09670004435","568123.271599994","Experiment","0","0","0","16","1920","an.","53","25","59"
"<AN>Frauen</AN>","C6","<RN>Pfleger*innen</RN>","undefined","undefined","True","53","4","<AN>Frauen</AN>","132","-339.0","-207.0","61.0","114.0","undefined","undefined","#232323","1620","psycho","True","an","psycho","psycho","undefined","undefined","undefined","0","0","0","0","0","102","0","102","0","0","102","102","102","0","102","0","50","-810.0","-270.5","5","795.0","30.359534797489893","Tue Aug  4 09:33:56 2026","The main experiment item","False","Auf einer schulischen Tagung werden aktuelle Kontroversen rund um Vorlesungsführung und Leistungsbewertung diskutiert. Die <RN>Dozentinnen</RN> fordern erhöhte Leistungsorientierung und strengere Notenvergabe im Lehrplan, doch diese <AN>Frauen</AN> stoßen dabei auf Gegendruck von Eltern. Die Debatte über das Thema hält weiter an.","experiment.osexp","D:\ET_course_project_gender-bias\experiment","False","mono","False","39","no","white","no","yes","1080","2","space","psycho","178.0","3.0","117","5","102","102","D:\ET_course_project_gender-bias\experiment\subject-8.csv","150","psycho","an_found","Neonatal Nightingale","4.1.14","69.0","178.0","2","0","space","NA","space","space","space","15507.8556999797","NA","7508.373900025617","15507.8556999797","True","53","2","<RN>Dozentinnen</RN>","249","488.0","737.0","-173.0","-120.0","2","psycho","2","Auf einer schulischen Tagung werden aktuelle Kontroversen rund um Vorlesungsführung und Leistungsbewertung diskutiert. Die <RN>Dozent*innen</RN> fordern erhöhte Leistungsorientierung und strengere Notenvergabe im Lehrplan, doch diese <AN>Männer</AN> stoßen dabei auf Gegendruck von Eltern. Die Debatte über das Thema hält weiter an.","Im Rahmen einer Gesprächsrunde im Gesundheitswesen wird derzeit über aktuelle gesellschaftliche Herausforderungen diskutiert. Die <RN>Pflegekräfte</RN> verdienen bessere Arbeitsbedingungen und benötigen mehr Unterstützung, doch diese <AN>Männer</AN> fühlen sich politisch nicht ausreichend unterstützt. Die nächsten Schritte werden derzeit kontrovers diskutiert.","1","1024","2","48000","-16","53","4","132","-207.0","-75.0","61.0","114.0","experiment","8","even","553686.3889000379","-810.0","-290.0","NA","4551.616400014609","4552.137200022116","72038.4219000116","79547.56520001683","583845.8690000116","79601.01650003344","583845.924400026","71595.96070001135","NA","583635.8935000026","568127.3361000349","553674.3629000266","79601.0496999952","583845.5799000221","72032.09670004435","568123.271599994","Experiment","0","0","0","16","1920","an.","53","25","59"
"<AN>Männer</AN>","C5","<RN>Expert*innen</RN>","undefined","undefined","True","53","4","<AN>Frauen</AN>","132","-339.0","-207.0","61.0","114.0","undefined","undefined","#232323","1620","psycho","True","an","psycho","psycho","undefined","undefined","undefined","0","0","0","0","0","103","0","103","0","0","103","103","103","0","103","0","50","-810.0","-270.5","5","795.0","30.359534797489893","Tue Aug  4 09:33:56 2026","The main experiment item","False","Auf einer schulischen Tagung werden aktuelle Kontroversen rund um Vorlesungsführung und Leistungsbewertung diskutiert. Die <RN>Dozentinnen</RN> fordern erhöhte Leistungsorientierung und strengere Notenvergabe im Lehrplan, doch diese <AN>Frauen</AN> stoßen dabei auf Gegendruck von Eltern. Die Debatte über das Thema hält weiter an.","experiment.osexp","D:\ET_course_project_gender-bias\experiment","False","mono","False","39","no","white","no","yes","1080","7","space","psycho","178.0","3.0","117","5","103","103","D:\ET_course_project_gender-bias\experiment\subject-8.csv","150","psycho","an_found","Neonatal Nightingale","4.1.14","69.0","178.0","2","0","space","NA","space","space","space","15507.8556999797","NA","7508.373900025617","15507.8556999797","True","53","2","<RN>Dozentinnen</RN>","249","488.0","737.0","-173.0","-120.0","2","psycho","2","Auf einer schulischen Tagung werden aktuelle Kontroversen rund um Vorlesungsführung und Leistungsbewertung diskutiert. Die <RN>Dozent*innen</RN> fordern erhöhte Leistungsorientierung und strengere Notenvergabe im Lehrplan, doch diese <AN>Männer</AN> stoßen dabei auf Gegendruck von Eltern. Die Debatte über das Thema hält weiter an.","Beim Sommerfest eines Unternehmens wird über wirtschaftliche Entwicklungen und gesellschaftliche Herausforderungen diskutiert. Die <RN>Fachleute</RN> sehen große Herausforderungen im nächsten Geschäftsjahr, dennoch bleiben diese <AN>Männer</AN> optimistisch. Die unternehmerischen Folgen werden unterschiedlich bewertet.","1","1024","2","48000","-16","53","4","132","-207.0","-75.0","61.0","114.0","experiment","8","even","553686.3889000379","-810.0","-290.0","NA","4551.616400014609","4552.137200022116","72038.4219000116","79547.56520001683","583873.7884000293","79601.01650003344","583873.8259000238","71595.96070001135","NA","583635.8935000026","568127.3361000349","553674.3629000266","79601.0496999952","583873.5372000374","72032.09670004435","568123.271599994","Experiment","0","0","0","16","1920","an.","53","25","59"
"<AN>Frauen</AN>","C6","<RN>Ingenieur*innen</RN>","undefined","undefined","True","53","4","<AN>Frauen</AN>","132","5.0","137.0","61.0","114.0","undefined","undefined","#232323","1620","psycho","True","diskutiert","psycho","psycho","undefined","undefined","undefined","0","0","0","0","0","104","0","104","0","0","104","104","104","0","104","0","50","-810.0","-270.5","5","1094.0","99.72403093738238","Tue Aug  4 09:33:56 2026","The main experiment item","False","Im Rahmen einer städtischen Planungsrunde wird über die zukünftige Mobilität und den Ausbau des Nahverkehrs diskutiert. Die <RN>Ingenieur*innen</RN> diskutieren über Verkehrskonzepte und setzen sich für den Ausbau des ÖPNV ein, doch diese <AN>Frauen</AN> lehnen die Vorschläge ab. Die nächsten Schritte werden derzeit kontrovers diskutiert.","experiment.osexp","D:\ET_course_project_gender-bias\experiment","False","mono","False","39","no","white","no","yes","1080","17","space","psycho","178.0","3.0","117","2","104","104","D:\ET_course_project_gender-bias\experiment\subject-8.csv","150","psycho","an_found","Neonatal Nightingale","4.1.14","552.0","178.0","2","0","space","NA","space","space","space","12101.097900012974","NA","7508.373900025617","12101.097900012974","True","53","3","<RN>Ingenieur*innen</RN>","339","-810.0","-471.0","-56.0","-3.0","2","psycho","2","Im Rahmen einer städtischen Planungsrunde wird über die zukünftige Mobilität und den Ausbau des Nahverkehrs diskutiert. Die <RN>Ingenieurinnen</RN> diskutieren über Verkehrskonzepte und setzen sich für den Ausbau des ÖPNV ein, doch diese <AN>Männer</AN> lehnen die Vorschläge ab. Die nächsten Schritte werden derzeit kontrovers diskutiert.","Im Rahmen einer städtischen Planungsrunde wird über die zukünftige Mobilität und den Ausbau des Nahverkehrs diskutiert. Die <RN>Ingenieurinnen</RN> diskutieren über Verkehrskonzepte und setzen sich für den Ausbau des ÖPNV ein, doch diese <AN>Männer</AN> lehnen die Vorschläge ab. Die nächsten Schritte werden derzeit kontrovers diskutiert.","0","1024","2","48000","-16","53","4","132","137.0","269.0","61.0","114.0","experiment","8","even","583917.8965000319","-810.0","-290.0","NA","4551.616400014609","4552.137200022116","72038.4219000116","79547.56520001683","583906.3204000122","79601.01650003344","610968.9881000086","71595.96070001135","NA","610923.8578000222","598822.1648000181","583906.3502000063","79601.0496999952","583906.1388000264","72032.09670004435","598819.165199995","Experiment","0","0","0","17","1920","diskutiert.","53","25","243"
"<AN>Frauen</AN>","C2","<RN>Experten</RN>","undefined","undefined","True","53","4","<AN>Frauen</AN>","132","-309.0","-177.0","61.0","114.0","undefined","undefined","#232323","1620","psycho","True","bewertet","psycho","psycho","undefined","undefined","undefined","0","0","0","0","0","105","0","105","0","0","105","105","105","0","105","0","50","-810.0","-270.5","5","528.0","66.65104500186024","Tue Aug  4 09:33:56 2026","The main experiment item","False","Beim Sommerfest eines Unternehmens wird über wirtschaftliche Entwicklungen und gesellschaftliche Herausforderungen diskutiert. Die <RN>Experten</RN> sehen große Herausforderungen im nächsten Geschäftsjahr, dennoch bleiben diese <AN>Frauen</AN> optimistisch. Die unternehmerischen Folgen werden unterschiedlich bewertet.","experiment.osexp","D:\ET_course_project_gender-bias\experiment","False","mono","False","39","no","white","no","yes","1080","7","space","psycho","178.0","3.0","117","2","105","105","D:\ET_course_project_gender-bias\experiment\subject-8.csv","150","psycho","an_found","Neonatal Nightingale","4.1.14","-60.0","178.0","2","0","space","NA","space","space","space","13324.305999965873","NA","7508.373900025617","13324.305999965873","True","53","3","<RN>Experten</RN>","179","-810.0","-631.0","-56.0","-3.0","2","psycho","2","Beim Sommerfest eines Unternehmens wird über wirtschaftliche Entwicklungen und gesellschaftliche Herausforderungen diskutiert. Die <RN>Fachleute</RN> sehen große Herausforderungen im nächsten Geschäftsjahr, dennoch bleiben diese <AN>Männer</AN> optimistisch. Die unternehmerischen Folgen werden unterschiedlich bewertet.","Beim Sommerfest eines Unternehmens wird über wirtschaftliche Entwicklungen und gesellschaftliche Herausforderungen diskutiert. Die <RN>Fachleute</RN> sehen große Herausforderungen im nächsten Geschäftsjahr, dennoch bleiben diese <AN>Männer</AN> optimistisch. Die unternehmerischen Folgen werden unterschiedlich bewertet.","0","1024","2","48000","-16","53","4","132","-177.0","-45.0","61.0","114.0","experiment","8","even","611257.4737000396","-810.0","-290.0","NA","4551.616400014609","4552.137200022116","72038.4219000116","79547.56520001683","611244.8309999891","79601.01650003344","644369.4023000426","71595.96070001135","NA","644324.001400033","630998.9111000323","611244.8691000463","79601.0496999952","611244.2862000316","72032.09670004435","630995.2010000125","Experiment","0","0","0","18","1920","bewertet.","53","25","197"
"<AN>Frauen</AN>","C2","<RN>Lehrer</RN>","undefined","undefined","True","53","4","<AN>Frauen</AN>","132","-309.0","-177.0","61.0","114.0","undefined","undefined","#232323","1620","psycho","True","bewertet","psycho","psycho","undefined","undefined","undefined","0","0","0","0","0","106","0","106","0","0","106","106","106","0","106","0","50","-810.0","-270.5","5","528.0","66.65104500186024","Tue Aug  4 09:33:56 2026","The main experiment item","False","Beim Sommerfest eines Unternehmens wird über wirtschaftliche Entwicklungen und gesellschaftliche Herausforderungen diskutiert. Die <RN>Experten</RN> sehen große Herausforderungen im nächsten Geschäftsjahr, dennoch bleiben diese <AN>Frauen</AN> optimistisch. Die unternehmerischen Folgen werden unterschiedlich bewertet.","experiment.osexp","D:\ET_course_project_gender-bias\experiment","False","mono","False","39","no","white","no","yes","1080","6","space","psycho","178.0","3.0","117","3","106","106","D:\ET_course_project_gender-bias\experiment\subject-8.csv","150","psycho","an_found","Neonatal Nightingale","4.1.14","-60.0","178.0","2","0","space","NA","space","space","space","13324.305999965873","NA","7508.373900025617","13324.305999965873","True","53","3","<RN>Experten</RN>","179","-810.0","-631.0","-56.0","-3.0","2","psycho","2","Beim Sommerfest eines Unternehmens wird über wirtschaftliche Entwicklungen und gesellschaftliche Herausforderungen diskutiert. Die <RN>Fachleute</RN> sehen große Herausforderungen im nächsten Geschäftsjahr, dennoch bleiben diese <AN>Männer</AN> optimistisch. Die unternehmerischen Folgen werden unterschiedlich bewertet.","Auf einer Konferenz zu Bildungsfragen in Stuttgart  wird derzeit über aktuelle schulische Themen gesprochen. Die <RN>Lehrer</RN> sollen mehr auf Disziplin und Konsequenzen im Unterricht setzen, doch aus pädagogischen Gründen lehnen diese <AN>Frauen</AN> die Vorschläge ab. Die kommenden Entwicklungen sind weiterhin Gegenstand von Diskussionen.","1","1024","2","48000","-16","53","4","132","-177.0","-45.0","61.0","114.0","experiment","8","even","611257.4737000396","-810.0","-290.0","NA","4551.616400014609","4552.137200022116","72038.4219000116","79547.56520001683","644398.3288000454","79601.01650003344","644398.3643000247","71595.96070001135","NA","644324.001400033","630998.9111000323","611244.8691000463","79601.0496999952","644398.2438000385","72032.09670004435","630995.2010000125","Experiment","0","0","0","18","1920","bewertet.","53","25","197"
"<AN>Frauen</AN>","C4","<RN>Unternehmerinnen</RN>","undefined","undefined","True","53","4","<AN>Frauen</AN>","132","-309.0","-177.0","61.0","114.0","undefined","undefined","#232323","1620","psycho","True","bewertet","psycho","psycho","undefined","undefined","undefined","0","0","0","0","0","107","0","107","0","0","107","107","107","0","107","0","50","-810.0","-270.5","5","528.0","66.65104500186024","Tue Aug  4 09:33:56 2026","The main experiment item","False","Beim Sommerfest eines Unternehmens wird über wirtschaftliche Entwicklungen und gesellschaftliche Herausforderungen diskutiert. Die <RN>Experten</RN> sehen große Herausforderungen im nächsten Geschäftsjahr, dennoch bleiben diese <AN>Frauen</AN> optimistisch. Die unternehmerischen Folgen werden unterschiedlich bewertet.","experiment.osexp","D:\ET_course_project_gender-bias\experiment","False","mono","False","39","no","white","no","yes","1080","4","space","psycho","178.0","3.0","117","1","107","107","D:\ET_course_project_gender-bias\experiment\subject-8.csv","150","psycho","an_found","Neonatal Nightingale","4.1.14","-60.0","178.0","2","0","space","NA","space","space","space","13324.305999965873","NA","7508.373900025617","13324.305999965873","True","53","3","<RN>Experten</RN>","179","-810.0","-631.0","-56.0","-3.0","2","psycho","2","Beim Sommerfest eines Unternehmens wird über wirtschaftliche Entwicklungen und gesellschaftliche Herausforderungen diskutiert. Die <RN>Fachleute</RN> sehen große Herausforderungen im nächsten Geschäftsjahr, dennoch bleiben diese <AN>Männer</AN> optimistisch. Die unternehmerischen Folgen werden unterschiedlich bewertet.","Bei einem Networking-Event stehen wirtschaftspolitische und gesellschaftliche Fragestellungen im Mittelpunkt der Diskussion. Die <RN>Unternehmer</RN> brauchen weniger bürokratische Hürden und sprechen über Verbesserungen, doch diese <AN>Männer</AN> fordern weitere steuerliche Entlastungen. Die Folgen dieser Positionen bleiben umstritten.","1","1024","2","48000","-16","53","4","132","-177.0","-45.0","61.0","114.0","experiment","8","even","611257.4737000396","-810.0","-290.0","NA","4551.616400014609","4552.137200022116","72038.4219000116","79547.56520001683","644424.8327999958","79601.01650003344","644424.884600041","71595.96070001135","NA","644324.001400033","630998.9111000323","611244.8691000463","79601.0496999952","644424.5925000287","72032.09670004435","630995.2010000125","Experiment","0","0","0","18","1920","bewertet.","53","25","197"
