"AN","Code","RN","acc","accuracy","an_found","an_height","an_line","an_text","an_width","an_x1","an_x2","an_y1","an_y2","average_response_time","avg_rt","background","box_width","canvas_backend","central_fixation","clean_word","clock_backend","color_backend","correct","correct_instruction","correct_question_sketchpad","count_ending_sketchpad","count_experiment","count_eyetracker_calibration","count_instruction","count_instruction_pygaze_log","count_list_filter","count_liste_auswahl","count_logger","count_pygaze_start_recording","count_pygaze_stop_recording","count_question_pygaze_log","count_question_sketchpad","count_sentence_script","count_trial_loop","count_trial_sequence","count_var_init_inline_script","cross_size","cross_x","cross_y","current_line","current_line_width","d","datetime","description","disable_garbage_collection","display_sentence","experiment_file","experiment_path","font_bold","font_family","font_italic","font_size","font_underline","foreground","form_clicks","fullscreen","height","item","key","keyboard_backend","last_line_y","line_height_factor","line_spacing","list","live_row","live_row_trial_loop","logfile","margin","mouse_backend","name","opensesame_codename","opensesame_version","position_x","position_y","psychopy_screen","repeat_cycle","response","response_ending_sketchpad","response_instruction","response_key","response_question_sketchpad","response_time","response_time_ending_sketchpad","response_time_instruction","response_time_question_sketchpad","rn_found","rn_height","rn_line","rn_text","rn_width","rn_x1","rn_x2","rn_y1","rn_y2","round_decimals","sampler_backend","selected_list","sentence","sentence_text","skip_trial","sound_buf_size","sound_channels","sound_freq","sound_sample_size","spill_height","spill_line","spill_width","spill_x1","spill_x2","spill_y1","spill_y2","start","subject_nr","subject_parity","t0","text_start_x","text_start_y","time_ending_sketchpad","time_experiment","time_eyetracker_calibration","time_instruction","time_instruction_pygaze_log","time_list_filter","time_liste_auswahl","time_logger","time_pygaze_start_recording","time_pygaze_stop_recording","time_question_pygaze_log","time_question_sketchpad","time_sentence_script","time_trial_loop","time_trial_sequence","time_var_init_inline_script","timestamp","title","total_correct","total_response_time","total_responses","trial_counter","width","word","word_height","word_spacing","word_width"
"<AN>Männer</AN>","C3","<RN>Studentinnen</RN>","undefined","undefined","None","None","None","None","None","None","None","None","None","undefined","undefined","#232323","None","psycho","None","None","psycho","psycho","undefined","undefined","None","0","0","0","0","0","0","0","0","0","0","0","0","0","0","0","0","None","None","None","None","None","None","Tue Jul 28 12:08:17 2026","The main experiment item","False","None","experiment.osexp","D:\ET_course_project_gender-bias\experiment","False","mono","False","18","no","white","no","yes","1080","1","None","psycho","None","None","None","3","0","0","D:\ET_course_project_gender-bias\experiment\subject-1.csv","None","psycho","an_found","Neonatal Nightingale","4.1.14","None","None","2","0","space","NA","space","None","NA","13070.05879999997","NA","13070.05879999997","NA","None","None","None","None","None","None","None","None","None","2","psycho","1","None","Bei einer Podiumsdiskussion an der Universität Stuttgart wird über aktuelle gesellschaftliche Themen gesprochen. Die <RN>Studenten</RN> müssten wieder stärker leistungsorientiert gefördert werden, doch die Mehrheit dieser dort teilnehmenden <AN>Frauen</AN> kritisiert die neuen Anforderungen. Die weitere Entwicklung bleibt Gegenstand öffentlicher Debatten.","1","1024","2","48000","-16","None","None","None","None","None","None","None","experiment","1","odd","None","None","None","NA","4621.541599999546","4621.965099999215","47965.10559999933","61035.82659999938","61114.87699999907","61088.67960000043","61114.917399999285","47556.24269999953","NA","NA","NA","NA","61088.71540000018","61114.77990000003","47959.28999999978","None","Experiment","0","0","0","0","1920","None","None","None","None"
"<AN>Frauen</AN>","C4","<RN>Krankenschwestern</RN>","undefined","undefined","True","53","4","<AN>Frauen</AN>","132","-131.0","1.0","61.0","114.0","undefined","undefined","#232323","1620","psycho","True","diskutiert","psycho","psycho","undefined","undefined","undefined","0","0","0","0","0","1","0","1","0","0","1","1","1","0","1","0","50","-810.0","-270.5","5","1003.0","30.751000048778906","Tue Jul 28 12:08:17 2026","The main experiment item","False","Bei einer Informationsveranstaltung im Krankenhaus wird über aktuelle Impfreformen und deren Auswirkungen gesprochen. Die <RN>Krankenschwestern</RN> diskutieren über Langzeitfolgen von Corona und setzen sich für mehr Unterstützung ein, doch diese <AN>Frauen</AN> lehnen die Vorschläge ab. Die nächsten Schritte werden derzeit kontrovers diskutiert.","experiment.osexp","D:\ET_course_project_gender-bias\experiment","False","mono","False","39","no","white","no","yes","1080","16","space","psycho","178.0","3.0","117","1","1","1","D:\ET_course_project_gender-bias\experiment\subject-1.csv","150","psycho","an_found","Neonatal Nightingale","4.1.14","461.0","178.0","2","0","space","NA","space","space","space","14132.412200000545","NA","13070.05879999997","14132.412200000545","True","53","2","<RN>Krankenschwestern</RN>","386","370.0","756.0","-173.0","-120.0","2","psycho","1","Bei einer Informationsveranstaltung im Krankenhaus wird über aktuelle Impfreformen und deren Auswirkungen gesprochen. Die <RN>Krankenschwestern</RN> diskutieren über Langzeitfolgen von Corona und setzen sich für mehr Unterstützung ein, doch diese <AN>Männer</AN> lehnen die Vorschläge ab. Die nächsten Schritte werden derzeit kontrovers diskutiert.","Bei einer Informationsveranstaltung im Krankenhaus wird über aktuelle Impfreformen und deren Auswirkungen gesprochen. Die <RN>Krankenschwestern</RN> diskutieren über Langzeitfolgen von Corona und setzen sich für mehr Unterstützung ein, doch diese <AN>Männer</AN> lehnen die Vorschläge ab. Die nächsten Schritte werden derzeit kontrovers diskutiert.","0","1024","2","48000","-16","53","4","132","1.0","133.0","61.0","114.0","experiment","1","odd","61167.66439999901","-810.0","-290.0","NA","4621.541599999546","4621.965099999215","47965.10559999933","61035.82659999938","61150.72489999966","61088.67960000043","94922.0353999999","47556.24269999953","NA","94867.61659999957","80734.72879999917","61150.77509999992","61088.71540000018","61150.530799998705","47959.28999999978","80731.22070000044","Experiment","0","0","0","1","1920","diskutiert.","53","25","243"
"<AN>Frauen</AN>","C2","<RN>Ingenieure</RN>","undefined","undefined","True","53","4","<AN>Frauen</AN>","132","-131.0","1.0","61.0","114.0","undefined","undefined","#232323","1620","psycho","True","diskutiert","psycho","psycho","undefined","undefined","undefined","0","0","0","0","0","2","0","2","0","0","2","2","2","0","2","0","50","-810.0","-270.5","5","1003.0","30.751000048778906","Tue Jul 28 12:08:17 2026","The main experiment item","False","Bei einer Informationsveranstaltung im Krankenhaus wird über aktuelle Impfreformen und deren Auswirkungen gesprochen. Die <RN>Krankenschwestern</RN> diskutieren über Langzeitfolgen von Corona und setzen sich für mehr Unterstützung ein, doch diese <AN>Frauen</AN> lehnen die Vorschläge ab. Die nächsten Schritte werden derzeit kontrovers diskutiert.","experiment.osexp","D:\ET_course_project_gender-bias\experiment","False","mono","False","39","no","white","no","yes","1080","17","space","psycho","178.0","3.0","117","4","2","2","D:\ET_course_project_gender-bias\experiment\subject-1.csv","150","psycho","an_found","Neonatal Nightingale","4.1.14","461.0","178.0","2","0","space","NA","space","space","space","14132.412200000545","NA","13070.05879999997","14132.412200000545","True","53","2","<RN>Krankenschwestern</RN>","386","370.0","756.0","-173.0","-120.0","2","psycho","1","Bei einer Informationsveranstaltung im Krankenhaus wird über aktuelle Impfreformen und deren Auswirkungen gesprochen. Die <RN>Krankenschwestern</RN> diskutieren über Langzeitfolgen von Corona und setzen sich für mehr Unterstützung ein, doch diese <AN>Männer</AN> lehnen die Vorschläge ab. Die nächsten Schritte werden derzeit kontrovers diskutiert.","Im Rahmen einer städtischen Planungsrunde wird über die zukünftige Mobilität und den Ausbau des Nahverkehrs diskutiert. Die <RN>Ingenieurinnen</RN> diskutieren über nachhaltige Verkehrskonzepte und setzen sich für den Ausbau des ÖPNV ein, doch diese <AN>Männer</AN> lehnen die Vorschläge ab. Die nächsten Schritte werden derzeit kontrovers diskutiert.","1","1024","2","48000","-16","53","4","132","1.0","133.0","61.0","114.0","experiment","1","odd","61167.66439999901","-810.0","-290.0","NA","4621.541599999546","4621.965099999215","47965.10559999933","61035.82659999938","94949.25039999999","61088.67960000043","94949.30389999991","47556.24269999953","NA","94867.61659999957","80734.72879999917","61150.77509999992","61088.71540000018","94948.99789999999","47959.28999999978","80731.22070000044","Experiment","0","0","0","1","1920","diskutiert.","53","25","243"
"<AN>Männer</AN>","C3","<RN>Arbeitnehmerinnen</RN>","undefined","undefined","True","53","4","<AN>Frauen</AN>","132","-131.0","1.0","61.0","114.0","undefined","undefined","#232323","1620","psycho","True","diskutiert","psycho","psycho","undefined","undefined","undefined","0","0","0","0","0","3","0","3","0","0","3","3","3","0","3","0","50","-810.0","-270.5","5","1003.0","30.751000048778906","Tue Jul 28 12:08:17 2026","The main experiment item","False","Bei einer Informationsveranstaltung im Krankenhaus wird über aktuelle Impfreformen und deren Auswirkungen gesprochen. Die <RN>Krankenschwestern</RN> diskutieren über Langzeitfolgen von Corona und setzen sich für mehr Unterstützung ein, doch diese <AN>Frauen</AN> lehnen die Vorschläge ab. Die nächsten Schritte werden derzeit kontrovers diskutiert.","experiment.osexp","D:\ET_course_project_gender-bias\experiment","False","mono","False","39","no","white","no","yes","1080","5","space","psycho","178.0","3.0","117","5","3","3","D:\ET_course_project_gender-bias\experiment\subject-1.csv","150","psycho","an_found","Neonatal Nightingale","4.1.14","461.0","178.0","2","0","space","NA","space","space","space","14132.412200000545","NA","13070.05879999997","14132.412200000545","True","53","2","<RN>Krankenschwestern</RN>","386","370.0","756.0","-173.0","-120.0","2","psycho","1","Bei einer Informationsveranstaltung im Krankenhaus wird über aktuelle Impfreformen und deren Auswirkungen gesprochen. Die <RN>Krankenschwestern</RN> diskutieren über Langzeitfolgen von Corona und setzen sich für mehr Unterstützung ein, doch diese <AN>Männer</AN> lehnen die Vorschläge ab. Die nächsten Schritte werden derzeit kontrovers diskutiert.","Im Rahmen einer Geschäftsveranstaltung findet derzeit ein Austausch über Arbeitsbedingungen und gesellschaftliche Entwicklungen statt. Die <RN>Arbeitnehmer*innen</RN> erwarten höhere Gehälter und klimatisierte Arbeitsplätze, aber diese <AN>Männer</AN> wollen auch weniger arbeiten. Die Frage nach den Konsequenzen bleibt offen.","1","1024","2","48000","-16","53","4","132","1.0","133.0","61.0","114.0","experiment","1","odd","61167.66439999901","-810.0","-290.0","NA","4621.541599999546","4621.965099999215","47965.10559999933","61035.82659999938","94976.9169000001","61088.67960000043","94976.96970000016","47556.24269999953","NA","94867.61659999957","80734.72879999917","61150.77509999992","61088.71540000018","94976.6744999988","47959.28999999978","80731.22070000044","Experiment","0","0","0","1","1920","diskutiert.","53","25","243"
"<AN>Männer</AN>","C3","<RN>Krankenschwestern</RN>","undefined","undefined","True","53","4","<AN>Frauen</AN>","132","-131.0","1.0","61.0","114.0","undefined","undefined","#232323","1620","psycho","True","diskutiert","psycho","psycho","undefined","undefined","undefined","0","0","0","0","0","4","0","4","0","0","4","4","4","0","4","0","50","-810.0","-270.5","5","1003.0","30.751000048778906","Tue Jul 28 12:08:17 2026","The main experiment item","False","Bei einer Informationsveranstaltung im Krankenhaus wird über aktuelle Impfreformen und deren Auswirkungen gesprochen. Die <RN>Krankenschwestern</RN> diskutieren über Langzeitfolgen von Corona und setzen sich für mehr Unterstützung ein, doch diese <AN>Frauen</AN> lehnen die Vorschläge ab. Die nächsten Schritte werden derzeit kontrovers diskutiert.","experiment.osexp","D:\ET_course_project_gender-bias\experiment","False","mono","False","39","no","white","no","yes","1080","16","space","psycho","178.0","3.0","117","6","4","4","D:\ET_course_project_gender-bias\experiment\subject-1.csv","150","psycho","an_found","Neonatal Nightingale","4.1.14","461.0","178.0","2","0","space","NA","space","space","space","14132.412200000545","NA","13070.05879999997","14132.412200000545","True","53","2","<RN>Krankenschwestern</RN>","386","370.0","756.0","-173.0","-120.0","2","psycho","1","Bei einer Informationsveranstaltung im Krankenhaus wird über aktuelle Impfreformen und deren Auswirkungen gesprochen. Die <RN>Krankenschwestern</RN> diskutieren über Langzeitfolgen von Corona und setzen sich für mehr Unterstützung ein, doch diese <AN>Männer</AN> lehnen die Vorschläge ab. Die nächsten Schritte werden derzeit kontrovers diskutiert.","Bei einer Informationsveranstaltung im Krankenhaus wird über aktuelle Impfreformen und deren Auswirkungen gesprochen. Die <RN>Krankenschwestern</RN> diskutieren über Langzeitfolgen von Corona und setzen sich für mehr Unterstützung ein, doch diese <AN>Männer</AN> lehnen die Vorschläge ab. Die nächsten Schritte werden derzeit kontrovers diskutiert.","1","1024","2","48000","-16","53","4","132","1.0","133.0","61.0","114.0","experiment","1","odd","61167.66439999901","-810.0","-290.0","NA","4621.541599999546","4621.965099999215","47965.10559999933","61035.82659999938","95002.56659999923","61088.67960000043","95002.6028000002","47556.24269999953","NA","94867.61659999957","80734.72879999917","61150.77509999992","61088.71540000018","95002.48299999931","47959.28999999978","80731.22070000044","Experiment","0","0","0","1","1920","diskutiert.","53","25","243"
"<AN>Frauen</AN>","C2","<RN>Studenten</RN>","undefined","undefined","True","53","4","<AN>Frauen</AN>","132","-131.0","1.0","61.0","114.0","undefined","undefined","#232323","1620","psycho","True","diskutiert","psycho","psycho","undefined","undefined","undefined","0","0","0","0","0","5","0","5","0","0","5","5","5","0","5","0","50","-810.0","-270.5","5","1003.0","30.751000048778906","Tue Jul 28 12:08:17 2026","The main experiment item","False","Bei einer Informationsveranstaltung im Krankenhaus wird über aktuelle Impfreformen und deren Auswirkungen gesprochen. Die <RN>Krankenschwestern</RN> diskutieren über Langzeitfolgen von Corona und setzen sich für mehr Unterstützung ein, doch diese <AN>Frauen</AN> lehnen die Vorschläge ab. Die nächsten Schritte werden derzeit kontrovers diskutiert.","experiment.osexp","D:\ET_course_project_gender-bias\experiment","False","mono","False","39","no","white","no","yes","1080","1","space","psycho","178.0","3.0","117","2","5","5","D:\ET_course_project_gender-bias\experiment\subject-1.csv","150","psycho","an_found","Neonatal Nightingale","4.1.14","461.0","178.0","2","0","space","NA","space","space","space","14132.412200000545","NA","13070.05879999997","14132.412200000545","True","53","2","<RN>Krankenschwestern</RN>","386","370.0","756.0","-173.0","-120.0","2","psycho","1","Bei einer Informationsveranstaltung im Krankenhaus wird über aktuelle Impfreformen und deren Auswirkungen gesprochen. Die <RN>Krankenschwestern</RN> diskutieren über Langzeitfolgen von Corona und setzen sich für mehr Unterstützung ein, doch diese <AN>Männer</AN> lehnen die Vorschläge ab. Die nächsten Schritte werden derzeit kontrovers diskutiert.","Bei einer Podiumsdiskussion an der Universität wird über aktuelle gesellschaftliche Themen gesprochen. Die <RN>Studenten</RN> müssten wieder stärker leistungsorientiert gefördert werden, doch die Mehrheit dieser dort teilnehmenden <AN>Frauen</AN> kritisiert die neuen Anforderungen. Die weitere Entwicklung bleibt Gegenstand öffentlicher Debatten.","1","1024","2","48000","-16","53","4","132","1.0","133.0","61.0","114.0","experiment","1","odd","61167.66439999901","-810.0","-290.0","NA","4621.541599999546","4621.965099999215","47965.10559999933","61035.82659999938","95030.76779999991","61088.67960000043","95030.82040000026","47556.24269999953","NA","94867.61659999957","80734.72879999917","61150.77509999992","61088.71540000018","95030.137499999","47959.28999999978","80731.22070000044","Experiment","0","0","0","1","1920","diskutiert.","53","25","243"
"<AN>Frauen</AN>","C2","<RN>Pfleger</RN>","undefined","undefined","True","53","4","<AN>Frauen</AN>","132","-222.0","-90.0","61.0","114.0","undefined","undefined","#232323","1620","psycho","True","diskutiert","psycho","psycho","undefined","undefined","undefined","0","0","0","0","0","6","0","6","0","0","6","6","6","0","6","0","50","-810.0","-270.5","6","249.0","85.00524070150031","Tue Jul 28 12:08:17 2026","The main experiment item","False","Im Rahmen einer Gesprächsrunde im Gesundheitswesen wird derzeit über aktuelle gesellschaftliche Herausforderungen diskutiert. Die <RN>Pfleger</RN> verdienen bessere Arbeitsbedingungen und benötigen langfristig mehr Unterstützung, doch diese <AN>Frauen</AN> fühlen sich politisch nicht ausreichend unterstützt. Die nächsten Schritte werden derzeit kontrovers diskutiert.","experiment.osexp","D:\ET_course_project_gender-bias\experiment","False","mono","False","39","no","white","no","yes","1080","2","space","psycho","295.0","3.0","117","1","6","6","D:\ET_course_project_gender-bias\experiment\subject-1.csv","150","psycho","an_found","Neonatal Nightingale","4.1.14","-293.0","295.0","2","0","space","NA","space","space","space","13948.47069999922","NA","13070.05879999997","13948.47069999922","True","53","2","<RN>Pfleger</RN>","156","581.0","737.0","-173.0","-120.0","2","psycho","1","Im Rahmen einer Gesprächsrunde im Gesundheitswesen wird derzeit über aktuelle gesellschaftliche Herausforderungen diskutiert. Die <RN>Pflegekräfte</RN> verdienen bessere Arbeitsbedingungen und benötigen langfristig mehr Unterstützung, doch diese <AN>Männer</AN> fühlen sich politisch nicht ausreichend unterstützt. Die nächsten Schritte werden derzeit kontrovers diskutiert.","Im Rahmen einer Gesprächsrunde im Gesundheitswesen wird derzeit über aktuelle gesellschaftliche Herausforderungen diskutiert. Die <RN>Pflegekräfte</RN> verdienen bessere Arbeitsbedingungen und benötigen langfristig mehr Unterstützung, doch diese <AN>Männer</AN> fühlen sich politisch nicht ausreichend unterstützt. Die nächsten Schritte werden derzeit kontrovers diskutiert.","0","1024","2","48000","-16","53","4","132","-90.0","42.0","61.0","114.0","experiment","1","odd","95069.65889999902","-810.0","-290.0","NA","4621.541599999546","4621.965099999215","47965.10559999933","61035.82659999938","95057.75230000017","61088.67960000043","127001.46169999879","47556.24269999953","NA","126955.95409999895","113006.62869999997","95057.79549999989","61088.71540000018","95057.4657999996","47959.28999999978","113003.07919999887","Experiment","0","0","0","2","1920","diskutiert.","53","25","243"
"<AN>Frauen</AN>","C6","<RN>Student*innen</RN>","undefined","undefined","True","53","4","<AN>Frauen</AN>","132","-222.0","-90.0","61.0","114.0","undefined","undefined","#232323","1620","psycho","True","diskutiert","psycho","psycho","undefined","undefined","undefined","0","0","0","0","0","7","0","7","0","0","7","7","7","0","7","0","50","-810.0","-270.5","6","249.0","85.00524070150031","Tue Jul 28 12:08:17 2026","The main experiment item","False","Im Rahmen einer Gesprächsrunde im Gesundheitswesen wird derzeit über aktuelle gesellschaftliche Herausforderungen diskutiert. Die <RN>Pfleger</RN> verdienen bessere Arbeitsbedingungen und benötigen langfristig mehr Unterstützung, doch diese <AN>Frauen</AN> fühlen sich politisch nicht ausreichend unterstützt. Die nächsten Schritte werden derzeit kontrovers diskutiert.","experiment.osexp","D:\ET_course_project_gender-bias\experiment","False","mono","False","39","no","white","no","yes","1080","1","space","psycho","295.0","3.0","117","6","7","7","D:\ET_course_project_gender-bias\experiment\subject-1.csv","150","psycho","an_found","Neonatal Nightingale","4.1.14","-293.0","295.0","2","0","space","NA","space","space","space","13948.47069999922","NA","13070.05879999997","13948.47069999922","True","53","2","<RN>Pfleger</RN>","156","581.0","737.0","-173.0","-120.0","2","psycho","1","Im Rahmen einer Gesprächsrunde im Gesundheitswesen wird derzeit über aktuelle gesellschaftliche Herausforderungen diskutiert. Die <RN>Pflegekräfte</RN> verdienen bessere Arbeitsbedingungen und benötigen langfristig mehr Unterstützung, doch diese <AN>Männer</AN> fühlen sich politisch nicht ausreichend unterstützt. Die nächsten Schritte werden derzeit kontrovers diskutiert.","Bei einer Podiumsdiskussion an der Universität wird über aktuelle gesellschaftliche Themen gesprochen. Die <RN>Studenten</RN> müssten wieder stärker leistungsorientiert gefördert werden, doch die Mehrheit dieser dort teilnehmenden <AN>Frauen</AN> kritisiert die neuen Anforderungen. Die weitere Entwicklung bleibt Gegenstand öffentlicher Debatten.","1","1024","2","48000","-16","53","4","132","-90.0","42.0","61.0","114.0","experiment","1","odd","95069.65889999902","-810.0","-290.0","NA","4621.541599999546","4621.965099999215","47965.10559999933","61035.82659999938","127028.77589999934","61088.67960000043","127028.8384000005","47556.24269999953","NA","126955.95409999895","113006.62869999997","95057.79549999989","61088.71540000018","127028.5455000003","47959.28999999978","113003.07919999887","Experiment","0","0","0","2","1920","diskutiert.","53","25","243"
"<AN>Frauen</AN>","C2","<RN>Dozenten</RN>","undefined","undefined","True","53","4","<AN>Frauen</AN>","132","-222.0","-90.0","61.0","114.0","undefined","undefined","#232323","1620","psycho","True","diskutiert","psycho","psycho","undefined","undefined","undefined","0","0","0","0","0","8","0","8","0","0","8","8","8","0","8","0","50","-810.0","-270.5","6","249.0","85.00524070150031","Tue Jul 28 12:08:17 2026","The main experiment item","False","Im Rahmen einer Gesprächsrunde im Gesundheitswesen wird derzeit über aktuelle gesellschaftliche Herausforderungen diskutiert. Die <RN>Pfleger</RN> verdienen bessere Arbeitsbedingungen und benötigen langfristig mehr Unterstützung, doch diese <AN>Frauen</AN> fühlen sich politisch nicht ausreichend unterstützt. Die nächsten Schritte werden derzeit kontrovers diskutiert.","experiment.osexp","D:\ET_course_project_gender-bias\experiment","False","mono","False","39","no","white","no","yes","1080","9","space","psycho","295.0","3.0","117","6","8","8","D:\ET_course_project_gender-bias\experiment\subject-1.csv","150","psycho","an_found","Neonatal Nightingale","4.1.14","-293.0","295.0","2","0","space","NA","space","space","space","13948.47069999922","NA","13070.05879999997","13948.47069999922","True","53","2","<RN>Pfleger</RN>","156","581.0","737.0","-173.0","-120.0","2","psycho","1","Im Rahmen einer Gesprächsrunde im Gesundheitswesen wird derzeit über aktuelle gesellschaftliche Herausforderungen diskutiert. Die <RN>Pflegekräfte</RN> verdienen bessere Arbeitsbedingungen und benötigen langfristig mehr Unterstützung, doch diese <AN>Männer</AN> fühlen sich politisch nicht ausreichend unterstützt. Die nächsten Schritte werden derzeit kontrovers diskutiert.","Auf einer schulischen Tagung werden aktuelle Kontroversen rund um Vorlesungsführung und Leistungsbewertung diskutiert. Die <RN>Dozent*innen</RN> fordern erhöhte Leistungsorientierung und strengere Notenvergabe im Lehrplan, doch diese <AN>Männer</AN> stoßen dabei auf Gegendruck von Eltern. Die Debatte über das Thema hält weiter an.","1","1024","2","48000","-16","53","4","132","-90.0","42.0","61.0","114.0","experiment","1","odd","95069.65889999902","-810.0","-290.0","NA","4621.541599999546","4621.965099999215","47965.10559999933","61035.82659999938","127055.23319999976","61088.67960000043","127055.26849999934","47556.24269999953","NA","126955.95409999895","113006.62869999997","95057.79549999989","61088.71540000018","127055.14169999969","47959.28999999978","113003.07919999887","Experiment","0","0","0","2","1920","diskutiert.","53","25","243"
"<AN>Frauen</AN>","C6","<RN>Pfleger*innen</RN>","undefined","undefined","True","53","4","<AN>Frauen</AN>","132","-222.0","-90.0","61.0","114.0","undefined","undefined","#232323","1620","psycho","True","diskutiert","psycho","psycho","undefined","undefined","undefined","0","0","0","0","0","9","0","9","0","0","9","9","9","0","9","0","50","-810.0","-270.5","6","249.0","85.00524070150031","Tue Jul 28 12:08:17 2026","The main experiment item","False","Im Rahmen einer Gesprächsrunde im Gesundheitswesen wird derzeit über aktuelle gesellschaftliche Herausforderungen diskutiert. Die <RN>Pfleger</RN> verdienen bessere Arbeitsbedingungen und benötigen langfristig mehr Unterstützung, doch diese <AN>Frauen</AN> fühlen sich politisch nicht ausreichend unterstützt. Die nächsten Schritte werden derzeit kontrovers diskutiert.","experiment.osexp","D:\ET_course_project_gender-bias\experiment","False","mono","False","39","no","white","no","yes","1080","2","space","psycho","295.0","3.0","117","5","9","9","D:\ET_course_project_gender-bias\experiment\subject-1.csv","150","psycho","an_found","Neonatal Nightingale","4.1.14","-293.0","295.0","2","0","space","NA","space","space","space","13948.47069999922","NA","13070.05879999997","13948.47069999922","True","53","2","<RN>Pfleger</RN>","156","581.0","737.0","-173.0","-120.0","2","psycho","1","Im Rahmen einer Gesprächsrunde im Gesundheitswesen wird derzeit über aktuelle gesellschaftliche Herausforderungen diskutiert. Die <RN>Pflegekräfte</RN> verdienen bessere Arbeitsbedingungen und benötigen langfristig mehr Unterstützung, doch diese <AN>Männer</AN> fühlen sich politisch nicht ausreichend unterstützt. Die nächsten Schritte werden derzeit kontrovers diskutiert.","Im Rahmen einer Gesprächsrunde im Gesundheitswesen wird derzeit über aktuelle gesellschaftliche Herausforderungen diskutiert. Die <RN>Pflegekräfte</RN> verdienen bessere Arbeitsbedingungen und benötigen mehr Unterstützung, doch diese <AN>Männer</AN> fühlen sich politisch nicht ausreichend unterstützt. Die nächsten Schritte werden derzeit kontrovers diskutiert.","1","1024","2","48000","-16","53","4","132","-90.0","42.0","61.0","114.0","experiment","1","odd","95069.65889999902","-810.0","-290.0","NA","4621.541599999546","4621.965099999215","47965.10559999933","61035.82659999938","127082.60109999991","61088.67960000043","127082.63979999992","47556.24269999953","NA","126955.95409999895","113006.62869999997","95057.79549999989","61088.71540000018","127082.37959999952","47959.28999999978","113003.07919999887","Experiment","0","0","0","2","1920","diskutiert.","53","25","243"
"<AN>Männer</AN>","C1","<RN>Dozenten</RN>","undefined","undefined","True","53","4","<AN>Frauen</AN>","132","-222.0","-90.0","61.0","114.0","undefined","undefined","#232323","1620","psycho","True","diskutiert","psycho","psycho","undefined","undefined","undefined","0","0","0","0","0","10","0","10","0","0","10","10","10","0","10","0","50","-810.0","-270.5","6","249.0","85.00524070150031","Tue Jul 28 12:08:17 2026","The main experiment item","False","Im Rahmen einer Gesprächsrunde im Gesundheitswesen wird derzeit über aktuelle gesellschaftliche Herausforderungen diskutiert. Die <RN>Pfleger</RN> verdienen bessere Arbeitsbedingungen und benötigen langfristig mehr Unterstützung, doch diese <AN>Frauen</AN> fühlen sich politisch nicht ausreichend unterstützt. Die nächsten Schritte werden derzeit kontrovers diskutiert.","experiment.osexp","D:\ET_course_project_gender-bias\experiment","False","mono","False","39","no","white","no","yes","1080","9","space","psycho","295.0","3.0","117","5","10","10","D:\ET_course_project_gender-bias\experiment\subject-1.csv","150","psycho","an_found","Neonatal Nightingale","4.1.14","-293.0","295.0","2","0","space","NA","space","space","space","13948.47069999922","NA","13070.05879999997","13948.47069999922","True","53","2","<RN>Pfleger</RN>","156","581.0","737.0","-173.0","-120.0","2","psycho","1","Im Rahmen einer Gesprächsrunde im Gesundheitswesen wird derzeit über aktuelle gesellschaftliche Herausforderungen diskutiert. Die <RN>Pflegekräfte</RN> verdienen bessere Arbeitsbedingungen und benötigen langfristig mehr Unterstützung, doch diese <AN>Männer</AN> fühlen sich politisch nicht ausreichend unterstützt. Die nächsten Schritte werden derzeit kontrovers diskutiert.","Auf einer schulischen Tagung werden aktuelle Kontroversen rund um Vorlesungsführung und Leistungsbewertung diskutiert. Die <RN>Dozent*innen</RN> fordern erhöhte Leistungsorientierung und strengere Notenvergabe im Lehrplan, doch diese <AN>Männer</AN> stoßen dabei auf Gegendruck von Eltern. Die Debatte über das Thema hält weiter an.","1","1024","2","48000","-16","53","4","132","-90.0","42.0","61.0","114.0","experiment","1","odd","95069.65889999902","-810.0","-290.0","NA","4621.541599999546","4621.965099999215","47965.10559999933","61035.82659999938","127108.66409999927","61088.67960000043","127108.70259999955","47556.24269999953","NA","126955.95409999895","113006.62869999997","95057.79549999989","61088.71540000018","127108.47799999919","47959.28999999978","113003.07919999887","Experiment","0","0","0","2","1920","diskutiert.","53","25","243"
"<AN>Frauen</AN>","C2","<RN>Experten</RN>","undefined","undefined","True","53","4","<AN>Frauen</AN>","132","-223.0","-91.0","61.0","114.0","undefined","undefined","#232323","1620","psycho","True","bewertet","psycho","psycho","undefined","undefined","undefined","0","0","0","0","0","11","0","11","0","0","11","11","11","0","11","0","50","-810.0","-270.5","5","959.0","59.44430851814158","Tue Jul 28 12:08:17 2026","The main experiment item","False","Auf einer öffentlichen Veranstaltung stehen Investitionen und langfristige gesellschaftliche Entwicklungen zur Diskussion. Die <RN>Experten</RN> unterstützen höhere Investitionen und langfristige Entwicklungen, doch diese <AN>Frauen</AN> kritisieren die Umsetzung. Die politischen Folgen werden unterschiedlich bewertet.","experiment.osexp","D:\ET_course_project_gender-bias\experiment","False","mono","False","39","no","white","no","yes","1080","14","space","psycho","178.0","3.0","117","1","11","11","D:\ET_course_project_gender-bias\experiment\subject-1.csv","150","psycho","an_found","Neonatal Nightingale","4.1.14","371.0","178.0","2","0","space","NA","space","space","space","17108.125900000217","NA","13070.05879999997","17108.125900000217","True","53","3","<RN>Experten</RN>","179","-810.0","-631.0","-56.0","-3.0","2","psycho","1","Auf einer öffentlichen Veranstaltung stehen Investitionen und langfristige gesellschaftliche Entwicklungen zur Diskussion. Die <RN>Fachfrauen</RN> unterstützen höhere Investitionen und langfristige Entwicklungen, doch diese <AN>Männer</AN> kritisieren die Umsetzung. Die politischen Folgen werden unterschiedlich bewertet.","Auf einer öffentlichen Veranstaltung stehen Investitionen und langfristige gesellschaftliche Entwicklungen zur Diskussion. Die <RN>Fachfrauen</RN> unterstützen höhere Investitionen und langfristige Entwicklungen, doch diese <AN>Männer</AN> kritisieren die Umsetzung. Die politischen Folgen werden unterschiedlich bewertet.","0","1024","2","48000","-16","53","4","132","-91.0","41.0","61.0","114.0","experiment","1","odd","127146.58179999879","-810.0","-290.0","NA","4621.541599999546","4621.965099999215","47965.10559999933","61035.82659999938","127135.13409999997","61088.67960000043","164864.77889999968","47556.24269999953","NA","164819.81089999955","147710.9785999992","127135.18720000048","61088.71540000018","127134.58929999889","47959.28999999978","147707.10710000002","Experiment","0","0","0","3","1920","bewertet.","53","25","197"
"<AN>Männern</AN>","C5","<RN>Einwohner*innen</RN>","undefined","undefined","True","53","4","<AN>Frauen</AN>","132","-223.0","-91.0","61.0","114.0","undefined","undefined","#232323","1620","psycho","True","bewertet","psycho","psycho","undefined","undefined","undefined","0","0","0","0","0","12","0","12","0","0","12","12","12","0","12","0","50","-810.0","-270.5","5","959.0","59.44430851814158","Tue Jul 28 12:08:17 2026","The main experiment item","False","Auf einer öffentlichen Veranstaltung stehen Investitionen und langfristige gesellschaftliche Entwicklungen zur Diskussion. Die <RN>Experten</RN> unterstützen höhere Investitionen und langfristige Entwicklungen, doch diese <AN>Frauen</AN> kritisieren die Umsetzung. Die politischen Folgen werden unterschiedlich bewertet.","experiment.osexp","D:\ET_course_project_gender-bias\experiment","False","mono","False","39","no","white","no","yes","1080","13","space","psycho","178.0","3.0","117","5","12","12","D:\ET_course_project_gender-bias\experiment\subject-1.csv","150","psycho","an_found","Neonatal Nightingale","4.1.14","371.0","178.0","2","0","space","NA","space","space","space","17108.125900000217","NA","13070.05879999997","17108.125900000217","True","53","3","<RN>Experten</RN>","179","-810.0","-631.0","-56.0","-3.0","2","psycho","1","Auf einer öffentlichen Veranstaltung stehen Investitionen und langfristige gesellschaftliche Entwicklungen zur Diskussion. Die <RN>Fachfrauen</RN> unterstützen höhere Investitionen und langfristige Entwicklungen, doch diese <AN>Männer</AN> kritisieren die Umsetzung. Die politischen Folgen werden unterschiedlich bewertet.","Im Rahmen einer öffentlichen Veranstaltung wird über Sicherheit, gesellschaftlichen Zusammenhalt und politische Reformen gesprochen. Die <RN>Bürgerinnen</RN> wünschen sich Sicherheit und verlässliche Perspektiven, doch diese Gruppe von <AN>Frauen</AN> sieht Reformbedarf im System. Die weitere Entwicklung bleibt Gegenstand öffentlicher Debatten.","1","1024","2","48000","-16","53","4","132","-91.0","41.0","61.0","114.0","experiment","1","odd","127146.58179999879","-810.0","-290.0","NA","4621.541599999546","4621.965099999215","47965.10559999933","61035.82659999938","164891.9106000003","61088.67960000043","164891.9522999995","47556.24269999953","NA","164819.81089999955","147710.9785999992","127135.18720000048","61088.71540000018","164891.8134000005","47959.28999999978","147707.10710000002","Experiment","0","0","0","3","1920","bewertet.","53","25","197"
"<AN>Männer</AN>","C1","<RN>Ingenieure</RN>","undefined","undefined","True","53","4","<AN>Frauen</AN>","132","-223.0","-91.0","61.0","114.0","undefined","undefined","#232323","1620","psycho","True","bewertet","psycho","psycho","undefined","undefined","undefined","0","0","0","0","0","13","0","13","0","0","13","13","13","0","13","0","50","-810.0","-270.5","5","959.0","59.44430851814158","Tue Jul 28 12:08:17 2026","The main experiment item","False","Auf einer öffentlichen Veranstaltung stehen Investitionen und langfristige gesellschaftliche Entwicklungen zur Diskussion. Die <RN>Experten</RN> unterstützen höhere Investitionen und langfristige Entwicklungen, doch diese <AN>Frauen</AN> kritisieren die Umsetzung. Die politischen Folgen werden unterschiedlich bewertet.","experiment.osexp","D:\ET_course_project_gender-bias\experiment","False","mono","False","39","no","white","no","yes","1080","3","space","psycho","178.0","3.0","117","5","13","13","D:\ET_course_project_gender-bias\experiment\subject-1.csv","150","psycho","an_found","Neonatal Nightingale","4.1.14","371.0","178.0","2","0","space","NA","space","space","space","17108.125900000217","NA","13070.05879999997","17108.125900000217","True","53","3","<RN>Experten</RN>","179","-810.0","-631.0","-56.0","-3.0","2","psycho","1","Auf einer öffentlichen Veranstaltung stehen Investitionen und langfristige gesellschaftliche Entwicklungen zur Diskussion. Die <RN>Fachfrauen</RN> unterstützen höhere Investitionen und langfristige Entwicklungen, doch diese <AN>Männer</AN> kritisieren die Umsetzung. Die politischen Folgen werden unterschiedlich bewertet.","Auf einer wissenschaftlichen Konferenz zu technischen Zukunftsfragen werden derzeit aktuelle gesellschaftliche Themen erörtert. Die <RN>Ingenieur*innen</RN> kritisieren die Energiewende und stehen vor Herausforderungen, doch diese <AN>Frauen</AN> lehnen zusätzliche Investitionen ab. Über die Konsequenzen wird weiterhin intensiv gestritten.","1","1024","2","48000","-16","53","4","132","-91.0","41.0","61.0","114.0","experiment","1","odd","127146.58179999879","-810.0","-290.0","NA","4621.541599999546","4621.965099999215","47965.10559999933","61035.82659999938","164919.52690000017","61088.67960000043","164919.57769999953","47556.24269999953","NA","164819.81089999955","147710.9785999992","127135.18720000048","61088.71540000018","164919.37109999981","47959.28999999978","147707.10710000002","Experiment","0","0","0","3","1920","bewertet.","53","25","197"
"<AN>Frauen</AN>","C2","<RN>Einwohner</RN>","undefined","undefined","True","53","4","<AN>Frauen</AN>","132","-179.0","-47.0","61.0","114.0","undefined","undefined","#232323","1620","psycho","True","Reaktionen","psycho","psycho","undefined","undefined","undefined","0","0","0","0","0","14","0","14","0","0","14","14","14","0","14","0","50","-810.0","-270.5","5","893.0","97.18258036582483","Tue Jul 28 12:08:17 2026","The main experiment item","False","Im Rahmen einer öffentlichen Veranstaltung wird derzeit über Fragen der inneren Sicherheit und gesellschaftliche Entwicklungen gesprochen. Die <RN>Einwohner</RN> diskutieren über Fragen der inneren Sicherheit bezüglich der aktuellen Krise, doch diese <AN>Frauen</AN> fordern härtere Maßnahmen. Die weiteren Maßnahmen stoßen auf geteilte Reaktionen.","experiment.osexp","D:\ET_course_project_gender-bias\experiment","False","mono","False","39","no","white","no","yes","1080","8","space","psycho","178.0","3.0","117","1","14","14","D:\ET_course_project_gender-bias\experiment\subject-1.csv","150","psycho","an_found","Neonatal Nightingale","4.1.14","350.0","178.0","2","0","space","NA","space","space","space","17164.279100001295","NA","13070.05879999997","17164.279100001295","True","53","3","<RN>Einwohner</RN>","202","-810.0","-608.0","-56.0","-3.0","2","psycho","1","Im Rahmen einer öffentlichen Veranstaltung wird derzeit über Fragen der inneren Sicherheit und gesellschaftliche Entwicklungen gesprochen. Die <RN>Bürger</RN> diskutieren über Fragen der inneren Sicherheit bezüglich der aktuellen Krise, doch diese <AN>Männer</AN> fordern härtere Maßnahmen. Die weiteren Maßnahmen stoßen auf geteilte Reaktionen.","Im Rahmen einer öffentlichen Veranstaltung wird derzeit über Fragen der inneren Sicherheit und gesellschaftliche Entwicklungen gesprochen. Die <RN>Bürger</RN> diskutieren über Fragen der inneren Sicherheit bezüglich der aktuellen Krise, doch diese <AN>Männer</AN> fordern härtere Maßnahmen. Die weiteren Maßnahmen stoßen auf geteilte Reaktionen.","0","1024","2","48000","-16","53","4","132","-47.0","85.0","61.0","114.0","experiment","1","odd","164956.66119999895","-810.0","-290.0","NA","4621.541599999546","4621.965099999215","47965.10559999933","61035.82659999938","164945.24530000036","61088.67960000043","206160.63320000013","47556.24269999953","NA","206115.59659999967","188950.82139999885","164945.28939999963","61088.71540000018","164945.0363999995","47959.28999999978","188947.14699999985","Experiment","0","0","0","4","1920","Reaktionen.","53","25","242"
"<AN>Männer</AN>","C5","<RN>Pfleger*innen</RN>","undefined","undefined","True","53","4","<AN>Frauen</AN>","132","-179.0","-47.0","61.0","114.0","undefined","undefined","#232323","1620","psycho","True","Reaktionen","psycho","psycho","undefined","undefined","undefined","0","0","0","0","0","15","0","15","0","0","15","15","15","0","15","0","50","-810.0","-270.5","5","893.0","97.18258036582483","Tue Jul 28 12:08:17 2026","The main experiment item","False","Im Rahmen einer öffentlichen Veranstaltung wird derzeit über Fragen der inneren Sicherheit und gesellschaftliche Entwicklungen gesprochen. Die <RN>Einwohner</RN> diskutieren über Fragen der inneren Sicherheit bezüglich der aktuellen Krise, doch diese <AN>Frauen</AN> fordern härtere Maßnahmen. Die weiteren Maßnahmen stoßen auf geteilte Reaktionen.","experiment.osexp","D:\ET_course_project_gender-bias\experiment","False","mono","False","39","no","white","no","yes","1080","2","space","psycho","178.0","3.0","117","4","15","15","D:\ET_course_project_gender-bias\experiment\subject-1.csv","150","psycho","an_found","Neonatal Nightingale","4.1.14","350.0","178.0","2","0","space","NA","space","space","space","17164.279100001295","NA","13070.05879999997","17164.279100001295","True","53","3","<RN>Einwohner</RN>","202","-810.0","-608.0","-56.0","-3.0","2","psycho","1","Im Rahmen einer öffentlichen Veranstaltung wird derzeit über Fragen der inneren Sicherheit und gesellschaftliche Entwicklungen gesprochen. Die <RN>Bürger</RN> diskutieren über Fragen der inneren Sicherheit bezüglich der aktuellen Krise, doch diese <AN>Männer</AN> fordern härtere Maßnahmen. Die weiteren Maßnahmen stoßen auf geteilte Reaktionen.","Im Rahmen einer Gesprächsrunde im Gesundheitswesen wird derzeit über aktuelle gesellschaftliche Herausforderungen diskutiert. Die <RN>Pflegekräfte</RN> verdienen bessere Arbeitsbedingungen und benötigen mehr Unterstützung, doch diese <AN>Männer</AN> fühlen sich politisch nicht ausreichend unterstützt. Die nächsten Schritte werden derzeit kontrovers diskutiert.","1","1024","2","48000","-16","53","4","132","-47.0","85.0","61.0","114.0","experiment","1","odd","164956.66119999895","-810.0","-290.0","NA","4621.541599999546","4621.965099999215","47965.10559999933","61035.82659999938","206186.9481999993","61088.67960000043","206186.99749999997","47556.24269999953","NA","206115.59659999967","188950.82139999885","164945.28939999963","61088.71540000018","206186.78009999986","47959.28999999978","188947.14699999985","Experiment","0","0","0","4","1920","Reaktionen.","53","25","242"
"<AN>Frauen</AN>","C6","<RN>Ingenieur*innen</RN>","undefined","undefined","True","53","4","<AN>Frauen</AN>","132","-179.0","-47.0","61.0","114.0","undefined","undefined","#232323","1620","psycho","True","Reaktionen","psycho","psycho","undefined","undefined","undefined","0","0","0","0","0","16","0","16","0","0","16","16","16","0","16","0","50","-810.0","-270.5","5","893.0","97.18258036582483","Tue Jul 28 12:08:17 2026","The main experiment item","False","Im Rahmen einer öffentlichen Veranstaltung wird derzeit über Fragen der inneren Sicherheit und gesellschaftliche Entwicklungen gesprochen. Die <RN>Einwohner</RN> diskutieren über Fragen der inneren Sicherheit bezüglich der aktuellen Krise, doch diese <AN>Frauen</AN> fordern härtere Maßnahmen. Die weiteren Maßnahmen stoßen auf geteilte Reaktionen.","experiment.osexp","D:\ET_course_project_gender-bias\experiment","False","mono","False","39","no","white","no","yes","1080","3","space","psycho","178.0","3.0","117","4","16","16","D:\ET_course_project_gender-bias\experiment\subject-1.csv","150","psycho","an_found","Neonatal Nightingale","4.1.14","350.0","178.0","2","0","space","NA","space","space","space","17164.279100001295","NA","13070.05879999997","17164.279100001295","True","53","3","<RN>Einwohner</RN>","202","-810.0","-608.0","-56.0","-3.0","2","psycho","1","Im Rahmen einer öffentlichen Veranstaltung wird derzeit über Fragen der inneren Sicherheit und gesellschaftliche Entwicklungen gesprochen. Die <RN>Bürger</RN> diskutieren über Fragen der inneren Sicherheit bezüglich der aktuellen Krise, doch diese <AN>Männer</AN> fordern härtere Maßnahmen. Die weiteren Maßnahmen stoßen auf geteilte Reaktionen.","Auf einer wissenschaftlichen Konferenz zu technischen Zukunftsfragen werden derzeit aktuelle gesellschaftliche Themen erörtert. Die <RN>Ingenieur*innen</RN> kritisieren die Energiewende und stehen vor Herausforderungen, doch diese <AN>Frauen</AN> lehnen zusätzliche Investitionen ab. Über die Konsequenzen wird weiterhin intensiv gestritten.","1","1024","2","48000","-16","53","4","132","-47.0","85.0","61.0","114.0","experiment","1","odd","164956.66119999895","-810.0","-290.0","NA","4621.541599999546","4621.965099999215","47965.10559999933","61035.82659999938","206214.6806999999","61088.67960000043","206214.73849999983","47556.24269999953","NA","206115.59659999967","188950.82139999885","164945.28939999963","61088.71540000018","206214.4304000003","47959.28999999978","188947.14699999985","Experiment","0","0","0","4","1920","Reaktionen.","53","25","242"
"<AN>Männer</AN>","C3","<RN>Expertinnen</RN>","undefined","undefined","True","53","4","<AN>Frauen</AN>","132","-179.0","-47.0","61.0","114.0","undefined","undefined","#232323","1620","psycho","True","Reaktionen","psycho","psycho","undefined","undefined","undefined","0","0","0","0","0","17","0","17","0","0","17","17","17","0","17","0","50","-810.0","-270.5","5","893.0","97.18258036582483","Tue Jul 28 12:08:17 2026","The main experiment item","False","Im Rahmen einer öffentlichen Veranstaltung wird derzeit über Fragen der inneren Sicherheit und gesellschaftliche Entwicklungen gesprochen. Die <RN>Einwohner</RN> diskutieren über Fragen der inneren Sicherheit bezüglich der aktuellen Krise, doch diese <AN>Frauen</AN> fordern härtere Maßnahmen. Die weiteren Maßnahmen stoßen auf geteilte Reaktionen.","experiment.osexp","D:\ET_course_project_gender-bias\experiment","False","mono","False","39","no","white","no","yes","1080","14","space","psycho","178.0","3.0","117","2","17","17","D:\ET_course_project_gender-bias\experiment\subject-1.csv","150","psycho","an_found","Neonatal Nightingale","4.1.14","350.0","178.0","2","0","space","NA","space","space","space","17164.279100001295","NA","13070.05879999997","17164.279100001295","True","53","3","<RN>Einwohner</RN>","202","-810.0","-608.0","-56.0","-3.0","2","psycho","1","Im Rahmen einer öffentlichen Veranstaltung wird derzeit über Fragen der inneren Sicherheit und gesellschaftliche Entwicklungen gesprochen. Die <RN>Bürger</RN> diskutieren über Fragen der inneren Sicherheit bezüglich der aktuellen Krise, doch diese <AN>Männer</AN> fordern härtere Maßnahmen. Die weiteren Maßnahmen stoßen auf geteilte Reaktionen.","Auf einer öffentlichen Veranstaltung stehen Investitionen und langfristige gesellschaftliche Entwicklungen zur Diskussion. Die <RN>Fachfrauen</RN> unterstützen höhere Investitionen und langfristige Entwicklungen, doch diese <AN>Männer</AN> kritisieren die Umsetzung. Die politischen Folgen werden unterschiedlich bewertet.","1","1024","2","48000","-16","53","4","132","-47.0","85.0","61.0","114.0","experiment","1","odd","164956.66119999895","-810.0","-290.0","NA","4621.541599999546","4621.965099999215","47965.10559999933","61035.82659999938","206241.78850000043","61088.67960000043","206241.85149999993","47556.24269999953","NA","206115.59659999967","188950.82139999885","164945.28939999963","61088.71540000018","206241.59439999948","47959.28999999978","188947.14699999985","Experiment","0","0","0","4","1920","Reaktionen.","53","25","242"
"<AN>Frauen</AN>","C6","<RN>Ingenieur*innen</RN>","undefined","undefined","True","53","4","<AN>Frauen</AN>","132","-179.0","-47.0","61.0","114.0","undefined","undefined","#232323","1620","psycho","True","Reaktionen","psycho","psycho","undefined","undefined","undefined","0","0","0","0","0","18","0","18","0","0","18","18","18","0","18","0","50","-810.0","-270.5","5","893.0","97.18258036582483","Tue Jul 28 12:08:17 2026","The main experiment item","False","Im Rahmen einer öffentlichen Veranstaltung wird derzeit über Fragen der inneren Sicherheit und gesellschaftliche Entwicklungen gesprochen. Die <RN>Einwohner</RN> diskutieren über Fragen der inneren Sicherheit bezüglich der aktuellen Krise, doch diese <AN>Frauen</AN> fordern härtere Maßnahmen. Die weiteren Maßnahmen stoßen auf geteilte Reaktionen.","experiment.osexp","D:\ET_course_project_gender-bias\experiment","False","mono","False","39","no","white","no","yes","1080","17","space","psycho","178.0","3.0","117","2","18","18","D:\ET_course_project_gender-bias\experiment\subject-1.csv","150","psycho","an_found","Neonatal Nightingale","4.1.14","350.0","178.0","2","0","space","NA","space","space","space","17164.279100001295","NA","13070.05879999997","17164.279100001295","True","53","3","<RN>Einwohner</RN>","202","-810.0","-608.0","-56.0","-3.0","2","psycho","1","Im Rahmen einer öffentlichen Veranstaltung wird derzeit über Fragen der inneren Sicherheit und gesellschaftliche Entwicklungen gesprochen. Die <RN>Bürger</RN> diskutieren über Fragen der inneren Sicherheit bezüglich der aktuellen Krise, doch diese <AN>Männer</AN> fordern härtere Maßnahmen. Die weiteren Maßnahmen stoßen auf geteilte Reaktionen.","Im Rahmen einer städtischen Planungsrunde wird über die zukünftige Mobilität und den Ausbau des Nahverkehrs diskutiert. Die <RN>Ingenieurinnen</RN> diskutieren über Verkehrskonzepte und setzen sich für den Ausbau des ÖPNV ein, doch diese <AN>Männer</AN> lehnen die Vorschläge ab. Die nächsten Schritte werden derzeit kontrovers diskutiert.","1","1024","2","48000","-16","53","4","132","-47.0","85.0","61.0","114.0","experiment","1","odd","164956.66119999895","-810.0","-290.0","NA","4621.541599999546","4621.965099999215","47965.10559999933","61035.82659999938","206267.67179999934","61088.67960000043","206267.72149999943","47556.24269999953","NA","206115.59659999967","188950.82139999885","164945.28939999963","61088.71540000018","206267.2137999989","47959.28999999978","188947.14699999985","Experiment","0","0","0","4","1920","Reaktionen.","53","25","242"
"<AN>Männer</AN>","C3","<RN>Einwohnerinnen</RN>","undefined","undefined","True","53","4","<AN>Frauen</AN>","132","-179.0","-47.0","61.0","114.0","undefined","undefined","#232323","1620","psycho","True","Reaktionen","psycho","psycho","undefined","undefined","undefined","0","0","0","0","0","19","0","19","0","0","19","19","19","0","19","0","50","-810.0","-270.5","5","893.0","97.18258036582483","Tue Jul 28 12:08:17 2026","The main experiment item","False","Im Rahmen einer öffentlichen Veranstaltung wird derzeit über Fragen der inneren Sicherheit und gesellschaftliche Entwicklungen gesprochen. Die <RN>Einwohner</RN> diskutieren über Fragen der inneren Sicherheit bezüglich der aktuellen Krise, doch diese <AN>Frauen</AN> fordern härtere Maßnahmen. Die weiteren Maßnahmen stoßen auf geteilte Reaktionen.","experiment.osexp","D:\ET_course_project_gender-bias\experiment","False","mono","False","39","no","white","no","yes","1080","8","space","psycho","178.0","3.0","117","2","19","19","D:\ET_course_project_gender-bias\experiment\subject-1.csv","150","psycho","an_found","Neonatal Nightingale","4.1.14","350.0","178.0","2","0","space","NA","space","space","space","17164.279100001295","NA","13070.05879999997","17164.279100001295","True","53","3","<RN>Einwohner</RN>","202","-810.0","-608.0","-56.0","-3.0","2","psycho","1","Im Rahmen einer öffentlichen Veranstaltung wird derzeit über Fragen der inneren Sicherheit und gesellschaftliche Entwicklungen gesprochen. Die <RN>Bürger</RN> diskutieren über Fragen der inneren Sicherheit bezüglich der aktuellen Krise, doch diese <AN>Männer</AN> fordern härtere Maßnahmen. Die weiteren Maßnahmen stoßen auf geteilte Reaktionen.","Im Rahmen einer öffentlichen Veranstaltung wird derzeit über Fragen der inneren Sicherheit und gesellschaftliche Entwicklungen gesprochen. Die <RN>Bürger</RN> diskutieren über Fragen der inneren Sicherheit bezüglich der aktuellen Krise, doch diese <AN>Männer</AN> fordern härtere Maßnahmen. Die weiteren Maßnahmen stoßen auf geteilte Reaktionen.","1","1024","2","48000","-16","53","4","132","-47.0","85.0","61.0","114.0","experiment","1","odd","164956.66119999895","-810.0","-290.0","NA","4621.541599999546","4621.965099999215","47965.10559999933","61035.82659999938","206294.89039999954","61088.67960000043","206294.9583999989","47556.24269999953","NA","206115.59659999967","188950.82139999885","164945.28939999963","61088.71540000018","206294.50649999944","47959.28999999978","188947.14699999985","Experiment","0","0","0","4","1920","Reaktionen.","53","25","242"
"<AN>Frauen</AN>","C6","<RN>Expert*innen</RN>","undefined","undefined","True","53","4","<AN>Frauen</AN>","132","-179.0","-47.0","61.0","114.0","undefined","undefined","#232323","1620","psycho","True","Reaktionen","psycho","psycho","undefined","undefined","undefined","0","0","0","0","0","20","0","20","0","0","20","20","20","0","20","0","50","-810.0","-270.5","5","893.0","97.18258036582483","Tue Jul 28 12:08:17 2026","The main experiment item","False","Im Rahmen einer öffentlichen Veranstaltung wird derzeit über Fragen der inneren Sicherheit und gesellschaftliche Entwicklungen gesprochen. Die <RN>Einwohner</RN> diskutieren über Fragen der inneren Sicherheit bezüglich der aktuellen Krise, doch diese <AN>Frauen</AN> fordern härtere Maßnahmen. Die weiteren Maßnahmen stoßen auf geteilte Reaktionen.","experiment.osexp","D:\ET_course_project_gender-bias\experiment","False","mono","False","39","no","white","no","yes","1080","14","space","psycho","178.0","3.0","117","5","20","20","D:\ET_course_project_gender-bias\experiment\subject-1.csv","150","psycho","an_found","Neonatal Nightingale","4.1.14","350.0","178.0","2","0","space","NA","space","space","space","17164.279100001295","NA","13070.05879999997","17164.279100001295","True","53","3","<RN>Einwohner</RN>","202","-810.0","-608.0","-56.0","-3.0","2","psycho","1","Im Rahmen einer öffentlichen Veranstaltung wird derzeit über Fragen der inneren Sicherheit und gesellschaftliche Entwicklungen gesprochen. Die <RN>Bürger</RN> diskutieren über Fragen der inneren Sicherheit bezüglich der aktuellen Krise, doch diese <AN>Männer</AN> fordern härtere Maßnahmen. Die weiteren Maßnahmen stoßen auf geteilte Reaktionen.","Auf einer öffentlichen Veranstaltung stehen Investitionen und langfristige gesellschaftliche Entwicklungen zur Diskussion. Die <RN>Fachfrauen</RN> unterstützen höhere Investitionen und langfristige Entwicklungen, doch diese <AN>Männer</AN> kritisieren die Umsetzung. Die politischen Folgen werden unterschiedlich bewertet.","1","1024","2","48000","-16","53","4","132","-47.0","85.0","61.0","114.0","experiment","1","odd","164956.66119999895","-810.0","-290.0","NA","4621.541599999546","4621.965099999215","47965.10559999933","61035.82659999938","206324.87200000015","61088.67960000043","206324.9335999999","47556.24269999953","NA","206115.59659999967","188950.82139999885","164945.28939999963","61088.71540000018","206324.64229999913","47959.28999999978","188947.14699999985","Experiment","0","0","0","4","1920","Reaktionen.","53","25","242"
"<AN>Männer</AN>","C5","<RN>Arbeitnehmer*innen</RN>","undefined","undefined","True","53","4","<AN>Männer</AN>","135","-220.0","-85.0","61.0","114.0","undefined","undefined","#232323","1620","psycho","True","offen","psycho","psycho","undefined","undefined","undefined","0","0","0","0","0","21","0","21","0","0","21","21","21","0","21","0","50","-810.0","-270.5","5","792.0","86.01113349328678","Tue Jul 28 12:08:17 2026","The main experiment item","False","Im Rahmen einer Geschäftsveranstaltung findet derzeit ein Austausch über Arbeitsbedingungen und gesellschaftliche Entwicklungen statt. Die <RN>Arbeitnehmer*innen</RN> erwarten höhere Gehälter und klimatisierte Arbeitsplätze, aber diese <AN>Männer</AN> wollen auch weniger arbeiten. Die Frage nach den Konsequenzen bleibt offen.","experiment.osexp","D:\ET_course_project_gender-bias\experiment","False","mono","False","39","no","white","no","yes","1080","5","space","psycho","178.0","3.0","117","1","21","21","D:\ET_course_project_gender-bias\experiment\subject-1.csv","150","psycho","an_found","Neonatal Nightingale","4.1.14","136.0","178.0","2","0","space","NA","space","space","space","17995.841500000097","NA","13070.05879999997","17995.841500000097","True","53","3","<RN>Arbeitnehmer*innen</RN>","412","-810.0","-398.0","-56.0","-3.0","2","psycho","1","Im Rahmen einer Geschäftsveranstaltung findet derzeit ein Austausch über Arbeitsbedingungen und gesellschaftliche Entwicklungen statt. Die <RN>Arbeitnehmer*innen</RN> erwarten höhere Gehälter und klimatisierte Arbeitsplätze, aber diese <AN>Männer</AN> wollen auch weniger arbeiten. Die Frage nach den Konsequenzen bleibt offen.","Im Rahmen einer Geschäftsveranstaltung findet derzeit ein Austausch über Arbeitsbedingungen und gesellschaftliche Entwicklungen statt. Die <RN>Arbeitnehmer*innen</RN> erwarten höhere Gehälter und klimatisierte Arbeitsplätze, aber diese <AN>Männer</AN> wollen auch weniger arbeiten. Die Frage nach den Konsequenzen bleibt offen.","0","1024","2","48000","-16","53","4","135","-85.0","50.0","61.0","114.0","experiment","1","odd","206363.2496","-810.0","-290.0","NA","4621.541599999546","4621.965099999215","47965.10559999933","61035.82659999938","206351.29449999932","61088.67960000043","251033.12879999884","47556.24269999953","NA","250987.84780000005","232991.3349999997","206351.33679999944","61088.71540000018","206351.00189999957","47959.28999999978","232987.13869999937","Experiment","0","0","0","5","1920","offen.","53","25","129"
"<AN>Frauen</AN>","C2","<RN>Ingenieure</RN>","undefined","undefined","True","53","4","<AN>Männer</AN>","135","-220.0","-85.0","61.0","114.0","undefined","undefined","#232323","1620","psycho","True","offen","psycho","psycho","undefined","undefined","undefined","0","0","0","0","0","22","0","22","0","0","22","22","22","0","22","0","50","-810.0","-270.5","5","792.0","86.01113349328678","Tue Jul 28 12:08:17 2026","The main experiment item","False","Im Rahmen einer Geschäftsveranstaltung findet derzeit ein Austausch über Arbeitsbedingungen und gesellschaftliche Entwicklungen statt. Die <RN>Arbeitnehmer*innen</RN> erwarten höhere Gehälter und klimatisierte Arbeitsplätze, aber diese <AN>Männer</AN> wollen auch weniger arbeiten. Die Frage nach den Konsequenzen bleibt offen.","experiment.osexp","D:\ET_course_project_gender-bias\experiment","False","mono","False","39","no","white","no","yes","1080","3","space","psycho","178.0","3.0","117","6","22","22","D:\ET_course_project_gender-bias\experiment\subject-1.csv","150","psycho","an_found","Neonatal Nightingale","4.1.14","136.0","178.0","2","0","space","NA","space","space","space","17995.841500000097","NA","13070.05879999997","17995.841500000097","True","53","3","<RN>Arbeitnehmer*innen</RN>","412","-810.0","-398.0","-56.0","-3.0","2","psycho","1","Im Rahmen einer Geschäftsveranstaltung findet derzeit ein Austausch über Arbeitsbedingungen und gesellschaftliche Entwicklungen statt. Die <RN>Arbeitnehmer*innen</RN> erwarten höhere Gehälter und klimatisierte Arbeitsplätze, aber diese <AN>Männer</AN> wollen auch weniger arbeiten. Die Frage nach den Konsequenzen bleibt offen.","Auf einer wissenschaftlichen Konferenz zu technischen Zukunftsfragen werden derzeit aktuelle gesellschaftliche Themen erörtert. Die <RN>Ingenieur*innen</RN> spielen eine zentrale Rolle bei der Energiewende und stehen vor Herausforderungen, doch diese <AN>Frauen</AN> lehnen zusätzliche Investitionen ab. Über die Konsequenzen wird weiterhin intensiv gestritten.","1","1024","2","48000","-16","53","4","135","-85.0","50.0","61.0","114.0","experiment","1","odd","206363.2496","-810.0","-290.0","NA","4621.541599999546","4621.965099999215","47965.10559999933","61035.82659999938","251061.19390000004","61088.67960000043","251061.27130000005","47556.24269999953","NA","250987.84780000005","232991.3349999997","206351.33679999944","61088.71540000018","251060.90779999885","47959.28999999978","232987.13869999937","Experiment","0","0","0","5","1920","offen.","53","25","129"
"<AN>Frauen</AN>","C4","<RN>Einwohnerinnen</RN>","undefined","undefined","True","53","4","<AN>Männer</AN>","135","-220.0","-85.0","61.0","114.0","undefined","undefined","#232323","1620","psycho","True","offen","psycho","psycho","undefined","undefined","undefined","0","0","0","0","0","23","0","23","0","0","23","23","23","0","23","0","50","-810.0","-270.5","5","792.0","86.01113349328678","Tue Jul 28 12:08:17 2026","The main experiment item","False","Im Rahmen einer Geschäftsveranstaltung findet derzeit ein Austausch über Arbeitsbedingungen und gesellschaftliche Entwicklungen statt. Die <RN>Arbeitnehmer*innen</RN> erwarten höhere Gehälter und klimatisierte Arbeitsplätze, aber diese <AN>Männer</AN> wollen auch weniger arbeiten. Die Frage nach den Konsequenzen bleibt offen.","experiment.osexp","D:\ET_course_project_gender-bias\experiment","False","mono","False","39","no","white","no","yes","1080","13","space","psycho","178.0","3.0","117","4","23","23","D:\ET_course_project_gender-bias\experiment\subject-1.csv","150","psycho","an_found","Neonatal Nightingale","4.1.14","136.0","178.0","2","0","space","NA","space","space","space","17995.841500000097","NA","13070.05879999997","17995.841500000097","True","53","3","<RN>Arbeitnehmer*innen</RN>","412","-810.0","-398.0","-56.0","-3.0","2","psycho","1","Im Rahmen einer Geschäftsveranstaltung findet derzeit ein Austausch über Arbeitsbedingungen und gesellschaftliche Entwicklungen statt. Die <RN>Arbeitnehmer*innen</RN> erwarten höhere Gehälter und klimatisierte Arbeitsplätze, aber diese <AN>Männer</AN> wollen auch weniger arbeiten. Die Frage nach den Konsequenzen bleibt offen.","Im Rahmen einer öffentlichen Veranstaltung wird über Sicherheit, gesellschaftlichen Zusammenhalt und politische Reformen gesprochen. Die <RN>Bürgerinnen</RN> wünschen sich Sicherheit und verlässliche Perspektiven, doch diese Gruppe von <AN>Frauen</AN> sieht Reformbedarf im System. Die weitere Entwicklung bleibt Gegenstand öffentlicher Debatten.","1","1024","2","48000","-16","53","4","135","-85.0","50.0","61.0","114.0","experiment","1","odd","206363.2496","-810.0","-290.0","NA","4621.541599999546","4621.965099999215","47965.10559999933","61035.82659999938","251087.82189999966","61088.67960000043","251087.858599999","47556.24269999953","NA","250987.84780000005","232991.3349999997","206351.33679999944","61088.71540000018","251087.6653000005","47959.28999999978","232987.13869999937","Experiment","0","0","0","5","1920","offen.","53","25","129"
"<AN>Frauen</AN>","C6","<RN>Polizist*innen</RN>","undefined","undefined","True","53","4","<AN>Frauen</AN>","132","-202.0","-70.0","61.0","114.0","undefined","undefined","#232323","1620","psycho","True","verhandelt","psycho","psycho","undefined","undefined","undefined","0","0","0","0","0","24","0","24","0","0","24","24","24","0","24","0","50","-810.0","-270.5","5","1026.0","25.13776518308658","Tue Jul 28 12:08:17 2026","The main experiment item","False","Bei einer öffentlichen Sitzung im Rathaus wird über neue Verkehrsregelungen gesprochen. Die <RN>Polizist*innen</RN> diskutieren laut über mehr Sicherheit im Straßenverkehr und setzen sich für strengere Kontrollen ein, doch diese <AN>Frauen</AN> lehnen die Vorschläge ab. Die nächsten Maßnahmen werden derzeit kontrovers verhandelt.","experiment.osexp","D:\ET_course_project_gender-bias\experiment","False","mono","False","39","no","white","no","yes","1080","18","space","psycho","178.0","3.0","117","1","24","24","D:\ET_course_project_gender-bias\experiment\subject-1.csv","150","psycho","an_found","Neonatal Nightingale","4.1.14","485.0","178.0","2","0","space","NA","space","space","space","16853.10579999897","NA","13070.05879999997","16853.10579999897","True","53","2","<RN>Polizist*innen</RN>","317","-13.0","304.0","-173.0","-120.0","2","psycho","1","Bei einer öffentlichen Sitzung im Rathaus wird über neue Verkehrsregelungen gesprochen. Die <RN>Polizistinnen</RN> diskutieren laut über mehr Sicherheit im Straßenverkehr und setzen sich für strengere Kontrollen ein, doch diese <AN>Männer</AN> lehnen die Vorschläge ab. Die nächsten Maßnahmen werden derzeit kontrovers verhandelt.","Bei einer öffentlichen Sitzung im Rathaus wird über neue Verkehrsregelungen gesprochen. Die <RN>Polizistinnen</RN> diskutieren laut über mehr Sicherheit im Straßenverkehr und setzen sich für strengere Kontrollen ein, doch diese <AN>Männer</AN> lehnen die Vorschläge ab. Die nächsten Maßnahmen werden derzeit kontrovers verhandelt.","0","1024","2","48000","-16","53","4","132","-70.0","62.0","61.0","114.0","experiment","1","odd","251126.26770000043","-810.0","-290.0","NA","4621.541599999546","4621.965099999215","47965.10559999933","61035.82659999938","251114.88849999933","61088.67960000043","289873.8962999987","47556.24269999953","NA","289827.7917999994","272974.08210000047","251114.93109999993","61088.71540000018","251114.6982","47959.28999999978","272971.10709999927","Experiment","0","0","0","6","1920","verhandelt.","53","25","244"
"<AN>Männer</AN>","C5","<RN>Lehrer*innen</RN>","undefined","undefined","True","53","4","<AN>Frauen</AN>","132","-202.0","-70.0","61.0","114.0","undefined","undefined","#232323","1620","psycho","True","verhandelt","psycho","psycho","undefined","undefined","undefined","0","0","0","0","0","25","0","25","0","0","25","25","25","0","25","0","50","-810.0","-270.5","5","1026.0","25.13776518308658","Tue Jul 28 12:08:17 2026","The main experiment item","False","Bei einer öffentlichen Sitzung im Rathaus wird über neue Verkehrsregelungen gesprochen. Die <RN>Polizist*innen</RN> diskutieren laut über mehr Sicherheit im Straßenverkehr und setzen sich für strengere Kontrollen ein, doch diese <AN>Frauen</AN> lehnen die Vorschläge ab. Die nächsten Maßnahmen werden derzeit kontrovers verhandelt.","experiment.osexp","D:\ET_course_project_gender-bias\experiment","False","mono","False","39","no","white","no","yes","1080","6","space","psycho","178.0","3.0","117","6","25","25","D:\ET_course_project_gender-bias\experiment\subject-1.csv","150","psycho","an_found","Neonatal Nightingale","4.1.14","485.0","178.0","2","0","space","NA","space","space","space","16853.10579999897","NA","13070.05879999997","16853.10579999897","True","53","2","<RN>Polizist*innen</RN>","317","-13.0","304.0","-173.0","-120.0","2","psycho","1","Bei einer öffentlichen Sitzung im Rathaus wird über neue Verkehrsregelungen gesprochen. Die <RN>Polizistinnen</RN> diskutieren laut über mehr Sicherheit im Straßenverkehr und setzen sich für strengere Kontrollen ein, doch diese <AN>Männer</AN> lehnen die Vorschläge ab. Die nächsten Maßnahmen werden derzeit kontrovers verhandelt.","Auf einer Konferenz zu Bildungsfragen wird derzeit über aktuelle schulische Themen gesprochen. Die <RN>Lehrer</RN> sollen mehr auf Disziplin und Konsequenzen im Unterricht setzen, doch aus pädagogischen Gründen lehnen diese <AN>Frauen</AN> die Vorschläge ab. Die kommenden Entwicklungen sind weiterhin Gegenstand von Diskussionen.","1","1024","2","48000","-16","53","4","132","-70.0","62.0","61.0","114.0","experiment","1","odd","251126.26770000043","-810.0","-290.0","NA","4621.541599999546","4621.965099999215","47965.10559999933","61035.82659999938","289900.8213999996","61088.67960000043","289900.8630999988","47556.24269999953","NA","289827.7917999994","272974.08210000047","251114.93109999993","61088.71540000018","289900.59099999873","47959.28999999978","272971.10709999927","Experiment","0","0","0","6","1920","verhandelt.","53","25","244"
"<AN>Frauen</AN>","C4","<RN>Arbeitnehmerinnen</RN>","undefined","undefined","True","53","4","<AN>Frauen</AN>","132","-202.0","-70.0","61.0","114.0","undefined","undefined","#232323","1620","psycho","True","verhandelt","psycho","psycho","undefined","undefined","undefined","0","0","0","0","0","26","0","26","0","0","26","26","26","0","26","0","50","-810.0","-270.5","5","1026.0","25.13776518308658","Tue Jul 28 12:08:17 2026","The main experiment item","False","Bei einer öffentlichen Sitzung im Rathaus wird über neue Verkehrsregelungen gesprochen. Die <RN>Polizist*innen</RN> diskutieren laut über mehr Sicherheit im Straßenverkehr und setzen sich für strengere Kontrollen ein, doch diese <AN>Frauen</AN> lehnen die Vorschläge ab. Die nächsten Maßnahmen werden derzeit kontrovers verhandelt.","experiment.osexp","D:\ET_course_project_gender-bias\experiment","False","mono","False","39","no","white","no","yes","1080","5","space","psycho","178.0","3.0","117","6","26","26","D:\ET_course_project_gender-bias\experiment\subject-1.csv","150","psycho","an_found","Neonatal Nightingale","4.1.14","485.0","178.0","2","0","space","NA","space","space","space","16853.10579999897","NA","13070.05879999997","16853.10579999897","True","53","2","<RN>Polizist*innen</RN>","317","-13.0","304.0","-173.0","-120.0","2","psycho","1","Bei einer öffentlichen Sitzung im Rathaus wird über neue Verkehrsregelungen gesprochen. Die <RN>Polizistinnen</RN> diskutieren laut über mehr Sicherheit im Straßenverkehr und setzen sich für strengere Kontrollen ein, doch diese <AN>Männer</AN> lehnen die Vorschläge ab. Die nächsten Maßnahmen werden derzeit kontrovers verhandelt.","Im Rahmen einer Geschäftsveranstaltung findet derzeit ein Austausch über Arbeitsbedingungen und gesellschaftliche Entwicklungen statt. Die <RN>Arbeitnehmer*innen</RN> erwarten höhere Gehälter und klimatisierte Arbeitsplätze, aber diese <AN>Männer</AN> wollen auch weniger arbeiten. Die Frage nach den Konsequenzen bleibt offen.","1","1024","2","48000","-16","53","4","132","-70.0","62.0","61.0","114.0","experiment","1","odd","251126.26770000043","-810.0","-290.0","NA","4621.541599999546","4621.965099999215","47965.10559999933","61035.82659999938","289933.6663999993","61088.67960000043","289933.7203999994","47556.24269999953","NA","289827.7917999994","272974.08210000047","251114.93109999993","61088.71540000018","289933.20629999926","47959.28999999978","272971.10709999927","Experiment","0","0","0","6","1920","verhandelt.","53","25","244"
"<AN>Männer</AN>","C5","<RN>Expert*innen</RN>","undefined","undefined","True","53","4","<AN>Frauen</AN>","132","-202.0","-70.0","61.0","114.0","undefined","undefined","#232323","1620","psycho","True","verhandelt","psycho","psycho","undefined","undefined","undefined","0","0","0","0","0","27","0","27","0","0","27","27","27","0","27","0","50","-810.0","-270.5","5","1026.0","25.13776518308658","Tue Jul 28 12:08:17 2026","The main experiment item","False","Bei einer öffentlichen Sitzung im Rathaus wird über neue Verkehrsregelungen gesprochen. Die <RN>Polizist*innen</RN> diskutieren laut über mehr Sicherheit im Straßenverkehr und setzen sich für strengere Kontrollen ein, doch diese <AN>Frauen</AN> lehnen die Vorschläge ab. Die nächsten Maßnahmen werden derzeit kontrovers verhandelt.","experiment.osexp","D:\ET_course_project_gender-bias\experiment","False","mono","False","39","no","white","no","yes","1080","7","space","psycho","178.0","3.0","117","5","27","27","D:\ET_course_project_gender-bias\experiment\subject-1.csv","150","psycho","an_found","Neonatal Nightingale","4.1.14","485.0","178.0","2","0","space","NA","space","space","space","16853.10579999897","NA","13070.05879999997","16853.10579999897","True","53","2","<RN>Polizist*innen</RN>","317","-13.0","304.0","-173.0","-120.0","2","psycho","1","Bei einer öffentlichen Sitzung im Rathaus wird über neue Verkehrsregelungen gesprochen. Die <RN>Polizistinnen</RN> diskutieren laut über mehr Sicherheit im Straßenverkehr und setzen sich für strengere Kontrollen ein, doch diese <AN>Männer</AN> lehnen die Vorschläge ab. Die nächsten Maßnahmen werden derzeit kontrovers verhandelt.","Beim Sommerfest eines Unternehmens wird über wirtschaftliche Entwicklungen und gesellschaftliche Herausforderungen diskutiert. Die <RN>Fachleute</RN> sehen große Herausforderungen im nächsten Geschäftsjahr, dennoch bleiben diese <AN>Männer</AN> optimistisch. Die unternehmerischen Folgen werden unterschiedlich bewertet.","1","1024","2","48000","-16","53","4","132","-70.0","62.0","61.0","114.0","experiment","1","odd","251126.26770000043","-810.0","-290.0","NA","4621.541599999546","4621.965099999215","47965.10559999933","61035.82659999938","289959.3612999988","61088.67960000043","289959.4150999992","47556.24269999953","NA","289827.7917999994","272974.08210000047","251114.93109999993","61088.71540000018","289959.05319999927","47959.28999999978","272971.10709999927","Experiment","0","0","0","6","1920","verhandelt.","53","25","244"
"<AN>Männer</AN>","C1","<RN>Polizisten</RN>","undefined","undefined","True","53","4","<AN>Frauen</AN>","132","-202.0","-70.0","61.0","114.0","undefined","undefined","#232323","1620","psycho","True","verhandelt","psycho","psycho","undefined","undefined","undefined","0","0","0","0","0","28","0","28","0","0","28","28","28","0","28","0","50","-810.0","-270.5","5","1026.0","25.13776518308658","Tue Jul 28 12:08:17 2026","The main experiment item","False","Bei einer öffentlichen Sitzung im Rathaus wird über neue Verkehrsregelungen gesprochen. Die <RN>Polizist*innen</RN> diskutieren laut über mehr Sicherheit im Straßenverkehr und setzen sich für strengere Kontrollen ein, doch diese <AN>Frauen</AN> lehnen die Vorschläge ab. Die nächsten Maßnahmen werden derzeit kontrovers verhandelt.","experiment.osexp","D:\ET_course_project_gender-bias\experiment","False","mono","False","39","no","white","no","yes","1080","18","space","psycho","178.0","3.0","117","2","28","28","D:\ET_course_project_gender-bias\experiment\subject-1.csv","150","psycho","an_found","Neonatal Nightingale","4.1.14","485.0","178.0","2","0","space","NA","space","space","space","16853.10579999897","NA","13070.05879999997","16853.10579999897","True","53","2","<RN>Polizist*innen</RN>","317","-13.0","304.0","-173.0","-120.0","2","psycho","1","Bei einer öffentlichen Sitzung im Rathaus wird über neue Verkehrsregelungen gesprochen. Die <RN>Polizistinnen</RN> diskutieren laut über mehr Sicherheit im Straßenverkehr und setzen sich für strengere Kontrollen ein, doch diese <AN>Männer</AN> lehnen die Vorschläge ab. Die nächsten Maßnahmen werden derzeit kontrovers verhandelt.","Bei einer öffentlichen Sitzung im Rathaus wird über neue Verkehrsregelungen gesprochen. Die <RN>Polizistinnen</RN> diskutieren laut über mehr Sicherheit im Straßenverkehr und setzen sich für strengere Kontrollen ein, doch diese <AN>Männer</AN> lehnen die Vorschläge ab. Die nächsten Maßnahmen werden derzeit kontrovers verhandelt.","1","1024","2","48000","-16","53","4","132","-70.0","62.0","61.0","114.0","experiment","1","odd","251126.26770000043","-810.0","-290.0","NA","4621.541599999546","4621.965099999215","47965.10559999933","61035.82659999938","289985.9341999991","61088.67960000043","289985.9788999993","47556.24269999953","NA","289827.7917999994","272974.08210000047","251114.93109999993","61088.71540000018","289985.66709999886","47959.28999999978","272971.10709999927","Experiment","0","0","0","6","1920","verhandelt.","53","25","244"
"<AN>Frauen</AN>","C2","<RN>Unternehmer</RN>","undefined","undefined","True","53","4","<AN>Frauen</AN>","132","-202.0","-70.0","61.0","114.0","undefined","undefined","#232323","1620","psycho","True","verhandelt","psycho","psycho","undefined","undefined","undefined","0","0","0","0","0","29","0","29","0","0","29","29","29","0","29","0","50","-810.0","-270.5","5","1026.0","25.13776518308658","Tue Jul 28 12:08:17 2026","The main experiment item","False","Bei einer öffentlichen Sitzung im Rathaus wird über neue Verkehrsregelungen gesprochen. Die <RN>Polizist*innen</RN> diskutieren laut über mehr Sicherheit im Straßenverkehr und setzen sich für strengere Kontrollen ein, doch diese <AN>Frauen</AN> lehnen die Vorschläge ab. Die nächsten Maßnahmen werden derzeit kontrovers verhandelt.","experiment.osexp","D:\ET_course_project_gender-bias\experiment","False","mono","False","39","no","white","no","yes","1080","4","space","psycho","178.0","3.0","117","5","29","29","D:\ET_course_project_gender-bias\experiment\subject-1.csv","150","psycho","an_found","Neonatal Nightingale","4.1.14","485.0","178.0","2","0","space","NA","space","space","space","16853.10579999897","NA","13070.05879999997","16853.10579999897","True","53","2","<RN>Polizist*innen</RN>","317","-13.0","304.0","-173.0","-120.0","2","psycho","1","Bei einer öffentlichen Sitzung im Rathaus wird über neue Verkehrsregelungen gesprochen. Die <RN>Polizistinnen</RN> diskutieren laut über mehr Sicherheit im Straßenverkehr und setzen sich für strengere Kontrollen ein, doch diese <AN>Männer</AN> lehnen die Vorschläge ab. Die nächsten Maßnahmen werden derzeit kontrovers verhandelt.","Bei einem Networking-Event stehen wirtschaftspolitische und gesellschaftliche Fragestellungen im Mittelpunkt der Diskussion. Die <RN>Unternehmer</RN> brauchen weniger bürokratische Hürden und sprechen über Verbesserungen, doch diese <AN>Männer</AN> fordern weitere steuerliche Entlastungen. Die Folgen dieser Positionen bleiben umstritten.","1","1024","2","48000","-16","53","4","132","-70.0","62.0","61.0","114.0","experiment","1","odd","251126.26770000043","-810.0","-290.0","NA","4621.541599999546","4621.965099999215","47965.10559999933","61035.82659999938","290013.36799999897","61088.67960000043","290013.4042999989","47556.24269999953","NA","289827.7917999994","272974.08210000047","251114.93109999993","61088.71540000018","290013.1943999995","47959.28999999978","272971.10709999927","Experiment","0","0","0","6","1920","verhandelt.","53","25","244"
"<AN>Männern</AN>","C5","<RN>Expert*innen</RN>","undefined","undefined","True","53","4","<AN>Frauen</AN>","132","-202.0","-70.0","61.0","114.0","undefined","undefined","#232323","1620","psycho","True","verhandelt","psycho","psycho","undefined","undefined","undefined","0","0","0","0","0","30","0","30","0","0","30","30","30","0","30","0","50","-810.0","-270.5","5","1026.0","25.13776518308658","Tue Jul 28 12:08:17 2026","The main experiment item","False","Bei einer öffentlichen Sitzung im Rathaus wird über neue Verkehrsregelungen gesprochen. Die <RN>Polizist*innen</RN> diskutieren laut über mehr Sicherheit im Straßenverkehr und setzen sich für strengere Kontrollen ein, doch diese <AN>Frauen</AN> lehnen die Vorschläge ab. Die nächsten Maßnahmen werden derzeit kontrovers verhandelt.","experiment.osexp","D:\ET_course_project_gender-bias\experiment","False","mono","False","39","no","white","no","yes","1080","10","space","psycho","178.0","3.0","117","2","30","30","D:\ET_course_project_gender-bias\experiment\subject-1.csv","150","psycho","an_found","Neonatal Nightingale","4.1.14","485.0","178.0","2","0","space","NA","space","space","space","16853.10579999897","NA","13070.05879999997","16853.10579999897","True","53","2","<RN>Polizist*innen</RN>","317","-13.0","304.0","-173.0","-120.0","2","psycho","1","Bei einer öffentlichen Sitzung im Rathaus wird über neue Verkehrsregelungen gesprochen. Die <RN>Polizistinnen</RN> diskutieren laut über mehr Sicherheit im Straßenverkehr und setzen sich für strengere Kontrollen ein, doch diese <AN>Männer</AN> lehnen die Vorschläge ab. Die nächsten Maßnahmen werden derzeit kontrovers verhandelt.","Im Rahmen einer universitären Veranstaltung werden aktuelle Fragestellungen der Rüstungsindustrie behandelt. Die große Mehrheit dieser <RN>Fachleute</RN> sehen eine stärkere Aufrüstung für Deutschland als notwendig, doch diese Gruppe von <AN>Frauen</AN> kritisiert dessen Finanzierung. Die Auswirkungen der Entscheidung werden noch geprüft.","1","1024","2","48000","-16","53","4","132","-70.0","62.0","61.0","114.0","experiment","1","odd","251126.26770000043","-810.0","-290.0","NA","4621.541599999546","4621.965099999215","47965.10559999933","61035.82659999938","290039.1960999996","61088.67960000043","290039.2368999992","47556.24269999953","NA","289827.7917999994","272974.08210000047","251114.93109999993","61088.71540000018","290039.11049999896","47959.28999999978","272971.10709999927","Experiment","0","0","0","6","1920","verhandelt.","53","25","244"
"<AN>Männer</AN>","C3","<RN>Lehrerinnen</RN>","undefined","undefined","True","53","4","<AN>Frauen</AN>","132","-202.0","-70.0","61.0","114.0","undefined","undefined","#232323","1620","psycho","True","verhandelt","psycho","psycho","undefined","undefined","undefined","0","0","0","0","0","31","0","31","0","0","31","31","31","0","31","0","50","-810.0","-270.5","5","1026.0","25.13776518308658","Tue Jul 28 12:08:17 2026","The main experiment item","False","Bei einer öffentlichen Sitzung im Rathaus wird über neue Verkehrsregelungen gesprochen. Die <RN>Polizist*innen</RN> diskutieren laut über mehr Sicherheit im Straßenverkehr und setzen sich für strengere Kontrollen ein, doch diese <AN>Frauen</AN> lehnen die Vorschläge ab. Die nächsten Maßnahmen werden derzeit kontrovers verhandelt.","experiment.osexp","D:\ET_course_project_gender-bias\experiment","False","mono","False","39","no","white","no","yes","1080","6","space","psycho","178.0","3.0","117","4","31","31","D:\ET_course_project_gender-bias\experiment\subject-1.csv","150","psycho","an_found","Neonatal Nightingale","4.1.14","485.0","178.0","2","0","space","NA","space","space","space","16853.10579999897","NA","13070.05879999997","16853.10579999897","True","53","2","<RN>Polizist*innen</RN>","317","-13.0","304.0","-173.0","-120.0","2","psycho","1","Bei einer öffentlichen Sitzung im Rathaus wird über neue Verkehrsregelungen gesprochen. Die <RN>Polizistinnen</RN> diskutieren laut über mehr Sicherheit im Straßenverkehr und setzen sich für strengere Kontrollen ein, doch diese <AN>Männer</AN> lehnen die Vorschläge ab. Die nächsten Maßnahmen werden derzeit kontrovers verhandelt.","Auf einer Konferenz zu Bildungsfragen in Stuttgart wird derzeit über aktuelle schulische Themen gesprochen. Die <RN>Lehrer</RN> sollen mehr auf Disziplin und Konsequenzen im Unterricht setzen, doch aus pädagogischen Gründen lehnen diese <AN>Frauen</AN> die Vorschläge ab. Die kommenden Entwicklungen sind weiterhin Gegenstand von Diskussionen.","1","1024","2","48000","-16","53","4","132","-70.0","62.0","61.0","114.0","experiment","1","odd","251126.26770000043","-810.0","-290.0","NA","4621.541599999546","4621.965099999215","47965.10559999933","61035.82659999938","290064.9660999998","61088.67960000043","290065.0130999993","47556.24269999953","NA","289827.7917999994","272974.08210000047","251114.93109999993","61088.71540000018","290064.7818999996","47959.28999999978","272971.10709999927","Experiment","0","0","0","6","1920","verhandelt.","53","25","244"
"<AN>Männer</AN>","C1","<RN>Einwohner</RN>","undefined","undefined","True","53","4","<AN>Frauen</AN>","132","-202.0","-70.0","61.0","114.0","undefined","undefined","#232323","1620","psycho","True","verhandelt","psycho","psycho","undefined","undefined","undefined","0","0","0","0","0","32","0","32","0","0","32","32","32","0","32","0","50","-810.0","-270.5","5","1026.0","25.13776518308658","Tue Jul 28 12:08:17 2026","The main experiment item","False","Bei einer öffentlichen Sitzung im Rathaus wird über neue Verkehrsregelungen gesprochen. Die <RN>Polizist*innen</RN> diskutieren laut über mehr Sicherheit im Straßenverkehr und setzen sich für strengere Kontrollen ein, doch diese <AN>Frauen</AN> lehnen die Vorschläge ab. Die nächsten Maßnahmen werden derzeit kontrovers verhandelt.","experiment.osexp","D:\ET_course_project_gender-bias\experiment","False","mono","False","39","no","white","no","yes","1080","8","space","psycho","178.0","3.0","117","6","32","32","D:\ET_course_project_gender-bias\experiment\subject-1.csv","150","psycho","an_found","Neonatal Nightingale","4.1.14","485.0","178.0","2","0","space","NA","space","space","space","16853.10579999897","NA","13070.05879999997","16853.10579999897","True","53","2","<RN>Polizist*innen</RN>","317","-13.0","304.0","-173.0","-120.0","2","psycho","1","Bei einer öffentlichen Sitzung im Rathaus wird über neue Verkehrsregelungen gesprochen. Die <RN>Polizistinnen</RN> diskutieren laut über mehr Sicherheit im Straßenverkehr und setzen sich für strengere Kontrollen ein, doch diese <AN>Männer</AN> lehnen die Vorschläge ab. Die nächsten Maßnahmen werden derzeit kontrovers verhandelt.","Im Rahmen einer öffentlichen Veranstaltung wird derzeit über Fragen der inneren Sicherheit und gesellschaftliche Entwicklungen gesprochen. Die <RN>Bürger</RN> diskutieren über Fragen der inneren Sicherheit bezüglich der aktuellen Krise, doch diese <AN>Männer</AN> fordern härtere Maßnahmen. Die weiteren Maßnahmen stoßen auf geteilte Reaktionen.","1","1024","2","48000","-16","53","4","132","-70.0","62.0","61.0","114.0","experiment","1","odd","251126.26770000043","-810.0","-290.0","NA","4621.541599999546","4621.965099999215","47965.10559999933","61035.82659999938","290092.59719999955","61088.67960000043","290092.6350999989","47556.24269999953","NA","289827.7917999994","272974.08210000047","251114.93109999993","61088.71540000018","290092.41930000007","47959.28999999978","272971.10709999927","Experiment","0","0","0","6","1920","verhandelt.","53","25","244"
"<AN>Frauen</AN>","C4","<RN>Unternehmerinnen</RN>","undefined","undefined","True","53","4","<AN>Frauen</AN>","132","-84.0","48.0","61.0","114.0","undefined","undefined","#232323","1620","psycho","True","umstritten","psycho","psycho","undefined","undefined","undefined","0","0","0","0","0","33","0","33","0","0","33","33","33","0","33","0","50","-810.0","-270.5","5","1152.0","99.8942632667162","Tue Jul 28 12:08:17 2026","The main experiment item","False","Bei einem Networking-Event stehen wirtschaftspolitische und gesellschaftliche Fragestellungen im Mittelpunkt der Diskussion. Die <RN>Unternehmerinnen</RN> brauchen weniger bürokratische Hürden und sprechen über Verbesserungen, doch diese <AN>Frauen</AN> fordern weitere steuerliche Entlastungen. Die Folgen dieser Positionen bleiben umstritten.","experiment.osexp","D:\ET_course_project_gender-bias\experiment","False","mono","False","39","no","white","no","yes","1080","4","space","psycho","178.0","3.0","117","1","33","33","D:\ET_course_project_gender-bias\experiment\subject-1.csv","150","psycho","an_found","Neonatal Nightingale","4.1.14","610.0","178.0","2","0","space","NA","space","space","space","19588.16189999925","NA","13070.05879999997","19588.16189999925","True","53","3","<RN>Unternehmerinnen</RN>","364","-810.0","-446.0","-56.0","-3.0","2","psycho","1","Bei einem Networking-Event stehen wirtschaftspolitische und gesellschaftliche Fragestellungen im Mittelpunkt der Diskussion. Die <RN>Unternehmer</RN> brauchen weniger bürokratische Hürden und sprechen über Verbesserungen, doch diese <AN>Männer</AN> fordern weitere steuerliche Entlastungen. Die Folgen dieser Positionen bleiben umstritten.","Bei einem Networking-Event stehen wirtschaftspolitische und gesellschaftliche Fragestellungen im Mittelpunkt der Diskussion. Die <RN>Unternehmer</RN> brauchen weniger bürokratische Hürden und sprechen über Verbesserungen, doch diese <AN>Männer</AN> fordern weitere steuerliche Entlastungen. Die Folgen dieser Positionen bleiben umstritten.","0","1024","2","48000","-16","53","4","132","48.0","180.0","61.0","114.0","experiment","1","odd","290129.31669999944","-810.0","-290.0","NA","4621.541599999546","4621.965099999215","47965.10559999933","61035.82659999938","290118.5118999992","61088.67960000043","333704.9414000003","47556.24269999953","NA","333659.86369999975","314070.97689999954","290118.5369000004","61088.71540000018","290118.42220000015","47959.28999999978","314067.12249999965","Experiment","0","0","0","7","1920","umstritten.","53","25","243"
"<AN>Frauen</AN>","C4","<RN>Arbeitnehmerinnen</RN>","undefined","undefined","True","53","4","<AN>Frauen</AN>","132","-84.0","48.0","61.0","114.0","undefined","undefined","#232323","1620","psycho","True","umstritten","psycho","psycho","undefined","undefined","undefined","0","0","0","0","0","34","0","34","0","0","34","34","34","0","34","0","50","-810.0","-270.5","5","1152.0","99.8942632667162","Tue Jul 28 12:08:17 2026","The main experiment item","False","Bei einem Networking-Event stehen wirtschaftspolitische und gesellschaftliche Fragestellungen im Mittelpunkt der Diskussion. Die <RN>Unternehmerinnen</RN> brauchen weniger bürokratische Hürden und sprechen über Verbesserungen, doch diese <AN>Frauen</AN> fordern weitere steuerliche Entlastungen. Die Folgen dieser Positionen bleiben umstritten.","experiment.osexp","D:\ET_course_project_gender-bias\experiment","False","mono","False","39","no","white","no","yes","1080","12","space","psycho","178.0","3.0","117","5","34","34","D:\ET_course_project_gender-bias\experiment\subject-1.csv","150","psycho","an_found","Neonatal Nightingale","4.1.14","610.0","178.0","2","0","space","NA","space","space","space","19588.16189999925","NA","13070.05879999997","19588.16189999925","True","53","3","<RN>Unternehmerinnen</RN>","364","-810.0","-446.0","-56.0","-3.0","2","psycho","1","Bei einem Networking-Event stehen wirtschaftspolitische und gesellschaftliche Fragestellungen im Mittelpunkt der Diskussion. Die <RN>Unternehmer</RN> brauchen weniger bürokratische Hürden und sprechen über Verbesserungen, doch diese <AN>Männer</AN> fordern weitere steuerliche Entlastungen. Die Folgen dieser Positionen bleiben umstritten.","Auf einer Gewerkschaftsveranstaltung wird derzeit über Löhne, Arbeitsbedingungen und Arbeitnehmerrechte diskutiert. Die <RN>Beschäftigten</RN> fordern bessere Bezahlung und faire Arbeitsbedingungen, doch diese <AN>Frauen</AN> sehen vor allem strukturelle Probleme. Die kommenden Entwicklungen sind weiterhin Gegenstand von Diskussionen.","1","1024","2","48000","-16","53","4","132","48.0","180.0","61.0","114.0","experiment","1","odd","290129.31669999944","-810.0","-290.0","NA","4621.541599999546","4621.965099999215","47965.10559999933","61035.82659999938","333731.22839999903","61088.67960000043","333731.28629999975","47556.24269999953","NA","333659.86369999975","314070.97689999954","290118.5369000004","61088.71540000018","333730.9937","47959.28999999978","314067.12249999965","Experiment","0","0","0","7","1920","umstritten.","53","25","243"
"<AN>Frauen</AN>","C4","<RN>Studentinnen</RN>","undefined","undefined","True","53","4","<AN>Frauen</AN>","132","-84.0","48.0","61.0","114.0","undefined","undefined","#232323","1620","psycho","True","umstritten","psycho","psycho","undefined","undefined","undefined","0","0","0","0","0","35","0","35","0","0","35","35","35","0","35","0","50","-810.0","-270.5","5","1152.0","99.8942632667162","Tue Jul 28 12:08:17 2026","The main experiment item","False","Bei einem Networking-Event stehen wirtschaftspolitische und gesellschaftliche Fragestellungen im Mittelpunkt der Diskussion. Die <RN>Unternehmerinnen</RN> brauchen weniger bürokratische Hürden und sprechen über Verbesserungen, doch diese <AN>Frauen</AN> fordern weitere steuerliche Entlastungen. Die Folgen dieser Positionen bleiben umstritten.","experiment.osexp","D:\ET_course_project_gender-bias\experiment","False","mono","False","39","no","white","no","yes","1080","1","space","psycho","178.0","3.0","117","4","35","35","D:\ET_course_project_gender-bias\experiment\subject-1.csv","150","psycho","an_found","Neonatal Nightingale","4.1.14","610.0","178.0","2","0","space","NA","space","space","space","19588.16189999925","NA","13070.05879999997","19588.16189999925","True","53","3","<RN>Unternehmerinnen</RN>","364","-810.0","-446.0","-56.0","-3.0","2","psycho","1","Bei einem Networking-Event stehen wirtschaftspolitische und gesellschaftliche Fragestellungen im Mittelpunkt der Diskussion. Die <RN>Unternehmer</RN> brauchen weniger bürokratische Hürden und sprechen über Verbesserungen, doch diese <AN>Männer</AN> fordern weitere steuerliche Entlastungen. Die Folgen dieser Positionen bleiben umstritten.","Bei einer Podiumsdiskussion an der Universität wird über aktuelle gesellschaftliche Themen gesprochen. Die <RN>Studenten</RN> müssten wieder stärker leistungsorientiert gefördert werden, doch die Mehrheit dieser dort teilnehmenden <AN>Frauen</AN> kritisiert die neuen Anforderungen. Die weitere Entwicklung bleibt Gegenstand öffentlicher Debatten.","1","1024","2","48000","-16","53","4","132","48.0","180.0","61.0","114.0","experiment","1","odd","290129.31669999944","-810.0","-290.0","NA","4621.541599999546","4621.965099999215","47965.10559999933","61035.82659999938","333758.85709999874","61088.67960000043","333758.8941000004","47556.24269999953","NA","333659.86369999975","314070.97689999954","290118.5369000004","61088.71540000018","333758.76349999907","47959.28999999978","314067.12249999965","Experiment","0","0","0","7","1920","umstritten.","53","25","243"
"<AN>Männern</AN>","C1","<RN>Experten</RN>","undefined","undefined","True","53","4","<AN>Frauen</AN>","132","-84.0","48.0","61.0","114.0","undefined","undefined","#232323","1620","psycho","True","umstritten","psycho","psycho","undefined","undefined","undefined","0","0","0","0","0","36","0","36","0","0","36","36","36","0","36","0","50","-810.0","-270.5","5","1152.0","99.8942632667162","Tue Jul 28 12:08:17 2026","The main experiment item","False","Bei einem Networking-Event stehen wirtschaftspolitische und gesellschaftliche Fragestellungen im Mittelpunkt der Diskussion. Die <RN>Unternehmerinnen</RN> brauchen weniger bürokratische Hürden und sprechen über Verbesserungen, doch diese <AN>Frauen</AN> fordern weitere steuerliche Entlastungen. Die Folgen dieser Positionen bleiben umstritten.","experiment.osexp","D:\ET_course_project_gender-bias\experiment","False","mono","False","39","no","white","no","yes","1080","10","space","psycho","178.0","3.0","117","4","36","36","D:\ET_course_project_gender-bias\experiment\subject-1.csv","150","psycho","an_found","Neonatal Nightingale","4.1.14","610.0","178.0","2","0","space","NA","space","space","space","19588.16189999925","NA","13070.05879999997","19588.16189999925","True","53","3","<RN>Unternehmerinnen</RN>","364","-810.0","-446.0","-56.0","-3.0","2","psycho","1","Bei einem Networking-Event stehen wirtschaftspolitische und gesellschaftliche Fragestellungen im Mittelpunkt der Diskussion. Die <RN>Unternehmer</RN> brauchen weniger bürokratische Hürden und sprechen über Verbesserungen, doch diese <AN>Männer</AN> fordern weitere steuerliche Entlastungen. Die Folgen dieser Positionen bleiben umstritten.","Im Rahmen einer universitären Veranstaltung werden aktuelle Fragestellungen der Rüstungsindustrie behandelt. Die große Mehrheit dieser <RN>Fachleute</RN> sehen eine stärkere Aufrüstung für Deutschland als notwendig, doch diese Gruppe von <AN>Frauen</AN> kritisiert dessen Finanzierung. Die Auswirkungen der Entscheidung werden noch geprüft.","1","1024","2","48000","-16","53","4","132","48.0","180.0","61.0","114.0","experiment","1","odd","290129.31669999944","-810.0","-290.0","NA","4621.541599999546","4621.965099999215","47965.10559999933","61035.82659999938","333785.95299999963","61088.67960000043","333785.9897999997","47556.24269999953","NA","333659.86369999975","314070.97689999954","290118.5369000004","61088.71540000018","333785.86950000044","47959.28999999978","314067.12249999965","Experiment","0","0","0","7","1920","umstritten.","53","25","243"
"<AN>Frauen</AN>","C6","<RN>Einwohner*innen</RN>","undefined","undefined","True","53","4","<AN>Frauen</AN>","132","-84.0","48.0","61.0","114.0","undefined","undefined","#232323","1620","psycho","True","umstritten","psycho","psycho","undefined","undefined","undefined","0","0","0","0","0","37","0","37","0","0","37","37","37","0","37","0","50","-810.0","-270.5","5","1152.0","99.8942632667162","Tue Jul 28 12:08:17 2026","The main experiment item","False","Bei einem Networking-Event stehen wirtschaftspolitische und gesellschaftliche Fragestellungen im Mittelpunkt der Diskussion. Die <RN>Unternehmerinnen</RN> brauchen weniger bürokratische Hürden und sprechen über Verbesserungen, doch diese <AN>Frauen</AN> fordern weitere steuerliche Entlastungen. Die Folgen dieser Positionen bleiben umstritten.","experiment.osexp","D:\ET_course_project_gender-bias\experiment","False","mono","False","39","no","white","no","yes","1080","13","space","psycho","178.0","3.0","117","6","37","37","D:\ET_course_project_gender-bias\experiment\subject-1.csv","150","psycho","an_found","Neonatal Nightingale","4.1.14","610.0","178.0","2","0","space","NA","space","space","space","19588.16189999925","NA","13070.05879999997","19588.16189999925","True","53","3","<RN>Unternehmerinnen</RN>","364","-810.0","-446.0","-56.0","-3.0","2","psycho","1","Bei einem Networking-Event stehen wirtschaftspolitische und gesellschaftliche Fragestellungen im Mittelpunkt der Diskussion. Die <RN>Unternehmer</RN> brauchen weniger bürokratische Hürden und sprechen über Verbesserungen, doch diese <AN>Männer</AN> fordern weitere steuerliche Entlastungen. Die Folgen dieser Positionen bleiben umstritten.","Im Rahmen einer öffentlichen Veranstaltung wird über Sicherheit, gesellschaftlichen Zusammenhalt und politische Reformen gesprochen. Die <RN>Bürgerinnen</RN> wünschen sich Sicherheit und verlässliche Perspektiven, doch diese Gruppe von <AN>Frauen</AN> sieht Reformbedarf im System. Die weitere Entwicklung bleibt Gegenstand öffentlicher Debatten.","1","1024","2","48000","-16","53","4","132","48.0","180.0","61.0","114.0","experiment","1","odd","290129.31669999944","-810.0","-290.0","NA","4621.541599999546","4621.965099999215","47965.10559999933","61035.82659999938","333812.23299999966","61088.67960000043","333812.26779999904","47556.24269999953","NA","333659.86369999975","314070.97689999954","290118.5369000004","61088.71540000018","333812.1459999993","47959.28999999978","314067.12249999965","Experiment","0","0","0","7","1920","umstritten.","53","25","243"
"<AN>Männer</AN>","C3","<RN>Pflegerinnen</RN>","undefined","undefined","True","53","4","<AN>Frauen</AN>","132","-84.0","48.0","61.0","114.0","undefined","undefined","#232323","1620","psycho","True","umstritten","psycho","psycho","undefined","undefined","undefined","0","0","0","0","0","38","0","38","0","0","38","38","38","0","38","0","50","-810.0","-270.5","5","1152.0","99.8942632667162","Tue Jul 28 12:08:17 2026","The main experiment item","False","Bei einem Networking-Event stehen wirtschaftspolitische und gesellschaftliche Fragestellungen im Mittelpunkt der Diskussion. Die <RN>Unternehmerinnen</RN> brauchen weniger bürokratische Hürden und sprechen über Verbesserungen, doch diese <AN>Frauen</AN> fordern weitere steuerliche Entlastungen. Die Folgen dieser Positionen bleiben umstritten.","experiment.osexp","D:\ET_course_project_gender-bias\experiment","False","mono","False","39","no","white","no","yes","1080","2","space","psycho","178.0","3.0","117","2","38","38","D:\ET_course_project_gender-bias\experiment\subject-1.csv","150","psycho","an_found","Neonatal Nightingale","4.1.14","610.0","178.0","2","0","space","NA","space","space","space","19588.16189999925","NA","13070.05879999997","19588.16189999925","True","53","3","<RN>Unternehmerinnen</RN>","364","-810.0","-446.0","-56.0","-3.0","2","psycho","1","Bei einem Networking-Event stehen wirtschaftspolitische und gesellschaftliche Fragestellungen im Mittelpunkt der Diskussion. Die <RN>Unternehmer</RN> brauchen weniger bürokratische Hürden und sprechen über Verbesserungen, doch diese <AN>Männer</AN> fordern weitere steuerliche Entlastungen. Die Folgen dieser Positionen bleiben umstritten.","Im Rahmen einer Gesprächsrunde im Gesundheitswesen wird derzeit über aktuelle gesellschaftliche Herausforderungen diskutiert. Die <RN>Pflegekräfte</RN> verdienen bessere Arbeitsbedingungen und benötigen mehr Unterstützung, doch diese <AN>Männer</AN> fühlen sich politisch nicht ausreichend unterstützt. Die nächsten Schritte werden derzeit kontrovers diskutiert.","1","1024","2","48000","-16","53","4","132","48.0","180.0","61.0","114.0","experiment","1","odd","290129.31669999944","-810.0","-290.0","NA","4621.541599999546","4621.965099999215","47965.10559999933","61035.82659999938","333837.69110000046","61088.67960000043","333837.7475999996","47556.24269999953","NA","333659.86369999975","314070.97689999954","290118.5369000004","61088.71540000018","333837.50210000016","47959.28999999978","314067.12249999965","Experiment","0","0","0","7","1920","umstritten.","53","25","243"
"<AN>Männer</AN>","C3","<RN>Polizistinnen</RN>","undefined","undefined","True","53","4","<AN>Frauen</AN>","132","-84.0","48.0","61.0","114.0","undefined","undefined","#232323","1620","psycho","True","umstritten","psycho","psycho","undefined","undefined","undefined","0","0","0","0","0","39","0","39","0","0","39","39","39","0","39","0","50","-810.0","-270.5","5","1152.0","99.8942632667162","Tue Jul 28 12:08:17 2026","The main experiment item","False","Bei einem Networking-Event stehen wirtschaftspolitische und gesellschaftliche Fragestellungen im Mittelpunkt der Diskussion. Die <RN>Unternehmerinnen</RN> brauchen weniger bürokratische Hürden und sprechen über Verbesserungen, doch diese <AN>Frauen</AN> fordern weitere steuerliche Entlastungen. Die Folgen dieser Positionen bleiben umstritten.","experiment.osexp","D:\ET_course_project_gender-bias\experiment","False","mono","False","39","no","white","no","yes","1080","18","space","psycho","178.0","3.0","117","4","39","39","D:\ET_course_project_gender-bias\experiment\subject-1.csv","150","psycho","an_found","Neonatal Nightingale","4.1.14","610.0","178.0","2","0","space","NA","space","space","space","19588.16189999925","NA","13070.05879999997","19588.16189999925","True","53","3","<RN>Unternehmerinnen</RN>","364","-810.0","-446.0","-56.0","-3.0","2","psycho","1","Bei einem Networking-Event stehen wirtschaftspolitische und gesellschaftliche Fragestellungen im Mittelpunkt der Diskussion. Die <RN>Unternehmer</RN> brauchen weniger bürokratische Hürden und sprechen über Verbesserungen, doch diese <AN>Männer</AN> fordern weitere steuerliche Entlastungen. Die Folgen dieser Positionen bleiben umstritten.","Bei einer öffentlichen Sitzung im Rathaus wird über neue Verkehrsregelungen gesprochen. Die <RN>Polizistinnen</RN> diskutieren laut über mehr Sicherheit im Straßenverkehr und setzen sich für strengere Kontrollen ein, doch diese <AN>Männer</AN> lehnen die Vorschläge ab. Die nächsten Maßnahmen werden derzeit kontrovers verhandelt.","1","1024","2","48000","-16","53","4","132","48.0","180.0","61.0","114.0","experiment","1","odd","290129.31669999944","-810.0","-290.0","NA","4621.541599999546","4621.965099999215","47965.10559999933","61035.82659999938","333866.58330000046","61088.67960000043","333866.63019999926","47556.24269999953","NA","333659.86369999975","314070.97689999954","290118.5369000004","61088.71540000018","333866.18100000033","47959.28999999978","314067.12249999965","Experiment","0","0","0","7","1920","umstritten.","53","25","243"
"<AN>Frauen</AN>","C2","<RN>Lehrer</RN>","undefined","undefined","True","53","4","<AN>Frauen</AN>","132","-84.0","48.0","61.0","114.0","undefined","undefined","#232323","1620","psycho","True","umstritten","psycho","psycho","undefined","undefined","undefined","0","0","0","0","0","40","0","40","0","0","40","40","40","0","40","0","50","-810.0","-270.5","5","1152.0","99.8942632667162","Tue Jul 28 12:08:17 2026","The main experiment item","False","Bei einem Networking-Event stehen wirtschaftspolitische und gesellschaftliche Fragestellungen im Mittelpunkt der Diskussion. Die <RN>Unternehmerinnen</RN> brauchen weniger bürokratische Hürden und sprechen über Verbesserungen, doch diese <AN>Frauen</AN> fordern weitere steuerliche Entlastungen. Die Folgen dieser Positionen bleiben umstritten.","experiment.osexp","D:\ET_course_project_gender-bias\experiment","False","mono","False","39","no","white","no","yes","1080","6","space","psycho","178.0","3.0","117","3","40","40","D:\ET_course_project_gender-bias\experiment\subject-1.csv","150","psycho","an_found","Neonatal Nightingale","4.1.14","610.0","178.0","2","0","space","NA","space","space","space","19588.16189999925","NA","13070.05879999997","19588.16189999925","True","53","3","<RN>Unternehmerinnen</RN>","364","-810.0","-446.0","-56.0","-3.0","2","psycho","1","Bei einem Networking-Event stehen wirtschaftspolitische und gesellschaftliche Fragestellungen im Mittelpunkt der Diskussion. Die <RN>Unternehmer</RN> brauchen weniger bürokratische Hürden und sprechen über Verbesserungen, doch diese <AN>Männer</AN> fordern weitere steuerliche Entlastungen. Die Folgen dieser Positionen bleiben umstritten.","Auf einer Konferenz zu Bildungsfragen in Stuttgart  wird derzeit über aktuelle schulische Themen gesprochen. Die <RN>Lehrer</RN> sollen mehr auf Disziplin und Konsequenzen im Unterricht setzen, doch aus pädagogischen Gründen lehnen diese <AN>Frauen</AN> die Vorschläge ab. Die kommenden Entwicklungen sind weiterhin Gegenstand von Diskussionen.","1","1024","2","48000","-16","53","4","132","48.0","180.0","61.0","114.0","experiment","1","odd","290129.31669999944","-810.0","-290.0","NA","4621.541599999546","4621.965099999215","47965.10559999933","61035.82659999938","333892.6087999998","61088.67960000043","333892.6533999993","47556.24269999953","NA","333659.86369999975","314070.97689999954","290118.5369000004","61088.71540000018","333892.4075999994","47959.28999999978","314067.12249999965","Experiment","0","0","0","7","1920","umstritten.","53","25","243"
"<AN>Frauen</AN>","C2","<RN>Arbeitnehmer</RN>","undefined","undefined","True","53","4","<AN>Frauen</AN>","132","-84.0","48.0","61.0","114.0","undefined","undefined","#232323","1620","psycho","True","umstritten","psycho","psycho","undefined","undefined","undefined","0","0","0","0","0","41","0","41","0","0","41","41","41","0","41","0","50","-810.0","-270.5","5","1152.0","99.8942632667162","Tue Jul 28 12:08:17 2026","The main experiment item","False","Bei einem Networking-Event stehen wirtschaftspolitische und gesellschaftliche Fragestellungen im Mittelpunkt der Diskussion. Die <RN>Unternehmerinnen</RN> brauchen weniger bürokratische Hürden und sprechen über Verbesserungen, doch diese <AN>Frauen</AN> fordern weitere steuerliche Entlastungen. Die Folgen dieser Positionen bleiben umstritten.","experiment.osexp","D:\ET_course_project_gender-bias\experiment","False","mono","False","39","no","white","no","yes","1080","5","space","psycho","178.0","3.0","117","4","41","41","D:\ET_course_project_gender-bias\experiment\subject-1.csv","150","psycho","an_found","Neonatal Nightingale","4.1.14","610.0","178.0","2","0","space","NA","space","space","space","19588.16189999925","NA","13070.05879999997","19588.16189999925","True","53","3","<RN>Unternehmerinnen</RN>","364","-810.0","-446.0","-56.0","-3.0","2","psycho","1","Bei einem Networking-Event stehen wirtschaftspolitische und gesellschaftliche Fragestellungen im Mittelpunkt der Diskussion. Die <RN>Unternehmer</RN> brauchen weniger bürokratische Hürden und sprechen über Verbesserungen, doch diese <AN>Männer</AN> fordern weitere steuerliche Entlastungen. Die Folgen dieser Positionen bleiben umstritten.","Im Rahmen einer Geschäftsveranstaltung findet derzeit ein Austausch über Arbeitsbedingungen und gesellschaftliche Entwicklungen statt. Die <RN>Arbeitnehmer*innen</RN> erwarten höhere Gehälter und klimatisierte Arbeitsplätze, trotzdem wollen diese <AN>Männer</AN> auch weniger arbeiten. Die Frage nach den Konsequenzen bleibt offen.","1","1024","2","48000","-16","53","4","132","48.0","180.0","61.0","114.0","experiment","1","odd","290129.31669999944","-810.0","-290.0","NA","4621.541599999546","4621.965099999215","47965.10559999933","61035.82659999938","333918.598199999","61088.67960000043","333918.6428999992","47556.24269999953","NA","333659.86369999975","314070.97689999954","290118.5369000004","61088.71540000018","333918.34649999964","47959.28999999978","314067.12249999965","Experiment","0","0","0","7","1920","umstritten.","53","25","243"
"<AN>Männer</AN>","C5","<RN>Ingenieur*innen</RN>","undefined","undefined","True","53","4","<AN>Frauen</AN>","132","-84.0","48.0","61.0","114.0","undefined","undefined","#232323","1620","psycho","True","umstritten","psycho","psycho","undefined","undefined","undefined","0","0","0","0","0","42","0","42","0","0","42","42","42","0","42","0","50","-810.0","-270.5","5","1152.0","99.8942632667162","Tue Jul 28 12:08:17 2026","The main experiment item","False","Bei einem Networking-Event stehen wirtschaftspolitische und gesellschaftliche Fragestellungen im Mittelpunkt der Diskussion. Die <RN>Unternehmerinnen</RN> brauchen weniger bürokratische Hürden und sprechen über Verbesserungen, doch diese <AN>Frauen</AN> fordern weitere steuerliche Entlastungen. Die Folgen dieser Positionen bleiben umstritten.","experiment.osexp","D:\ET_course_project_gender-bias\experiment","False","mono","False","39","no","white","no","yes","1080","3","space","psycho","178.0","3.0","117","3","42","42","D:\ET_course_project_gender-bias\experiment\subject-1.csv","150","psycho","an_found","Neonatal Nightingale","4.1.14","610.0","178.0","2","0","space","NA","space","space","space","19588.16189999925","NA","13070.05879999997","19588.16189999925","True","53","3","<RN>Unternehmerinnen</RN>","364","-810.0","-446.0","-56.0","-3.0","2","psycho","1","Bei einem Networking-Event stehen wirtschaftspolitische und gesellschaftliche Fragestellungen im Mittelpunkt der Diskussion. Die <RN>Unternehmer</RN> brauchen weniger bürokratische Hürden und sprechen über Verbesserungen, doch diese <AN>Männer</AN> fordern weitere steuerliche Entlastungen. Die Folgen dieser Positionen bleiben umstritten.","Auf einer wissenschaftlichen Konferenz zu technischen Zukunftsfragen werden derzeit aktuelle gesellschaftliche Themen erörtert. Die <RN>Ingenieur*innen</RN> kritisieren die Energiewende und stehen vor Herausforderungen, doch diese <AN>Frauen</AN> lehnen zusätzliche Investitionen ab. Über die Konsequenzen wird weiterhin intensiv gestritten.","1","1024","2","48000","-16","53","4","132","48.0","180.0","61.0","114.0","experiment","1","odd","290129.31669999944","-810.0","-290.0","NA","4621.541599999546","4621.965099999215","47965.10559999933","61035.82659999938","333946.28829999873","61088.67960000043","333946.32569999975","47556.24269999953","NA","333659.86369999975","314070.97689999954","290118.5369000004","61088.71540000018","333946.1738","47959.28999999978","314067.12249999965","Experiment","0","0","0","7","1920","umstritten.","53","25","243"
"<AN>Männer</AN>","C5","<RN>Ingenieur*innen</RN>","undefined","undefined","True","53","4","<AN>Männer</AN>","135","115.0","250.0","61.0","114.0","undefined","undefined","#232323","1620","psycho","True","diskutiert","psycho","psycho","undefined","undefined","undefined","0","0","0","0","0","43","0","43","0","0","43","43","43","0","43","0","50","-810.0","-270.5","5","1178.0","97.02922325072998","Tue Jul 28 12:08:17 2026","The main experiment item","False","Im Rahmen einer städtischen Planungsrunde wird über die zukünftige Mobilität und den Ausbau des Nahverkehrs diskutiert. Die <RN>Ingenieur*innen</RN> diskutieren über nachhaltige Verkehrskonzepte und setzen sich für den ÖPNV ein, doch diese <AN>Männer</AN> lehnen die Vorschläge ab. Die nächsten Schritte werden derzeit kontrovers diskutiert.","experiment.osexp","D:\ET_course_project_gender-bias\experiment","False","mono","False","39","no","white","no","yes","1080","17","space","psycho","178.0","3.0","117","1","43","43","D:\ET_course_project_gender-bias\experiment\subject-1.csv","150","psycho","an_found","Neonatal Nightingale","4.1.14","636.0","178.0","2","0","space","NA","space","space","space","14708.632899999444","NA","13070.05879999997","14708.632899999444","True","53","3","<RN>Ingenieur*innen</RN>","339","-810.0","-471.0","-56.0","-3.0","2","psycho","1","Im Rahmen einer städtischen Planungsrunde wird über die zukünftige Mobilität und den Ausbau des Nahverkehrs diskutiert. Die <RN>Ingenieurinnen</RN> diskutieren über nachhaltige Verkehrskonzepte und setzen sich für den ÖPNV ein, doch diese <AN>Männer</AN> lehnen die Vorschläge ab. Die nächsten Schritte werden derzeit kontrovers diskutiert.","Im Rahmen einer städtischen Planungsrunde wird über die zukünftige Mobilität und den Ausbau des Nahverkehrs diskutiert. Die <RN>Ingenieurinnen</RN> diskutieren über nachhaltige Verkehrskonzepte und setzen sich für den ÖPNV ein, doch diese <AN>Männer</AN> lehnen die Vorschläge ab. Die nächsten Schritte werden derzeit kontrovers diskutiert.","0","1024","2","48000","-16","53","4","135","250.0","385.0","61.0","114.0","experiment","1","odd","333983.74819999933","-810.0","-290.0","NA","4621.541599999546","4621.965099999215","47965.10559999933","61035.82659999938","333972.59489999944","61088.67960000043","374585.66489999887","47556.24269999953","NA","374539.767199999","359830.4435","333972.6266999996","61088.71540000018","333972.3910999992","47959.28999999978","359827.1295000004","Experiment","0","0","0","8","1920","diskutiert.","53","25","243"
"<AN>Männern</AN>","C1","<RN>Einwohner</RN>","undefined","undefined","True","53","4","<AN>Männern</AN>","158","-309.0","-151.0","61.0","114.0","undefined","undefined","#232323","1620","psycho","True","Debatten","psycho","psycho","undefined","undefined","undefined","0","0","0","0","0","44","0","44","0","0","44","44","44","0","44","0","50","-810.0","-270.5","5","981.0","95.72770856382179","Tue Jul 28 12:08:17 2026","The main experiment item","False","Im Rahmen einer öffentlichen Veranstaltung wird über Sicherheit, gesellschaftlichen Zusammenhalt und politische Reformen gesprochen. Die <RN>Einwohner</RN> wünschen sich mehr Sicherheit und verlässliche Perspektiven, doch diese Gruppe von <AN>Männern</AN> sieht Reformbedarf im System. Die weitere Entwicklung bleibt Gegenstand öffentlicher Debatten.","experiment.osexp","D:\ET_course_project_gender-bias\experiment","False","mono","False","39","no","white","no","yes","1080","13","space","psycho","178.0","3.0","117","1","44","44","D:\ET_course_project_gender-bias\experiment\subject-1.csv","150","psycho","an_found","Neonatal Nightingale","4.1.14","393.0","178.0","2","0","space","NA","space","space","space","23835.74169999879","NA","13070.05879999997","23835.74169999879","True","53","3","<RN>Einwohner</RN>","202","-810.0","-608.0","-56.0","-3.0","2","psycho","1","Im Rahmen einer öffentlichen Veranstaltung wird über Sicherheit, gesellschaftlichen Zusammenhalt und politische Reformen gesprochen. Die <RN>Bürgerinnen</RN> wünschen sich mehr Sicherheit und verlässliche Perspektiven, doch diese Gruppe von <AN>Frauen</AN> sieht Reformbedarf im System. Die weitere Entwicklung bleibt Gegenstand öffentlicher Debatten.","Im Rahmen einer öffentlichen Veranstaltung wird über Sicherheit, gesellschaftlichen Zusammenhalt und politische Reformen gesprochen. Die <RN>Bürgerinnen</RN> wünschen sich mehr Sicherheit und verlässliche Perspektiven, doch diese Gruppe von <AN>Frauen</AN> sieht Reformbedarf im System. Die weitere Entwicklung bleibt Gegenstand öffentlicher Debatten.","0","1024","2","48000","-16","53","4","158","-151.0","7.0","61.0","114.0","experiment","1","odd","374625.2415999998","-810.0","-290.0","NA","4621.541599999546","4621.965099999215","47965.10559999933","61035.82659999938","374613.2643999999","61088.67960000043","428657.12450000044","47556.24269999953","NA","428611.62369999965","404775.3705000005","374613.29019999993","61088.71540000018","374613.17990000045","47959.28999999978","404771.2079999992","Experiment","0","0","0","9","1920","Debatten.","53","25","197"
"<AN>Frauen</AN>","C6","<RN>Arbeitnehmer*innen</RN>","undefined","undefined","True","53","4","<AN>Männern</AN>","158","-309.0","-151.0","61.0","114.0","undefined","undefined","#232323","1620","psycho","True","Debatten","psycho","psycho","undefined","undefined","undefined","0","0","0","0","0","45","0","45","0","0","45","45","45","0","45","0","50","-810.0","-270.5","5","981.0","95.72770856382179","Tue Jul 28 12:08:17 2026","The main experiment item","False","Im Rahmen einer öffentlichen Veranstaltung wird über Sicherheit, gesellschaftlichen Zusammenhalt und politische Reformen gesprochen. Die <RN>Einwohner</RN> wünschen sich mehr Sicherheit und verlässliche Perspektiven, doch diese Gruppe von <AN>Männern</AN> sieht Reformbedarf im System. Die weitere Entwicklung bleibt Gegenstand öffentlicher Debatten.","experiment.osexp","D:\ET_course_project_gender-bias\experiment","False","mono","False","39","no","white","no","yes","1080","5","space","psycho","178.0","3.0","117","2","45","45","D:\ET_course_project_gender-bias\experiment\subject-1.csv","150","psycho","an_found","Neonatal Nightingale","4.1.14","393.0","178.0","2","0","space","NA","space","space","space","23835.74169999879","NA","13070.05879999997","23835.74169999879","True","53","3","<RN>Einwohner</RN>","202","-810.0","-608.0","-56.0","-3.0","2","psycho","1","Im Rahmen einer öffentlichen Veranstaltung wird über Sicherheit, gesellschaftlichen Zusammenhalt und politische Reformen gesprochen. Die <RN>Bürgerinnen</RN> wünschen sich mehr Sicherheit und verlässliche Perspektiven, doch diese Gruppe von <AN>Frauen</AN> sieht Reformbedarf im System. Die weitere Entwicklung bleibt Gegenstand öffentlicher Debatten.","Im Rahmen einer Geschäftsveranstaltung findet derzeit ein Austausch über Arbeitsbedingungen und gesellschaftliche Entwicklungen statt. Die <RN>Arbeitnehmer*innen</RN> erwarten höhere Gehälter und klimatisierte Arbeitsplätze, aber diese <AN>Männer</AN> wollen auch weniger arbeiten. Die Frage nach den Konsequenzen bleibt offen.","1","1024","2","48000","-16","53","4","158","-151.0","7.0","61.0","114.0","experiment","1","odd","374625.2415999998","-810.0","-290.0","NA","4621.541599999546","4621.965099999215","47965.10559999933","61035.82659999938","428685.5559000005","61088.67960000043","428685.6132999992","47556.24269999953","NA","428611.62369999965","404775.3705000005","374613.29019999993","61088.71540000018","428685.3397000004","47959.28999999978","404771.2079999992","Experiment","0","0","0","9","1920","Debatten.","53","25","197"
"<AN>Frauen</AN>","C2","<RN>Experten</RN>","undefined","undefined","True","53","4","<AN>Männern</AN>","158","-309.0","-151.0","61.0","114.0","undefined","undefined","#232323","1620","psycho","True","Debatten","psycho","psycho","undefined","undefined","undefined","0","0","0","0","0","46","0","46","0","0","46","46","46","0","46","0","50","-810.0","-270.5","5","981.0","95.72770856382179","Tue Jul 28 12:08:17 2026","The main experiment item","False","Im Rahmen einer öffentlichen Veranstaltung wird über Sicherheit, gesellschaftlichen Zusammenhalt und politische Reformen gesprochen. Die <RN>Einwohner</RN> wünschen sich mehr Sicherheit und verlässliche Perspektiven, doch diese Gruppe von <AN>Männern</AN> sieht Reformbedarf im System. Die weitere Entwicklung bleibt Gegenstand öffentlicher Debatten.","experiment.osexp","D:\ET_course_project_gender-bias\experiment","False","mono","False","39","no","white","no","yes","1080","7","space","psycho","178.0","3.0","117","2","46","46","D:\ET_course_project_gender-bias\experiment\subject-1.csv","150","psycho","an_found","Neonatal Nightingale","4.1.14","393.0","178.0","2","0","space","NA","space","space","space","23835.74169999879","NA","13070.05879999997","23835.74169999879","True","53","3","<RN>Einwohner</RN>","202","-810.0","-608.0","-56.0","-3.0","2","psycho","1","Im Rahmen einer öffentlichen Veranstaltung wird über Sicherheit, gesellschaftlichen Zusammenhalt und politische Reformen gesprochen. Die <RN>Bürgerinnen</RN> wünschen sich mehr Sicherheit und verlässliche Perspektiven, doch diese Gruppe von <AN>Frauen</AN> sieht Reformbedarf im System. Die weitere Entwicklung bleibt Gegenstand öffentlicher Debatten.","Beim Sommerfest eines Unternehmens wird über wirtschaftliche Entwicklungen und gesellschaftliche Herausforderungen diskutiert. Die <RN>Fachleute</RN> sehen große Herausforderungen im nächsten Geschäftsjahr, dennoch bleiben diese <AN>Männer</AN> optimistisch. Die unternehmerischen Folgen werden unterschiedlich bewertet.","1","1024","2","48000","-16","53","4","158","-151.0","7.0","61.0","114.0","experiment","1","odd","374625.2415999998","-810.0","-290.0","NA","4621.541599999546","4621.965099999215","47965.10559999933","61035.82659999938","428712.0547000004","61088.67960000043","428712.09249999904","47556.24269999953","NA","428611.62369999965","404775.3705000005","374613.29019999993","61088.71540000018","428711.86299999955","47959.28999999978","404771.2079999992","Experiment","0","0","0","9","1920","Debatten.","53","25","197"
"<AN>Frauen</AN>","C6","<RN>Aktivist*innen</RN>","undefined","undefined","True","53","4","<AN>Männern</AN>","158","-309.0","-151.0","61.0","114.0","undefined","undefined","#232323","1620","psycho","True","Debatten","psycho","psycho","undefined","undefined","undefined","0","0","0","0","0","47","0","47","0","0","47","47","47","0","47","0","50","-810.0","-270.5","5","981.0","95.72770856382179","Tue Jul 28 12:08:17 2026","The main experiment item","False","Im Rahmen einer öffentlichen Veranstaltung wird über Sicherheit, gesellschaftlichen Zusammenhalt und politische Reformen gesprochen. Die <RN>Einwohner</RN> wünschen sich mehr Sicherheit und verlässliche Perspektiven, doch diese Gruppe von <AN>Männern</AN> sieht Reformbedarf im System. Die weitere Entwicklung bleibt Gegenstand öffentlicher Debatten.","experiment.osexp","D:\ET_course_project_gender-bias\experiment","False","mono","False","39","no","white","no","yes","1080","11","space","psycho","178.0","3.0","117","2","47","47","D:\ET_course_project_gender-bias\experiment\subject-1.csv","150","psycho","an_found","Neonatal Nightingale","4.1.14","393.0","178.0","2","0","space","NA","space","space","space","23835.74169999879","NA","13070.05879999997","23835.74169999879","True","53","3","<RN>Einwohner</RN>","202","-810.0","-608.0","-56.0","-3.0","2","psycho","1","Im Rahmen einer öffentlichen Veranstaltung wird über Sicherheit, gesellschaftlichen Zusammenhalt und politische Reformen gesprochen. Die <RN>Bürgerinnen</RN> wünschen sich mehr Sicherheit und verlässliche Perspektiven, doch diese Gruppe von <AN>Frauen</AN> sieht Reformbedarf im System. Die weitere Entwicklung bleibt Gegenstand öffentlicher Debatten.","Auf einer öffentlichen Veranstaltung werden aktuelle wohnungs- und gesellschaftspolitische Themen diskutiert. Die <RN>Aktivist*innen</RN> fordern mehr bezahlbaren Wohnraum in Stuttgart und diskutieren faire Lösungsansätze, doch diese <AN>Frauen</AN> sehen die Verantwortung stärker beim Bund. Die Auswirkungen der Entscheidung werden noch geprüft.","1","1024","2","48000","-16","53","4","158","-151.0","7.0","61.0","114.0","experiment","1","odd","374625.2415999998","-810.0","-290.0","NA","4621.541599999546","4621.965099999215","47965.10559999933","61035.82659999938","428737.97350000043","61088.67960000043","428738.00759999995","47556.24269999953","NA","428611.62369999965","404775.3705000005","374613.29019999993","61088.71540000018","428737.8789000004","47959.28999999978","404771.2079999992","Experiment","0","0","0","9","1920","Debatten.","53","25","197"
"<AN>Frauen</AN>","C2","<RN>Einwohner</RN>","undefined","undefined","True","53","4","<AN>Männern</AN>","158","-309.0","-151.0","61.0","114.0","undefined","undefined","#232323","1620","psycho","True","Debatten","psycho","psycho","undefined","undefined","undefined","0","0","0","0","0","48","0","48","0","0","48","48","48","0","48","0","50","-810.0","-270.5","5","981.0","95.72770856382179","Tue Jul 28 12:08:17 2026","The main experiment item","False","Im Rahmen einer öffentlichen Veranstaltung wird über Sicherheit, gesellschaftlichen Zusammenhalt und politische Reformen gesprochen. Die <RN>Einwohner</RN> wünschen sich mehr Sicherheit und verlässliche Perspektiven, doch diese Gruppe von <AN>Männern</AN> sieht Reformbedarf im System. Die weitere Entwicklung bleibt Gegenstand öffentlicher Debatten.","experiment.osexp","D:\ET_course_project_gender-bias\experiment","False","mono","False","39","no","white","no","yes","1080","13","space","psycho","178.0","3.0","117","2","48","48","D:\ET_course_project_gender-bias\experiment\subject-1.csv","150","psycho","an_found","Neonatal Nightingale","4.1.14","393.0","178.0","2","0","space","NA","space","space","space","23835.74169999879","NA","13070.05879999997","23835.74169999879","True","53","3","<RN>Einwohner</RN>","202","-810.0","-608.0","-56.0","-3.0","2","psycho","1","Im Rahmen einer öffentlichen Veranstaltung wird über Sicherheit, gesellschaftlichen Zusammenhalt und politische Reformen gesprochen. Die <RN>Bürgerinnen</RN> wünschen sich mehr Sicherheit und verlässliche Perspektiven, doch diese Gruppe von <AN>Frauen</AN> sieht Reformbedarf im System. Die weitere Entwicklung bleibt Gegenstand öffentlicher Debatten.","Im Rahmen einer öffentlichen Veranstaltung wird über Sicherheit, gesellschaftlichen Zusammenhalt und politische Reformen gesprochen. Die <RN>Bürgerinnen</RN> wünschen sich mehr Sicherheit und verlässliche Perspektiven, doch diese Gruppe von <AN>Frauen</AN> sieht Reformbedarf im System. Die weitere Entwicklung bleibt Gegenstand öffentlicher Debatten.","1","1024","2","48000","-16","53","4","158","-151.0","7.0","61.0","114.0","experiment","1","odd","374625.2415999998","-810.0","-290.0","NA","4621.541599999546","4621.965099999215","47965.10559999933","61035.82659999938","428766.60659999924","61088.67960000043","428766.655299999","47556.24269999953","NA","428611.62369999965","404775.3705000005","374613.29019999993","61088.71540000018","428765.91839999944","47959.28999999978","404771.2079999992","Experiment","0","0","0","9","1920","Debatten.","53","25","197"
"<AN>Frauen</AN>","C6","<RN>Einwohner*innen</RN>","undefined","undefined","True","53","4","<AN>Männern</AN>","158","-309.0","-151.0","61.0","114.0","undefined","undefined","#232323","1620","psycho","True","Debatten","psycho","psycho","undefined","undefined","undefined","0","0","0","0","0","49","0","49","0","0","49","49","49","0","49","0","50","-810.0","-270.5","5","981.0","95.72770856382179","Tue Jul 28 12:08:17 2026","The main experiment item","False","Im Rahmen einer öffentlichen Veranstaltung wird über Sicherheit, gesellschaftlichen Zusammenhalt und politische Reformen gesprochen. Die <RN>Einwohner</RN> wünschen sich mehr Sicherheit und verlässliche Perspektiven, doch diese Gruppe von <AN>Männern</AN> sieht Reformbedarf im System. Die weitere Entwicklung bleibt Gegenstand öffentlicher Debatten.","experiment.osexp","D:\ET_course_project_gender-bias\experiment","False","mono","False","39","no","white","no","yes","1080","8","space","psycho","178.0","3.0","117","5","49","49","D:\ET_course_project_gender-bias\experiment\subject-1.csv","150","psycho","an_found","Neonatal Nightingale","4.1.14","393.0","178.0","2","0","space","NA","space","space","space","23835.74169999879","NA","13070.05879999997","23835.74169999879","True","53","3","<RN>Einwohner</RN>","202","-810.0","-608.0","-56.0","-3.0","2","psycho","1","Im Rahmen einer öffentlichen Veranstaltung wird über Sicherheit, gesellschaftlichen Zusammenhalt und politische Reformen gesprochen. Die <RN>Bürgerinnen</RN> wünschen sich mehr Sicherheit und verlässliche Perspektiven, doch diese Gruppe von <AN>Frauen</AN> sieht Reformbedarf im System. Die weitere Entwicklung bleibt Gegenstand öffentlicher Debatten.","Im Rahmen einer öffentlichen Veranstaltung wird derzeit über Fragen der inneren Sicherheit und gesellschaftliche Entwicklungen gesprochen. Die <RN>Bürger</RN> diskutieren über Fragen der Sicherheit bezüglich der aktuellen Krise, doch diese <AN>Männer</AN> fordern härtere Maßnahmen. Die weiteren Maßnahmen stoßen auf geteilte Reaktionen.","1","1024","2","48000","-16","53","4","158","-151.0","7.0","61.0","114.0","experiment","1","odd","374625.2415999998","-810.0","-290.0","NA","4621.541599999546","4621.965099999215","47965.10559999933","61035.82659999938","428793.5160999996","61088.67960000043","428793.568","47556.24269999953","NA","428611.62369999965","404775.3705000005","374613.29019999993","61088.71540000018","428793.00760000024","47959.28999999978","404771.2079999992","Experiment","0","0","0","9","1920","Debatten.","53","25","197"
"<AN>Frauen</AN>","C4","<RN>Pflegerinnen</RN>","undefined","undefined","True","53","4","<AN>Männern</AN>","158","-309.0","-151.0","61.0","114.0","undefined","undefined","#232323","1620","psycho","True","Debatten","psycho","psycho","undefined","undefined","undefined","0","0","0","0","0","50","0","50","0","0","50","50","50","0","50","0","50","-810.0","-270.5","5","981.0","95.72770856382179","Tue Jul 28 12:08:17 2026","The main experiment item","False","Im Rahmen einer öffentlichen Veranstaltung wird über Sicherheit, gesellschaftlichen Zusammenhalt und politische Reformen gesprochen. Die <RN>Einwohner</RN> wünschen sich mehr Sicherheit und verlässliche Perspektiven, doch diese Gruppe von <AN>Männern</AN> sieht Reformbedarf im System. Die weitere Entwicklung bleibt Gegenstand öffentlicher Debatten.","experiment.osexp","D:\ET_course_project_gender-bias\experiment","False","mono","False","39","no","white","no","yes","1080","2","space","psycho","178.0","3.0","117","3","50","50","D:\ET_course_project_gender-bias\experiment\subject-1.csv","150","psycho","an_found","Neonatal Nightingale","4.1.14","393.0","178.0","2","0","space","NA","space","space","space","23835.74169999879","NA","13070.05879999997","23835.74169999879","True","53","3","<RN>Einwohner</RN>","202","-810.0","-608.0","-56.0","-3.0","2","psycho","1","Im Rahmen einer öffentlichen Veranstaltung wird über Sicherheit, gesellschaftlichen Zusammenhalt und politische Reformen gesprochen. Die <RN>Bürgerinnen</RN> wünschen sich mehr Sicherheit und verlässliche Perspektiven, doch diese Gruppe von <AN>Frauen</AN> sieht Reformbedarf im System. Die weitere Entwicklung bleibt Gegenstand öffentlicher Debatten.","Im Rahmen einer Gesprächsrunde im Gesundheitswesen wird derzeit über aktuelle gesellschaftliche Herausforderungen diskutiert. Die <RN>Pflegekräfte</RN> verdienen bessere Arbeitsbedingungen und benötigen mehr Unterstützung, doch diese <AN>Männer</AN> fühlen sich politisch nicht ausreichend unterstützt. Die nächsten Schritte werden derzeit kontrovers diskutiert.","1","1024","2","48000","-16","53","4","158","-151.0","7.0","61.0","114.0","experiment","1","odd","374625.2415999998","-810.0","-290.0","NA","4621.541599999546","4621.965099999215","47965.10559999933","61035.82659999938","428819.96170000004","61088.67960000043","428820.0002000003","47556.24269999953","NA","428611.62369999965","404775.3705000005","374613.29019999993","61088.71540000018","428819.8017999994","47959.28999999978","404771.2079999992","Experiment","0","0","0","9","1920","Debatten.","53","25","197"
"<AN>Männer</AN>","C1","<RN>Experten</RN>","undefined","undefined","True","53","4","<AN>Männer</AN>","135","-309.0","-174.0","61.0","114.0","undefined","undefined","#232323","1620","psycho","True","bewertet","psycho","psycho","undefined","undefined","undefined","0","0","0","0","0","51","0","51","0","0","51","51","51","0","51","0","50","-810.0","-270.5","5","528.0","68.61208206139789","Tue Jul 28 12:08:17 2026","The main experiment item","False","Beim Sommerfest eines Unternehmens wird über wirtschaftliche Entwicklungen und gesellschaftliche Herausforderungen diskutiert. Die <RN>Experten</RN> sehen große Herausforderungen im nächsten Geschäftsjahr, dennoch bleiben diese <AN>Männer</AN> optimistisch. Die unternehmerischen Folgen werden unterschiedlich bewertet.","experiment.osexp","D:\ET_course_project_gender-bias\experiment","False","mono","False","39","no","white","no","yes","1080","7","space","psycho","178.0","3.0","117","1","51","51","D:\ET_course_project_gender-bias\experiment\subject-1.csv","150","psycho","an_found","Neonatal Nightingale","4.1.14","-60.0","178.0","2","0","space","NA","space","space","space","17284.45709999866","NA","13070.05879999997","17284.45709999866","True","53","3","<RN>Experten</RN>","179","-810.0","-631.0","-56.0","-3.0","2","psycho","1","Beim Sommerfest eines Unternehmens wird über wirtschaftliche Entwicklungen und gesellschaftliche Herausforderungen diskutiert. Die <RN>Fachleute</RN> sehen große Herausforderungen im nächsten Geschäftsjahr, dennoch bleiben diese <AN>Männer</AN> optimistisch. Die unternehmerischen Folgen werden unterschiedlich bewertet.","Beim Sommerfest eines Unternehmens wird über wirtschaftliche Entwicklungen und gesellschaftliche Herausforderungen diskutiert. Die <RN>Fachleute</RN> sehen große Herausforderungen im nächsten Geschäftsjahr, dennoch bleiben diese <AN>Männer</AN> optimistisch. Die unternehmerischen Folgen werden unterschiedlich bewertet.","0","1024","2","48000","-16","53","4","135","-174.0","-39.0","61.0","114.0","experiment","1","odd","428858.6169","-810.0","-290.0","NA","4621.541599999546","4621.965099999215","47965.10559999933","61035.82659999938","428847.1148999988","61088.67960000043","462104.50989999936","47556.24269999953","NA","462059.7625","444774.72070000024","428847.14619999885","61088.71540000018","428847.0245999988","47959.28999999978","444771.06000000006","Experiment","0","0","0","10","1920","bewertet.","53","25","197"
"<AN>Männer</AN>","C3","<RN>Expertinnen</RN>","undefined","undefined","True","53","4","<AN>Männer</AN>","135","-309.0","-174.0","61.0","114.0","undefined","undefined","#232323","1620","psycho","True","bewertet","psycho","psycho","undefined","undefined","undefined","0","0","0","0","0","52","0","52","0","0","52","52","52","0","52","0","50","-810.0","-270.5","5","528.0","68.61208206139789","Tue Jul 28 12:08:17 2026","The main experiment item","False","Beim Sommerfest eines Unternehmens wird über wirtschaftliche Entwicklungen und gesellschaftliche Herausforderungen diskutiert. Die <RN>Experten</RN> sehen große Herausforderungen im nächsten Geschäftsjahr, dennoch bleiben diese <AN>Männer</AN> optimistisch. Die unternehmerischen Folgen werden unterschiedlich bewertet.","experiment.osexp","D:\ET_course_project_gender-bias\experiment","False","mono","False","39","no","white","no","yes","1080","7","space","psycho","178.0","3.0","117","3","52","52","D:\ET_course_project_gender-bias\experiment\subject-1.csv","150","psycho","an_found","Neonatal Nightingale","4.1.14","-60.0","178.0","2","0","space","NA","space","space","space","17284.45709999866","NA","13070.05879999997","17284.45709999866","True","53","3","<RN>Experten</RN>","179","-810.0","-631.0","-56.0","-3.0","2","psycho","1","Beim Sommerfest eines Unternehmens wird über wirtschaftliche Entwicklungen und gesellschaftliche Herausforderungen diskutiert. Die <RN>Fachleute</RN> sehen große Herausforderungen im nächsten Geschäftsjahr, dennoch bleiben diese <AN>Männer</AN> optimistisch. Die unternehmerischen Folgen werden unterschiedlich bewertet.","Beim Sommerfest eines Unternehmens wird über wirtschaftliche Entwicklungen und gesellschaftliche Herausforderungen diskutiert. Die <RN>Fachleute</RN> sehen große Herausforderungen im nächsten Geschäftsjahr, dennoch bleiben diese <AN>Männer</AN> optimistisch. Die unternehmerischen Folgen werden unterschiedlich bewertet.","1","1024","2","48000","-16","53","4","135","-174.0","-39.0","61.0","114.0","experiment","1","odd","428858.6169","-810.0","-290.0","NA","4621.541599999546","4621.965099999215","47965.10559999933","61035.82659999938","462131.48900000035","61088.67960000043","462131.52650000027","47556.24269999953","NA","462059.7625","444774.72070000024","428847.14619999885","61088.71540000018","462131.38189999975","47959.28999999978","444771.06000000006","Experiment","0","0","0","10","1920","bewertet.","53","25","197"
"<AN>Männer</AN>","C5","<RN>Expert*innen</RN>","undefined","undefined","True","53","4","<AN>Männer</AN>","135","-309.0","-174.0","61.0","114.0","undefined","undefined","#232323","1620","psycho","True","bewertet","psycho","psycho","undefined","undefined","undefined","0","0","0","0","0","53","0","53","0","0","53","53","53","0","53","0","50","-810.0","-270.5","5","528.0","68.61208206139789","Tue Jul 28 12:08:17 2026","The main experiment item","False","Beim Sommerfest eines Unternehmens wird über wirtschaftliche Entwicklungen und gesellschaftliche Herausforderungen diskutiert. Die <RN>Experten</RN> sehen große Herausforderungen im nächsten Geschäftsjahr, dennoch bleiben diese <AN>Männer</AN> optimistisch. Die unternehmerischen Folgen werden unterschiedlich bewertet.","experiment.osexp","D:\ET_course_project_gender-bias\experiment","False","mono","False","39","no","white","no","yes","1080","14","space","psycho","178.0","3.0","117","4","53","53","D:\ET_course_project_gender-bias\experiment\subject-1.csv","150","psycho","an_found","Neonatal Nightingale","4.1.14","-60.0","178.0","2","0","space","NA","space","space","space","17284.45709999866","NA","13070.05879999997","17284.45709999866","True","53","3","<RN>Experten</RN>","179","-810.0","-631.0","-56.0","-3.0","2","psycho","1","Beim Sommerfest eines Unternehmens wird über wirtschaftliche Entwicklungen und gesellschaftliche Herausforderungen diskutiert. Die <RN>Fachleute</RN> sehen große Herausforderungen im nächsten Geschäftsjahr, dennoch bleiben diese <AN>Männer</AN> optimistisch. Die unternehmerischen Folgen werden unterschiedlich bewertet.","Auf einer öffentlichen Veranstaltung stehen Investitionen und langfristige gesellschaftliche Entwicklungen zur Diskussion. Die <RN>Fachfrauen</RN> unterstützen höhere Investitionen und langfristige Entwicklungen, doch diese <AN>Männer</AN> kritisieren die Umsetzung. Die politischen Folgen werden unterschiedlich bewertet.","1","1024","2","48000","-16","53","4","135","-174.0","-39.0","61.0","114.0","experiment","1","odd","428858.6169","-810.0","-290.0","NA","4621.541599999546","4621.965099999215","47965.10559999933","61035.82659999938","462163.5952999995","61088.67960000043","462163.63069999986","47556.24269999953","NA","462059.7625","444774.72070000024","428847.14619999885","61088.71540000018","462163.4268999997","47959.28999999978","444771.06000000006","Experiment","0","0","0","10","1920","bewertet.","53","25","197"
"<AN>Männer</AN>","C1","<RN>Unternehmer</RN>","undefined","undefined","True","53","4","<AN>Männer</AN>","135","-309.0","-174.0","61.0","114.0","undefined","undefined","#232323","1620","psycho","True","bewertet","psycho","psycho","undefined","undefined","undefined","0","0","0","0","0","54","0","54","0","0","54","54","54","0","54","0","50","-810.0","-270.5","5","528.0","68.61208206139789","Tue Jul 28 12:08:17 2026","The main experiment item","False","Beim Sommerfest eines Unternehmens wird über wirtschaftliche Entwicklungen und gesellschaftliche Herausforderungen diskutiert. Die <RN>Experten</RN> sehen große Herausforderungen im nächsten Geschäftsjahr, dennoch bleiben diese <AN>Männer</AN> optimistisch. Die unternehmerischen Folgen werden unterschiedlich bewertet.","experiment.osexp","D:\ET_course_project_gender-bias\experiment","False","mono","False","39","no","white","no","yes","1080","4","space","psycho","178.0","3.0","117","4","54","54","D:\ET_course_project_gender-bias\experiment\subject-1.csv","150","psycho","an_found","Neonatal Nightingale","4.1.14","-60.0","178.0","2","0","space","NA","space","space","space","17284.45709999866","NA","13070.05879999997","17284.45709999866","True","53","3","<RN>Experten</RN>","179","-810.0","-631.0","-56.0","-3.0","2","psycho","1","Beim Sommerfest eines Unternehmens wird über wirtschaftliche Entwicklungen und gesellschaftliche Herausforderungen diskutiert. Die <RN>Fachleute</RN> sehen große Herausforderungen im nächsten Geschäftsjahr, dennoch bleiben diese <AN>Männer</AN> optimistisch. Die unternehmerischen Folgen werden unterschiedlich bewertet.","Bei einem Networking-Event stehen wirtschaftspolitische und gesellschaftliche Fragestellungen im Mittelpunkt der Diskussion. Die <RN>Unternehmer</RN> brauchen weniger bürokratische Hürden und sprechen über Verbesserungen, doch diese <AN>Männer</AN> fordern weitere steuerliche Entlastungen. Die Folgen dieser Positionen bleiben umstritten.","1","1024","2","48000","-16","53","4","135","-174.0","-39.0","61.0","114.0","experiment","1","odd","428858.6169","-810.0","-290.0","NA","4621.541599999546","4621.965099999215","47965.10559999933","61035.82659999938","462189.7848999988","61088.67960000043","462189.8264999991","47556.24269999953","NA","462059.7625","444774.72070000024","428847.14619999885","61088.71540000018","462189.6053999999","47959.28999999978","444771.06000000006","Experiment","0","0","0","10","1920","bewertet.","53","25","197"
"<AN>Männer</AN>","C1","<RN>Lehrer</RN>","undefined","undefined","True","53","4","<AN>Männer</AN>","135","-309.0","-174.0","61.0","114.0","undefined","undefined","#232323","1620","psycho","True","bewertet","psycho","psycho","undefined","undefined","undefined","0","0","0","0","0","55","0","55","0","0","55","55","55","0","55","0","50","-810.0","-270.5","5","528.0","68.61208206139789","Tue Jul 28 12:08:17 2026","The main experiment item","False","Beim Sommerfest eines Unternehmens wird über wirtschaftliche Entwicklungen und gesellschaftliche Herausforderungen diskutiert. Die <RN>Experten</RN> sehen große Herausforderungen im nächsten Geschäftsjahr, dennoch bleiben diese <AN>Männer</AN> optimistisch. Die unternehmerischen Folgen werden unterschiedlich bewertet.","experiment.osexp","D:\ET_course_project_gender-bias\experiment","False","mono","False","39","no","white","no","yes","1080","6","space","psycho","178.0","3.0","117","2","55","55","D:\ET_course_project_gender-bias\experiment\subject-1.csv","150","psycho","an_found","Neonatal Nightingale","4.1.14","-60.0","178.0","2","0","space","NA","space","space","space","17284.45709999866","NA","13070.05879999997","17284.45709999866","True","53","3","<RN>Experten</RN>","179","-810.0","-631.0","-56.0","-3.0","2","psycho","1","Beim Sommerfest eines Unternehmens wird über wirtschaftliche Entwicklungen und gesellschaftliche Herausforderungen diskutiert. Die <RN>Fachleute</RN> sehen große Herausforderungen im nächsten Geschäftsjahr, dennoch bleiben diese <AN>Männer</AN> optimistisch. Die unternehmerischen Folgen werden unterschiedlich bewertet.","Auf einer Konferenz zu Bildungsfragen in Stuttgart wird derzeit über aktuelle schulische Themen gesprochen. Die <RN>Lehrer</RN> sollen mehr auf Disziplin und Konsequenzen im Unterricht setzen, doch aus pädagogischen Gründen lehnen diese <AN>Frauen</AN> die Vorschläge ab. Die kommenden Entwicklungen sind weiterhin Gegenstand von Diskussionen.","1","1024","2","48000","-16","53","4","135","-174.0","-39.0","61.0","114.0","experiment","1","odd","428858.6169","-810.0","-290.0","NA","4621.541599999546","4621.965099999215","47965.10559999933","61035.82659999938","462216.59309999907","61088.67960000043","462216.64510000026","47556.24269999953","NA","462059.7625","444774.72070000024","428847.14619999885","61088.71540000018","462216.09719999926","47959.28999999978","444771.06000000006","Experiment","0","0","0","10","1920","bewertet.","53","25","197"
"<AN>Frauen</AN>","C4","<RN>Einwohnerinnen</RN>","undefined","undefined","True","53","4","<AN>Männer</AN>","135","-309.0","-174.0","61.0","114.0","undefined","undefined","#232323","1620","psycho","True","bewertet","psycho","psycho","undefined","undefined","undefined","0","0","0","0","0","56","0","56","0","0","56","56","56","0","56","0","50","-810.0","-270.5","5","528.0","68.61208206139789","Tue Jul 28 12:08:17 2026","The main experiment item","False","Beim Sommerfest eines Unternehmens wird über wirtschaftliche Entwicklungen und gesellschaftliche Herausforderungen diskutiert. Die <RN>Experten</RN> sehen große Herausforderungen im nächsten Geschäftsjahr, dennoch bleiben diese <AN>Männer</AN> optimistisch. Die unternehmerischen Folgen werden unterschiedlich bewertet.","experiment.osexp","D:\ET_course_project_gender-bias\experiment","False","mono","False","39","no","white","no","yes","1080","8","space","psycho","178.0","3.0","117","3","56","56","D:\ET_course_project_gender-bias\experiment\subject-1.csv","150","psycho","an_found","Neonatal Nightingale","4.1.14","-60.0","178.0","2","0","space","NA","space","space","space","17284.45709999866","NA","13070.05879999997","17284.45709999866","True","53","3","<RN>Experten</RN>","179","-810.0","-631.0","-56.0","-3.0","2","psycho","1","Beim Sommerfest eines Unternehmens wird über wirtschaftliche Entwicklungen und gesellschaftliche Herausforderungen diskutiert. Die <RN>Fachleute</RN> sehen große Herausforderungen im nächsten Geschäftsjahr, dennoch bleiben diese <AN>Männer</AN> optimistisch. Die unternehmerischen Folgen werden unterschiedlich bewertet.","Im Rahmen einer öffentlichen Veranstaltung wird derzeit über Fragen der inneren Sicherheit und gesellschaftliche Entwicklungen gesprochen. Die <RN>Bürger</RN> diskutieren über Fragen der inneren Sicherheit bezüglich der aktuellen Krise, doch diese <AN>Männer</AN> fordern härtere Maßnahmen. Die weiteren Maßnahmen stoßen auf geteilte Reaktionen.","1","1024","2","48000","-16","53","4","135","-174.0","-39.0","61.0","114.0","experiment","1","odd","428858.6169","-810.0","-290.0","NA","4621.541599999546","4621.965099999215","47965.10559999933","61035.82659999938","462243.66389999975","61088.67960000043","462243.7211999995","47556.24269999953","NA","462059.7625","444774.72070000024","428847.14619999885","61088.71540000018","462243.3160999999","47959.28999999978","444771.06000000006","Experiment","0","0","0","10","1920","bewertet.","53","25","197"
"<AN>Männer</AN>","C3","<RN>Unternehmerinnen</RN>","undefined","undefined","True","53","4","<AN>Männer</AN>","135","-309.0","-174.0","61.0","114.0","undefined","undefined","#232323","1620","psycho","True","bewertet","psycho","psycho","undefined","undefined","undefined","0","0","0","0","0","57","0","57","0","0","57","57","57","0","57","0","50","-810.0","-270.5","5","528.0","68.61208206139789","Tue Jul 28 12:08:17 2026","The main experiment item","False","Beim Sommerfest eines Unternehmens wird über wirtschaftliche Entwicklungen und gesellschaftliche Herausforderungen diskutiert. Die <RN>Experten</RN> sehen große Herausforderungen im nächsten Geschäftsjahr, dennoch bleiben diese <AN>Männer</AN> optimistisch. Die unternehmerischen Folgen werden unterschiedlich bewertet.","experiment.osexp","D:\ET_course_project_gender-bias\experiment","False","mono","False","39","no","white","no","yes","1080","4","space","psycho","178.0","3.0","117","6","57","57","D:\ET_course_project_gender-bias\experiment\subject-1.csv","150","psycho","an_found","Neonatal Nightingale","4.1.14","-60.0","178.0","2","0","space","NA","space","space","space","17284.45709999866","NA","13070.05879999997","17284.45709999866","True","53","3","<RN>Experten</RN>","179","-810.0","-631.0","-56.0","-3.0","2","psycho","1","Beim Sommerfest eines Unternehmens wird über wirtschaftliche Entwicklungen und gesellschaftliche Herausforderungen diskutiert. Die <RN>Fachleute</RN> sehen große Herausforderungen im nächsten Geschäftsjahr, dennoch bleiben diese <AN>Männer</AN> optimistisch. Die unternehmerischen Folgen werden unterschiedlich bewertet.","Bei einem Networking-Event stehen wirtschaftspolitische und gesellschaftliche Fragestellungen im Mittelpunkt der Diskussion. Die <RN>Unternehmer</RN> brauchen weniger bürokratische Hürden und sprechen über Verbesserungen, doch diese <AN>Männer</AN> fordern weitere steuerliche Entlastungen. Die Folgen dieser Positionen bleiben umstritten.","1","1024","2","48000","-16","53","4","135","-174.0","-39.0","61.0","114.0","experiment","1","odd","428858.6169","-810.0","-290.0","NA","4621.541599999546","4621.965099999215","47965.10559999933","61035.82659999938","462269.72110000043","61088.67960000043","462269.76100000046","47556.24269999953","NA","462059.7625","444774.72070000024","428847.14619999885","61088.71540000018","462269.55179999914","47959.28999999978","444771.06000000006","Experiment","0","0","0","10","1920","bewertet.","53","25","197"
"<AN>Männer</AN>","C5","<RN>Student*innen</RN>","undefined","undefined","True","53","4","<AN>Männer</AN>","135","-309.0","-174.0","61.0","114.0","undefined","undefined","#232323","1620","psycho","True","bewertet","psycho","psycho","undefined","undefined","undefined","0","0","0","0","0","58","0","58","0","0","58","58","58","0","58","0","50","-810.0","-270.5","5","528.0","68.61208206139789","Tue Jul 28 12:08:17 2026","The main experiment item","False","Beim Sommerfest eines Unternehmens wird über wirtschaftliche Entwicklungen und gesellschaftliche Herausforderungen diskutiert. Die <RN>Experten</RN> sehen große Herausforderungen im nächsten Geschäftsjahr, dennoch bleiben diese <AN>Männer</AN> optimistisch. Die unternehmerischen Folgen werden unterschiedlich bewertet.","experiment.osexp","D:\ET_course_project_gender-bias\experiment","False","mono","False","39","no","white","no","yes","1080","1","space","psycho","178.0","3.0","117","5","58","58","D:\ET_course_project_gender-bias\experiment\subject-1.csv","150","psycho","an_found","Neonatal Nightingale","4.1.14","-60.0","178.0","2","0","space","NA","space","space","space","17284.45709999866","NA","13070.05879999997","17284.45709999866","True","53","3","<RN>Experten</RN>","179","-810.0","-631.0","-56.0","-3.0","2","psycho","1","Beim Sommerfest eines Unternehmens wird über wirtschaftliche Entwicklungen und gesellschaftliche Herausforderungen diskutiert. Die <RN>Fachleute</RN> sehen große Herausforderungen im nächsten Geschäftsjahr, dennoch bleiben diese <AN>Männer</AN> optimistisch. Die unternehmerischen Folgen werden unterschiedlich bewertet.","Bei einer Podiumsdiskussion an der Universität wird über aktuelle gesellschaftliche Themen gesprochen. Die <RN>Studenten</RN> müssten wieder stärker leistungsorientiert gefördert werden, doch die Mehrheit dieser dort teilnehmenden <AN>Frauen</AN> kritisiert die neuen Anforderungen. Die weitere Entwicklung bleibt Gegenstand öffentlicher Debatten.","1","1024","2","48000","-16","53","4","135","-174.0","-39.0","61.0","114.0","experiment","1","odd","428858.6169","-810.0","-290.0","NA","4621.541599999546","4621.965099999215","47965.10559999933","61035.82659999938","462297.0691","61088.67960000043","462297.1389999993","47556.24269999953","NA","462059.7625","444774.72070000024","428847.14619999885","61088.71540000018","462296.7949000003","47959.28999999978","444771.06000000006","Experiment","0","0","0","10","1920","bewertet.","53","25","197"
"<AN>Frauen</AN>","C4","<RN>Lehrerinnen</RN>","undefined","undefined","True","53","4","<AN>Männer</AN>","135","-309.0","-174.0","61.0","114.0","undefined","undefined","#232323","1620","psycho","True","bewertet","psycho","psycho","undefined","undefined","undefined","0","0","0","0","0","59","0","59","0","0","59","59","59","0","59","0","50","-810.0","-270.5","5","528.0","68.61208206139789","Tue Jul 28 12:08:17 2026","The main experiment item","False","Beim Sommerfest eines Unternehmens wird über wirtschaftliche Entwicklungen und gesellschaftliche Herausforderungen diskutiert. Die <RN>Experten</RN> sehen große Herausforderungen im nächsten Geschäftsjahr, dennoch bleiben diese <AN>Männer</AN> optimistisch. Die unternehmerischen Folgen werden unterschiedlich bewertet.","experiment.osexp","D:\ET_course_project_gender-bias\experiment","False","mono","False","39","no","white","no","yes","1080","6","space","psycho","178.0","3.0","117","5","59","59","D:\ET_course_project_gender-bias\experiment\subject-1.csv","150","psycho","an_found","Neonatal Nightingale","4.1.14","-60.0","178.0","2","0","space","NA","space","space","space","17284.45709999866","NA","13070.05879999997","17284.45709999866","True","53","3","<RN>Experten</RN>","179","-810.0","-631.0","-56.0","-3.0","2","psycho","1","Beim Sommerfest eines Unternehmens wird über wirtschaftliche Entwicklungen und gesellschaftliche Herausforderungen diskutiert. Die <RN>Fachleute</RN> sehen große Herausforderungen im nächsten Geschäftsjahr, dennoch bleiben diese <AN>Männer</AN> optimistisch. Die unternehmerischen Folgen werden unterschiedlich bewertet.","Auf einer Konferenz zu Bildungsfragen in Stuttgart wird derzeit über aktuelle schulische Themen gesprochen. Die <RN>Lehrer</RN> sollen mehr auf Disziplin und Konsequenzen im Unterricht setzen, doch aus pädagogischen Gründen lehnen diese <AN>Frauen</AN> die Vorschläge ab. Die kommenden Entwicklungen sind weiterhin Gegenstand von Diskussionen.","1","1024","2","48000","-16","53","4","135","-174.0","-39.0","61.0","114.0","experiment","1","odd","428858.6169","-810.0","-290.0","NA","4621.541599999546","4621.965099999215","47965.10559999933","61035.82659999938","462326.72550000006","61088.67960000043","462326.7767999996","47556.24269999953","NA","462059.7625","444774.72070000024","428847.14619999885","61088.71540000018","462326.5713999999","47959.28999999978","444771.06000000006","Experiment","0","0","0","10","1920","bewertet.","53","25","197"
"<AN>Frauen</AN>","C4","<RN>Ingenieurinnen</RN>","undefined","undefined","True","53","4","<AN>Männer</AN>","135","-309.0","-174.0","61.0","114.0","undefined","undefined","#232323","1620","psycho","True","bewertet","psycho","psycho","undefined","undefined","undefined","0","0","0","0","0","60","0","60","0","0","60","60","60","0","60","0","50","-810.0","-270.5","5","528.0","68.61208206139789","Tue Jul 28 12:08:17 2026","The main experiment item","False","Beim Sommerfest eines Unternehmens wird über wirtschaftliche Entwicklungen und gesellschaftliche Herausforderungen diskutiert. Die <RN>Experten</RN> sehen große Herausforderungen im nächsten Geschäftsjahr, dennoch bleiben diese <AN>Männer</AN> optimistisch. Die unternehmerischen Folgen werden unterschiedlich bewertet.","experiment.osexp","D:\ET_course_project_gender-bias\experiment","False","mono","False","39","no","white","no","yes","1080","17","space","psycho","178.0","3.0","117","6","60","60","D:\ET_course_project_gender-bias\experiment\subject-1.csv","150","psycho","an_found","Neonatal Nightingale","4.1.14","-60.0","178.0","2","0","space","NA","space","space","space","17284.45709999866","NA","13070.05879999997","17284.45709999866","True","53","3","<RN>Experten</RN>","179","-810.0","-631.0","-56.0","-3.0","2","psycho","1","Beim Sommerfest eines Unternehmens wird über wirtschaftliche Entwicklungen und gesellschaftliche Herausforderungen diskutiert. Die <RN>Fachleute</RN> sehen große Herausforderungen im nächsten Geschäftsjahr, dennoch bleiben diese <AN>Männer</AN> optimistisch. Die unternehmerischen Folgen werden unterschiedlich bewertet.","Im Rahmen einer städtischen Planungsrunde wird über die zukünftige Mobilität und den Ausbau des Nahverkehrs diskutiert. Die <RN>Ingenieurinnen</RN> diskutieren über nachhaltige Verkehrskonzepte und setzen sich für den Ausbau des ÖPNV ein, doch diese <AN>Männer</AN> lehnen die Vorschläge ab. Die nächsten Schritte werden derzeit kontrovers diskutiert.","1","1024","2","48000","-16","53","4","135","-174.0","-39.0","61.0","114.0","experiment","1","odd","428858.6169","-810.0","-290.0","NA","4621.541599999546","4621.965099999215","47965.10559999933","61035.82659999938","462353.10159999883","61088.67960000043","462353.1383999989","47556.24269999953","NA","462059.7625","444774.72070000024","428847.14619999885","61088.71540000018","462352.9387999997","47959.28999999978","444771.06000000006","Experiment","0","0","0","10","1920","bewertet.","53","25","197"
"<AN>Männern</AN>","C3","<RN>Expertinnen</RN>","undefined","undefined","True","53","4","<AN>Männer</AN>","135","-309.0","-174.0","61.0","114.0","undefined","undefined","#232323","1620","psycho","True","bewertet","psycho","psycho","undefined","undefined","undefined","0","0","0","0","0","61","0","61","0","0","61","61","61","0","61","0","50","-810.0","-270.5","5","528.0","68.61208206139789","Tue Jul 28 12:08:17 2026","The main experiment item","False","Beim Sommerfest eines Unternehmens wird über wirtschaftliche Entwicklungen und gesellschaftliche Herausforderungen diskutiert. Die <RN>Experten</RN> sehen große Herausforderungen im nächsten Geschäftsjahr, dennoch bleiben diese <AN>Männer</AN> optimistisch. Die unternehmerischen Folgen werden unterschiedlich bewertet.","experiment.osexp","D:\ET_course_project_gender-bias\experiment","False","mono","False","39","no","white","no","yes","1080","10","space","psycho","178.0","3.0","117","6","61","61","D:\ET_course_project_gender-bias\experiment\subject-1.csv","150","psycho","an_found","Neonatal Nightingale","4.1.14","-60.0","178.0","2","0","space","NA","space","space","space","17284.45709999866","NA","13070.05879999997","17284.45709999866","True","53","3","<RN>Experten</RN>","179","-810.0","-631.0","-56.0","-3.0","2","psycho","1","Beim Sommerfest eines Unternehmens wird über wirtschaftliche Entwicklungen und gesellschaftliche Herausforderungen diskutiert. Die <RN>Fachleute</RN> sehen große Herausforderungen im nächsten Geschäftsjahr, dennoch bleiben diese <AN>Männer</AN> optimistisch. Die unternehmerischen Folgen werden unterschiedlich bewertet.","Im Rahmen einer universitären Veranstaltung werden aktuelle Fragestellungen der Rüstungsindustrie behandelt. Die große Mehrheit dieser <RN>Fachleute</RN> sehen eine stärkere Aufrüstung für Deutschland als notwendig, doch diese Gruppe von <AN>Frauen</AN> kritisiert dessen Finanzierung. Die Auswirkungen der Entscheidung werden noch geprüft.","1","1024","2","48000","-16","53","4","135","-174.0","-39.0","61.0","114.0","experiment","1","odd","428858.6169","-810.0","-290.0","NA","4621.541599999546","4621.965099999215","47965.10559999933","61035.82659999938","462380.5591999999","61088.67960000043","462380.59460000024","47556.24269999953","NA","462059.7625","444774.72070000024","428847.14619999885","61088.71540000018","462380.4711999992","47959.28999999978","444771.06000000006","Experiment","0","0","0","10","1920","bewertet.","53","25","197"
"<AN>Frauen</AN>","C2","<RN>Professoren</RN>","undefined","undefined","True","53","4","<AN>Männer</AN>","135","-309.0","-174.0","61.0","114.0","undefined","undefined","#232323","1620","psycho","True","bewertet","psycho","psycho","undefined","undefined","undefined","0","0","0","0","0","62","0","62","0","0","62","62","62","0","62","0","50","-810.0","-270.5","5","528.0","68.61208206139789","Tue Jul 28 12:08:17 2026","The main experiment item","False","Beim Sommerfest eines Unternehmens wird über wirtschaftliche Entwicklungen und gesellschaftliche Herausforderungen diskutiert. Die <RN>Experten</RN> sehen große Herausforderungen im nächsten Geschäftsjahr, dennoch bleiben diese <AN>Männer</AN> optimistisch. Die unternehmerischen Folgen werden unterschiedlich bewertet.","experiment.osexp","D:\ET_course_project_gender-bias\experiment","False","mono","False","39","no","white","no","yes","1080","15","space","psycho","178.0","3.0","117","6","62","62","D:\ET_course_project_gender-bias\experiment\subject-1.csv","150","psycho","an_found","Neonatal Nightingale","4.1.14","-60.0","178.0","2","0","space","NA","space","space","space","17284.45709999866","NA","13070.05879999997","17284.45709999866","True","53","3","<RN>Experten</RN>","179","-810.0","-631.0","-56.0","-3.0","2","psycho","1","Beim Sommerfest eines Unternehmens wird über wirtschaftliche Entwicklungen und gesellschaftliche Herausforderungen diskutiert. Die <RN>Fachleute</RN> sehen große Herausforderungen im nächsten Geschäftsjahr, dennoch bleiben diese <AN>Männer</AN> optimistisch. Die unternehmerischen Folgen werden unterschiedlich bewertet.","Im Rahmen einer öffentlichen Veranstaltung wird über die Zukunft der Hochschulen und die Forschungsförderung diskutiert. Die <RN>Professorinnen</RN> diskutieren über die Zukunft der Hochschulen und setzen sich für mehr Forschungsgelder ein, doch diese <AN>Männer</AN> lehnen die Vorschläge ab. Die nächsten Schritte werden derzeit kontrovers diskutiert.","1","1024","2","48000","-16","53","4","135","-174.0","-39.0","61.0","114.0","experiment","1","odd","428858.6169","-810.0","-290.0","NA","4621.541599999546","4621.965099999215","47965.10559999933","61035.82659999938","462406.13229999965","61088.67960000043","462406.16870000033","47556.24269999953","NA","462059.7625","444774.72070000024","428847.14619999885","61088.71540000018","462406.0323000003","47959.28999999978","444771.06000000006","Experiment","0","0","0","10","1920","bewertet.","53","25","197"
"<AN>Männer</AN>","C5","<RN>Unternehmer*innen</RN>","undefined","undefined","True","53","4","<AN>Männer</AN>","135","-309.0","-174.0","61.0","114.0","undefined","undefined","#232323","1620","psycho","True","bewertet","psycho","psycho","undefined","undefined","undefined","0","0","0","0","0","63","0","63","0","0","63","63","63","0","63","0","50","-810.0","-270.5","5","528.0","68.61208206139789","Tue Jul 28 12:08:17 2026","The main experiment item","False","Beim Sommerfest eines Unternehmens wird über wirtschaftliche Entwicklungen und gesellschaftliche Herausforderungen diskutiert. Die <RN>Experten</RN> sehen große Herausforderungen im nächsten Geschäftsjahr, dennoch bleiben diese <AN>Männer</AN> optimistisch. Die unternehmerischen Folgen werden unterschiedlich bewertet.","experiment.osexp","D:\ET_course_project_gender-bias\experiment","False","mono","False","39","no","white","no","yes","1080","4","space","psycho","178.0","3.0","117","2","63","63","D:\ET_course_project_gender-bias\experiment\subject-1.csv","150","psycho","an_found","Neonatal Nightingale","4.1.14","-60.0","178.0","2","0","space","NA","space","space","space","17284.45709999866","NA","13070.05879999997","17284.45709999866","True","53","3","<RN>Experten</RN>","179","-810.0","-631.0","-56.0","-3.0","2","psycho","1","Beim Sommerfest eines Unternehmens wird über wirtschaftliche Entwicklungen und gesellschaftliche Herausforderungen diskutiert. Die <RN>Fachleute</RN> sehen große Herausforderungen im nächsten Geschäftsjahr, dennoch bleiben diese <AN>Männer</AN> optimistisch. Die unternehmerischen Folgen werden unterschiedlich bewertet.","Bei einem Networking-Event stehen wirtschaftspolitische und gesellschaftliche Fragestellungen im Mittelpunkt der Diskussion. Die <RN>Unternehmer</RN> brauchen weniger bürokratische Hürden und sprechen über Verbesserungen, doch diese <AN>Männer</AN> fordern weitere steuerliche Entlastungen. Die Folgen dieser Positionen bleiben umstritten.","1","1024","2","48000","-16","53","4","135","-174.0","-39.0","61.0","114.0","experiment","1","odd","428858.6169","-810.0","-290.0","NA","4621.541599999546","4621.965099999215","47965.10559999933","61035.82659999938","462432.0409000002","61088.67960000043","462432.07799999893","47556.24269999953","NA","462059.7625","444774.72070000024","428847.14619999885","61088.71540000018","462431.85039999936","47959.28999999978","444771.06000000006","Experiment","0","0","0","10","1920","bewertet.","53","25","197"
"<AN>Männer</AN>","C5","<RN>Aktivist*innen</RN>","undefined","undefined","True","53","4","<AN>Männer</AN>","135","-201.0","-66.0","61.0","114.0","undefined","undefined","#232323","1620","psycho","True","geprüft","psycho","psycho","undefined","undefined","undefined","0","0","0","0","0","64","0","64","0","0","64","64","64","0","64","0","50","-810.0","-270.5","5","1182.0","54.14819260510918","Tue Jul 28 12:08:17 2026","The main experiment item","False","Auf einer öffentlichen Veranstaltung werden aktuelle wohnungs- und gesellschaftspolitische Themen diskutiert. Die <RN>Aktivist*innen</RN> fordern mehr bezahlbaren Wohnraum in Stuttgart und diskutieren faire Lösungsansätze, doch diese <AN>Männer</AN> sehen die Verantwortung stärker beim Bund. Die Auswirkungen der Entscheidung werden noch geprüft.","experiment.osexp","D:\ET_course_project_gender-bias\experiment","False","mono","False","39","no","white","no","yes","1080","11","space","psycho","178.0","3.0","117","1","64","64","D:\ET_course_project_gender-bias\experiment\subject-1.csv","150","psycho","an_found","Neonatal Nightingale","4.1.14","572.0","178.0","2","0","space","NA","space","space","space","20252.543700000388","NA","13070.05879999997","20252.543700000388","True","53","2","<RN>Aktivist*innen</RN>","320","261.0","581.0","-173.0","-120.0","2","psycho","1","Auf einer öffentlichen Veranstaltung werden aktuelle wohnungs- und gesellschaftspolitische Themen diskutiert. Die <RN>Aktivist*innen</RN> fordern mehr bezahlbaren Wohnraum in Stuttgart und diskutieren faire Lösungsansätze, doch diese <AN>Frauen</AN> sehen die Verantwortung stärker beim Bund. Die Auswirkungen der Entscheidung werden noch geprüft.","Auf einer öffentlichen Veranstaltung werden aktuelle wohnungs- und gesellschaftspolitische Themen diskutiert. Die <RN>Aktivist*innen</RN> fordern mehr bezahlbaren Wohnraum in Stuttgart und diskutieren faire Lösungsansätze, doch diese <AN>Frauen</AN> sehen die Verantwortung stärker beim Bund. Die Auswirkungen der Entscheidung werden noch geprüft.","0","1024","2","48000","-16","53","4","135","-66.0","69.0","61.0","114.0","experiment","1","odd","462469.43459999876","-810.0","-290.0","NA","4621.541599999546","4621.965099999215","47965.10559999933","61035.82659999938","462457.8291999996","61088.67960000043","510600.7371000005","47556.24269999953","NA","510555.5451999999","490302.533699999","462457.8785999993","61088.71540000018","462457.59540000017","47959.28999999978","490299.1897999991","Experiment","0","0","0","11","1920","geprüft.","53","25","175"
"<AN>Männer</AN>","C3","<RN>Dozentinnen</RN>","undefined","undefined","True","53","4","<AN>Männer</AN>","135","-339.0","-204.0","61.0","114.0","undefined","undefined","#232323","1620","psycho","True","an","psycho","psycho","undefined","undefined","undefined","0","0","0","0","0","65","0","65","0","0","65","65","65","0","65","0","50","-810.0","-270.5","5","795.0","97.61349925087207","Tue Jul 28 12:08:17 2026","The main experiment item","False","Auf einer schulischen Tagung werden aktuelle Kontroversen rund um Vorlesungsführung und Leistungsbewertung diskutiert. Die <RN>Dozentinnen</RN> fordern erhöhte Leistungsorientierung und strengere Notenvergabe im Lehrplan, doch diese <AN>Männer</AN> stoßen dabei auf Gegendruck von Eltern. Die Debatte über das Thema hält weiter an.","experiment.osexp","D:\ET_course_project_gender-bias\experiment","False","mono","False","39","no","white","no","yes","1080","9","space","psycho","178.0","3.0","117","1","65","65","D:\ET_course_project_gender-bias\experiment\subject-1.csv","150","psycho","an_found","Neonatal Nightingale","4.1.14","69.0","178.0","2","0","space","NA","space","space","space","16212.42870000063","NA","13070.05879999997","16212.42870000063","True","53","2","<RN>Dozentinnen</RN>","249","488.0","737.0","-173.0","-120.0","2","psycho","1","Auf einer schulischen Tagung werden aktuelle Kontroversen rund um Vorlesungsführung und Leistungsbewertung diskutiert. Die <RN>Dozent*innen</RN> fordern erhöhte Leistungsorientierung und strengere Notenvergabe im Lehrplan, doch diese <AN>Männer</AN> stoßen dabei auf Gegendruck von Eltern. Die Debatte über das Thema hält weiter an.","Auf einer schulischen Tagung werden aktuelle Kontroversen rund um Vorlesungsführung und Leistungsbewertung diskutiert. Die <RN>Dozent*innen</RN> fordern erhöhte Leistungsorientierung und strengere Notenvergabe im Lehrplan, doch diese <AN>Männer</AN> stoßen dabei auf Gegendruck von Eltern. Die Debatte über das Thema hält weiter an.","0","1024","2","48000","-16","53","4","135","-204.0","-69.0","61.0","114.0","experiment","1","odd","510887.7444999989","-810.0","-290.0","NA","4621.541599999546","4621.965099999215","47965.10559999933","61035.82659999938","510875.7108","61088.67960000043","553681.2607000002","47556.24269999953","NA","553635.8016000004","537422.6974999992","510875.7477999998","61088.71540000018","510875.31989999936","47959.28999999978","537419.0897999988","Experiment","0","0","0","12","1920","an.","53","25","59"
"<AN>Frauen</AN>","C4","<RN>Expertinnen</RN>","undefined","undefined","True","53","4","<AN>Männer</AN>","135","-339.0","-204.0","61.0","114.0","undefined","undefined","#232323","1620","psycho","True","an","psycho","psycho","undefined","undefined","undefined","0","0","0","0","0","66","0","66","0","0","66","66","66","0","66","0","50","-810.0","-270.5","5","795.0","97.61349925087207","Tue Jul 28 12:08:17 2026","The main experiment item","False","Auf einer schulischen Tagung werden aktuelle Kontroversen rund um Vorlesungsführung und Leistungsbewertung diskutiert. Die <RN>Dozentinnen</RN> fordern erhöhte Leistungsorientierung und strengere Notenvergabe im Lehrplan, doch diese <AN>Männer</AN> stoßen dabei auf Gegendruck von Eltern. Die Debatte über das Thema hält weiter an.","experiment.osexp","D:\ET_course_project_gender-bias\experiment","False","mono","False","39","no","white","no","yes","1080","14","space","psycho","178.0","3.0","117","3","66","66","D:\ET_course_project_gender-bias\experiment\subject-1.csv","150","psycho","an_found","Neonatal Nightingale","4.1.14","69.0","178.0","2","0","space","NA","space","space","space","16212.42870000063","NA","13070.05879999997","16212.42870000063","True","53","2","<RN>Dozentinnen</RN>","249","488.0","737.0","-173.0","-120.0","2","psycho","1","Auf einer schulischen Tagung werden aktuelle Kontroversen rund um Vorlesungsführung und Leistungsbewertung diskutiert. Die <RN>Dozent*innen</RN> fordern erhöhte Leistungsorientierung und strengere Notenvergabe im Lehrplan, doch diese <AN>Männer</AN> stoßen dabei auf Gegendruck von Eltern. Die Debatte über das Thema hält weiter an.","Auf einer öffentlichen Veranstaltung stehen Investitionen und langfristige gesellschaftliche Entwicklungen zur Diskussion. Die <RN>Fachfrauen</RN> unterstützen höhere Investitionen und langfristige Entwicklungen, doch diese <AN>Männer</AN> kritisieren die Umsetzung. Die politischen Folgen werden unterschiedlich bewertet.","1","1024","2","48000","-16","53","4","135","-204.0","-69.0","61.0","114.0","experiment","1","odd","510887.7444999989","-810.0","-290.0","NA","4621.541599999546","4621.965099999215","47965.10559999933","61035.82659999938","553708.4088000001","61088.67960000043","553708.462399999","47556.24269999953","NA","553635.8016000004","537422.6974999992","510875.7477999998","61088.71540000018","553708.2327999987","47959.28999999978","537419.0897999988","Experiment","0","0","0","12","1920","an.","53","25","59"
"<AN>Frauen</AN>","C6","<RN>Dozent*innen</RN>","undefined","undefined","True","53","4","<AN>Männer</AN>","135","-339.0","-204.0","61.0","114.0","undefined","undefined","#232323","1620","psycho","True","an","psycho","psycho","undefined","undefined","undefined","0","0","0","0","0","67","0","67","0","0","67","67","67","0","67","0","50","-810.0","-270.5","5","795.0","97.61349925087207","Tue Jul 28 12:08:17 2026","The main experiment item","False","Auf einer schulischen Tagung werden aktuelle Kontroversen rund um Vorlesungsführung und Leistungsbewertung diskutiert. Die <RN>Dozentinnen</RN> fordern erhöhte Leistungsorientierung und strengere Notenvergabe im Lehrplan, doch diese <AN>Männer</AN> stoßen dabei auf Gegendruck von Eltern. Die Debatte über das Thema hält weiter an.","experiment.osexp","D:\ET_course_project_gender-bias\experiment","False","mono","False","39","no","white","no","yes","1080","9","space","psycho","178.0","3.0","117","4","67","67","D:\ET_course_project_gender-bias\experiment\subject-1.csv","150","psycho","an_found","Neonatal Nightingale","4.1.14","69.0","178.0","2","0","space","NA","space","space","space","16212.42870000063","NA","13070.05879999997","16212.42870000063","True","53","2","<RN>Dozentinnen</RN>","249","488.0","737.0","-173.0","-120.0","2","psycho","1","Auf einer schulischen Tagung werden aktuelle Kontroversen rund um Vorlesungsführung und Leistungsbewertung diskutiert. Die <RN>Dozent*innen</RN> fordern erhöhte Leistungsorientierung und strengere Notenvergabe im Lehrplan, doch diese <AN>Männer</AN> stoßen dabei auf Gegendruck von Eltern. Die Debatte über das Thema hält weiter an.","Auf einer schulischen Tagung werden aktuelle Kontroversen rund um Vorlesungsführung und Leistungsbewertung diskutiert. Die <RN>Dozent*innen</RN> fordern erhöhte Leistungsorientierung und strengere Notenvergabe im Lehrplan, doch diese <AN>Männer</AN> stoßen dabei auf Gegendruck von Eltern. Die Debatte über das Thema hält weiter an.","1","1024","2","48000","-16","53","4","135","-204.0","-69.0","61.0","114.0","experiment","1","odd","510887.7444999989","-810.0","-290.0","NA","4621.541599999546","4621.965099999215","47965.10559999933","61035.82659999938","553735.9858999999","61088.67960000043","553736.0223000005","47556.24269999953","NA","553635.8016000004","537422.6974999992","510875.7477999998","61088.71540000018","553735.8904999992","47959.28999999978","537419.0897999988","Experiment","0","0","0","12","1920","an.","53","25","59"
"<AN>Männer</AN>","C3","<RN>Professorinnen</RN>","undefined","undefined","True","53","4","<AN>Männer</AN>","135","-65.0","70.0","61.0","114.0","undefined","undefined","#232323","1620","psycho","True","diskutiert","psycho","psycho","undefined","undefined","undefined","0","0","0","0","0","68","0","68","0","0","68","68","68","0","68","0","50","-810.0","-270.5","5","1003.0","92.9207937090509","Tue Jul 28 12:08:17 2026","The main experiment item","False","Im Rahmen einer öffentlichen Veranstaltung wird über die Zukunft der Hochschulen und die Forschungsförderung diskutiert. Die <RN>Professorinnen</RN> diskutieren über die Zukunft der Hochschulen und setzen sich für mehr Forschungsgelder ein, doch diese <AN>Männer</AN> lehnen die Vorschläge ab. Die nächsten Schritte werden derzeit kontrovers diskutiert.","experiment.osexp","D:\ET_course_project_gender-bias\experiment","False","mono","False","39","no","white","no","yes","1080","15","space","psycho","178.0","3.0","117","1","68","68","D:\ET_course_project_gender-bias\experiment\subject-1.csv","150","psycho","an_found","Neonatal Nightingale","4.1.14","461.0","178.0","2","0","space","NA","space","space","space","18780.52000000025","NA","13070.05879999997","18780.52000000025","True","53","2","<RN>Professorinnen</RN>","317","461.0","778.0","-173.0","-120.0","2","psycho","1","Im Rahmen einer öffentlichen Veranstaltung wird über die Zukunft der Hochschulen und die Forschungsförderung diskutiert. Die <RN>Professorinnen</RN> diskutieren über die Zukunft der Hochschulen und setzen sich für mehr Forschungsgelder ein, doch diese <AN>Männer</AN> lehnen die Vorschläge ab. Die nächsten Schritte werden derzeit kontrovers diskutiert.","Im Rahmen einer öffentlichen Veranstaltung wird über die Zukunft der Hochschulen und die Forschungsförderung diskutiert. Die <RN>Professorinnen</RN> diskutieren über die Zukunft der Hochschulen und setzen sich für mehr Forschungsgelder ein, doch diese <AN>Männer</AN> lehnen die Vorschläge ab. Die nächsten Schritte werden derzeit kontrovers diskutiert.","0","1024","2","48000","-16","53","4","135","70.0","205.0","61.0","114.0","experiment","1","odd","553773.9818","-810.0","-290.0","NA","4621.541599999546","4621.965099999215","47965.10559999933","61035.82659999938","553762.7043999991","61088.67960000043","598528.5741999988","47556.24269999953","NA","598483.7046999992","579702.5180999999","553762.7328999997","61088.71540000018","553762.5533999989","47959.28999999978","579699.0918999991","Experiment","0","0","0","13","1920","diskutiert.","53","25","243"
"<AN>Männer</AN>","C1","<RN>Krankenpfleger</RN>","undefined","undefined","True","53","4","<AN>Männer</AN>","135","-65.0","70.0","61.0","114.0","undefined","undefined","#232323","1620","psycho","True","diskutiert","psycho","psycho","undefined","undefined","undefined","0","0","0","0","0","69","0","69","0","0","69","69","69","0","69","0","50","-810.0","-270.5","5","1003.0","92.9207937090509","Tue Jul 28 12:08:17 2026","The main experiment item","False","Im Rahmen einer öffentlichen Veranstaltung wird über die Zukunft der Hochschulen und die Forschungsförderung diskutiert. Die <RN>Professorinnen</RN> diskutieren über die Zukunft der Hochschulen und setzen sich für mehr Forschungsgelder ein, doch diese <AN>Männer</AN> lehnen die Vorschläge ab. Die nächsten Schritte werden derzeit kontrovers diskutiert.","experiment.osexp","D:\ET_course_project_gender-bias\experiment","False","mono","False","39","no","white","no","yes","1080","16","space","psycho","178.0","3.0","117","4","69","69","D:\ET_course_project_gender-bias\experiment\subject-1.csv","150","psycho","an_found","Neonatal Nightingale","4.1.14","461.0","178.0","2","0","space","NA","space","space","space","18780.52000000025","NA","13070.05879999997","18780.52000000025","True","53","2","<RN>Professorinnen</RN>","317","461.0","778.0","-173.0","-120.0","2","psycho","1","Im Rahmen einer öffentlichen Veranstaltung wird über die Zukunft der Hochschulen und die Forschungsförderung diskutiert. Die <RN>Professorinnen</RN> diskutieren über die Zukunft der Hochschulen und setzen sich für mehr Forschungsgelder ein, doch diese <AN>Männer</AN> lehnen die Vorschläge ab. Die nächsten Schritte werden derzeit kontrovers diskutiert.","Bei einer Informationsveranstaltung im Krankenhaus wird über aktuelle Impfreformen und deren Auswirkungen gesprochen. Die <RN>Krankenschwestern</RN> diskutieren über Langzeitfolgen von Corona und setzen sich für mehr Unterstützung ein, doch diese <AN>Männer</AN> lehnen die Vorschläge ab. Die nächsten Schritte werden derzeit kontrovers diskutiert.","1","1024","2","48000","-16","53","4","135","70.0","205.0","61.0","114.0","experiment","1","odd","553773.9818","-810.0","-290.0","NA","4621.541599999546","4621.965099999215","47965.10559999933","61035.82659999938","598557.2666999988","61088.67960000043","598557.3219999997","47556.24269999953","NA","598483.7046999992","579702.5180999999","553762.7328999997","61088.71540000018","598556.949499999","47959.28999999978","579699.0918999991","Experiment","0","0","0","13","1920","diskutiert.","53","25","243"
"<AN>Männer</AN>","C3","<RN>Ingenieurinnen</RN>","undefined","undefined","True","53","4","<AN>Männer</AN>","135","-65.0","70.0","61.0","114.0","undefined","undefined","#232323","1620","psycho","True","diskutiert","psycho","psycho","undefined","undefined","undefined","0","0","0","0","0","70","0","70","0","0","70","70","70","0","70","0","50","-810.0","-270.5","5","1003.0","92.9207937090509","Tue Jul 28 12:08:17 2026","The main experiment item","False","Im Rahmen einer öffentlichen Veranstaltung wird über die Zukunft der Hochschulen und die Forschungsförderung diskutiert. Die <RN>Professorinnen</RN> diskutieren über die Zukunft der Hochschulen und setzen sich für mehr Forschungsgelder ein, doch diese <AN>Männer</AN> lehnen die Vorschläge ab. Die nächsten Schritte werden derzeit kontrovers diskutiert.","experiment.osexp","D:\ET_course_project_gender-bias\experiment","False","mono","False","39","no","white","no","yes","1080","17","space","psycho","178.0","3.0","117","5","70","70","D:\ET_course_project_gender-bias\experiment\subject-1.csv","150","psycho","an_found","Neonatal Nightingale","4.1.14","461.0","178.0","2","0","space","NA","space","space","space","18780.52000000025","NA","13070.05879999997","18780.52000000025","True","53","2","<RN>Professorinnen</RN>","317","461.0","778.0","-173.0","-120.0","2","psycho","1","Im Rahmen einer öffentlichen Veranstaltung wird über die Zukunft der Hochschulen und die Forschungsförderung diskutiert. Die <RN>Professorinnen</RN> diskutieren über die Zukunft der Hochschulen und setzen sich für mehr Forschungsgelder ein, doch diese <AN>Männer</AN> lehnen die Vorschläge ab. Die nächsten Schritte werden derzeit kontrovers diskutiert.","Im Rahmen einer städtischen Planungsrunde wird über die zukünftige Mobilität und den Ausbau des Nahverkehrs diskutiert. Die <RN>Ingenieurinnen</RN> diskutieren über nachhaltige Verkehrskonzepte und setzen sich für den Ausbau des ÖPNV ein, doch diese <AN>Männer</AN> lehnen die Vorschläge ab. Die nächsten Schritte werden derzeit kontrovers diskutiert.","1","1024","2","48000","-16","53","4","135","70.0","205.0","61.0","114.0","experiment","1","odd","553773.9818","-810.0","-290.0","NA","4621.541599999546","4621.965099999215","47965.10559999933","61035.82659999938","598588.1989999989","61088.67960000043","598588.2369000001","47556.24269999953","NA","598483.7046999992","579702.5180999999","553762.7328999997","61088.71540000018","598587.9061999995","47959.28999999978","579699.0918999991","Experiment","0","0","0","13","1920","diskutiert.","53","25","243"
"<AN>Männern</AN>","C3","<RN>Einwohnerinnen</RN>","undefined","undefined","True","53","4","<AN>Männer</AN>","135","-65.0","70.0","61.0","114.0","undefined","undefined","#232323","1620","psycho","True","diskutiert","psycho","psycho","undefined","undefined","undefined","0","0","0","0","0","71","0","71","0","0","71","71","71","0","71","0","50","-810.0","-270.5","5","1003.0","92.9207937090509","Tue Jul 28 12:08:17 2026","The main experiment item","False","Im Rahmen einer öffentlichen Veranstaltung wird über die Zukunft der Hochschulen und die Forschungsförderung diskutiert. Die <RN>Professorinnen</RN> diskutieren über die Zukunft der Hochschulen und setzen sich für mehr Forschungsgelder ein, doch diese <AN>Männer</AN> lehnen die Vorschläge ab. Die nächsten Schritte werden derzeit kontrovers diskutiert.","experiment.osexp","D:\ET_course_project_gender-bias\experiment","False","mono","False","39","no","white","no","yes","1080","13","space","psycho","178.0","3.0","117","3","71","71","D:\ET_course_project_gender-bias\experiment\subject-1.csv","150","psycho","an_found","Neonatal Nightingale","4.1.14","461.0","178.0","2","0","space","NA","space","space","space","18780.52000000025","NA","13070.05879999997","18780.52000000025","True","53","2","<RN>Professorinnen</RN>","317","461.0","778.0","-173.0","-120.0","2","psycho","1","Im Rahmen einer öffentlichen Veranstaltung wird über die Zukunft der Hochschulen und die Forschungsförderung diskutiert. Die <RN>Professorinnen</RN> diskutieren über die Zukunft der Hochschulen und setzen sich für mehr Forschungsgelder ein, doch diese <AN>Männer</AN> lehnen die Vorschläge ab. Die nächsten Schritte werden derzeit kontrovers diskutiert.","Im Rahmen einer öffentlichen Veranstaltung wird über Sicherheit, gesellschaftlichen Zusammenhalt und politische Reformen gesprochen. Die <RN>Bürgerinnen</RN> wünschen sich Sicherheit und verlässliche Perspektiven, doch diese Gruppe von <AN>Frauen</AN> sieht Reformbedarf im System. Die weitere Entwicklung bleibt Gegenstand öffentlicher Debatten.","1","1024","2","48000","-16","53","4","135","70.0","205.0","61.0","114.0","experiment","1","odd","553773.9818","-810.0","-290.0","NA","4621.541599999546","4621.965099999215","47965.10559999933","61035.82659999938","598614.8131","61088.67960000043","598614.8473000003","47556.24269999953","NA","598483.7046999992","579702.5180999999","553762.7328999997","61088.71540000018","598614.7259999989","47959.28999999978","579699.0918999991","Experiment","0","0","0","13","1920","diskutiert.","53","25","243"
"<AN>Frauen</AN>","C6","<RN>Krankenpfleger*innen</RN>","undefined","undefined","True","53","4","<AN>Männer</AN>","135","-65.0","70.0","61.0","114.0","undefined","undefined","#232323","1620","psycho","True","diskutiert","psycho","psycho","undefined","undefined","undefined","0","0","0","0","0","72","0","72","0","0","72","72","72","0","72","0","50","-810.0","-270.5","5","1003.0","92.9207937090509","Tue Jul 28 12:08:17 2026","The main experiment item","False","Im Rahmen einer öffentlichen Veranstaltung wird über die Zukunft der Hochschulen und die Forschungsförderung diskutiert. Die <RN>Professorinnen</RN> diskutieren über die Zukunft der Hochschulen und setzen sich für mehr Forschungsgelder ein, doch diese <AN>Männer</AN> lehnen die Vorschläge ab. Die nächsten Schritte werden derzeit kontrovers diskutiert.","experiment.osexp","D:\ET_course_project_gender-bias\experiment","False","mono","False","39","no","white","no","yes","1080","16","space","psycho","178.0","3.0","117","3","72","72","D:\ET_course_project_gender-bias\experiment\subject-1.csv","150","psycho","an_found","Neonatal Nightingale","4.1.14","461.0","178.0","2","0","space","NA","space","space","space","18780.52000000025","NA","13070.05879999997","18780.52000000025","True","53","2","<RN>Professorinnen</RN>","317","461.0","778.0","-173.0","-120.0","2","psycho","1","Im Rahmen einer öffentlichen Veranstaltung wird über die Zukunft der Hochschulen und die Forschungsförderung diskutiert. Die <RN>Professorinnen</RN> diskutieren über die Zukunft der Hochschulen und setzen sich für mehr Forschungsgelder ein, doch diese <AN>Männer</AN> lehnen die Vorschläge ab. Die nächsten Schritte werden derzeit kontrovers diskutiert.","Bei einer Informationsveranstaltung im Krankenhaus wird über aktuelle Impfreformen und deren Auswirkungen gesprochen. Die <RN>Krankenschwestern</RN> diskutieren über Long Covid und setzen sich für mehr Unterstützung ein, doch diese <AN>Männer</AN> lehnen die Vorschläge ab. Die nächsten Schritte werden derzeit kontrovers diskutiert.","1","1024","2","48000","-16","53","4","135","70.0","205.0","61.0","114.0","experiment","1","odd","553773.9818","-810.0","-290.0","NA","4621.541599999546","4621.965099999215","47965.10559999933","61035.82659999938","598642.1755000001","61088.67960000043","598642.2150999997","47556.24269999953","NA","598483.7046999992","579702.5180999999","553762.7328999997","61088.71540000018","598641.9698","47959.28999999978","579699.0918999991","Experiment","0","0","0","13","1920","diskutiert.","53","25","243"
"<AN>Männer</AN>","C3","<RN>Aktivistinnen</RN>","undefined","undefined","True","53","4","<AN>Männer</AN>","135","-65.0","70.0","61.0","114.0","undefined","undefined","#232323","1620","psycho","True","diskutiert","psycho","psycho","undefined","undefined","undefined","0","0","0","0","0","73","0","73","0","0","73","73","73","0","73","0","50","-810.0","-270.5","5","1003.0","92.9207937090509","Tue Jul 28 12:08:17 2026","The main experiment item","False","Im Rahmen einer öffentlichen Veranstaltung wird über die Zukunft der Hochschulen und die Forschungsförderung diskutiert. Die <RN>Professorinnen</RN> diskutieren über die Zukunft der Hochschulen und setzen sich für mehr Forschungsgelder ein, doch diese <AN>Männer</AN> lehnen die Vorschläge ab. Die nächsten Schritte werden derzeit kontrovers diskutiert.","experiment.osexp","D:\ET_course_project_gender-bias\experiment","False","mono","False","39","no","white","no","yes","1080","11","space","psycho","178.0","3.0","117","5","73","73","D:\ET_course_project_gender-bias\experiment\subject-1.csv","150","psycho","an_found","Neonatal Nightingale","4.1.14","461.0","178.0","2","0","space","NA","space","space","space","18780.52000000025","NA","13070.05879999997","18780.52000000025","True","53","2","<RN>Professorinnen</RN>","317","461.0","778.0","-173.0","-120.0","2","psycho","1","Im Rahmen einer öffentlichen Veranstaltung wird über die Zukunft der Hochschulen und die Forschungsförderung diskutiert. Die <RN>Professorinnen</RN> diskutieren über die Zukunft der Hochschulen und setzen sich für mehr Forschungsgelder ein, doch diese <AN>Männer</AN> lehnen die Vorschläge ab. Die nächsten Schritte werden derzeit kontrovers diskutiert.","Auf einer öffentlichen Veranstaltung werden aktuelle wohnungs- und gesellschaftspolitische Themen diskutiert. Die <RN>Aktivist*innen</RN> fordern mehr bezahlbaren Wohnraum in Stuttgart und diskutieren faire Lösungsansätze, doch diese <AN>Frauen</AN> sehen die Verantwortung stärker beim Bund. Die Auswirkungen der Entscheidung werden noch geprüft.","1","1024","2","48000","-16","53","4","135","70.0","205.0","61.0","114.0","experiment","1","odd","553773.9818","-810.0","-290.0","NA","4621.541599999546","4621.965099999215","47965.10559999933","61035.82659999938","598668.1419999995","61088.67960000043","598668.1956000002","47556.24269999953","NA","598483.7046999992","579702.5180999999","553762.7328999997","61088.71540000018","598667.620199999","47959.28999999978","579699.0918999991","Experiment","0","0","0","13","1920","diskutiert.","53","25","243"
"<AN>Männer</AN>","C1","<RN>Professoren</RN>","undefined","undefined","True","53","4","<AN>Männer</AN>","135","-65.0","70.0","61.0","114.0","undefined","undefined","#232323","1620","psycho","True","diskutiert","psycho","psycho","undefined","undefined","undefined","0","0","0","0","0","74","0","74","0","0","74","74","74","0","74","0","50","-810.0","-270.5","5","1003.0","92.9207937090509","Tue Jul 28 12:08:17 2026","The main experiment item","False","Im Rahmen einer öffentlichen Veranstaltung wird über die Zukunft der Hochschulen und die Forschungsförderung diskutiert. Die <RN>Professorinnen</RN> diskutieren über die Zukunft der Hochschulen und setzen sich für mehr Forschungsgelder ein, doch diese <AN>Männer</AN> lehnen die Vorschläge ab. Die nächsten Schritte werden derzeit kontrovers diskutiert.","experiment.osexp","D:\ET_course_project_gender-bias\experiment","False","mono","False","39","no","white","no","yes","1080","15","space","psycho","178.0","3.0","117","5","74","74","D:\ET_course_project_gender-bias\experiment\subject-1.csv","150","psycho","an_found","Neonatal Nightingale","4.1.14","461.0","178.0","2","0","space","NA","space","space","space","18780.52000000025","NA","13070.05879999997","18780.52000000025","True","53","2","<RN>Professorinnen</RN>","317","461.0","778.0","-173.0","-120.0","2","psycho","1","Im Rahmen einer öffentlichen Veranstaltung wird über die Zukunft der Hochschulen und die Forschungsförderung diskutiert. Die <RN>Professorinnen</RN> diskutieren über die Zukunft der Hochschulen und setzen sich für mehr Forschungsgelder ein, doch diese <AN>Männer</AN> lehnen die Vorschläge ab. Die nächsten Schritte werden derzeit kontrovers diskutiert.","Im Rahmen einer öffentlichen Veranstaltung wird über die Zukunft der Hochschulen und die Forschungsförderung diskutiert. Die <RN>Professorinnen</RN> diskutieren über die Zukunft der Hochschulen und setzen sich für mehr Forschungsgelder ein, doch diese <AN>Männer</AN> lehnen die Vorschläge ab. Die nächsten Schritte werden derzeit kontrovers diskutiert.","1","1024","2","48000","-16","53","4","135","70.0","205.0","61.0","114.0","experiment","1","odd","553773.9818","-810.0","-290.0","NA","4621.541599999546","4621.965099999215","47965.10559999933","61035.82659999938","598694.9751000002","61088.67960000043","598695.0162000003","47556.24269999953","NA","598483.7046999992","579702.5180999999","553762.7328999997","61088.71540000018","598694.7312000002","47959.28999999978","579699.0918999991","Experiment","0","0","0","13","1920","diskutiert.","53","25","243"
"<AN>Frauen</AN>","C2","<RN>Experten</RN>","undefined","undefined","True","53","4","<AN>Männer</AN>","135","-65.0","70.0","61.0","114.0","undefined","undefined","#232323","1620","psycho","True","diskutiert","psycho","psycho","undefined","undefined","undefined","0","0","0","0","0","75","0","75","0","0","75","75","75","0","75","0","50","-810.0","-270.5","5","1003.0","92.9207937090509","Tue Jul 28 12:08:17 2026","The main experiment item","False","Im Rahmen einer öffentlichen Veranstaltung wird über die Zukunft der Hochschulen und die Forschungsförderung diskutiert. Die <RN>Professorinnen</RN> diskutieren über die Zukunft der Hochschulen und setzen sich für mehr Forschungsgelder ein, doch diese <AN>Männer</AN> lehnen die Vorschläge ab. Die nächsten Schritte werden derzeit kontrovers diskutiert.","experiment.osexp","D:\ET_course_project_gender-bias\experiment","False","mono","False","39","no","white","no","yes","1080","10","space","psycho","178.0","3.0","117","5","75","75","D:\ET_course_project_gender-bias\experiment\subject-1.csv","150","psycho","an_found","Neonatal Nightingale","4.1.14","461.0","178.0","2","0","space","NA","space","space","space","18780.52000000025","NA","13070.05879999997","18780.52000000025","True","53","2","<RN>Professorinnen</RN>","317","461.0","778.0","-173.0","-120.0","2","psycho","1","Im Rahmen einer öffentlichen Veranstaltung wird über die Zukunft der Hochschulen und die Forschungsförderung diskutiert. Die <RN>Professorinnen</RN> diskutieren über die Zukunft der Hochschulen und setzen sich für mehr Forschungsgelder ein, doch diese <AN>Männer</AN> lehnen die Vorschläge ab. Die nächsten Schritte werden derzeit kontrovers diskutiert.","Im Rahmen einer universitären Veranstaltung werden aktuelle Fragestellungen der Rüstungsindustrie behandelt. Die große Mehrheit dieser <RN>Fachleute</RN> sehen eine stärkere Aufrüstung für Deutschland als notwendig, doch diese Gruppe von <AN>Frauen</AN> kritisiert dessen Finanzierung. Die Auswirkungen der Entscheidung werden noch geprüft.","1","1024","2","48000","-16","53","4","135","70.0","205.0","61.0","114.0","experiment","1","odd","553773.9818","-810.0","-290.0","NA","4621.541599999546","4621.965099999215","47965.10559999933","61035.82659999938","598721.8652999991","61088.67960000043","598721.9037000005","47556.24269999953","NA","598483.7046999992","579702.5180999999","553762.7328999997","61088.71540000018","598721.6753999991","47959.28999999978","579699.0918999991","Experiment","0","0","0","13","1920","diskutiert.","53","25","243"
"<AN>Männer</AN>","C5","<RN>Einwohner*innen</RN>","undefined","undefined","True","53","4","<AN>Männer</AN>","135","-65.0","70.0","61.0","114.0","undefined","undefined","#232323","1620","psycho","True","diskutiert","psycho","psycho","undefined","undefined","undefined","0","0","0","0","0","76","0","76","0","0","76","76","76","0","76","0","50","-810.0","-270.5","5","1003.0","92.9207937090509","Tue Jul 28 12:08:17 2026","The main experiment item","False","Im Rahmen einer öffentlichen Veranstaltung wird über die Zukunft der Hochschulen und die Forschungsförderung diskutiert. Die <RN>Professorinnen</RN> diskutieren über die Zukunft der Hochschulen und setzen sich für mehr Forschungsgelder ein, doch diese <AN>Männer</AN> lehnen die Vorschläge ab. Die nächsten Schritte werden derzeit kontrovers diskutiert.","experiment.osexp","D:\ET_course_project_gender-bias\experiment","False","mono","False","39","no","white","no","yes","1080","8","space","psycho","178.0","3.0","117","4","76","76","D:\ET_course_project_gender-bias\experiment\subject-1.csv","150","psycho","an_found","Neonatal Nightingale","4.1.14","461.0","178.0","2","0","space","NA","space","space","space","18780.52000000025","NA","13070.05879999997","18780.52000000025","True","53","2","<RN>Professorinnen</RN>","317","461.0","778.0","-173.0","-120.0","2","psycho","1","Im Rahmen einer öffentlichen Veranstaltung wird über die Zukunft der Hochschulen und die Forschungsförderung diskutiert. Die <RN>Professorinnen</RN> diskutieren über die Zukunft der Hochschulen und setzen sich für mehr Forschungsgelder ein, doch diese <AN>Männer</AN> lehnen die Vorschläge ab. Die nächsten Schritte werden derzeit kontrovers diskutiert.","Im Rahmen einer öffentlichen Veranstaltung wird derzeit über Fragen der inneren Sicherheit und gesellschaftliche Entwicklungen gesprochen. Die <RN>Bürger</RN> diskutieren über Fragen der Sicherheit bezüglich der aktuellen Krise, doch diese <AN>Männer</AN> fordern härtere Maßnahmen. Die weiteren Maßnahmen stoßen auf geteilte Reaktionen.","1","1024","2","48000","-16","53","4","135","70.0","205.0","61.0","114.0","experiment","1","odd","553773.9818","-810.0","-290.0","NA","4621.541599999546","4621.965099999215","47965.10559999933","61035.82659999938","598747.6932","61088.67960000043","598747.7274000002","47556.24269999953","NA","598483.7046999992","579702.5180999999","553762.7328999997","61088.71540000018","598747.6032000004","47959.28999999978","579699.0918999991","Experiment","0","0","0","13","1920","diskutiert.","53","25","243"
"<AN>Frauen</AN>","C6","<RN>Lehrer*innen</RN>","undefined","undefined","True","53","4","<AN>Frauen</AN>","132","-333.0","-201.0","61.0","114.0","undefined","undefined","#232323","1620","psycho","True","Diskussionen","psycho","psycho","undefined","undefined","undefined","0","0","0","0","0","77","0","77","0","0","77","77","77","0","77","0","50","-810.0","-270.5","5","1004.0","57.3544709985194","Tue Jul 28 12:08:17 2026","The main experiment item","False","Auf einer Konferenz zu Bildungsfragen wird derzeit über aktuelle schulische Themen gesprochen. Die <RN>Lehrer*innen</RN> sollen mehr auf Disziplin und Konsequenzen im Unterricht setzen, doch aus pädagogischen Gründen lehnen diese <AN>Frauen</AN> die Vorschläge ab. Die kommenden Entwicklungen sind weiterhin Gegenstand von Diskussionen.","experiment.osexp","D:\ET_course_project_gender-bias\experiment","False","mono","False","39","no","white","no","yes","1080","6","space","psycho","178.0","3.0","117","1","77","77","D:\ET_course_project_gender-bias\experiment\subject-1.csv","150","psycho","an_found","Neonatal Nightingale","4.1.14","508.0","178.0","2","0","space","NA","space","space","space","15205.01449999935","NA","13070.05879999997","15205.01449999935","True","53","2","<RN>Lehrer*innen</RN>","270","-39.0","231.0","-173.0","-120.0","2","psycho","1","Auf einer Konferenz zu Bildungsfragen wird derzeit über aktuelle schulische Themen gesprochen. Die <RN>Lehrer</RN> sollen mehr auf Disziplin und Konsequenzen im Unterricht setzen, doch aus pädagogischen Gründen lehnen diese <AN>Frauen</AN> die Vorschläge ab. Die kommenden Entwicklungen sind weiterhin Gegenstand von Diskussionen.","Auf einer Konferenz zu Bildungsfragen wird derzeit über aktuelle schulische Themen gesprochen. Die <RN>Lehrer</RN> sollen mehr auf Disziplin und Konsequenzen im Unterricht setzen, doch aus pädagogischen Gründen lehnen diese <AN>Frauen</AN> die Vorschläge ab. Die kommenden Entwicklungen sind weiterhin Gegenstand von Diskussionen.","0","1024","2","48000","-16","53","4","132","-201.0","-69.0","61.0","114.0","experiment","1","odd","598787.3712999999","-810.0","-290.0","NA","4621.541599999546","4621.965099999215","47965.10559999933","61035.82659999938","598775.1165","61088.67960000043","630192.9824999997","47556.24269999953","NA","630147.9239999999","614942.1059999996","598775.1500999994","61088.71540000018","598774.8455999999","47959.28999999978","614939.0694999993","Experiment","0","0","0","14","1920","Diskussionen.","53","25","289"
"<AN>Frauen</AN>","C4","<RN>Polizistinnen</RN>","undefined","undefined","True","53","4","<AN>Frauen</AN>","132","-333.0","-201.0","61.0","114.0","undefined","undefined","#232323","1620","psycho","True","Diskussionen","psycho","psycho","undefined","undefined","undefined","0","0","0","0","0","78","0","78","0","0","78","78","78","0","78","0","50","-810.0","-270.5","5","1004.0","57.3544709985194","Tue Jul 28 12:08:17 2026","The main experiment item","False","Auf einer Konferenz zu Bildungsfragen wird derzeit über aktuelle schulische Themen gesprochen. Die <RN>Lehrer*innen</RN> sollen mehr auf Disziplin und Konsequenzen im Unterricht setzen, doch aus pädagogischen Gründen lehnen diese <AN>Frauen</AN> die Vorschläge ab. Die kommenden Entwicklungen sind weiterhin Gegenstand von Diskussionen.","experiment.osexp","D:\ET_course_project_gender-bias\experiment","False","mono","False","39","no","white","no","yes","1080","18","space","psycho","178.0","3.0","117","5","78","78","D:\ET_course_project_gender-bias\experiment\subject-1.csv","150","psycho","an_found","Neonatal Nightingale","4.1.14","508.0","178.0","2","0","space","NA","space","space","space","15205.01449999935","NA","13070.05879999997","15205.01449999935","True","53","2","<RN>Lehrer*innen</RN>","270","-39.0","231.0","-173.0","-120.0","2","psycho","1","Auf einer Konferenz zu Bildungsfragen wird derzeit über aktuelle schulische Themen gesprochen. Die <RN>Lehrer</RN> sollen mehr auf Disziplin und Konsequenzen im Unterricht setzen, doch aus pädagogischen Gründen lehnen diese <AN>Frauen</AN> die Vorschläge ab. Die kommenden Entwicklungen sind weiterhin Gegenstand von Diskussionen.","Bei einer öffentlichen Sitzung im Rathaus wird über neue Verkehrsregelungen gesprochen. Die <RN>Polizistinnen</RN> diskutieren laut über mehr Sicherheit im Straßenverkehr und setzen sich für strengere Kontrollen ein, doch diese <AN>Männer</AN> lehnen die Vorschläge ab. Die nächsten Maßnahmen werden derzeit kontrovers verhandelt.","1","1024","2","48000","-16","53","4","132","-201.0","-69.0","61.0","114.0","experiment","1","odd","598787.3712999999","-810.0","-290.0","NA","4621.541599999546","4621.965099999215","47965.10559999933","61035.82659999938","630219.0499999988","61088.67960000043","630219.0923999997","47556.24269999953","NA","630147.9239999999","614942.1059999996","598775.1500999994","61088.71540000018","630218.9188000002","47959.28999999978","614939.0694999993","Experiment","0","0","0","14","1920","Diskussionen.","53","25","289"
"<AN>Männer</AN>","C5","<RN>Arbeitnehmer*innen</RN>","undefined","undefined","True","53","4","<AN>Frauen</AN>","132","-333.0","-201.0","61.0","114.0","undefined","undefined","#232323","1620","psycho","True","Diskussionen","psycho","psycho","undefined","undefined","undefined","0","0","0","0","0","79","0","79","0","0","79","79","79","0","79","0","50","-810.0","-270.5","5","1004.0","57.3544709985194","Tue Jul 28 12:08:17 2026","The main experiment item","False","Auf einer Konferenz zu Bildungsfragen wird derzeit über aktuelle schulische Themen gesprochen. Die <RN>Lehrer*innen</RN> sollen mehr auf Disziplin und Konsequenzen im Unterricht setzen, doch aus pädagogischen Gründen lehnen diese <AN>Frauen</AN> die Vorschläge ab. Die kommenden Entwicklungen sind weiterhin Gegenstand von Diskussionen.","experiment.osexp","D:\ET_course_project_gender-bias\experiment","False","mono","False","39","no","white","no","yes","1080","12","space","psycho","178.0","3.0","117","6","79","79","D:\ET_course_project_gender-bias\experiment\subject-1.csv","150","psycho","an_found","Neonatal Nightingale","4.1.14","508.0","178.0","2","0","space","NA","space","space","space","15205.01449999935","NA","13070.05879999997","15205.01449999935","True","53","2","<RN>Lehrer*innen</RN>","270","-39.0","231.0","-173.0","-120.0","2","psycho","1","Auf einer Konferenz zu Bildungsfragen wird derzeit über aktuelle schulische Themen gesprochen. Die <RN>Lehrer</RN> sollen mehr auf Disziplin und Konsequenzen im Unterricht setzen, doch aus pädagogischen Gründen lehnen diese <AN>Frauen</AN> die Vorschläge ab. Die kommenden Entwicklungen sind weiterhin Gegenstand von Diskussionen.","Auf einer Gewerkschaftsveranstaltung wird derzeit über Löhne, Arbeitsbedingungen und Arbeitnehmerrechte diskutiert. Die <RN>Beschäftigten</RN> fordern bessere Bezahlung und faire Arbeitsbedingungen, doch diese <AN>Frauen</AN> sehen vor allem strukturelle Probleme. Die kommenden Entwicklungen sind weiterhin Gegenstand von Diskussionen.","1","1024","2","48000","-16","53","4","132","-201.0","-69.0","61.0","114.0","experiment","1","odd","598787.3712999999","-810.0","-290.0","NA","4621.541599999546","4621.965099999215","47965.10559999933","61035.82659999938","630247.7200000003","61088.67960000043","630247.7716999992","47556.24269999953","NA","630147.9239999999","614942.1059999996","598775.1500999994","61088.71540000018","630247.5361999995","47959.28999999978","614939.0694999993","Experiment","0","0","0","14","1920","Diskussionen.","53","25","289"
"<AN>Frauen</AN>","C4","<RN>Dozentinnen</RN>","undefined","undefined","True","53","4","<AN>Frauen</AN>","132","-333.0","-201.0","61.0","114.0","undefined","undefined","#232323","1620","psycho","True","Diskussionen","psycho","psycho","undefined","undefined","undefined","0","0","0","0","0","80","0","80","0","0","80","80","80","0","80","0","50","-810.0","-270.5","5","1004.0","57.3544709985194","Tue Jul 28 12:08:17 2026","The main experiment item","False","Auf einer Konferenz zu Bildungsfragen wird derzeit über aktuelle schulische Themen gesprochen. Die <RN>Lehrer*innen</RN> sollen mehr auf Disziplin und Konsequenzen im Unterricht setzen, doch aus pädagogischen Gründen lehnen diese <AN>Frauen</AN> die Vorschläge ab. Die kommenden Entwicklungen sind weiterhin Gegenstand von Diskussionen.","experiment.osexp","D:\ET_course_project_gender-bias\experiment","False","mono","False","39","no","white","no","yes","1080","9","space","psycho","178.0","3.0","117","2","80","80","D:\ET_course_project_gender-bias\experiment\subject-1.csv","150","psycho","an_found","Neonatal Nightingale","4.1.14","508.0","178.0","2","0","space","NA","space","space","space","15205.01449999935","NA","13070.05879999997","15205.01449999935","True","53","2","<RN>Lehrer*innen</RN>","270","-39.0","231.0","-173.0","-120.0","2","psycho","1","Auf einer Konferenz zu Bildungsfragen wird derzeit über aktuelle schulische Themen gesprochen. Die <RN>Lehrer</RN> sollen mehr auf Disziplin und Konsequenzen im Unterricht setzen, doch aus pädagogischen Gründen lehnen diese <AN>Frauen</AN> die Vorschläge ab. Die kommenden Entwicklungen sind weiterhin Gegenstand von Diskussionen.","Auf einer schulischen Tagung werden aktuelle Kontroversen rund um Vorlesungsführung und Leistungsbewertung diskutiert. Die <RN>Dozent*innen</RN> fordern erhöhte Leistungsorientierung und strengere Notenvergabe im Lehrplan, doch diese <AN>Männer</AN> stoßen dabei auf Gegendruck von Eltern. Die Debatte über das Thema hält weiter an.","1","1024","2","48000","-16","53","4","132","-201.0","-69.0","61.0","114.0","experiment","1","odd","598787.3712999999","-810.0","-290.0","NA","4621.541599999546","4621.965099999215","47965.10559999933","61035.82659999938","630274.1779999988","61088.67960000043","630274.2231999992","47556.24269999953","NA","630147.9239999999","614942.1059999996","598775.1500999994","61088.71540000018","630274.0040999989","47959.28999999978","614939.0694999993","Experiment","0","0","0","14","1920","Diskussionen.","53","25","289"
"<AN>Frauen</AN>","C2","<RN>Aktivisten</RN>","undefined","undefined","True","53","4","<AN>Frauen</AN>","132","-333.0","-201.0","61.0","114.0","undefined","undefined","#232323","1620","psycho","True","Diskussionen","psycho","psycho","undefined","undefined","undefined","0","0","0","0","0","81","0","81","0","0","81","81","81","0","81","0","50","-810.0","-270.5","5","1004.0","57.3544709985194","Tue Jul 28 12:08:17 2026","The main experiment item","False","Auf einer Konferenz zu Bildungsfragen wird derzeit über aktuelle schulische Themen gesprochen. Die <RN>Lehrer*innen</RN> sollen mehr auf Disziplin und Konsequenzen im Unterricht setzen, doch aus pädagogischen Gründen lehnen diese <AN>Frauen</AN> die Vorschläge ab. Die kommenden Entwicklungen sind weiterhin Gegenstand von Diskussionen.","experiment.osexp","D:\ET_course_project_gender-bias\experiment","False","mono","False","39","no","white","no","yes","1080","11","space","psycho","178.0","3.0","117","4","81","81","D:\ET_course_project_gender-bias\experiment\subject-1.csv","150","psycho","an_found","Neonatal Nightingale","4.1.14","508.0","178.0","2","0","space","NA","space","space","space","15205.01449999935","NA","13070.05879999997","15205.01449999935","True","53","2","<RN>Lehrer*innen</RN>","270","-39.0","231.0","-173.0","-120.0","2","psycho","1","Auf einer Konferenz zu Bildungsfragen wird derzeit über aktuelle schulische Themen gesprochen. Die <RN>Lehrer</RN> sollen mehr auf Disziplin und Konsequenzen im Unterricht setzen, doch aus pädagogischen Gründen lehnen diese <AN>Frauen</AN> die Vorschläge ab. Die kommenden Entwicklungen sind weiterhin Gegenstand von Diskussionen.","Auf einer öffentlichen Veranstaltung werden aktuelle wohnungs- und gesellschaftspolitische Themen diskutiert. Die <RN>Aktivist*innen</RN> fordern mehr bezahlbaren Wohnraum in Stuttgart für alle und diskutieren faire Lösungsansätze, doch diese <AN>Frauen</AN> sehen die Verantwortung stärker beim Bund. Die Auswirkungen der Entscheidung werden noch geprüft.","1","1024","2","48000","-16","53","4","132","-201.0","-69.0","61.0","114.0","experiment","1","odd","598787.3712999999","-810.0","-290.0","NA","4621.541599999546","4621.965099999215","47965.10559999933","61035.82659999938","630302.6191999988","61088.67960000043","630302.6691000004","47556.24269999953","NA","630147.9239999999","614942.1059999996","598775.1500999994","61088.71540000018","630301.7969000002","47959.28999999978","614939.0694999993","Experiment","0","0","0","14","1920","Diskussionen.","53","25","289"
"<AN>Männer</AN>","C5","<RN>Professor*innen</RN>","undefined","undefined","True","53","4","<AN>Frauen</AN>","132","-333.0","-201.0","61.0","114.0","undefined","undefined","#232323","1620","psycho","True","Diskussionen","psycho","psycho","undefined","undefined","undefined","0","0","0","0","0","82","0","82","0","0","82","82","82","0","82","0","50","-810.0","-270.5","5","1004.0","57.3544709985194","Tue Jul 28 12:08:17 2026","The main experiment item","False","Auf einer Konferenz zu Bildungsfragen wird derzeit über aktuelle schulische Themen gesprochen. Die <RN>Lehrer*innen</RN> sollen mehr auf Disziplin und Konsequenzen im Unterricht setzen, doch aus pädagogischen Gründen lehnen diese <AN>Frauen</AN> die Vorschläge ab. Die kommenden Entwicklungen sind weiterhin Gegenstand von Diskussionen.","experiment.osexp","D:\ET_course_project_gender-bias\experiment","False","mono","False","39","no","white","no","yes","1080","15","space","psycho","178.0","3.0","117","3","82","82","D:\ET_course_project_gender-bias\experiment\subject-1.csv","150","psycho","an_found","Neonatal Nightingale","4.1.14","508.0","178.0","2","0","space","NA","space","space","space","15205.01449999935","NA","13070.05879999997","15205.01449999935","True","53","2","<RN>Lehrer*innen</RN>","270","-39.0","231.0","-173.0","-120.0","2","psycho","1","Auf einer Konferenz zu Bildungsfragen wird derzeit über aktuelle schulische Themen gesprochen. Die <RN>Lehrer</RN> sollen mehr auf Disziplin und Konsequenzen im Unterricht setzen, doch aus pädagogischen Gründen lehnen diese <AN>Frauen</AN> die Vorschläge ab. Die kommenden Entwicklungen sind weiterhin Gegenstand von Diskussionen.","Im Rahmen einer öffentlichen Veranstaltung wird über die Zukunft der Hochschulen und die Forschungsförderung diskutiert. Die <RN>Professorinnen</RN> diskutieren über die Zukunft der Hochschulen und setzen sich für mehr Forschungsgelder ein, doch diese <AN>Männer</AN> lehnen die Vorschläge ab. Die nächsten Schritte werden derzeit kontrovers diskutiert.","1","1024","2","48000","-16","53","4","132","-201.0","-69.0","61.0","114.0","experiment","1","odd","598787.3712999999","-810.0","-290.0","NA","4621.541599999546","4621.965099999215","47965.10559999933","61035.82659999938","630328.9077","61088.67960000043","630328.9534999995","47556.24269999953","NA","630147.9239999999","614942.1059999996","598775.1500999994","61088.71540000018","630328.6049999997","47959.28999999978","614939.0694999993","Experiment","0","0","0","14","1920","Diskussionen.","53","25","289"
"<AN>Frauen</AN>","C4","<RN>Expertinnen</RN>","undefined","undefined","True","53","4","<AN>Frauen</AN>","132","-333.0","-201.0","61.0","114.0","undefined","undefined","#232323","1620","psycho","True","Diskussionen","psycho","psycho","undefined","undefined","undefined","0","0","0","0","0","83","0","83","0","0","83","83","83","0","83","0","50","-810.0","-270.5","5","1004.0","57.3544709985194","Tue Jul 28 12:08:17 2026","The main experiment item","False","Auf einer Konferenz zu Bildungsfragen wird derzeit über aktuelle schulische Themen gesprochen. Die <RN>Lehrer*innen</RN> sollen mehr auf Disziplin und Konsequenzen im Unterricht setzen, doch aus pädagogischen Gründen lehnen diese <AN>Frauen</AN> die Vorschläge ab. Die kommenden Entwicklungen sind weiterhin Gegenstand von Diskussionen.","experiment.osexp","D:\ET_course_project_gender-bias\experiment","False","mono","False","39","no","white","no","yes","1080","7","space","psycho","178.0","3.0","117","4","83","83","D:\ET_course_project_gender-bias\experiment\subject-1.csv","150","psycho","an_found","Neonatal Nightingale","4.1.14","508.0","178.0","2","0","space","NA","space","space","space","15205.01449999935","NA","13070.05879999997","15205.01449999935","True","53","2","<RN>Lehrer*innen</RN>","270","-39.0","231.0","-173.0","-120.0","2","psycho","1","Auf einer Konferenz zu Bildungsfragen wird derzeit über aktuelle schulische Themen gesprochen. Die <RN>Lehrer</RN> sollen mehr auf Disziplin und Konsequenzen im Unterricht setzen, doch aus pädagogischen Gründen lehnen diese <AN>Frauen</AN> die Vorschläge ab. Die kommenden Entwicklungen sind weiterhin Gegenstand von Diskussionen.","Beim Sommerfest eines Unternehmens wird über wirtschaftliche Entwicklungen und gesellschaftliche Herausforderungen diskutiert. Die <RN>Fachleute</RN> sehen große Herausforderungen im nächsten Geschäftsjahr, dennoch bleiben diese <AN>Männer</AN> optimistisch. Die unternehmerischen Folgen werden unterschiedlich bewertet.","1","1024","2","48000","-16","53","4","132","-201.0","-69.0","61.0","114.0","experiment","1","odd","598787.3712999999","-810.0","-290.0","NA","4621.541599999546","4621.965099999215","47965.10559999933","61035.82659999938","630354.6250999998","61088.67960000043","630354.6684000003","47556.24269999953","NA","630147.9239999999","614942.1059999996","598775.1500999994","61088.71540000018","630354.4047000005","47959.28999999978","614939.0694999993","Experiment","0","0","0","14","1920","Diskussionen.","53","25","289"
"<AN>Männer</AN>","C5","<RN>Krankenpfleger*innen</RN>","undefined","undefined","True","53","4","<AN>Frauen</AN>","132","-333.0","-201.0","61.0","114.0","undefined","undefined","#232323","1620","psycho","True","Diskussionen","psycho","psycho","undefined","undefined","undefined","0","0","0","0","0","84","0","84","0","0","84","84","84","0","84","0","50","-810.0","-270.5","5","1004.0","57.3544709985194","Tue Jul 28 12:08:17 2026","The main experiment item","False","Auf einer Konferenz zu Bildungsfragen wird derzeit über aktuelle schulische Themen gesprochen. Die <RN>Lehrer*innen</RN> sollen mehr auf Disziplin und Konsequenzen im Unterricht setzen, doch aus pädagogischen Gründen lehnen diese <AN>Frauen</AN> die Vorschläge ab. Die kommenden Entwicklungen sind weiterhin Gegenstand von Diskussionen.","experiment.osexp","D:\ET_course_project_gender-bias\experiment","False","mono","False","39","no","white","no","yes","1080","16","space","psycho","178.0","3.0","117","2","84","84","D:\ET_course_project_gender-bias\experiment\subject-1.csv","150","psycho","an_found","Neonatal Nightingale","4.1.14","508.0","178.0","2","0","space","NA","space","space","space","15205.01449999935","NA","13070.05879999997","15205.01449999935","True","53","2","<RN>Lehrer*innen</RN>","270","-39.0","231.0","-173.0","-120.0","2","psycho","1","Auf einer Konferenz zu Bildungsfragen wird derzeit über aktuelle schulische Themen gesprochen. Die <RN>Lehrer</RN> sollen mehr auf Disziplin und Konsequenzen im Unterricht setzen, doch aus pädagogischen Gründen lehnen diese <AN>Frauen</AN> die Vorschläge ab. Die kommenden Entwicklungen sind weiterhin Gegenstand von Diskussionen.","Bei einer Informationsveranstaltung im Krankenhaus wird über aktuelle Impfreformen und deren Auswirkungen gesprochen. Die <RN>Krankenschwestern</RN> diskutieren über Long Covid und setzen sich für mehr Unterstützung ein, doch diese <AN>Männer</AN> lehnen die Vorschläge ab. Die nächsten Schritte werden derzeit kontrovers diskutiert.","1","1024","2","48000","-16","53","4","132","-201.0","-69.0","61.0","114.0","experiment","1","odd","598787.3712999999","-810.0","-290.0","NA","4621.541599999546","4621.965099999215","47965.10559999933","61035.82659999938","630382.2154999989","61088.67960000043","630382.2532999993","47556.24269999953","NA","630147.9239999999","614942.1059999996","598775.1500999994","61088.71540000018","630382.0158999998","47959.28999999978","614939.0694999993","Experiment","0","0","0","14","1920","Diskussionen.","53","25","289"
"<AN>Männer</AN>","C5","<RN>Polizist*innen</RN>","undefined","undefined","True","53","4","<AN>Frauen</AN>","132","-333.0","-201.0","61.0","114.0","undefined","undefined","#232323","1620","psycho","True","Diskussionen","psycho","psycho","undefined","undefined","undefined","0","0","0","0","0","85","0","85","0","0","85","85","85","0","85","0","50","-810.0","-270.5","5","1004.0","57.3544709985194","Tue Jul 28 12:08:17 2026","The main experiment item","False","Auf einer Konferenz zu Bildungsfragen wird derzeit über aktuelle schulische Themen gesprochen. Die <RN>Lehrer*innen</RN> sollen mehr auf Disziplin und Konsequenzen im Unterricht setzen, doch aus pädagogischen Gründen lehnen diese <AN>Frauen</AN> die Vorschläge ab. Die kommenden Entwicklungen sind weiterhin Gegenstand von Diskussionen.","experiment.osexp","D:\ET_course_project_gender-bias\experiment","False","mono","False","39","no","white","no","yes","1080","18","space","psycho","178.0","3.0","117","6","85","85","D:\ET_course_project_gender-bias\experiment\subject-1.csv","150","psycho","an_found","Neonatal Nightingale","4.1.14","508.0","178.0","2","0","space","NA","space","space","space","15205.01449999935","NA","13070.05879999997","15205.01449999935","True","53","2","<RN>Lehrer*innen</RN>","270","-39.0","231.0","-173.0","-120.0","2","psycho","1","Auf einer Konferenz zu Bildungsfragen wird derzeit über aktuelle schulische Themen gesprochen. Die <RN>Lehrer</RN> sollen mehr auf Disziplin und Konsequenzen im Unterricht setzen, doch aus pädagogischen Gründen lehnen diese <AN>Frauen</AN> die Vorschläge ab. Die kommenden Entwicklungen sind weiterhin Gegenstand von Diskussionen.","Bei einer öffentlichen Sitzung im Rathaus wird über neue Verkehrsregelungen gesprochen. Die <RN>Polizistinnen</RN> diskutieren laut über mehr Sicherheit im Straßenverkehr und setzen sich für strengere Kontrollen ein, doch diese <AN>Männer</AN> lehnen die Vorschläge ab. Die nächsten Maßnahmen werden derzeit kontrovers verhandelt.","1","1024","2","48000","-16","53","4","132","-201.0","-69.0","61.0","114.0","experiment","1","odd","598787.3712999999","-810.0","-290.0","NA","4621.541599999546","4621.965099999215","47965.10559999933","61035.82659999938","630408.1039999992","61088.67960000043","630408.1407999992","47556.24269999953","NA","630147.9239999999","614942.1059999996","598775.1500999994","61088.71540000018","630407.9321","47959.28999999978","614939.0694999993","Experiment","0","0","0","14","1920","Diskussionen.","53","25","289"
"<AN>Männer</AN>","C1","<RN>Arbeitnehmer</RN>","undefined","undefined","True","53","4","<AN>Frauen</AN>","132","-333.0","-201.0","61.0","114.0","undefined","undefined","#232323","1620","psycho","True","Diskussionen","psycho","psycho","undefined","undefined","undefined","0","0","0","0","0","86","0","86","0","0","86","86","86","0","86","0","50","-810.0","-270.5","5","1004.0","57.3544709985194","Tue Jul 28 12:08:17 2026","The main experiment item","False","Auf einer Konferenz zu Bildungsfragen wird derzeit über aktuelle schulische Themen gesprochen. Die <RN>Lehrer*innen</RN> sollen mehr auf Disziplin und Konsequenzen im Unterricht setzen, doch aus pädagogischen Gründen lehnen diese <AN>Frauen</AN> die Vorschläge ab. Die kommenden Entwicklungen sind weiterhin Gegenstand von Diskussionen.","experiment.osexp","D:\ET_course_project_gender-bias\experiment","False","mono","False","39","no","white","no","yes","1080","5","space","psycho","178.0","3.0","117","3","86","86","D:\ET_course_project_gender-bias\experiment\subject-1.csv","150","psycho","an_found","Neonatal Nightingale","4.1.14","508.0","178.0","2","0","space","NA","space","space","space","15205.01449999935","NA","13070.05879999997","15205.01449999935","True","53","2","<RN>Lehrer*innen</RN>","270","-39.0","231.0","-173.0","-120.0","2","psycho","1","Auf einer Konferenz zu Bildungsfragen wird derzeit über aktuelle schulische Themen gesprochen. Die <RN>Lehrer</RN> sollen mehr auf Disziplin und Konsequenzen im Unterricht setzen, doch aus pädagogischen Gründen lehnen diese <AN>Frauen</AN> die Vorschläge ab. Die kommenden Entwicklungen sind weiterhin Gegenstand von Diskussionen.","Im Rahmen einer Geschäftsveranstaltung findet derzeit ein Austausch über Arbeitsbedingungen und gesellschaftliche Entwicklungen statt. Die <RN>Arbeitnehmer*innen</RN> erwarten höhere Gehälter und klimatisierte Arbeitsplätze, trotzdem wollen diese <AN>Männer</AN> auch weniger arbeiten. Die Frage nach den Konsequenzen bleibt offen.","1","1024","2","48000","-16","53","4","132","-201.0","-69.0","61.0","114.0","experiment","1","odd","598787.3712999999","-810.0","-290.0","NA","4621.541599999546","4621.965099999215","47965.10559999933","61035.82659999938","630434.7960999995","61088.67960000043","630434.8478999991","47556.24269999953","NA","630147.9239999999","614942.1059999996","598775.1500999994","61088.71540000018","630434.5800999991","47959.28999999978","614939.0694999993","Experiment","0","0","0","14","1920","Diskussionen.","53","25","289"
"<AN>Frauen</AN>","C2","<RN>Krankenpfleger</RN>","undefined","undefined","True","53","4","<AN>Frauen</AN>","132","-333.0","-201.0","61.0","114.0","undefined","undefined","#232323","1620","psycho","True","Diskussionen","psycho","psycho","undefined","undefined","undefined","0","0","0","0","0","87","0","87","0","0","87","87","87","0","87","0","50","-810.0","-270.5","5","1004.0","57.3544709985194","Tue Jul 28 12:08:17 2026","The main experiment item","False","Auf einer Konferenz zu Bildungsfragen wird derzeit über aktuelle schulische Themen gesprochen. Die <RN>Lehrer*innen</RN> sollen mehr auf Disziplin und Konsequenzen im Unterricht setzen, doch aus pädagogischen Gründen lehnen diese <AN>Frauen</AN> die Vorschläge ab. Die kommenden Entwicklungen sind weiterhin Gegenstand von Diskussionen.","experiment.osexp","D:\ET_course_project_gender-bias\experiment","False","mono","False","39","no","white","no","yes","1080","16","space","psycho","178.0","3.0","117","5","87","87","D:\ET_course_project_gender-bias\experiment\subject-1.csv","150","psycho","an_found","Neonatal Nightingale","4.1.14","508.0","178.0","2","0","space","NA","space","space","space","15205.01449999935","NA","13070.05879999997","15205.01449999935","True","53","2","<RN>Lehrer*innen</RN>","270","-39.0","231.0","-173.0","-120.0","2","psycho","1","Auf einer Konferenz zu Bildungsfragen wird derzeit über aktuelle schulische Themen gesprochen. Die <RN>Lehrer</RN> sollen mehr auf Disziplin und Konsequenzen im Unterricht setzen, doch aus pädagogischen Gründen lehnen diese <AN>Frauen</AN> die Vorschläge ab. Die kommenden Entwicklungen sind weiterhin Gegenstand von Diskussionen.","Bei einer Informationsveranstaltung im Krankenhaus wird über aktuelle Impfreformen und deren Auswirkungen gesprochen. Die <RN>Krankenschwestern</RN> diskutieren über Langzeitfolgen von Corona und setzen sich für mehr Unterstützung ein, doch diese <AN>Männer</AN> lehnen die Vorschläge ab. Die nächsten Schritte werden derzeit kontrovers diskutiert.","1","1024","2","48000","-16","53","4","132","-201.0","-69.0","61.0","114.0","experiment","1","odd","598787.3712999999","-810.0","-290.0","NA","4621.541599999546","4621.965099999215","47965.10559999933","61035.82659999938","630462.0430000004","61088.67960000043","630462.0838","47556.24269999953","NA","630147.9239999999","614942.1059999996","598775.1500999994","61088.71540000018","630461.8552000002","47959.28999999978","614939.0694999993","Experiment","0","0","0","14","1920","Diskussionen.","53","25","289"
"<AN>Frauen</AN>","C6","<RN>Expert*innen</RN>","undefined","undefined","True","53","4","<AN>Frauen</AN>","132","-333.0","-201.0","61.0","114.0","undefined","undefined","#232323","1620","psycho","True","Diskussionen","psycho","psycho","undefined","undefined","undefined","0","0","0","0","0","88","0","88","0","0","88","88","88","0","88","0","50","-810.0","-270.5","5","1004.0","57.3544709985194","Tue Jul 28 12:08:17 2026","The main experiment item","False","Auf einer Konferenz zu Bildungsfragen wird derzeit über aktuelle schulische Themen gesprochen. Die <RN>Lehrer*innen</RN> sollen mehr auf Disziplin und Konsequenzen im Unterricht setzen, doch aus pädagogischen Gründen lehnen diese <AN>Frauen</AN> die Vorschläge ab. Die kommenden Entwicklungen sind weiterhin Gegenstand von Diskussionen.","experiment.osexp","D:\ET_course_project_gender-bias\experiment","False","mono","False","39","no","white","no","yes","1080","10","space","psycho","178.0","3.0","117","3","88","88","D:\ET_course_project_gender-bias\experiment\subject-1.csv","150","psycho","an_found","Neonatal Nightingale","4.1.14","508.0","178.0","2","0","space","NA","space","space","space","15205.01449999935","NA","13070.05879999997","15205.01449999935","True","53","2","<RN>Lehrer*innen</RN>","270","-39.0","231.0","-173.0","-120.0","2","psycho","1","Auf einer Konferenz zu Bildungsfragen wird derzeit über aktuelle schulische Themen gesprochen. Die <RN>Lehrer</RN> sollen mehr auf Disziplin und Konsequenzen im Unterricht setzen, doch aus pädagogischen Gründen lehnen diese <AN>Frauen</AN> die Vorschläge ab. Die kommenden Entwicklungen sind weiterhin Gegenstand von Diskussionen.","Im Rahmen einer universitären Veranstaltung werden aktuelle Fragestellungen der Rüstungsindustrie behandelt. Die große Mehrheit dieser <RN>Fachleute</RN> sehen eine stärkere Aufrüstung für Deutschland als notwendig, doch diese Gruppe von <AN>Frauen</AN> kritisiert dessen Finanzierung. Die Auswirkungen der Entscheidung werden noch geprüft.","1","1024","2","48000","-16","53","4","132","-201.0","-69.0","61.0","114.0","experiment","1","odd","598787.3712999999","-810.0","-290.0","NA","4621.541599999546","4621.965099999215","47965.10559999933","61035.82659999938","630488.0831","61088.67960000043","630488.1225999988","47556.24269999953","NA","630147.9239999999","614942.1059999996","598775.1500999994","61088.71540000018","630487.9353999995","47959.28999999978","614939.0694999993","Experiment","0","0","0","14","1920","Diskussionen.","53","25","289"
"<AN>Frauen</AN>","C2","<RN>Arbeitnehmer</RN>","undefined","undefined","True","53","4","<AN>Frauen</AN>","132","-333.0","-201.0","61.0","114.0","undefined","undefined","#232323","1620","psycho","True","Diskussionen","psycho","psycho","undefined","undefined","undefined","0","0","0","0","0","89","0","89","0","0","89","89","89","0","89","0","50","-810.0","-270.5","5","1004.0","57.3544709985194","Tue Jul 28 12:08:17 2026","The main experiment item","False","Auf einer Konferenz zu Bildungsfragen wird derzeit über aktuelle schulische Themen gesprochen. Die <RN>Lehrer*innen</RN> sollen mehr auf Disziplin und Konsequenzen im Unterricht setzen, doch aus pädagogischen Gründen lehnen diese <AN>Frauen</AN> die Vorschläge ab. Die kommenden Entwicklungen sind weiterhin Gegenstand von Diskussionen.","experiment.osexp","D:\ET_course_project_gender-bias\experiment","False","mono","False","39","no","white","no","yes","1080","12","space","psycho","178.0","3.0","117","3","89","89","D:\ET_course_project_gender-bias\experiment\subject-1.csv","150","psycho","an_found","Neonatal Nightingale","4.1.14","508.0","178.0","2","0","space","NA","space","space","space","15205.01449999935","NA","13070.05879999997","15205.01449999935","True","53","2","<RN>Lehrer*innen</RN>","270","-39.0","231.0","-173.0","-120.0","2","psycho","1","Auf einer Konferenz zu Bildungsfragen wird derzeit über aktuelle schulische Themen gesprochen. Die <RN>Lehrer</RN> sollen mehr auf Disziplin und Konsequenzen im Unterricht setzen, doch aus pädagogischen Gründen lehnen diese <AN>Frauen</AN> die Vorschläge ab. Die kommenden Entwicklungen sind weiterhin Gegenstand von Diskussionen.","Auf einer Gewerkschaftsveranstaltung wird derzeit über Löhne, Arbeitsbedingungen und Arbeitnehmerrechte diskutiert. Die <RN>Beschäftigten</RN> fordern bessere Bezahlung und faire Arbeitsbedingungen, doch diese diskussionsfreudigen <AN>Frauen</AN> sehen vor allem strukturelle Probleme. Die kommenden Entwicklungen sind weiterhin Gegenstand von Diskussionen.","1","1024","2","48000","-16","53","4","132","-201.0","-69.0","61.0","114.0","experiment","1","odd","598787.3712999999","-810.0","-290.0","NA","4621.541599999546","4621.965099999215","47965.10559999933","61035.82659999938","630514.3251999989","61088.67960000043","630514.3645999988","47556.24269999953","NA","630147.9239999999","614942.1059999996","598775.1500999994","61088.71540000018","630514.1331999993","47959.28999999978","614939.0694999993","Experiment","0","0","0","14","1920","Diskussionen.","53","25","289"
"<AN>Männer</AN>","C5","<RN>Dozent*innen</RN>","undefined","undefined","True","53","4","<AN>Frauen</AN>","132","-333.0","-201.0","61.0","114.0","undefined","undefined","#232323","1620","psycho","True","Diskussionen","psycho","psycho","undefined","undefined","undefined","0","0","0","0","0","90","0","90","0","0","90","90","90","0","90","0","50","-810.0","-270.5","5","1004.0","57.3544709985194","Tue Jul 28 12:08:17 2026","The main experiment item","False","Auf einer Konferenz zu Bildungsfragen wird derzeit über aktuelle schulische Themen gesprochen. Die <RN>Lehrer*innen</RN> sollen mehr auf Disziplin und Konsequenzen im Unterricht setzen, doch aus pädagogischen Gründen lehnen diese <AN>Frauen</AN> die Vorschläge ab. Die kommenden Entwicklungen sind weiterhin Gegenstand von Diskussionen.","experiment.osexp","D:\ET_course_project_gender-bias\experiment","False","mono","False","39","no","white","no","yes","1080","9","space","psycho","178.0","3.0","117","3","90","90","D:\ET_course_project_gender-bias\experiment\subject-1.csv","150","psycho","an_found","Neonatal Nightingale","4.1.14","508.0","178.0","2","0","space","NA","space","space","space","15205.01449999935","NA","13070.05879999997","15205.01449999935","True","53","2","<RN>Lehrer*innen</RN>","270","-39.0","231.0","-173.0","-120.0","2","psycho","1","Auf einer Konferenz zu Bildungsfragen wird derzeit über aktuelle schulische Themen gesprochen. Die <RN>Lehrer</RN> sollen mehr auf Disziplin und Konsequenzen im Unterricht setzen, doch aus pädagogischen Gründen lehnen diese <AN>Frauen</AN> die Vorschläge ab. Die kommenden Entwicklungen sind weiterhin Gegenstand von Diskussionen.","Auf einer schulischen Tagung werden aktuelle Kontroversen rund um Vorlesungsführung und Leistungsbewertung diskutiert. Die <RN>Dozent*innen</RN> fordern erhöhte Leistungsorientierung und strengere Notenvergabe im Lehrplan, doch diese <AN>Männer</AN> stoßen dabei auf Gegendruck von Eltern. Die Debatte über das Thema hält weiter an.","1","1024","2","48000","-16","53","4","132","-201.0","-69.0","61.0","114.0","experiment","1","odd","598787.3712999999","-810.0","-290.0","NA","4621.541599999546","4621.965099999215","47965.10559999933","61035.82659999938","630540.9128000002","61088.67960000043","630540.9539999991","47556.24269999953","NA","630147.9239999999","614942.1059999996","598775.1500999994","61088.71540000018","630540.7021000001","47959.28999999978","614939.0694999993","Experiment","0","0","0","14","1920","Diskussionen.","53","25","289"
"<AN>Männer</AN>","C1","<RN>Ingenieure</RN>","undefined","undefined","True","53","4","<AN>Frauen</AN>","132","-333.0","-201.0","61.0","114.0","undefined","undefined","#232323","1620","psycho","True","Diskussionen","psycho","psycho","undefined","undefined","undefined","0","0","0","0","0","91","0","91","0","0","91","91","91","0","91","0","50","-810.0","-270.5","5","1004.0","57.3544709985194","Tue Jul 28 12:08:17 2026","The main experiment item","False","Auf einer Konferenz zu Bildungsfragen wird derzeit über aktuelle schulische Themen gesprochen. Die <RN>Lehrer*innen</RN> sollen mehr auf Disziplin und Konsequenzen im Unterricht setzen, doch aus pädagogischen Gründen lehnen diese <AN>Frauen</AN> die Vorschläge ab. Die kommenden Entwicklungen sind weiterhin Gegenstand von Diskussionen.","experiment.osexp","D:\ET_course_project_gender-bias\experiment","False","mono","False","39","no","white","no","yes","1080","17","space","psycho","178.0","3.0","117","3","91","91","D:\ET_course_project_gender-bias\experiment\subject-1.csv","150","psycho","an_found","Neonatal Nightingale","4.1.14","508.0","178.0","2","0","space","NA","space","space","space","15205.01449999935","NA","13070.05879999997","15205.01449999935","True","53","2","<RN>Lehrer*innen</RN>","270","-39.0","231.0","-173.0","-120.0","2","psycho","1","Auf einer Konferenz zu Bildungsfragen wird derzeit über aktuelle schulische Themen gesprochen. Die <RN>Lehrer</RN> sollen mehr auf Disziplin und Konsequenzen im Unterricht setzen, doch aus pädagogischen Gründen lehnen diese <AN>Frauen</AN> die Vorschläge ab. Die kommenden Entwicklungen sind weiterhin Gegenstand von Diskussionen.","Im Rahmen einer städtischen Planungsrunde wird über die zukünftige Mobilität und den Ausbau des Nahverkehrs diskutiert. Die <RN>Ingenieurinnen</RN> diskutieren über Verkehrskonzepte und setzen sich für den Ausbau des ÖPNV ein, doch diese <AN>Männer</AN> lehnen die Vorschläge ab. Die nächsten Schritte werden derzeit kontrovers diskutiert.","1","1024","2","48000","-16","53","4","132","-201.0","-69.0","61.0","114.0","experiment","1","odd","598787.3712999999","-810.0","-290.0","NA","4621.541599999546","4621.965099999215","47965.10559999933","61035.82659999938","630567.0973999995","61088.67960000043","630567.1455000001","47556.24269999953","NA","630147.9239999999","614942.1059999996","598775.1500999994","61088.71540000018","630566.8926999997","47959.28999999978","614939.0694999993","Experiment","0","0","0","14","1920","Diskussionen.","53","25","289"
"<AN>Männer</AN>","C1","<RN>Aktivisten</RN>","undefined","undefined","True","53","4","<AN>Frauen</AN>","132","-333.0","-201.0","61.0","114.0","undefined","undefined","#232323","1620","psycho","True","Diskussionen","psycho","psycho","undefined","undefined","undefined","0","0","0","0","0","92","0","92","0","0","92","92","92","0","92","0","50","-810.0","-270.5","5","1004.0","57.3544709985194","Tue Jul 28 12:08:17 2026","The main experiment item","False","Auf einer Konferenz zu Bildungsfragen wird derzeit über aktuelle schulische Themen gesprochen. Die <RN>Lehrer*innen</RN> sollen mehr auf Disziplin und Konsequenzen im Unterricht setzen, doch aus pädagogischen Gründen lehnen diese <AN>Frauen</AN> die Vorschläge ab. Die kommenden Entwicklungen sind weiterhin Gegenstand von Diskussionen.","experiment.osexp","D:\ET_course_project_gender-bias\experiment","False","mono","False","39","no","white","no","yes","1080","11","space","psycho","178.0","3.0","117","3","92","92","D:\ET_course_project_gender-bias\experiment\subject-1.csv","150","psycho","an_found","Neonatal Nightingale","4.1.14","508.0","178.0","2","0","space","NA","space","space","space","15205.01449999935","NA","13070.05879999997","15205.01449999935","True","53","2","<RN>Lehrer*innen</RN>","270","-39.0","231.0","-173.0","-120.0","2","psycho","1","Auf einer Konferenz zu Bildungsfragen wird derzeit über aktuelle schulische Themen gesprochen. Die <RN>Lehrer</RN> sollen mehr auf Disziplin und Konsequenzen im Unterricht setzen, doch aus pädagogischen Gründen lehnen diese <AN>Frauen</AN> die Vorschläge ab. Die kommenden Entwicklungen sind weiterhin Gegenstand von Diskussionen.","Auf einer öffentlichen Veranstaltung werden aktuelle wohnungs- und gesellschaftspolitische Themen diskutiert. Die <RN>Aktivist*innen</RN> fordern mehr bezahlbaren Wohnraum in Stuttgart für alle und diskutieren faire Lösungsansätze, doch diese <AN>Frauen</AN> sehen die Verantwortung stärker beim Bund. Die Auswirkungen der Entscheidung werden noch geprüft.","1","1024","2","48000","-16","53","4","132","-201.0","-69.0","61.0","114.0","experiment","1","odd","598787.3712999999","-810.0","-290.0","NA","4621.541599999546","4621.965099999215","47965.10559999933","61035.82659999938","630593.0276999997","61088.67960000043","630593.0710000002","47556.24269999953","NA","630147.9239999999","614942.1059999996","598775.1500999994","61088.71540000018","630592.8579000002","47959.28999999978","614939.0694999993","Experiment","0","0","0","14","1920","Diskussionen.","53","25","289"
"<AN>Frauen</AN>","C4","<RN>Professorinnen</RN>","undefined","undefined","True","53","4","<AN>Frauen</AN>","132","-333.0","-201.0","61.0","114.0","undefined","undefined","#232323","1620","psycho","True","Diskussionen","psycho","psycho","undefined","undefined","undefined","0","0","0","0","0","93","0","93","0","0","93","93","93","0","93","0","50","-810.0","-270.5","5","1004.0","57.3544709985194","Tue Jul 28 12:08:17 2026","The main experiment item","False","Auf einer Konferenz zu Bildungsfragen wird derzeit über aktuelle schulische Themen gesprochen. Die <RN>Lehrer*innen</RN> sollen mehr auf Disziplin und Konsequenzen im Unterricht setzen, doch aus pädagogischen Gründen lehnen diese <AN>Frauen</AN> die Vorschläge ab. Die kommenden Entwicklungen sind weiterhin Gegenstand von Diskussionen.","experiment.osexp","D:\ET_course_project_gender-bias\experiment","False","mono","False","39","no","white","no","yes","1080","15","space","psycho","178.0","3.0","117","2","93","93","D:\ET_course_project_gender-bias\experiment\subject-1.csv","150","psycho","an_found","Neonatal Nightingale","4.1.14","508.0","178.0","2","0","space","NA","space","space","space","15205.01449999935","NA","13070.05879999997","15205.01449999935","True","53","2","<RN>Lehrer*innen</RN>","270","-39.0","231.0","-173.0","-120.0","2","psycho","1","Auf einer Konferenz zu Bildungsfragen wird derzeit über aktuelle schulische Themen gesprochen. Die <RN>Lehrer</RN> sollen mehr auf Disziplin und Konsequenzen im Unterricht setzen, doch aus pädagogischen Gründen lehnen diese <AN>Frauen</AN> die Vorschläge ab. Die kommenden Entwicklungen sind weiterhin Gegenstand von Diskussionen.","Im Rahmen einer öffentlichen Veranstaltung wird über die Zukunft der Hochschulen und die Forschungsförderung diskutiert. Die <RN>Professorinnen</RN> diskutieren über die Zukunft der Hochschulen und setzen sich für mehr Forschungsgelder ein, doch diese <AN>Männer</AN> lehnen die Vorschläge ab. Die nächsten Schritte werden derzeit kontrovers diskutiert.","1","1024","2","48000","-16","53","4","132","-201.0","-69.0","61.0","114.0","experiment","1","odd","598787.3712999999","-810.0","-290.0","NA","4621.541599999546","4621.965099999215","47965.10559999933","61035.82659999938","630618.7333999997","61088.67960000043","630618.7727999996","47556.24269999953","NA","630147.9239999999","614942.1059999996","598775.1500999994","61088.71540000018","630618.5212999999","47959.28999999978","614939.0694999993","Experiment","0","0","0","14","1920","Diskussionen.","53","25","289"
"<AN>Frauen</AN>","C6","<RN>Unternehmer*innen</RN>","undefined","undefined","True","53","4","<AN>Frauen</AN>","132","-333.0","-201.0","61.0","114.0","undefined","undefined","#232323","1620","psycho","True","Diskussionen","psycho","psycho","undefined","undefined","undefined","0","0","0","0","0","94","0","94","0","0","94","94","94","0","94","0","50","-810.0","-270.5","5","1004.0","57.3544709985194","Tue Jul 28 12:08:17 2026","The main experiment item","False","Auf einer Konferenz zu Bildungsfragen wird derzeit über aktuelle schulische Themen gesprochen. Die <RN>Lehrer*innen</RN> sollen mehr auf Disziplin und Konsequenzen im Unterricht setzen, doch aus pädagogischen Gründen lehnen diese <AN>Frauen</AN> die Vorschläge ab. Die kommenden Entwicklungen sind weiterhin Gegenstand von Diskussionen.","experiment.osexp","D:\ET_course_project_gender-bias\experiment","False","mono","False","39","no","white","no","yes","1080","4","space","psycho","178.0","3.0","117","3","94","94","D:\ET_course_project_gender-bias\experiment\subject-1.csv","150","psycho","an_found","Neonatal Nightingale","4.1.14","508.0","178.0","2","0","space","NA","space","space","space","15205.01449999935","NA","13070.05879999997","15205.01449999935","True","53","2","<RN>Lehrer*innen</RN>","270","-39.0","231.0","-173.0","-120.0","2","psycho","1","Auf einer Konferenz zu Bildungsfragen wird derzeit über aktuelle schulische Themen gesprochen. Die <RN>Lehrer</RN> sollen mehr auf Disziplin und Konsequenzen im Unterricht setzen, doch aus pädagogischen Gründen lehnen diese <AN>Frauen</AN> die Vorschläge ab. Die kommenden Entwicklungen sind weiterhin Gegenstand von Diskussionen.","Bei einem Networking-Event stehen wirtschaftspolitische und gesellschaftliche Fragestellungen im Mittelpunkt der Diskussion. Die <RN>Unternehmer</RN> brauchen weniger bürokratische Hürden und sprechen über Verbesserungen, doch diese <AN>Männer</AN> fordern weitere steuerliche Entlastungen. Die Folgen dieser Positionen bleiben umstritten.","1","1024","2","48000","-16","53","4","132","-201.0","-69.0","61.0","114.0","experiment","1","odd","598787.3712999999","-810.0","-290.0","NA","4621.541599999546","4621.965099999215","47965.10559999933","61035.82659999938","630645.3899999987","61088.67960000043","630645.4246000003","47556.24269999953","NA","630147.9239999999","614942.1059999996","598775.1500999994","61088.71540000018","630645.3045999997","47959.28999999978","614939.0694999993","Experiment","0","0","0","14","1920","Diskussionen.","53","25","289"
"<AN>Männer</AN>","C1","<RN>Studenten</RN>","undefined","undefined","True","53","4","<AN>Männer</AN>","135","-378.0","-243.0","61.0","114.0","undefined","undefined","#232323","1620","psycho","True","Debatten","psycho","psycho","undefined","undefined","undefined","0","0","0","0","0","95","0","95","0","0","95","95","95","0","95","0","50","-810.0","-270.5","5","1167.0","79.34729626647653","Tue Jul 28 12:08:17 2026","The main experiment item","False","Bei einer Podiumsdiskussion an der Universität wird über aktuelle gesellschaftliche Themen gesprochen. Die <RN>Studenten</RN> müssten wieder stärker leistungsorientiert gefördert werden, doch die Mehrheit dieser dort teilnehmenden <AN>Männer</AN> kritisiert die neuen Anforderungen. Die weitere Entwicklung bleibt Gegenstand öffentlicher Debatten.","experiment.osexp","D:\ET_course_project_gender-bias\experiment","False","mono","False","39","no","white","no","yes","1080","1","space","psycho","178.0","3.0","117","1","95","95","D:\ET_course_project_gender-bias\experiment\subject-1.csv","150","psycho","an_found","Neonatal Nightingale","4.1.14","579.0","178.0","2","0","space","NA","space","space","space","21388.964800000424","NA","13070.05879999997","21388.964800000424","True","53","2","<RN>Studenten</RN>","203","124.0","327.0","-173.0","-120.0","2","psycho","1","Bei einer Podiumsdiskussion an der Universität wird über aktuelle gesellschaftliche Themen gesprochen. Die <RN>Studenten</RN> müssten wieder stärker leistungsorientiert gefördert werden, doch die Mehrheit dieser dort teilnehmenden <AN>Frauen</AN> kritisiert die neuen Anforderungen. Die weitere Entwicklung bleibt Gegenstand öffentlicher Debatten.","Bei einer Podiumsdiskussion an der Universität wird über aktuelle gesellschaftliche Themen gesprochen. Die <RN>Studenten</RN> müssten wieder stärker leistungsorientiert gefördert werden, doch die Mehrheit dieser dort teilnehmenden <AN>Frauen</AN> kritisiert die neuen Anforderungen. Die weitere Entwicklung bleibt Gegenstand öffentlicher Debatten.","0","1024","2","48000","-16","53","4","135","-243.0","-108.0","61.0","114.0","experiment","1","odd","630684.7728000003","-810.0","-290.0","NA","4621.541599999546","4621.965099999215","47965.10559999933","61035.82659999938","630673.9525000002","61088.67960000043","668145.4093999992","47556.24269999953","NA","668099.8494000005","646710.153699999","630673.9774999997","61088.71540000018","630673.8680999997","47959.28999999978","646707.1956999998","Experiment","0","0","0","15","1920","Debatten.","53","25","197"
"<AN>Männer</AN>","C1","<RN>Experten</RN>","undefined","undefined","True","53","4","<AN>Männer</AN>","135","-378.0","-243.0","61.0","114.0","undefined","undefined","#232323","1620","psycho","True","Debatten","psycho","psycho","undefined","undefined","undefined","0","0","0","0","0","96","0","96","0","0","96","96","96","0","96","0","50","-810.0","-270.5","5","1167.0","79.34729626647653","Tue Jul 28 12:08:17 2026","The main experiment item","False","Bei einer Podiumsdiskussion an der Universität wird über aktuelle gesellschaftliche Themen gesprochen. Die <RN>Studenten</RN> müssten wieder stärker leistungsorientiert gefördert werden, doch die Mehrheit dieser dort teilnehmenden <AN>Männer</AN> kritisiert die neuen Anforderungen. Die weitere Entwicklung bleibt Gegenstand öffentlicher Debatten.","experiment.osexp","D:\ET_course_project_gender-bias\experiment","False","mono","False","39","no","white","no","yes","1080","14","space","psycho","178.0","3.0","117","6","96","96","D:\ET_course_project_gender-bias\experiment\subject-1.csv","150","psycho","an_found","Neonatal Nightingale","4.1.14","579.0","178.0","2","0","space","NA","space","space","space","21388.964800000424","NA","13070.05879999997","21388.964800000424","True","53","2","<RN>Studenten</RN>","203","124.0","327.0","-173.0","-120.0","2","psycho","1","Bei einer Podiumsdiskussion an der Universität wird über aktuelle gesellschaftliche Themen gesprochen. Die <RN>Studenten</RN> müssten wieder stärker leistungsorientiert gefördert werden, doch die Mehrheit dieser dort teilnehmenden <AN>Frauen</AN> kritisiert die neuen Anforderungen. Die weitere Entwicklung bleibt Gegenstand öffentlicher Debatten.","Auf einer öffentlichen Veranstaltung stehen Investitionen und langfristige gesellschaftliche Entwicklungen zur Diskussion. Die <RN>Fachfrauen</RN> unterstützen höhere Investitionen und langfristige Entwicklungen, doch diese <AN>Männer</AN> kritisieren die Umsetzung. Die politischen Folgen werden unterschiedlich bewertet.","1","1024","2","48000","-16","53","4","135","-243.0","-108.0","61.0","114.0","experiment","1","odd","630684.7728000003","-810.0","-290.0","NA","4621.541599999546","4621.965099999215","47965.10559999933","61035.82659999938","668173.2388999999","61088.67960000043","668173.2975999994","47556.24269999953","NA","668099.8494000005","646710.153699999","630673.9774999997","61088.71540000018","668172.8744999991","47959.28999999978","646707.1956999998","Experiment","0","0","0","15","1920","Debatten.","53","25","197"
"<AN>Frauen</AN>","C6","<RN>Arbeitnehmer*innen</RN>","undefined","undefined","True","53","4","<AN>Frauen</AN>","132","-105.0","27.0","61.0","114.0","undefined","undefined","#232323","1620","psycho","True","Diskussionen","psycho","psycho","undefined","undefined","undefined","0","0","0","0","0","97","0","97","0","0","97","97","97","0","97","0","50","-810.0","-270.5","6","1543.0","81.08310091060898","Tue Jul 28 12:08:17 2026","The main experiment item","False","Auf einer Gewerkschaftsveranstaltung wird derzeit über Löhne, Arbeitsbedingungen und Arbeitnehmerrechte diskutiert. Die <RN>Arbeitnehmer*innen</RN> fordern bessere Bezahlung und faire Arbeitsbedingungen, doch diese <AN>Frauen</AN> sehen vor allem strukturelle Probleme. Die kommenden Entwicklungen sind weiterhin Gegenstand von Diskussionen.","experiment.osexp","D:\ET_course_project_gender-bias\experiment","False","mono","False","39","no","white","no","yes","1080","12","space","psycho","295.0","3.0","117","1","97","97","D:\ET_course_project_gender-bias\experiment\subject-1.csv","150","psycho","an_found","Neonatal Nightingale","4.1.14","-496.0","295.0","2","0","space","NA","space","space","space","24292.767299999483","NA","13070.05879999997","24292.767299999483","True","53","3","<RN>Arbeitnehmer*innen</RN>","412","-810.0","-398.0","-56.0","-3.0","2","psycho","1","Auf einer Gewerkschaftsveranstaltung wird derzeit über Löhne, Arbeitsbedingungen und Arbeitnehmerrechte diskutiert. Die <RN>Beschäftigten</RN> fordern bessere Bezahlung und faire Arbeitsbedingungen, doch diese <AN>Frauen</AN> sehen vor allem strukturelle Probleme. Die kommenden Entwicklungen sind weiterhin Gegenstand von Diskussionen.","Auf einer Gewerkschaftsveranstaltung wird derzeit über Löhne, Arbeitsbedingungen und Arbeitnehmerrechte diskutiert. Die <RN>Beschäftigten</RN> fordern bessere Bezahlung und faire Arbeitsbedingungen, doch diese <AN>Frauen</AN> sehen vor allem strukturelle Probleme. Die kommenden Entwicklungen sind weiterhin Gegenstand von Diskussionen.","0","1024","2","48000","-16","53","4","132","27.0","159.0","61.0","114.0","experiment","1","odd","668211.5339999992","-810.0","-290.0","NA","4621.541599999546","4621.965099999215","47965.10559999933","61035.82659999938","668200.611199999","61088.67960000043","717321.6215000002","47556.24269999953","NA","717275.8470999988","692982.3478999997","668200.6592999996","61088.71540000018","668200.3696999991","47959.28999999978","692979.1290999992","Experiment","0","0","0","16","1920","Diskussionen.","53","25","289"
"<AN>Frauen</AN>","C4","<RN>Expertinnen</RN>","undefined","undefined","True","53","4","<AN>Frauen</AN>","132","-63.0","69.0","61.0","114.0","undefined","undefined","#232323","1620","psycho","True","geprüft","psycho","psycho","undefined","undefined","undefined","0","0","0","0","0","98","0","98","0","0","98","98","98","0","98","0","50","-810.0","-270.5","5","1052.0","83.67932582615614","Tue Jul 28 12:08:17 2026","The main experiment item","False","Im Rahmen einer universitären Veranstaltung werden aktuelle Fragestellungen der Rüstungsindustrie behandelt. Die große Mehrheit dieser <RN>Expertinnen</RN> sieht eine stärkere Aufrüstung für Deutschland als notwendig, doch diese Gruppe von <AN>Frauen</AN> kritisiert dessen Finanzierung. Die Auswirkungen der Entscheidung werden noch geprüft.","experiment.osexp","D:\ET_course_project_gender-bias\experiment","False","mono","False","39","no","white","no","yes","1080","10","space","psycho","178.0","3.0","117","1","98","98","D:\ET_course_project_gender-bias\experiment\subject-1.csv","150","psycho","an_found","Neonatal Nightingale","4.1.14","442.0","178.0","2","0","space","NA","space","space","space","18964.954999999492","NA","13070.05879999997","18964.954999999492","True","53","3","<RN>Expertinnen</RN>","248","-651.0","-403.0","-56.0","-3.0","2","psycho","1","Im Rahmen einer universitären Veranstaltung werden aktuelle Fragestellungen der Rüstungsindustrie behandelt. Die große Mehrheit dieser <RN>Fachleute</RN> sieht eine stärkere Aufrüstung für Deutschland als notwendig, doch diese Gruppe von <AN>Frauen</AN> kritisiert dessen Finanzierung. Die Auswirkungen der Entscheidung werden noch geprüft.","Im Rahmen einer universitären Veranstaltung werden aktuelle Fragestellungen der Rüstungsindustrie behandelt. Die große Mehrheit dieser <RN>Fachleute</RN> sieht eine stärkere Aufrüstung für Deutschland als notwendig, doch diese Gruppe von <AN>Frauen</AN> kritisiert dessen Finanzierung. Die Auswirkungen der Entscheidung werden noch geprüft.","0","1024","2","48000","-16","53","4","132","69.0","201.0","61.0","114.0","experiment","1","odd","717362.3371000004","-810.0","-290.0","NA","4621.541599999546","4621.965099999215","47965.10559999933","61035.82659999938","717349.852299999","61088.67960000043","754368.6270999997","47556.24269999953","NA","754323.7031999988","735358.1397999997","717349.8907000003","61088.71540000018","717349.430199999","47959.28999999978","735355.0745000002","Experiment","0","0","0","17","1920","geprüft.","53","25","175"
"<AN>Männer</AN>","C1","<RN>Pfleger</RN>","undefined","undefined","True","53","4","<AN>Frauen</AN>","132","-63.0","69.0","61.0","114.0","undefined","undefined","#232323","1620","psycho","True","geprüft","psycho","psycho","undefined","undefined","undefined","0","0","0","0","0","99","0","99","0","0","99","99","99","0","99","0","50","-810.0","-270.5","5","1052.0","83.67932582615614","Tue Jul 28 12:08:17 2026","The main experiment item","False","Im Rahmen einer universitären Veranstaltung werden aktuelle Fragestellungen der Rüstungsindustrie behandelt. Die große Mehrheit dieser <RN>Expertinnen</RN> sieht eine stärkere Aufrüstung für Deutschland als notwendig, doch diese Gruppe von <AN>Frauen</AN> kritisiert dessen Finanzierung. Die Auswirkungen der Entscheidung werden noch geprüft.","experiment.osexp","D:\ET_course_project_gender-bias\experiment","False","mono","False","39","no","white","no","yes","1080","2","space","psycho","178.0","3.0","117","6","99","99","D:\ET_course_project_gender-bias\experiment\subject-1.csv","150","psycho","an_found","Neonatal Nightingale","4.1.14","442.0","178.0","2","0","space","NA","space","space","space","18964.954999999492","NA","13070.05879999997","18964.954999999492","True","53","3","<RN>Expertinnen</RN>","248","-651.0","-403.0","-56.0","-3.0","2","psycho","1","Im Rahmen einer universitären Veranstaltung werden aktuelle Fragestellungen der Rüstungsindustrie behandelt. Die große Mehrheit dieser <RN>Fachleute</RN> sieht eine stärkere Aufrüstung für Deutschland als notwendig, doch diese Gruppe von <AN>Frauen</AN> kritisiert dessen Finanzierung. Die Auswirkungen der Entscheidung werden noch geprüft.","Im Rahmen einer Gesprächsrunde im Gesundheitswesen wird derzeit über aktuelle gesellschaftliche Herausforderungen diskutiert. Die <RN>Pflegekräfte</RN> verdienen bessere Arbeitsbedingungen und benötigen langfristig mehr Unterstützung, doch diese <AN>Männer</AN> fühlen sich politisch nicht ausreichend unterstützt. Die nächsten Schritte werden derzeit kontrovers diskutiert.","1","1024","2","48000","-16","53","4","132","69.0","201.0","61.0","114.0","experiment","1","odd","717362.3371000004","-810.0","-290.0","NA","4621.541599999546","4621.965099999215","47965.10559999933","61035.82659999938","754396.5423999989","61088.67960000043","754396.600699999","47556.24269999953","NA","754323.7031999988","735358.1397999997","717349.8907000003","61088.71540000018","754396.216099999","47959.28999999978","735355.0745000002","Experiment","0","0","0","17","1920","geprüft.","53","25","175"
"<AN>Männer</AN>","C3","<RN>Ingenieurinnen</RN>","undefined","undefined","True","53","4","<AN>Männer</AN>","135","-130.0","5.0","61.0","114.0","undefined","undefined","#232323","1620","psycho","True","gestritten","psycho","psycho","undefined","undefined","undefined","0","0","0","0","0","100","0","100","0","0","100","100","100","0","100","0","50","-810.0","-270.5","5","1137.0","54.92231557099539","Tue Jul 28 12:08:17 2026","The main experiment item","False","Auf einer wissenschaftlichen Konferenz zu technischen Zukunftsfragen werden derzeit aktuelle gesellschaftliche Themen erörtert. Die <RN>Ingenieurinnen</RN> kritisieren die Energiewende und stehen vor Herausforderungen, doch diese <AN>Männer</AN> lehnen zusätzliche Investitionen ab. Über die Konsequenzen wird weiterhin intensiv gestritten.","experiment.osexp","D:\ET_course_project_gender-bias\experiment","False","mono","False","39","no","white","no","yes","1080","3","space","psycho","178.0","3.0","117","1","100","100","D:\ET_course_project_gender-bias\experiment\subject-1.csv","150","psycho","an_found","Neonatal Nightingale","4.1.14","596.0","178.0","2","0","space","NA","space","space","space","16180.484799999278","NA","13070.05879999997","16180.484799999278","True","53","3","<RN>Ingenieurinnen</RN>","316","-810.0","-494.0","-56.0","-3.0","2","psycho","1","Auf einer wissenschaftlichen Konferenz zu technischen Zukunftsfragen werden derzeit aktuelle gesellschaftliche Themen erörtert. Die <RN>Ingenieur*innen</RN> kritisieren die Energiewende und stehen vor Herausforderungen, doch diese <AN>Frauen</AN> lehnen zusätzliche Investitionen ab. Über die Konsequenzen wird weiterhin intensiv gestritten.","Auf einer wissenschaftlichen Konferenz zu technischen Zukunftsfragen werden derzeit aktuelle gesellschaftliche Themen erörtert. Die <RN>Ingenieur*innen</RN> kritisieren die Energiewende und stehen vor Herausforderungen, doch diese <AN>Frauen</AN> lehnen zusätzliche Investitionen ab. Über die Konsequenzen wird weiterhin intensiv gestritten.","0","1024","2","48000","-16","53","4","135","5.0","140.0","61.0","114.0","experiment","1","odd","754434.9353999996","-810.0","-290.0","NA","4621.541599999546","4621.965099999215","47965.10559999933","61035.82659999938","754423.6417999992","61088.67960000043","795928.8023999989","47556.24269999953","NA","795883.7639000003","779702.6383000002","754423.6907000004","61088.71540000018","754423.5053999992","47959.28999999978","779699.0789999991","Experiment","0","0","0","18","1920","gestritten.","53","25","244"
"<AN>Frauen</AN>","C2","<RN>Polizisten</RN>","undefined","undefined","True","53","4","<AN>Männer</AN>","135","-130.0","5.0","61.0","114.0","undefined","undefined","#232323","1620","psycho","True","gestritten","psycho","psycho","undefined","undefined","undefined","0","0","0","0","0","101","0","101","0","0","101","101","101","0","101","0","50","-810.0","-270.5","5","1137.0","54.92231557099539","Tue Jul 28 12:08:17 2026","The main experiment item","False","Auf einer wissenschaftlichen Konferenz zu technischen Zukunftsfragen werden derzeit aktuelle gesellschaftliche Themen erörtert. Die <RN>Ingenieurinnen</RN> kritisieren die Energiewende und stehen vor Herausforderungen, doch diese <AN>Männer</AN> lehnen zusätzliche Investitionen ab. Über die Konsequenzen wird weiterhin intensiv gestritten.","experiment.osexp","D:\ET_course_project_gender-bias\experiment","False","mono","False","39","no","white","no","yes","1080","18","space","psycho","178.0","3.0","117","3","101","101","D:\ET_course_project_gender-bias\experiment\subject-1.csv","150","psycho","an_found","Neonatal Nightingale","4.1.14","596.0","178.0","2","0","space","NA","space","space","space","16180.484799999278","NA","13070.05879999997","16180.484799999278","True","53","3","<RN>Ingenieurinnen</RN>","316","-810.0","-494.0","-56.0","-3.0","2","psycho","1","Auf einer wissenschaftlichen Konferenz zu technischen Zukunftsfragen werden derzeit aktuelle gesellschaftliche Themen erörtert. Die <RN>Ingenieur*innen</RN> kritisieren die Energiewende und stehen vor Herausforderungen, doch diese <AN>Frauen</AN> lehnen zusätzliche Investitionen ab. Über die Konsequenzen wird weiterhin intensiv gestritten.","Bei einer öffentlichen Sitzung im Rathaus wird über neue Verkehrsregelungen gesprochen. Die <RN>Polizistinnen</RN> diskutieren laut über mehr Sicherheit im Straßenverkehr und setzen sich für strengere Kontrollen ein, doch diese <AN>Männer</AN> lehnen die Vorschläge ab. Die nächsten Maßnahmen werden derzeit kontrovers verhandelt.","1","1024","2","48000","-16","53","4","135","5.0","140.0","61.0","114.0","experiment","1","odd","754434.9353999996","-810.0","-290.0","NA","4621.541599999546","4621.965099999215","47965.10559999933","61035.82659999938","795954.5277999996","61088.67960000043","795954.5654999992","47556.24269999953","NA","795883.7639000003","779702.6383000002","754423.6907000004","61088.71540000018","795954.4383999992","47959.28999999978","779699.0789999991","Experiment","0","0","0","18","1920","gestritten.","53","25","244"
"<AN>Männer</AN>","C1","<RN>Arbeitnehmer</RN>","undefined","undefined","True","53","4","<AN>Männer</AN>","135","-130.0","5.0","61.0","114.0","undefined","undefined","#232323","1620","psycho","True","gestritten","psycho","psycho","undefined","undefined","undefined","0","0","0","0","0","102","0","102","0","0","102","102","102","0","102","0","50","-810.0","-270.5","5","1137.0","54.92231557099539","Tue Jul 28 12:08:17 2026","The main experiment item","False","Auf einer wissenschaftlichen Konferenz zu technischen Zukunftsfragen werden derzeit aktuelle gesellschaftliche Themen erörtert. Die <RN>Ingenieurinnen</RN> kritisieren die Energiewende und stehen vor Herausforderungen, doch diese <AN>Männer</AN> lehnen zusätzliche Investitionen ab. Über die Konsequenzen wird weiterhin intensiv gestritten.","experiment.osexp","D:\ET_course_project_gender-bias\experiment","False","mono","False","39","no","white","no","yes","1080","12","space","psycho","178.0","3.0","117","2","102","102","D:\ET_course_project_gender-bias\experiment\subject-1.csv","150","psycho","an_found","Neonatal Nightingale","4.1.14","596.0","178.0","2","0","space","NA","space","space","space","16180.484799999278","NA","13070.05879999997","16180.484799999278","True","53","3","<RN>Ingenieurinnen</RN>","316","-810.0","-494.0","-56.0","-3.0","2","psycho","1","Auf einer wissenschaftlichen Konferenz zu technischen Zukunftsfragen werden derzeit aktuelle gesellschaftliche Themen erörtert. Die <RN>Ingenieur*innen</RN> kritisieren die Energiewende und stehen vor Herausforderungen, doch diese <AN>Frauen</AN> lehnen zusätzliche Investitionen ab. Über die Konsequenzen wird weiterhin intensiv gestritten.","Auf einer Gewerkschaftsveranstaltung wird derzeit über Löhne, Arbeitsbedingungen und Arbeitnehmerrechte diskutiert. Die <RN>Beschäftigten</RN> fordern bessere Bezahlung und faire Arbeitsbedingungen, doch diese diskussionsfreudigen <AN>Frauen</AN> sehen vor allem strukturelle Probleme. Die kommenden Entwicklungen sind weiterhin Gegenstand von Diskussionen.","1","1024","2","48000","-16","53","4","135","5.0","140.0","61.0","114.0","experiment","1","odd","754434.9353999996","-810.0","-290.0","NA","4621.541599999546","4621.965099999215","47965.10559999933","61035.82659999938","795981.9278999994","61088.67960000043","795981.9791999989","47556.24269999953","NA","795883.7639000003","779702.6383000002","754423.6907000004","61088.71540000018","795981.6882000004","47959.28999999978","779699.0789999991","Experiment","0","0","0","18","1920","gestritten.","53","25","244"
"<AN>Frauen</AN>","C6","<RN>Professor*innen</RN>","undefined","undefined","True","53","4","<AN>Männer</AN>","135","-130.0","5.0","61.0","114.0","undefined","undefined","#232323","1620","psycho","True","gestritten","psycho","psycho","undefined","undefined","undefined","0","0","0","0","0","103","0","103","0","0","103","103","103","0","103","0","50","-810.0","-270.5","5","1137.0","54.92231557099539","Tue Jul 28 12:08:17 2026","The main experiment item","False","Auf einer wissenschaftlichen Konferenz zu technischen Zukunftsfragen werden derzeit aktuelle gesellschaftliche Themen erörtert. Die <RN>Ingenieurinnen</RN> kritisieren die Energiewende und stehen vor Herausforderungen, doch diese <AN>Männer</AN> lehnen zusätzliche Investitionen ab. Über die Konsequenzen wird weiterhin intensiv gestritten.","experiment.osexp","D:\ET_course_project_gender-bias\experiment","False","mono","False","39","no","white","no","yes","1080","15","space","psycho","178.0","3.0","117","4","103","103","D:\ET_course_project_gender-bias\experiment\subject-1.csv","150","psycho","an_found","Neonatal Nightingale","4.1.14","596.0","178.0","2","0","space","NA","space","space","space","16180.484799999278","NA","13070.05879999997","16180.484799999278","True","53","3","<RN>Ingenieurinnen</RN>","316","-810.0","-494.0","-56.0","-3.0","2","psycho","1","Auf einer wissenschaftlichen Konferenz zu technischen Zukunftsfragen werden derzeit aktuelle gesellschaftliche Themen erörtert. Die <RN>Ingenieur*innen</RN> kritisieren die Energiewende und stehen vor Herausforderungen, doch diese <AN>Frauen</AN> lehnen zusätzliche Investitionen ab. Über die Konsequenzen wird weiterhin intensiv gestritten.","Im Rahmen einer öffentlichen Veranstaltung wird über die Zukunft der Hochschulen und die Forschungsförderung diskutiert. Die <RN>Professorinnen</RN> diskutieren über die Zukunft der Hochschulen und setzen sich für mehr Forschungsgelder ein, doch diese <AN>Männer</AN> lehnen die Vorschläge ab. Die nächsten Schritte werden derzeit kontrovers diskutiert.","1","1024","2","48000","-16","53","4","135","5.0","140.0","61.0","114.0","experiment","1","odd","754434.9353999996","-810.0","-290.0","NA","4621.541599999546","4621.965099999215","47965.10559999933","61035.82659999938","796010.5226000005","61088.67960000043","796010.5627999993","47556.24269999953","NA","795883.7639000003","779702.6383000002","754423.6907000004","61088.71540000018","796010.2994999988","47959.28999999978","779699.0789999991","Experiment","0","0","0","18","1920","gestritten.","53","25","244"
"<AN>Frauen</AN>","C4","<RN>Aktivistinnen</RN>","undefined","undefined","True","53","4","<AN>Männer</AN>","135","-130.0","5.0","61.0","114.0","undefined","undefined","#232323","1620","psycho","True","gestritten","psycho","psycho","undefined","undefined","undefined","0","0","0","0","0","104","0","104","0","0","104","104","104","0","104","0","50","-810.0","-270.5","5","1137.0","54.92231557099539","Tue Jul 28 12:08:17 2026","The main experiment item","False","Auf einer wissenschaftlichen Konferenz zu technischen Zukunftsfragen werden derzeit aktuelle gesellschaftliche Themen erörtert. Die <RN>Ingenieurinnen</RN> kritisieren die Energiewende und stehen vor Herausforderungen, doch diese <AN>Männer</AN> lehnen zusätzliche Investitionen ab. Über die Konsequenzen wird weiterhin intensiv gestritten.","experiment.osexp","D:\ET_course_project_gender-bias\experiment","False","mono","False","39","no","white","no","yes","1080","11","space","psycho","178.0","3.0","117","6","104","104","D:\ET_course_project_gender-bias\experiment\subject-1.csv","150","psycho","an_found","Neonatal Nightingale","4.1.14","596.0","178.0","2","0","space","NA","space","space","space","16180.484799999278","NA","13070.05879999997","16180.484799999278","True","53","3","<RN>Ingenieurinnen</RN>","316","-810.0","-494.0","-56.0","-3.0","2","psycho","1","Auf einer wissenschaftlichen Konferenz zu technischen Zukunftsfragen werden derzeit aktuelle gesellschaftliche Themen erörtert. Die <RN>Ingenieur*innen</RN> kritisieren die Energiewende und stehen vor Herausforderungen, doch diese <AN>Frauen</AN> lehnen zusätzliche Investitionen ab. Über die Konsequenzen wird weiterhin intensiv gestritten.","Auf einer öffentlichen Veranstaltung werden aktuelle wohnungs- und gesellschaftspolitische Themen diskutiert. Die <RN>Aktivist*innen</RN> fordern mehr bezahlbaren Wohnraum in Stuttgart und diskutieren faire Lösungsansätze, doch diese <AN>Frauen</AN> sehen die Verantwortung stärker beim Bund. Die Auswirkungen der Entscheidung werden noch geprüft.","1","1024","2","48000","-16","53","4","135","5.0","140.0","61.0","114.0","experiment","1","odd","754434.9353999996","-810.0","-290.0","NA","4621.541599999546","4621.965099999215","47965.10559999933","61035.82659999938","796037.2348999999","61088.67960000043","796037.2829999988","47556.24269999953","NA","795883.7639000003","779702.6383000002","754423.6907000004","61088.71540000018","796036.785199999","47959.28999999978","779699.0789999991","Experiment","0","0","0","18","1920","gestritten.","53","25","244"
"<AN>Frauen</AN>","C4","<RN>Ingenieurinnen</RN>","undefined","undefined","True","53","4","<AN>Männer</AN>","135","-130.0","5.0","61.0","114.0","undefined","undefined","#232323","1620","psycho","True","gestritten","psycho","psycho","undefined","undefined","undefined","0","0","0","0","0","105","0","105","0","0","105","105","105","0","105","0","50","-810.0","-270.5","5","1137.0","54.92231557099539","Tue Jul 28 12:08:17 2026","The main experiment item","False","Auf einer wissenschaftlichen Konferenz zu technischen Zukunftsfragen werden derzeit aktuelle gesellschaftliche Themen erörtert. Die <RN>Ingenieurinnen</RN> kritisieren die Energiewende und stehen vor Herausforderungen, doch diese <AN>Männer</AN> lehnen zusätzliche Investitionen ab. Über die Konsequenzen wird weiterhin intensiv gestritten.","experiment.osexp","D:\ET_course_project_gender-bias\experiment","False","mono","False","39","no","white","no","yes","1080","3","space","psycho","178.0","3.0","117","2","105","105","D:\ET_course_project_gender-bias\experiment\subject-1.csv","150","psycho","an_found","Neonatal Nightingale","4.1.14","596.0","178.0","2","0","space","NA","space","space","space","16180.484799999278","NA","13070.05879999997","16180.484799999278","True","53","3","<RN>Ingenieurinnen</RN>","316","-810.0","-494.0","-56.0","-3.0","2","psycho","1","Auf einer wissenschaftlichen Konferenz zu technischen Zukunftsfragen werden derzeit aktuelle gesellschaftliche Themen erörtert. Die <RN>Ingenieur*innen</RN> kritisieren die Energiewende und stehen vor Herausforderungen, doch diese <AN>Frauen</AN> lehnen zusätzliche Investitionen ab. Über die Konsequenzen wird weiterhin intensiv gestritten.","Auf einer wissenschaftlichen Konferenz zu technischen Zukunftsfragen werden derzeit aktuelle gesellschaftliche Themen erörtert. Die <RN>Ingenieur*innen</RN> kritisieren die Energiewende und stehen vor Herausforderungen, doch diese <AN>Frauen</AN> lehnen zusätzliche Investitionen ab. Über die Konsequenzen wird weiterhin intensiv gestritten.","1","1024","2","48000","-16","53","4","135","5.0","140.0","61.0","114.0","experiment","1","odd","754434.9353999996","-810.0","-290.0","NA","4621.541599999546","4621.965099999215","47965.10559999933","61035.82659999938","796069.2946999997","61088.67960000043","796069.3318000003","47556.24269999953","NA","795883.7639000003","779702.6383000002","754423.6907000004","61088.71540000018","796069.079599999","47959.28999999978","779699.0789999991","Experiment","0","0","0","18","1920","gestritten.","53","25","244"
"<AN>Frauen</AN>","C6","<RN>Expert*innen</RN>","undefined","undefined","True","53","4","<AN>Männer</AN>","135","-130.0","5.0","61.0","114.0","undefined","undefined","#232323","1620","psycho","True","gestritten","psycho","psycho","undefined","undefined","undefined","0","0","0","0","0","106","0","106","0","0","106","106","106","0","106","0","50","-810.0","-270.5","5","1137.0","54.92231557099539","Tue Jul 28 12:08:17 2026","The main experiment item","False","Auf einer wissenschaftlichen Konferenz zu technischen Zukunftsfragen werden derzeit aktuelle gesellschaftliche Themen erörtert. Die <RN>Ingenieurinnen</RN> kritisieren die Energiewende und stehen vor Herausforderungen, doch diese <AN>Männer</AN> lehnen zusätzliche Investitionen ab. Über die Konsequenzen wird weiterhin intensiv gestritten.","experiment.osexp","D:\ET_course_project_gender-bias\experiment","False","mono","False","39","no","white","no","yes","1080","7","space","psycho","178.0","3.0","117","6","106","106","D:\ET_course_project_gender-bias\experiment\subject-1.csv","150","psycho","an_found","Neonatal Nightingale","4.1.14","596.0","178.0","2","0","space","NA","space","space","space","16180.484799999278","NA","13070.05879999997","16180.484799999278","True","53","3","<RN>Ingenieurinnen</RN>","316","-810.0","-494.0","-56.0","-3.0","2","psycho","1","Auf einer wissenschaftlichen Konferenz zu technischen Zukunftsfragen werden derzeit aktuelle gesellschaftliche Themen erörtert. Die <RN>Ingenieur*innen</RN> kritisieren die Energiewende und stehen vor Herausforderungen, doch diese <AN>Frauen</AN> lehnen zusätzliche Investitionen ab. Über die Konsequenzen wird weiterhin intensiv gestritten.","Beim Sommerfest eines Unternehmens wird über wirtschaftliche Entwicklungen und gesellschaftliche Herausforderungen diskutiert. Die <RN>Fachleute</RN> sehen große Herausforderungen im nächsten Geschäftsjahr, dennoch bleiben diese <AN>Männer</AN> optimistisch. Die unternehmerischen Folgen werden unterschiedlich bewertet.","1","1024","2","48000","-16","53","4","135","5.0","140.0","61.0","114.0","experiment","1","odd","754434.9353999996","-810.0","-290.0","NA","4621.541599999546","4621.965099999215","47965.10559999933","61035.82659999938","796095.6130000004","61088.67960000043","796095.6526999989","47556.24269999953","NA","795883.7639000003","779702.6383000002","754423.6907000004","61088.71540000018","796095.4406999999","47959.28999999978","779699.0789999991","Experiment","0","0","0","18","1920","gestritten.","53","25","244"
"<AN>Männer</AN>","C3","<RN>Arbeitnehmerinnen</RN>","undefined","undefined","True","53","4","<AN>Männer</AN>","135","-130.0","5.0","61.0","114.0","undefined","undefined","#232323","1620","psycho","True","gestritten","psycho","psycho","undefined","undefined","undefined","0","0","0","0","0","107","0","107","0","0","107","107","107","0","107","0","50","-810.0","-270.5","5","1137.0","54.92231557099539","Tue Jul 28 12:08:17 2026","The main experiment item","False","Auf einer wissenschaftlichen Konferenz zu technischen Zukunftsfragen werden derzeit aktuelle gesellschaftliche Themen erörtert. Die <RN>Ingenieurinnen</RN> kritisieren die Energiewende und stehen vor Herausforderungen, doch diese <AN>Männer</AN> lehnen zusätzliche Investitionen ab. Über die Konsequenzen wird weiterhin intensiv gestritten.","experiment.osexp","D:\ET_course_project_gender-bias\experiment","False","mono","False","39","no","white","no","yes","1080","12","space","psycho","178.0","3.0","117","4","107","107","D:\ET_course_project_gender-bias\experiment\subject-1.csv","150","psycho","an_found","Neonatal Nightingale","4.1.14","596.0","178.0","2","0","space","NA","space","space","space","16180.484799999278","NA","13070.05879999997","16180.484799999278","True","53","3","<RN>Ingenieurinnen</RN>","316","-810.0","-494.0","-56.0","-3.0","2","psycho","1","Auf einer wissenschaftlichen Konferenz zu technischen Zukunftsfragen werden derzeit aktuelle gesellschaftliche Themen erörtert. Die <RN>Ingenieur*innen</RN> kritisieren die Energiewende und stehen vor Herausforderungen, doch diese <AN>Frauen</AN> lehnen zusätzliche Investitionen ab. Über die Konsequenzen wird weiterhin intensiv gestritten.","Auf einer Gewerkschaftsveranstaltung wird derzeit über Löhne, Arbeitsbedingungen und Arbeitnehmerrechte diskutiert. Die <RN>Beschäftigten</RN> fordern bessere Bezahlung und faire Arbeitsbedingungen, doch diese <AN>Frauen</AN> sehen vor allem strukturelle Probleme. Die kommenden Entwicklungen sind weiterhin Gegenstand von Diskussionen.","1","1024","2","48000","-16","53","4","135","5.0","140.0","61.0","114.0","experiment","1","odd","754434.9353999996","-810.0","-290.0","NA","4621.541599999546","4621.965099999215","47965.10559999933","61035.82659999938","796123.3514999994","61088.67960000043","796123.3860999992","47556.24269999953","NA","795883.7639000003","779702.6383000002","754423.6907000004","61088.71540000018","796123.2582999992","47959.28999999978","779699.0789999991","Experiment","0","0","0","18","1920","gestritten.","53","25","244"
