"AN","Code","RN","acc","accuracy","an_found","an_height","an_line","an_text","an_width","an_x1","an_x2","an_y1","an_y2","average_response_time","avg_rt","background","box_width","canvas_backend","central_fixation","clean_word","clock_backend","color_backend","correct","correct_instruction","correct_question_sketchpad","count_ending_sketchpad","count_experiment","count_eyetracker_calibration","count_instruction","count_instruction_pygaze_log","count_list_filter","count_liste_auswahl","count_logger","count_pygaze_start_recording","count_pygaze_stop_recording","count_question_pygaze_log","count_question_sketchpad","count_sentence_script","count_trial_loop","count_trial_sequence","count_var_init_inline_script","cross_size","cross_x","cross_y","current_line","current_line_width","d","datetime","description","disable_garbage_collection","display_sentence","experiment_file","experiment_path","font_bold","font_family","font_italic","font_size","font_underline","foreground","form_clicks","fullscreen","height","item","key","keyboard_backend","last_line_y","line_height_factor","line_spacing","list","live_row","live_row_trial_loop","logfile","margin","mouse_backend","name","opensesame_codename","opensesame_version","position_x","position_y","psychopy_screen","repeat_cycle","response","response_ending_sketchpad","response_instruction","response_key","response_question_sketchpad","response_time","response_time_ending_sketchpad","response_time_instruction","response_time_question_sketchpad","rn_found","rn_height","rn_line","rn_text","rn_width","rn_x1","rn_x2","rn_y1","rn_y2","round_decimals","sampler_backend","selected_list","sentence","sentence_text","skip_trial","sound_buf_size","sound_channels","sound_freq","sound_sample_size","spill_height","spill_line","spill_width","spill_x1","spill_x2","spill_y1","spill_y2","start","subject_nr","subject_parity","t0","text_start_x","text_start_y","time_ending_sketchpad","time_experiment","time_eyetracker_calibration","time_instruction","time_instruction_pygaze_log","time_list_filter","time_liste_auswahl","time_logger","time_pygaze_start_recording","time_pygaze_stop_recording","time_question_pygaze_log","time_question_sketchpad","time_sentence_script","time_trial_loop","time_trial_sequence","time_var_init_inline_script","timestamp","title","total_correct","total_response_time","total_responses","trial_counter","width","word","word_height","word_spacing","word_width"
"<AN>Frauen</AN>","C6","<RN>Expert*innen</RN>","undefined","undefined","None","None","None","None","None","None","None","None","None","undefined","undefined","#232323","None","psycho","None","None","psycho","psycho","undefined","undefined","None","0","0","0","0","0","0","0","0","0","0","0","0","0","0","0","0","None","None","None","None","None","None","Fri Jul 31 11:49:11 2026","The main experiment item","False","None","experiment.osexp","D:\ET_course_project_gender-bias\experiment","False","mono","False","18","no","white","no","yes","1080","14","None","psycho","None","None","None","5","0","0","D:\ET_course_project_gender-bias\experiment\subject-6.csv","None","psycho","an_found","Neonatal Nightingale","4.1.14","None","None","2","0","space","NA","space","None","NA","13862.892300006934","NA","13862.892300006934","NA","None","None","None","None","None","None","None","None","None","2","psycho","6","None","Auf einer öffentlichen Veranstaltung stehen Investitionen und langfristige gesellschaftliche Entwicklungen zur Diskussion. Die <RN>Fachfrauen</RN> unterstützen höhere Investitionen und langfristige Entwicklungen, doch diese <AN>Männer</AN> kritisieren die Umsetzung. Die politischen Folgen werden unterschiedlich bewertet.","1","1024","2","48000","-16","None","None","None","None","None","None","None","experiment","6","even","None","None","None","NA","4540.637500002049","4541.024000005564","64027.662099993904","77891.13420000649","77970.62649999862","77941.47069999599","77970.6995000015","63435.570200002985","NA","NA","NA","NA","77941.50369999988","77969.82919999573","64022.202899999684","None","Experiment","0","0","0","0","1920","None","None","None","None"
"<AN>Männer</AN>","C3","<RN>Unternehmerinnen</RN>","undefined","undefined","True","53","4","<AN>Männer</AN>","135","-84.0","51.0","61.0","114.0","undefined","undefined","#232323","1620","psycho","True","umstritten","psycho","psycho","undefined","undefined","undefined","0","0","0","0","0","1","0","1","0","0","1","1","1","0","1","0","50","-810.0","-270.5","5","1152.0","64.97860647936365","Fri Jul 31 11:49:11 2026","The main experiment item","False","Bei einem Networking-Event stehen wirtschaftspolitische und gesellschaftliche Fragestellungen im Mittelpunkt der Diskussion. Die <RN>Unternehmerinnen</RN> brauchen weniger bürokratische Hürden und sprechen über Verbesserungen, doch diese <AN>Männer</AN> fordern weitere steuerliche Entlastungen. Die Folgen dieser Positionen bleiben umstritten.","experiment.osexp","D:\ET_course_project_gender-bias\experiment","False","mono","False","39","no","white","no","yes","1080","4","space","psycho","178.0","3.0","117","6","1","1","D:\ET_course_project_gender-bias\experiment\subject-6.csv","150","psycho","an_found","Neonatal Nightingale","4.1.14","610.0","178.0","2","0","space","NA","space","space","space","18603.577400004724","NA","13862.892300006934","18603.577400004724","True","53","3","<RN>Unternehmerinnen</RN>","364","-810.0","-446.0","-56.0","-3.0","2","psycho","6","Bei einem Networking-Event stehen wirtschaftspolitische und gesellschaftliche Fragestellungen im Mittelpunkt der Diskussion. Die <RN>Unternehmer</RN> brauchen weniger bürokratische Hürden und sprechen über Verbesserungen, doch diese <AN>Männer</AN> fordern weitere steuerliche Entlastungen. Die Folgen dieser Positionen bleiben umstritten.","Bei einem Networking-Event stehen wirtschaftspolitische und gesellschaftliche Fragestellungen im Mittelpunkt der Diskussion. Die <RN>Unternehmer</RN> brauchen weniger bürokratische Hürden und sprechen über Verbesserungen, doch diese <AN>Männer</AN> fordern weitere steuerliche Entlastungen. Die Folgen dieser Positionen bleiben umstritten.","0","1024","2","48000","-16","53","4","135","51.0","186.0","61.0","114.0","experiment","6","even","78279.5516000042","-810.0","-290.0","NA","4540.637500002049","4541.024000005564","64027.662099993904","77891.13420000649","78255.78910000331","77941.47069999599","129284.97100000095","63435.570200002985","NA","129235.05810000643","110630.9304000024","78255.83209999604","77941.50369999988","78255.53599999694","64022.202899999684","110626.51499999629","Experiment","0","0","0","1","1920","umstritten.","53","25","243"
"<AN>Männer</AN>","C3","<RN>Pflegerinnen</RN>","undefined","undefined","True","53","4","<AN>Männer</AN>","135","-84.0","51.0","61.0","114.0","undefined","undefined","#232323","1620","psycho","True","umstritten","psycho","psycho","undefined","undefined","undefined","0","0","0","0","0","2","0","2","0","0","2","2","2","0","2","0","50","-810.0","-270.5","5","1152.0","64.97860647936365","Fri Jul 31 11:49:11 2026","The main experiment item","False","Bei einem Networking-Event stehen wirtschaftspolitische und gesellschaftliche Fragestellungen im Mittelpunkt der Diskussion. Die <RN>Unternehmerinnen</RN> brauchen weniger bürokratische Hürden und sprechen über Verbesserungen, doch diese <AN>Männer</AN> fordern weitere steuerliche Entlastungen. Die Folgen dieser Positionen bleiben umstritten.","experiment.osexp","D:\ET_course_project_gender-bias\experiment","False","mono","False","39","no","white","no","yes","1080","2","space","psycho","178.0","3.0","117","2","2","2","D:\ET_course_project_gender-bias\experiment\subject-6.csv","150","psycho","an_found","Neonatal Nightingale","4.1.14","610.0","178.0","2","0","space","NA","space","space","space","18603.577400004724","NA","13862.892300006934","18603.577400004724","True","53","3","<RN>Unternehmerinnen</RN>","364","-810.0","-446.0","-56.0","-3.0","2","psycho","6","Bei einem Networking-Event stehen wirtschaftspolitische und gesellschaftliche Fragestellungen im Mittelpunkt der Diskussion. Die <RN>Unternehmer</RN> brauchen weniger bürokratische Hürden und sprechen über Verbesserungen, doch diese <AN>Männer</AN> fordern weitere steuerliche Entlastungen. Die Folgen dieser Positionen bleiben umstritten.","Im Rahmen einer Gesprächsrunde im Gesundheitswesen wird derzeit über aktuelle gesellschaftliche Herausforderungen diskutiert. Die <RN>Pflegekräfte</RN> verdienen bessere Arbeitsbedingungen und benötigen mehr Unterstützung, doch diese <AN>Männer</AN> fühlen sich politisch nicht ausreichend unterstützt. Die nächsten Schritte werden derzeit kontrovers diskutiert.","1","1024","2","48000","-16","53","4","135","51.0","186.0","61.0","114.0","experiment","6","even","78279.5516000042","-810.0","-290.0","NA","4540.637500002049","4541.024000005564","64027.662099993904","77891.13420000649","129315.09170000209","77941.47069999599","129315.14449999668","63435.570200002985","NA","129235.05810000643","110630.9304000024","78255.83209999604","77941.50369999988","129314.61040000431","64022.202899999684","110626.51499999629","Experiment","0","0","0","1","1920","umstritten.","53","25","243"
"<AN>Frauen</AN>","C2","<RN>Arbeitnehmer</RN>","undefined","undefined","True","53","4","<AN>Männer</AN>","135","-84.0","51.0","61.0","114.0","undefined","undefined","#232323","1620","psycho","True","umstritten","psycho","psycho","undefined","undefined","undefined","0","0","0","0","0","3","0","3","0","0","3","3","3","0","3","0","50","-810.0","-270.5","5","1152.0","64.97860647936365","Fri Jul 31 11:49:11 2026","The main experiment item","False","Bei einem Networking-Event stehen wirtschaftspolitische und gesellschaftliche Fragestellungen im Mittelpunkt der Diskussion. Die <RN>Unternehmerinnen</RN> brauchen weniger bürokratische Hürden und sprechen über Verbesserungen, doch diese <AN>Männer</AN> fordern weitere steuerliche Entlastungen. Die Folgen dieser Positionen bleiben umstritten.","experiment.osexp","D:\ET_course_project_gender-bias\experiment","False","mono","False","39","no","white","no","yes","1080","5","space","psycho","178.0","3.0","117","4","3","3","D:\ET_course_project_gender-bias\experiment\subject-6.csv","150","psycho","an_found","Neonatal Nightingale","4.1.14","610.0","178.0","2","0","space","NA","space","space","space","18603.577400004724","NA","13862.892300006934","18603.577400004724","True","53","3","<RN>Unternehmerinnen</RN>","364","-810.0","-446.0","-56.0","-3.0","2","psycho","6","Bei einem Networking-Event stehen wirtschaftspolitische und gesellschaftliche Fragestellungen im Mittelpunkt der Diskussion. Die <RN>Unternehmer</RN> brauchen weniger bürokratische Hürden und sprechen über Verbesserungen, doch diese <AN>Männer</AN> fordern weitere steuerliche Entlastungen. Die Folgen dieser Positionen bleiben umstritten.","Im Rahmen einer Geschäftsveranstaltung findet derzeit ein Austausch über Arbeitsbedingungen und gesellschaftliche Entwicklungen statt. Die <RN>Arbeitnehmer*innen</RN> erwarten höhere Gehälter und klimatisierte Arbeitsplätze, trotzdem wollen diese <AN>Männer</AN> auch weniger arbeiten. Die Frage nach den Konsequenzen bleibt offen.","1","1024","2","48000","-16","53","4","135","51.0","186.0","61.0","114.0","experiment","6","even","78279.5516000042","-810.0","-290.0","NA","4540.637500002049","4541.024000005564","64027.662099993904","77891.13420000649","129343.16269999545","77941.47069999599","129343.20289999596","63435.570200002985","NA","129235.05810000643","110630.9304000024","78255.83209999604","77941.50369999988","129342.91429999575","64022.202899999684","110626.51499999629","Experiment","0","0","0","1","1920","umstritten.","53","25","243"
"<AN>Frauen</AN>","C4","<RN>Arbeitnehmerinnen</RN>","undefined","undefined","True","53","4","<AN>Männer</AN>","135","-84.0","51.0","61.0","114.0","undefined","undefined","#232323","1620","psycho","True","umstritten","psycho","psycho","undefined","undefined","undefined","0","0","0","0","0","4","0","4","0","0","4","4","4","0","4","0","50","-810.0","-270.5","5","1152.0","64.97860647936365","Fri Jul 31 11:49:11 2026","The main experiment item","False","Bei einem Networking-Event stehen wirtschaftspolitische und gesellschaftliche Fragestellungen im Mittelpunkt der Diskussion. Die <RN>Unternehmerinnen</RN> brauchen weniger bürokratische Hürden und sprechen über Verbesserungen, doch diese <AN>Männer</AN> fordern weitere steuerliche Entlastungen. Die Folgen dieser Positionen bleiben umstritten.","experiment.osexp","D:\ET_course_project_gender-bias\experiment","False","mono","False","39","no","white","no","yes","1080","12","space","psycho","178.0","3.0","117","5","4","4","D:\ET_course_project_gender-bias\experiment\subject-6.csv","150","psycho","an_found","Neonatal Nightingale","4.1.14","610.0","178.0","2","0","space","NA","space","space","space","18603.577400004724","NA","13862.892300006934","18603.577400004724","True","53","3","<RN>Unternehmerinnen</RN>","364","-810.0","-446.0","-56.0","-3.0","2","psycho","6","Bei einem Networking-Event stehen wirtschaftspolitische und gesellschaftliche Fragestellungen im Mittelpunkt der Diskussion. Die <RN>Unternehmer</RN> brauchen weniger bürokratische Hürden und sprechen über Verbesserungen, doch diese <AN>Männer</AN> fordern weitere steuerliche Entlastungen. Die Folgen dieser Positionen bleiben umstritten.","Auf einer Gewerkschaftsveranstaltung wird derzeit über Löhne, Arbeitsbedingungen und Arbeitnehmerrechte diskutiert. Die <RN>Beschäftigten</RN> fordern bessere Bezahlung und faire Arbeitsbedingungen, doch diese <AN>Frauen</AN> sehen vor allem strukturelle Probleme. Die kommenden Entwicklungen sind weiterhin Gegenstand von Diskussionen.","1","1024","2","48000","-16","53","4","135","51.0","186.0","61.0","114.0","experiment","6","even","78279.5516000042","-810.0","-290.0","NA","4540.637500002049","4541.024000005564","64027.662099993904","77891.13420000649","129370.36400000216","77941.47069999599","129370.41580000368","63435.570200002985","NA","129235.05810000643","110630.9304000024","78255.83209999604","77941.50369999988","129370.13280000247","64022.202899999684","110626.51499999629","Experiment","0","0","0","1","1920","umstritten.","53","25","243"
"<AN>Frauen</AN>","C6","<RN>Krankenpfleger*innen</RN>","undefined","undefined","True","53","4","<AN>Männer</AN>","135","-84.0","51.0","61.0","114.0","undefined","undefined","#232323","1620","psycho","True","umstritten","psycho","psycho","undefined","undefined","undefined","0","0","0","0","0","5","0","5","0","0","5","5","5","0","5","0","50","-810.0","-270.5","5","1152.0","64.97860647936365","Fri Jul 31 11:49:11 2026","The main experiment item","False","Bei einem Networking-Event stehen wirtschaftspolitische und gesellschaftliche Fragestellungen im Mittelpunkt der Diskussion. Die <RN>Unternehmerinnen</RN> brauchen weniger bürokratische Hürden und sprechen über Verbesserungen, doch diese <AN>Männer</AN> fordern weitere steuerliche Entlastungen. Die Folgen dieser Positionen bleiben umstritten.","experiment.osexp","D:\ET_course_project_gender-bias\experiment","False","mono","False","39","no","white","no","yes","1080","16","space","psycho","178.0","3.0","117","3","5","5","D:\ET_course_project_gender-bias\experiment\subject-6.csv","150","psycho","an_found","Neonatal Nightingale","4.1.14","610.0","178.0","2","0","space","NA","space","space","space","18603.577400004724","NA","13862.892300006934","18603.577400004724","True","53","3","<RN>Unternehmerinnen</RN>","364","-810.0","-446.0","-56.0","-3.0","2","psycho","6","Bei einem Networking-Event stehen wirtschaftspolitische und gesellschaftliche Fragestellungen im Mittelpunkt der Diskussion. Die <RN>Unternehmer</RN> brauchen weniger bürokratische Hürden und sprechen über Verbesserungen, doch diese <AN>Männer</AN> fordern weitere steuerliche Entlastungen. Die Folgen dieser Positionen bleiben umstritten.","Bei einer Informationsveranstaltung im Krankenhaus wird über aktuelle Impfreformen und deren Auswirkungen gesprochen. Die <RN>Krankenschwestern</RN> diskutieren über Long Covid und setzen sich für mehr Unterstützung ein, doch diese <AN>Männer</AN> lehnen die Vorschläge ab. Die nächsten Schritte werden derzeit kontrovers diskutiert.","1","1024","2","48000","-16","53","4","135","51.0","186.0","61.0","114.0","experiment","6","even","78279.5516000042","-810.0","-290.0","NA","4540.637500002049","4541.024000005564","64027.662099993904","77891.13420000649","129397.99889999267","77941.47069999599","129398.03199999733","63435.570200002985","NA","129235.05810000643","110630.9304000024","78255.83209999604","77941.50369999988","129397.90320000611","64022.202899999684","110626.51499999629","Experiment","0","0","0","1","1920","umstritten.","53","25","243"
"<AN>Männer</AN>","C3","<RN>Arbeitnehmerinnen</RN>","undefined","undefined","True","53","4","<AN>Männer</AN>","135","-84.0","51.0","61.0","114.0","undefined","undefined","#232323","1620","psycho","True","umstritten","psycho","psycho","undefined","undefined","undefined","0","0","0","0","0","6","0","6","0","0","6","6","6","0","6","0","50","-810.0","-270.5","5","1152.0","64.97860647936365","Fri Jul 31 11:49:11 2026","The main experiment item","False","Bei einem Networking-Event stehen wirtschaftspolitische und gesellschaftliche Fragestellungen im Mittelpunkt der Diskussion. Die <RN>Unternehmerinnen</RN> brauchen weniger bürokratische Hürden und sprechen über Verbesserungen, doch diese <AN>Männer</AN> fordern weitere steuerliche Entlastungen. Die Folgen dieser Positionen bleiben umstritten.","experiment.osexp","D:\ET_course_project_gender-bias\experiment","False","mono","False","39","no","white","no","yes","1080","12","space","psycho","178.0","3.0","117","4","6","6","D:\ET_course_project_gender-bias\experiment\subject-6.csv","150","psycho","an_found","Neonatal Nightingale","4.1.14","610.0","178.0","2","0","space","NA","space","space","space","18603.577400004724","NA","13862.892300006934","18603.577400004724","True","53","3","<RN>Unternehmerinnen</RN>","364","-810.0","-446.0","-56.0","-3.0","2","psycho","6","Bei einem Networking-Event stehen wirtschaftspolitische und gesellschaftliche Fragestellungen im Mittelpunkt der Diskussion. Die <RN>Unternehmer</RN> brauchen weniger bürokratische Hürden und sprechen über Verbesserungen, doch diese <AN>Männer</AN> fordern weitere steuerliche Entlastungen. Die Folgen dieser Positionen bleiben umstritten.","Auf einer Gewerkschaftsveranstaltung wird derzeit über Löhne, Arbeitsbedingungen und Arbeitnehmerrechte diskutiert. Die <RN>Beschäftigten</RN> fordern bessere Bezahlung und faire Arbeitsbedingungen, doch diese <AN>Frauen</AN> sehen vor allem strukturelle Probleme. Die kommenden Entwicklungen sind weiterhin Gegenstand von Diskussionen.","1","1024","2","48000","-16","53","4","135","51.0","186.0","61.0","114.0","experiment","6","even","78279.5516000042","-810.0","-290.0","NA","4540.637500002049","4541.024000005564","64027.662099993904","77891.13420000649","129425.1973000064","77941.47069999599","129425.23320000328","63435.570200002985","NA","129235.05810000643","110630.9304000024","78255.83209999604","77941.50369999988","129425.10920000495","64022.202899999684","110626.51499999629","Experiment","0","0","0","1","1920","umstritten.","53","25","243"
"<AN>Männer</AN>","C5","<RN>Aktivist*innen</RN>","undefined","undefined","True","53","4","<AN>Männer</AN>","135","-84.0","51.0","61.0","114.0","undefined","undefined","#232323","1620","psycho","True","umstritten","psycho","psycho","undefined","undefined","undefined","0","0","0","0","0","7","0","7","0","0","7","7","7","0","7","0","50","-810.0","-270.5","5","1152.0","64.97860647936365","Fri Jul 31 11:49:11 2026","The main experiment item","False","Bei einem Networking-Event stehen wirtschaftspolitische und gesellschaftliche Fragestellungen im Mittelpunkt der Diskussion. Die <RN>Unternehmerinnen</RN> brauchen weniger bürokratische Hürden und sprechen über Verbesserungen, doch diese <AN>Männer</AN> fordern weitere steuerliche Entlastungen. Die Folgen dieser Positionen bleiben umstritten.","experiment.osexp","D:\ET_course_project_gender-bias\experiment","False","mono","False","39","no","white","no","yes","1080","11","space","psycho","178.0","3.0","117","1","7","7","D:\ET_course_project_gender-bias\experiment\subject-6.csv","150","psycho","an_found","Neonatal Nightingale","4.1.14","610.0","178.0","2","0","space","NA","space","space","space","18603.577400004724","NA","13862.892300006934","18603.577400004724","True","53","3","<RN>Unternehmerinnen</RN>","364","-810.0","-446.0","-56.0","-3.0","2","psycho","6","Bei einem Networking-Event stehen wirtschaftspolitische und gesellschaftliche Fragestellungen im Mittelpunkt der Diskussion. Die <RN>Unternehmer</RN> brauchen weniger bürokratische Hürden und sprechen über Verbesserungen, doch diese <AN>Männer</AN> fordern weitere steuerliche Entlastungen. Die Folgen dieser Positionen bleiben umstritten.","Auf einer öffentlichen Veranstaltung werden aktuelle wohnungs- und gesellschaftspolitische Themen diskutiert. Die <RN>Aktivist*innen</RN> fordern mehr bezahlbaren Wohnraum in Stuttgart und diskutieren faire Lösungsansätze, doch diese <AN>Frauen</AN> sehen die Verantwortung stärker beim Bund. Die Auswirkungen der Entscheidung werden noch geprüft.","1","1024","2","48000","-16","53","4","135","51.0","186.0","61.0","114.0","experiment","6","even","78279.5516000042","-810.0","-290.0","NA","4540.637500002049","4541.024000005564","64027.662099993904","77891.13420000649","129452.96059999964","77941.47069999599","129453.01270000346","63435.570200002985","NA","129235.05810000643","110630.9304000024","78255.83209999604","77941.50369999988","129452.6096000045","64022.202899999684","110626.51499999629","Experiment","0","0","0","1","1920","umstritten.","53","25","243"
"<AN>Männer</AN>","C1","<RN>Unternehmer</RN>","undefined","undefined","True","53","4","<AN>Männer</AN>","135","-84.0","51.0","61.0","114.0","undefined","undefined","#232323","1620","psycho","True","umstritten","psycho","psycho","undefined","undefined","undefined","0","0","0","0","0","8","0","8","0","0","8","8","8","0","8","0","50","-810.0","-270.5","5","1152.0","64.97860647936365","Fri Jul 31 11:49:11 2026","The main experiment item","False","Bei einem Networking-Event stehen wirtschaftspolitische und gesellschaftliche Fragestellungen im Mittelpunkt der Diskussion. Die <RN>Unternehmerinnen</RN> brauchen weniger bürokratische Hürden und sprechen über Verbesserungen, doch diese <AN>Männer</AN> fordern weitere steuerliche Entlastungen. Die Folgen dieser Positionen bleiben umstritten.","experiment.osexp","D:\ET_course_project_gender-bias\experiment","False","mono","False","39","no","white","no","yes","1080","4","space","psycho","178.0","3.0","117","4","8","8","D:\ET_course_project_gender-bias\experiment\subject-6.csv","150","psycho","an_found","Neonatal Nightingale","4.1.14","610.0","178.0","2","0","space","NA","space","space","space","18603.577400004724","NA","13862.892300006934","18603.577400004724","True","53","3","<RN>Unternehmerinnen</RN>","364","-810.0","-446.0","-56.0","-3.0","2","psycho","6","Bei einem Networking-Event stehen wirtschaftspolitische und gesellschaftliche Fragestellungen im Mittelpunkt der Diskussion. Die <RN>Unternehmer</RN> brauchen weniger bürokratische Hürden und sprechen über Verbesserungen, doch diese <AN>Männer</AN> fordern weitere steuerliche Entlastungen. Die Folgen dieser Positionen bleiben umstritten.","Bei einem Networking-Event stehen wirtschaftspolitische und gesellschaftliche Fragestellungen im Mittelpunkt der Diskussion. Die <RN>Unternehmer</RN> brauchen weniger bürokratische Hürden und sprechen über Verbesserungen, doch diese <AN>Männer</AN> fordern weitere steuerliche Entlastungen. Die Folgen dieser Positionen bleiben umstritten.","1","1024","2","48000","-16","53","4","135","51.0","186.0","61.0","114.0","experiment","6","even","78279.5516000042","-810.0","-290.0","NA","4540.637500002049","4541.024000005564","64027.662099993904","77891.13420000649","129479.81390000496","77941.47069999599","129479.85319999862","63435.570200002985","NA","129235.05810000643","110630.9304000024","78255.83209999604","77941.50369999988","129479.66240000096","64022.202899999684","110626.51499999629","Experiment","0","0","0","1","1920","umstritten.","53","25","243"
"<AN>Frauen</AN>","C2","<RN>Dozenten</RN>","undefined","undefined","True","53","4","<AN>Frauen</AN>","132","-339.0","-207.0","61.0","114.0","undefined","undefined","#232323","1620","psycho","True","an","psycho","psycho","undefined","undefined","undefined","0","0","0","0","0","9","0","9","0","0","9","9","9","0","9","0","50","-810.0","-270.5","5","795.0","70.40846694993436","Fri Jul 31 11:49:11 2026","The main experiment item","False","Auf einer schulischen Tagung werden aktuelle Kontroversen rund um Vorlesungsführung und Leistungsbewertung diskutiert. Die <RN>Dozenten</RN> fordern erhöhte Leistungsorientierung und strengere Notenvergabe im Lehrplan, doch diese <AN>Frauen</AN> stoßen dabei auf Gegendruck von Eltern. Die Debatte über das Thema hält weiter an.","experiment.osexp","D:\ET_course_project_gender-bias\experiment","False","mono","False","39","no","white","no","yes","1080","9","space","psycho","178.0","3.0","117","6","9","9","D:\ET_course_project_gender-bias\experiment\subject-6.csv","150","psycho","an_found","Neonatal Nightingale","4.1.14","69.0","178.0","2","0","space","NA","space","space","space","16492.570900009014","NA","13862.892300006934","16492.570900009014","True","53","2","<RN>Dozenten</RN>","180","488.0","668.0","-173.0","-120.0","2","psycho","6","Auf einer schulischen Tagung werden aktuelle Kontroversen rund um Vorlesungsführung und Leistungsbewertung diskutiert. Die <RN>Dozent*innen</RN> fordern erhöhte Leistungsorientierung und strengere Notenvergabe im Lehrplan, doch diese <AN>Männer</AN> stoßen dabei auf Gegendruck von Eltern. Die Debatte über das Thema hält weiter an.","Auf einer schulischen Tagung werden aktuelle Kontroversen rund um Vorlesungsführung und Leistungsbewertung diskutiert. Die <RN>Dozent*innen</RN> fordern erhöhte Leistungsorientierung und strengere Notenvergabe im Lehrplan, doch diese <AN>Männer</AN> stoßen dabei auf Gegendruck von Eltern. Die Debatte über das Thema hält weiter an.","0","1024","2","48000","-16","53","4","132","-207.0","-75.0","61.0","114.0","experiment","6","even","129517.6947","-810.0","-290.0","NA","4540.637500002049","4541.024000005564","64027.662099993904","77891.13420000649","129505.90689999808","77941.47069999599","178680.87460000243","63435.570200002985","NA","178635.33020000614","162142.02709999518","129505.94350000028","77941.50369999988","129505.69550000364","64022.202899999684","162138.53939999535","Experiment","0","0","0","2","1920","an.","53","25","59"
"<AN>Männer</AN>","C5","<RN>Krankenpfleger*innen</RN>","undefined","undefined","True","53","4","<AN>Frauen</AN>","132","-339.0","-207.0","61.0","114.0","undefined","undefined","#232323","1620","psycho","True","an","psycho","psycho","undefined","undefined","undefined","0","0","0","0","0","10","0","10","0","0","10","10","10","0","10","0","50","-810.0","-270.5","5","795.0","70.40846694993436","Fri Jul 31 11:49:11 2026","The main experiment item","False","Auf einer schulischen Tagung werden aktuelle Kontroversen rund um Vorlesungsführung und Leistungsbewertung diskutiert. Die <RN>Dozenten</RN> fordern erhöhte Leistungsorientierung und strengere Notenvergabe im Lehrplan, doch diese <AN>Frauen</AN> stoßen dabei auf Gegendruck von Eltern. Die Debatte über das Thema hält weiter an.","experiment.osexp","D:\ET_course_project_gender-bias\experiment","False","mono","False","39","no","white","no","yes","1080","16","space","psycho","178.0","3.0","117","2","10","10","D:\ET_course_project_gender-bias\experiment\subject-6.csv","150","psycho","an_found","Neonatal Nightingale","4.1.14","69.0","178.0","2","0","space","NA","space","space","space","16492.570900009014","NA","13862.892300006934","16492.570900009014","True","53","2","<RN>Dozenten</RN>","180","488.0","668.0","-173.0","-120.0","2","psycho","6","Auf einer schulischen Tagung werden aktuelle Kontroversen rund um Vorlesungsführung und Leistungsbewertung diskutiert. Die <RN>Dozent*innen</RN> fordern erhöhte Leistungsorientierung und strengere Notenvergabe im Lehrplan, doch diese <AN>Männer</AN> stoßen dabei auf Gegendruck von Eltern. Die Debatte über das Thema hält weiter an.","Bei einer Informationsveranstaltung im Krankenhaus wird über aktuelle Impfreformen und deren Auswirkungen gesprochen. Die <RN>Krankenschwestern</RN> diskutieren über Long Covid und setzen sich für mehr Unterstützung ein, doch diese <AN>Männer</AN> lehnen die Vorschläge ab. Die nächsten Schritte werden derzeit kontrovers diskutiert.","1","1024","2","48000","-16","53","4","132","-207.0","-75.0","61.0","114.0","experiment","6","even","129517.6947","-810.0","-290.0","NA","4540.637500002049","4541.024000005564","64027.662099993904","77891.13420000649","178709.42129999457","77941.47069999599","178709.47929999966","63435.570200002985","NA","178635.33020000614","162142.02709999518","129505.94350000028","77941.50369999988","178708.85569999518","64022.202899999684","162138.53939999535","Experiment","0","0","0","2","1920","an.","53","25","59"
"<AN>Frauen</AN>","C4","<RN>Expertinnen</RN>","undefined","undefined","True","53","4","<AN>Frauen</AN>","132","-339.0","-207.0","61.0","114.0","undefined","undefined","#232323","1620","psycho","True","an","psycho","psycho","undefined","undefined","undefined","0","0","0","0","0","11","0","11","0","0","11","11","11","0","11","0","50","-810.0","-270.5","5","795.0","70.40846694993436","Fri Jul 31 11:49:11 2026","The main experiment item","False","Auf einer schulischen Tagung werden aktuelle Kontroversen rund um Vorlesungsführung und Leistungsbewertung diskutiert. Die <RN>Dozenten</RN> fordern erhöhte Leistungsorientierung und strengere Notenvergabe im Lehrplan, doch diese <AN>Frauen</AN> stoßen dabei auf Gegendruck von Eltern. Die Debatte über das Thema hält weiter an.","experiment.osexp","D:\ET_course_project_gender-bias\experiment","False","mono","False","39","no","white","no","yes","1080","14","space","psycho","178.0","3.0","117","3","11","11","D:\ET_course_project_gender-bias\experiment\subject-6.csv","150","psycho","an_found","Neonatal Nightingale","4.1.14","69.0","178.0","2","0","space","NA","space","space","space","16492.570900009014","NA","13862.892300006934","16492.570900009014","True","53","2","<RN>Dozenten</RN>","180","488.0","668.0","-173.0","-120.0","2","psycho","6","Auf einer schulischen Tagung werden aktuelle Kontroversen rund um Vorlesungsführung und Leistungsbewertung diskutiert. Die <RN>Dozent*innen</RN> fordern erhöhte Leistungsorientierung und strengere Notenvergabe im Lehrplan, doch diese <AN>Männer</AN> stoßen dabei auf Gegendruck von Eltern. Die Debatte über das Thema hält weiter an.","Auf einer öffentlichen Veranstaltung stehen Investitionen und langfristige gesellschaftliche Entwicklungen zur Diskussion. Die <RN>Fachfrauen</RN> unterstützen höhere Investitionen und langfristige Entwicklungen, doch diese <AN>Männer</AN> kritisieren die Umsetzung. Die politischen Folgen werden unterschiedlich bewertet.","1","1024","2","48000","-16","53","4","132","-207.0","-75.0","61.0","114.0","experiment","6","even","129517.6947","-810.0","-290.0","NA","4540.637500002049","4541.024000005564","64027.662099993904","77891.13420000649","178737.67240000598","77941.47069999599","178737.73409999558","63435.570200002985","NA","178635.33020000614","162142.02709999518","129505.94350000028","77941.50369999988","178737.39080000087","64022.202899999684","162138.53939999535","Experiment","0","0","0","2","1920","an.","53","25","59"
"<AN>Männer</AN>","C1","<RN>Arbeitnehmer</RN>","undefined","undefined","True","53","4","<AN>Frauen</AN>","132","-339.0","-207.0","61.0","114.0","undefined","undefined","#232323","1620","psycho","True","an","psycho","psycho","undefined","undefined","undefined","0","0","0","0","0","12","0","12","0","0","12","12","12","0","12","0","50","-810.0","-270.5","5","795.0","70.40846694993436","Fri Jul 31 11:49:11 2026","The main experiment item","False","Auf einer schulischen Tagung werden aktuelle Kontroversen rund um Vorlesungsführung und Leistungsbewertung diskutiert. Die <RN>Dozenten</RN> fordern erhöhte Leistungsorientierung und strengere Notenvergabe im Lehrplan, doch diese <AN>Frauen</AN> stoßen dabei auf Gegendruck von Eltern. Die Debatte über das Thema hält weiter an.","experiment.osexp","D:\ET_course_project_gender-bias\experiment","False","mono","False","39","no","white","no","yes","1080","12","space","psycho","178.0","3.0","117","2","12","12","D:\ET_course_project_gender-bias\experiment\subject-6.csv","150","psycho","an_found","Neonatal Nightingale","4.1.14","69.0","178.0","2","0","space","NA","space","space","space","16492.570900009014","NA","13862.892300006934","16492.570900009014","True","53","2","<RN>Dozenten</RN>","180","488.0","668.0","-173.0","-120.0","2","psycho","6","Auf einer schulischen Tagung werden aktuelle Kontroversen rund um Vorlesungsführung und Leistungsbewertung diskutiert. Die <RN>Dozent*innen</RN> fordern erhöhte Leistungsorientierung und strengere Notenvergabe im Lehrplan, doch diese <AN>Männer</AN> stoßen dabei auf Gegendruck von Eltern. Die Debatte über das Thema hält weiter an.","Auf einer Gewerkschaftsveranstaltung wird derzeit über Löhne, Arbeitsbedingungen und Arbeitnehmerrechte diskutiert. Die <RN>Beschäftigten</RN> fordern bessere Bezahlung und faire Arbeitsbedingungen, doch diese diskussionsfreudigen <AN>Frauen</AN> sehen vor allem strukturelle Probleme. Die kommenden Entwicklungen sind weiterhin Gegenstand von Diskussionen.","1","1024","2","48000","-16","53","4","132","-207.0","-75.0","61.0","114.0","experiment","6","even","129517.6947","-810.0","-290.0","NA","4540.637500002049","4541.024000005564","64027.662099993904","77891.13420000649","178765.5972000066","77941.47069999599","178765.65210000263","63435.570200002985","NA","178635.33020000614","162142.02709999518","129505.94350000028","77941.50369999988","178765.36370000395","64022.202899999684","162138.53939999535","Experiment","0","0","0","2","1920","an.","53","25","59"
"<AN>Frauen</AN>","C2","<RN>Experten</RN>","undefined","undefined","True","53","4","<AN>Frauen</AN>","132","-339.0","-207.0","61.0","114.0","undefined","undefined","#232323","1620","psycho","True","an","psycho","psycho","undefined","undefined","undefined","0","0","0","0","0","13","0","13","0","0","13","13","13","0","13","0","50","-810.0","-270.5","5","795.0","70.40846694993436","Fri Jul 31 11:49:11 2026","The main experiment item","False","Auf einer schulischen Tagung werden aktuelle Kontroversen rund um Vorlesungsführung und Leistungsbewertung diskutiert. Die <RN>Dozenten</RN> fordern erhöhte Leistungsorientierung und strengere Notenvergabe im Lehrplan, doch diese <AN>Frauen</AN> stoßen dabei auf Gegendruck von Eltern. Die Debatte über das Thema hält weiter an.","experiment.osexp","D:\ET_course_project_gender-bias\experiment","False","mono","False","39","no","white","no","yes","1080","14","space","psycho","178.0","3.0","117","1","13","13","D:\ET_course_project_gender-bias\experiment\subject-6.csv","150","psycho","an_found","Neonatal Nightingale","4.1.14","69.0","178.0","2","0","space","NA","space","space","space","16492.570900009014","NA","13862.892300006934","16492.570900009014","True","53","2","<RN>Dozenten</RN>","180","488.0","668.0","-173.0","-120.0","2","psycho","6","Auf einer schulischen Tagung werden aktuelle Kontroversen rund um Vorlesungsführung und Leistungsbewertung diskutiert. Die <RN>Dozent*innen</RN> fordern erhöhte Leistungsorientierung und strengere Notenvergabe im Lehrplan, doch diese <AN>Männer</AN> stoßen dabei auf Gegendruck von Eltern. Die Debatte über das Thema hält weiter an.","Auf einer öffentlichen Veranstaltung stehen Investitionen und langfristige gesellschaftliche Entwicklungen zur Diskussion. Die <RN>Fachfrauen</RN> unterstützen höhere Investitionen und langfristige Entwicklungen, doch diese <AN>Männer</AN> kritisieren die Umsetzung. Die politischen Folgen werden unterschiedlich bewertet.","1","1024","2","48000","-16","53","4","132","-207.0","-75.0","61.0","114.0","experiment","6","even","129517.6947","-810.0","-290.0","NA","4540.637500002049","4541.024000005564","64027.662099993904","77891.13420000649","178793.05389999354","77941.47069999599","178793.10130000522","63435.570200002985","NA","178635.33020000614","162142.02709999518","129505.94350000028","77941.50369999988","178792.8879999963","64022.202899999684","162138.53939999535","Experiment","0","0","0","2","1920","an.","53","25","59"
"<AN>Männer</AN>","C1","<RN>Ingenieure</RN>","undefined","undefined","True","53","4","<AN>Frauen</AN>","132","-339.0","-207.0","61.0","114.0","undefined","undefined","#232323","1620","psycho","True","an","psycho","psycho","undefined","undefined","undefined","0","0","0","0","0","14","0","14","0","0","14","14","14","0","14","0","50","-810.0","-270.5","5","795.0","70.40846694993436","Fri Jul 31 11:49:11 2026","The main experiment item","False","Auf einer schulischen Tagung werden aktuelle Kontroversen rund um Vorlesungsführung und Leistungsbewertung diskutiert. Die <RN>Dozenten</RN> fordern erhöhte Leistungsorientierung und strengere Notenvergabe im Lehrplan, doch diese <AN>Frauen</AN> stoßen dabei auf Gegendruck von Eltern. Die Debatte über das Thema hält weiter an.","experiment.osexp","D:\ET_course_project_gender-bias\experiment","False","mono","False","39","no","white","no","yes","1080","17","space","psycho","178.0","3.0","117","3","14","14","D:\ET_course_project_gender-bias\experiment\subject-6.csv","150","psycho","an_found","Neonatal Nightingale","4.1.14","69.0","178.0","2","0","space","NA","space","space","space","16492.570900009014","NA","13862.892300006934","16492.570900009014","True","53","2","<RN>Dozenten</RN>","180","488.0","668.0","-173.0","-120.0","2","psycho","6","Auf einer schulischen Tagung werden aktuelle Kontroversen rund um Vorlesungsführung und Leistungsbewertung diskutiert. Die <RN>Dozent*innen</RN> fordern erhöhte Leistungsorientierung und strengere Notenvergabe im Lehrplan, doch diese <AN>Männer</AN> stoßen dabei auf Gegendruck von Eltern. Die Debatte über das Thema hält weiter an.","Im Rahmen einer städtischen Planungsrunde wird über die zukünftige Mobilität und den Ausbau des Nahverkehrs diskutiert. Die <RN>Ingenieurinnen</RN> diskutieren über Verkehrskonzepte und setzen sich für den Ausbau des ÖPNV ein, doch diese <AN>Männer</AN> lehnen die Vorschläge ab. Die nächsten Schritte werden derzeit kontrovers diskutiert.","1","1024","2","48000","-16","53","4","132","-207.0","-75.0","61.0","114.0","experiment","6","even","129517.6947","-810.0","-290.0","NA","4540.637500002049","4541.024000005564","64027.662099993904","77891.13420000649","178819.10959999368","77941.47069999599","178819.1603000014","63435.570200002985","NA","178635.33020000614","162142.02709999518","129505.94350000028","77941.50369999988","178818.88390000677","64022.202899999684","162138.53939999535","Experiment","0","0","0","2","1920","an.","53","25","59"
"<AN>Frauen</AN>","C4","<RN>Ingenieurinnen</RN>","undefined","undefined","True","53","4","<AN>Frauen</AN>","132","-85.0","47.0","61.0","114.0","undefined","undefined","#232323","1620","psycho","True","diskutiert","psycho","psycho","undefined","undefined","undefined","0","0","0","0","0","15","0","15","0","0","15","15","15","0","15","0","50","-810.0","-270.5","5","1003.0","30.585022007512116","Fri Jul 31 11:49:11 2026","The main experiment item","False","Im Rahmen einer städtischen Planungsrunde wird über die zukünftige Mobilität und den Ausbau des Nahverkehrs diskutiert. Die <RN>Ingenieurinnen</RN> diskutieren über nachhaltige Verkehrskonzepte und setzen sich für den Ausbau des ÖPNV ein, doch diese <AN>Frauen</AN> lehnen die Vorschläge ab. Die nächsten Schritte werden derzeit kontrovers diskutiert.","experiment.osexp","D:\ET_course_project_gender-bias\experiment","False","mono","False","39","no","white","no","yes","1080","17","space","psycho","178.0","3.0","117","6","15","15","D:\ET_course_project_gender-bias\experiment\subject-6.csv","150","psycho","an_found","Neonatal Nightingale","4.1.14","461.0","178.0","2","0","space","NA","space","space","space","17980.770299996948","NA","13862.892300006934","17980.770299996948","True","53","2","<RN>Ingenieurinnen</RN>","316","480.0","796.0","-173.0","-120.0","2","psycho","6","Im Rahmen einer städtischen Planungsrunde wird über die zukünftige Mobilität und den Ausbau des Nahverkehrs diskutiert. Die <RN>Ingenieurinnen</RN> diskutieren über nachhaltige Verkehrskonzepte und setzen sich für den Ausbau des ÖPNV ein, doch diese <AN>Männer</AN> lehnen die Vorschläge ab. Die nächsten Schritte werden derzeit kontrovers diskutiert.","Im Rahmen einer städtischen Planungsrunde wird über die zukünftige Mobilität und den Ausbau des Nahverkehrs diskutiert. Die <RN>Ingenieurinnen</RN> diskutieren über nachhaltige Verkehrskonzepte und setzen sich für den Ausbau des ÖPNV ein, doch diese <AN>Männer</AN> lehnen die Vorschläge ab. Die nächsten Schritte werden derzeit kontrovers diskutiert.","0","1024","2","48000","-16","53","4","132","47.0","179.0","61.0","114.0","experiment","6","even","178858.52979999618","-810.0","-290.0","NA","4540.637500002049","4541.024000005564","64027.662099993904","77891.13420000649","178847.23569999915","77941.47069999599","231664.282800004","63435.570200002985","NA","231619.1286999965","213637.78679999814","178847.26379999483","77941.50369999988","178847.03669999726","64022.202899999684","213634.54480000655","Experiment","0","0","0","3","1920","diskutiert.","53","25","243"
"<AN>Männer</AN>","C5","<RN>Arbeitnehmer*innen</RN>","undefined","undefined","True","53","4","<AN>Frauen</AN>","132","-85.0","47.0","61.0","114.0","undefined","undefined","#232323","1620","psycho","True","diskutiert","psycho","psycho","undefined","undefined","undefined","0","0","0","0","0","16","0","16","0","0","16","16","16","0","16","0","50","-810.0","-270.5","5","1003.0","30.585022007512116","Fri Jul 31 11:49:11 2026","The main experiment item","False","Im Rahmen einer städtischen Planungsrunde wird über die zukünftige Mobilität und den Ausbau des Nahverkehrs diskutiert. Die <RN>Ingenieurinnen</RN> diskutieren über nachhaltige Verkehrskonzepte und setzen sich für den Ausbau des ÖPNV ein, doch diese <AN>Frauen</AN> lehnen die Vorschläge ab. Die nächsten Schritte werden derzeit kontrovers diskutiert.","experiment.osexp","D:\ET_course_project_gender-bias\experiment","False","mono","False","39","no","white","no","yes","1080","5","space","psycho","178.0","3.0","117","1","16","16","D:\ET_course_project_gender-bias\experiment\subject-6.csv","150","psycho","an_found","Neonatal Nightingale","4.1.14","461.0","178.0","2","0","space","NA","space","space","space","17980.770299996948","NA","13862.892300006934","17980.770299996948","True","53","2","<RN>Ingenieurinnen</RN>","316","480.0","796.0","-173.0","-120.0","2","psycho","6","Im Rahmen einer städtischen Planungsrunde wird über die zukünftige Mobilität und den Ausbau des Nahverkehrs diskutiert. Die <RN>Ingenieurinnen</RN> diskutieren über nachhaltige Verkehrskonzepte und setzen sich für den Ausbau des ÖPNV ein, doch diese <AN>Männer</AN> lehnen die Vorschläge ab. Die nächsten Schritte werden derzeit kontrovers diskutiert.","Im Rahmen einer Geschäftsveranstaltung findet derzeit ein Austausch über Arbeitsbedingungen und gesellschaftliche Entwicklungen statt. Die <RN>Arbeitnehmer*innen</RN> erwarten höhere Gehälter und klimatisierte Arbeitsplätze, aber diese <AN>Männer</AN> wollen auch weniger arbeiten. Die Frage nach den Konsequenzen bleibt offen.","1","1024","2","48000","-16","53","4","132","47.0","179.0","61.0","114.0","experiment","6","even","178858.52979999618","-810.0","-290.0","NA","4540.637500002049","4541.024000005564","64027.662099993904","77891.13420000649","231881.3480999961","77941.47069999599","231881.41260000702","63435.570200002985","NA","231619.1286999965","213637.78679999814","178847.26379999483","77941.50369999988","231880.58870000532","64022.202899999684","213634.54480000655","Experiment","0","0","0","3","1920","diskutiert.","53","25","243"
"<AN>Männer</AN>","C1","<RN>Studenten</RN>","undefined","undefined","True","53","4","<AN>Frauen</AN>","132","-85.0","47.0","61.0","114.0","undefined","undefined","#232323","1620","psycho","True","diskutiert","psycho","psycho","undefined","undefined","undefined","0","0","0","0","0","17","0","17","0","0","17","17","17","0","17","0","50","-810.0","-270.5","5","1003.0","30.585022007512116","Fri Jul 31 11:49:11 2026","The main experiment item","False","Im Rahmen einer städtischen Planungsrunde wird über die zukünftige Mobilität und den Ausbau des Nahverkehrs diskutiert. Die <RN>Ingenieurinnen</RN> diskutieren über nachhaltige Verkehrskonzepte und setzen sich für den Ausbau des ÖPNV ein, doch diese <AN>Frauen</AN> lehnen die Vorschläge ab. Die nächsten Schritte werden derzeit kontrovers diskutiert.","experiment.osexp","D:\ET_course_project_gender-bias\experiment","False","mono","False","39","no","white","no","yes","1080","1","space","psycho","178.0","3.0","117","1","17","17","D:\ET_course_project_gender-bias\experiment\subject-6.csv","150","psycho","an_found","Neonatal Nightingale","4.1.14","461.0","178.0","2","0","space","NA","space","space","space","17980.770299996948","NA","13862.892300006934","17980.770299996948","True","53","2","<RN>Ingenieurinnen</RN>","316","480.0","796.0","-173.0","-120.0","2","psycho","6","Im Rahmen einer städtischen Planungsrunde wird über die zukünftige Mobilität und den Ausbau des Nahverkehrs diskutiert. Die <RN>Ingenieurinnen</RN> diskutieren über nachhaltige Verkehrskonzepte und setzen sich für den Ausbau des ÖPNV ein, doch diese <AN>Männer</AN> lehnen die Vorschläge ab. Die nächsten Schritte werden derzeit kontrovers diskutiert.","Bei einer Podiumsdiskussion an der Universität wird über aktuelle gesellschaftliche Themen gesprochen. Die <RN>Studenten</RN> müssten wieder stärker leistungsorientiert gefördert werden, doch die Mehrheit dieser dort teilnehmenden <AN>Frauen</AN> kritisiert die neuen Anforderungen. Die weitere Entwicklung bleibt Gegenstand öffentlicher Debatten.","1","1024","2","48000","-16","53","4","132","47.0","179.0","61.0","114.0","experiment","6","even","178858.52979999618","-810.0","-290.0","NA","4540.637500002049","4541.024000005564","64027.662099993904","77891.13420000649","231908.51740000653","77941.47069999599","231908.5691999935","63435.570200002985","NA","231619.1286999965","213637.78679999814","178847.26379999483","77941.50369999988","231908.19970000302","64022.202899999684","213634.54480000655","Experiment","0","0","0","3","1920","diskutiert.","53","25","243"
"<AN>Männer</AN>","C3","<RN>Expertinnen</RN>","undefined","undefined","True","53","4","<AN>Frauen</AN>","132","-85.0","47.0","61.0","114.0","undefined","undefined","#232323","1620","psycho","True","diskutiert","psycho","psycho","undefined","undefined","undefined","0","0","0","0","0","18","0","18","0","0","18","18","18","0","18","0","50","-810.0","-270.5","5","1003.0","30.585022007512116","Fri Jul 31 11:49:11 2026","The main experiment item","False","Im Rahmen einer städtischen Planungsrunde wird über die zukünftige Mobilität und den Ausbau des Nahverkehrs diskutiert. Die <RN>Ingenieurinnen</RN> diskutieren über nachhaltige Verkehrskonzepte und setzen sich für den Ausbau des ÖPNV ein, doch diese <AN>Frauen</AN> lehnen die Vorschläge ab. Die nächsten Schritte werden derzeit kontrovers diskutiert.","experiment.osexp","D:\ET_course_project_gender-bias\experiment","False","mono","False","39","no","white","no","yes","1080","7","space","psycho","178.0","3.0","117","3","18","18","D:\ET_course_project_gender-bias\experiment\subject-6.csv","150","psycho","an_found","Neonatal Nightingale","4.1.14","461.0","178.0","2","0","space","NA","space","space","space","17980.770299996948","NA","13862.892300006934","17980.770299996948","True","53","2","<RN>Ingenieurinnen</RN>","316","480.0","796.0","-173.0","-120.0","2","psycho","6","Im Rahmen einer städtischen Planungsrunde wird über die zukünftige Mobilität und den Ausbau des Nahverkehrs diskutiert. Die <RN>Ingenieurinnen</RN> diskutieren über nachhaltige Verkehrskonzepte und setzen sich für den Ausbau des ÖPNV ein, doch diese <AN>Männer</AN> lehnen die Vorschläge ab. Die nächsten Schritte werden derzeit kontrovers diskutiert.","Beim Sommerfest eines Unternehmens wird über wirtschaftliche Entwicklungen und gesellschaftliche Herausforderungen diskutiert. Die <RN>Fachleute</RN> sehen große Herausforderungen im nächsten Geschäftsjahr, dennoch bleiben diese <AN>Männer</AN> optimistisch. Die unternehmerischen Folgen werden unterschiedlich bewertet.","1","1024","2","48000","-16","53","4","132","47.0","179.0","61.0","114.0","experiment","6","even","178858.52979999618","-810.0","-290.0","NA","4540.637500002049","4541.024000005564","64027.662099993904","77891.13420000649","231934.4812000054","77941.47069999599","231934.53179999779","63435.570200002985","NA","231619.1286999965","213637.78679999814","178847.26379999483","77941.50369999988","231934.27939999674","64022.202899999684","213634.54480000655","Experiment","0","0","0","3","1920","diskutiert.","53","25","243"
"<AN>Frauen</AN>","C4","<RN>Aktivistinnen</RN>","undefined","undefined","True","53","4","<AN>Frauen</AN>","132","-201.0","-69.0","61.0","114.0","undefined","undefined","#232323","1620","psycho","True","geprüft","psycho","psycho","undefined","undefined","undefined","0","0","0","0","0","19","0","19","0","0","19","19","19","0","19","0","50","-810.0","-270.5","5","1182.0","52.83482985909958","Fri Jul 31 11:49:11 2026","The main experiment item","False","Auf einer öffentlichen Veranstaltung werden aktuelle wohnungs- und gesellschaftspolitische Themen diskutiert. Die <RN>Aktivistinnen</RN> fordern mehr bezahlbaren Wohnraum in Stuttgart und diskutieren faire Lösungsansätze, doch diese <AN>Frauen</AN> sehen die Verantwortung stärker beim Bund. Die Auswirkungen der Entscheidung werden noch geprüft.","experiment.osexp","D:\ET_course_project_gender-bias\experiment","False","mono","False","39","no","white","no","yes","1080","11","space","psycho","178.0","3.0","117","6","19","19","D:\ET_course_project_gender-bias\experiment\subject-6.csv","150","psycho","an_found","Neonatal Nightingale","4.1.14","572.0","178.0","2","0","space","NA","space","space","space","17348.384299999452","NA","13862.892300006934","17348.384299999452","True","53","2","<RN>Aktivistinnen</RN>","297","261.0","558.0","-173.0","-120.0","2","psycho","6","Auf einer öffentlichen Veranstaltung werden aktuelle wohnungs- und gesellschaftspolitische Themen diskutiert. Die <RN>Aktivist*innen</RN> fordern mehr bezahlbaren Wohnraum in Stuttgart und diskutieren faire Lösungsansätze, doch diese <AN>Frauen</AN> sehen die Verantwortung stärker beim Bund. Die Auswirkungen der Entscheidung werden noch geprüft.","Auf einer öffentlichen Veranstaltung werden aktuelle wohnungs- und gesellschaftspolitische Themen diskutiert. Die <RN>Aktivist*innen</RN> fordern mehr bezahlbaren Wohnraum in Stuttgart und diskutieren faire Lösungsansätze, doch diese <AN>Frauen</AN> sehen die Verantwortung stärker beim Bund. Die Auswirkungen der Entscheidung werden noch geprüft.","0","1024","2","48000","-16","53","4","132","-69.0","63.0","61.0","114.0","experiment","6","even","231976.9140999997","-810.0","-290.0","NA","4540.637500002049","4541.024000005564","64027.662099993904","77891.13420000649","231964.87710000656","77941.47069999599","277912.748200004","63435.570200002985","NA","277867.36550000205","260518.29449999786","231964.90300000005","77941.50369999988","231964.77989999403","64022.202899999684","260514.56369999505","Experiment","0","0","0","4","1920","geprüft.","53","25","175"
"<AN>Frauen</AN>","C4","<RN>Ingenieurinnen</RN>","undefined","undefined","True","53","4","<AN>Frauen</AN>","132","-201.0","-69.0","61.0","114.0","undefined","undefined","#232323","1620","psycho","True","geprüft","psycho","psycho","undefined","undefined","undefined","0","0","0","0","0","20","0","20","0","0","20","20","20","0","20","0","50","-810.0","-270.5","5","1182.0","52.83482985909958","Fri Jul 31 11:49:11 2026","The main experiment item","False","Auf einer öffentlichen Veranstaltung werden aktuelle wohnungs- und gesellschaftspolitische Themen diskutiert. Die <RN>Aktivistinnen</RN> fordern mehr bezahlbaren Wohnraum in Stuttgart und diskutieren faire Lösungsansätze, doch diese <AN>Frauen</AN> sehen die Verantwortung stärker beim Bund. Die Auswirkungen der Entscheidung werden noch geprüft.","experiment.osexp","D:\ET_course_project_gender-bias\experiment","False","mono","False","39","no","white","no","yes","1080","3","space","psycho","178.0","3.0","117","2","20","20","D:\ET_course_project_gender-bias\experiment\subject-6.csv","150","psycho","an_found","Neonatal Nightingale","4.1.14","572.0","178.0","2","0","space","NA","space","space","space","17348.384299999452","NA","13862.892300006934","17348.384299999452","True","53","2","<RN>Aktivistinnen</RN>","297","261.0","558.0","-173.0","-120.0","2","psycho","6","Auf einer öffentlichen Veranstaltung werden aktuelle wohnungs- und gesellschaftspolitische Themen diskutiert. Die <RN>Aktivist*innen</RN> fordern mehr bezahlbaren Wohnraum in Stuttgart und diskutieren faire Lösungsansätze, doch diese <AN>Frauen</AN> sehen die Verantwortung stärker beim Bund. Die Auswirkungen der Entscheidung werden noch geprüft.","Auf einer wissenschaftlichen Konferenz zu technischen Zukunftsfragen werden derzeit aktuelle gesellschaftliche Themen erörtert. Die <RN>Ingenieur*innen</RN> kritisieren die Energiewende und stehen vor Herausforderungen, doch diese <AN>Frauen</AN> lehnen zusätzliche Investitionen ab. Über die Konsequenzen wird weiterhin intensiv gestritten.","1","1024","2","48000","-16","53","4","132","-69.0","63.0","61.0","114.0","experiment","6","even","231976.9140999997","-810.0","-290.0","NA","4540.637500002049","4541.024000005564","64027.662099993904","77891.13420000649","277941.27239999943","77941.47069999599","277941.3273999962","63435.570200002985","NA","277867.36550000205","260518.29449999786","231964.90300000005","77941.50369999988","277940.73869999556","64022.202899999684","260514.56369999505","Experiment","0","0","0","4","1920","geprüft.","53","25","175"
"<AN>Männer</AN>","C5","<RN>Unternehmer*innen</RN>","undefined","undefined","True","53","4","<AN>Frauen</AN>","132","-201.0","-69.0","61.0","114.0","undefined","undefined","#232323","1620","psycho","True","geprüft","psycho","psycho","undefined","undefined","undefined","0","0","0","0","0","21","0","21","0","0","21","21","21","0","21","0","50","-810.0","-270.5","5","1182.0","52.83482985909958","Fri Jul 31 11:49:11 2026","The main experiment item","False","Auf einer öffentlichen Veranstaltung werden aktuelle wohnungs- und gesellschaftspolitische Themen diskutiert. Die <RN>Aktivistinnen</RN> fordern mehr bezahlbaren Wohnraum in Stuttgart und diskutieren faire Lösungsansätze, doch diese <AN>Frauen</AN> sehen die Verantwortung stärker beim Bund. Die Auswirkungen der Entscheidung werden noch geprüft.","experiment.osexp","D:\ET_course_project_gender-bias\experiment","False","mono","False","39","no","white","no","yes","1080","4","space","psycho","178.0","3.0","117","2","21","21","D:\ET_course_project_gender-bias\experiment\subject-6.csv","150","psycho","an_found","Neonatal Nightingale","4.1.14","572.0","178.0","2","0","space","NA","space","space","space","17348.384299999452","NA","13862.892300006934","17348.384299999452","True","53","2","<RN>Aktivistinnen</RN>","297","261.0","558.0","-173.0","-120.0","2","psycho","6","Auf einer öffentlichen Veranstaltung werden aktuelle wohnungs- und gesellschaftspolitische Themen diskutiert. Die <RN>Aktivist*innen</RN> fordern mehr bezahlbaren Wohnraum in Stuttgart und diskutieren faire Lösungsansätze, doch diese <AN>Frauen</AN> sehen die Verantwortung stärker beim Bund. Die Auswirkungen der Entscheidung werden noch geprüft.","Bei einem Networking-Event stehen wirtschaftspolitische und gesellschaftliche Fragestellungen im Mittelpunkt der Diskussion. Die <RN>Unternehmer</RN> brauchen weniger bürokratische Hürden und sprechen über Verbesserungen, doch diese <AN>Männer</AN> fordern weitere steuerliche Entlastungen. Die Folgen dieser Positionen bleiben umstritten.","1","1024","2","48000","-16","53","4","132","-69.0","63.0","61.0","114.0","experiment","6","even","231976.9140999997","-810.0","-290.0","NA","4540.637500002049","4541.024000005564","64027.662099993904","77891.13420000649","277970.7117000071","77941.47069999599","277970.7747999928","63435.570200002985","NA","277867.36550000205","260518.29449999786","231964.90300000005","77941.50369999988","277970.3604999959","64022.202899999684","260514.56369999505","Experiment","0","0","0","4","1920","geprüft.","53","25","175"
"<AN>Männer</AN>","C5","<RN>Lehrer*innen</RN>","undefined","undefined","True","53","4","<AN>Männer</AN>","135","-333.0","-198.0","61.0","114.0","undefined","undefined","#232323","1620","psycho","True","Diskussionen","psycho","psycho","undefined","undefined","undefined","0","0","0","0","0","22","0","22","0","0","22","22","22","0","22","0","50","-810.0","-270.5","5","1004.0","80.28508683535192","Fri Jul 31 11:49:11 2026","The main experiment item","False","Auf einer Konferenz zu Bildungsfragen wird derzeit über aktuelle schulische Themen gesprochen. Die <RN>Lehrer*innen</RN> sollen mehr auf Disziplin und Konsequenzen im Unterricht setzen, doch aus pädagogischen Gründen lehnen diese <AN>Männer</AN> die Vorschläge ab. Die kommenden Entwicklungen sind weiterhin Gegenstand von Diskussionen.","experiment.osexp","D:\ET_course_project_gender-bias\experiment","False","mono","False","39","no","white","no","yes","1080","6","space","psycho","178.0","3.0","117","6","22","22","D:\ET_course_project_gender-bias\experiment\subject-6.csv","150","psycho","an_found","Neonatal Nightingale","4.1.14","508.0","178.0","2","0","space","NA","space","space","space","16244.592300005024","NA","13862.892300006934","16244.592300005024","True","53","2","<RN>Lehrer*innen</RN>","270","-39.0","231.0","-173.0","-120.0","2","psycho","6","Auf einer Konferenz zu Bildungsfragen wird derzeit über aktuelle schulische Themen gesprochen. Die <RN>Lehrer</RN> sollen mehr auf Disziplin und Konsequenzen im Unterricht setzen, doch aus pädagogischen Gründen lehnen diese <AN>Frauen</AN> die Vorschläge ab. Die kommenden Entwicklungen sind weiterhin Gegenstand von Diskussionen.","Auf einer Konferenz zu Bildungsfragen wird derzeit über aktuelle schulische Themen gesprochen. Die <RN>Lehrer</RN> sollen mehr auf Disziplin und Konsequenzen im Unterricht setzen, doch aus pädagogischen Gründen lehnen diese <AN>Frauen</AN> die Vorschläge ab. Die kommenden Entwicklungen sind weiterhin Gegenstand von Diskussionen.","0","1024","2","48000","-16","53","4","135","-198.0","-63.0","61.0","114.0","experiment","6","even","278008.7691999943","-810.0","-290.0","NA","4540.637500002049","4541.024000005564","64027.662099993904","77891.13420000649","277997.9255000071","77941.47069999599","340593.5349999927","63435.570200002985","NA","340547.66490000475","324302.10179999995","277997.95740000263","77941.50369999988","277997.8392000048","64022.202899999684","324298.67220000597","Experiment","0","0","0","5","1920","Diskussionen.","53","25","289"
"<AN>Männer</AN>","C1","<RN>Dozenten</RN>","undefined","undefined","True","53","4","<AN>Männer</AN>","135","-333.0","-198.0","61.0","114.0","undefined","undefined","#232323","1620","psycho","True","Diskussionen","psycho","psycho","undefined","undefined","undefined","0","0","0","0","0","23","0","23","0","0","23","23","23","0","23","0","50","-810.0","-270.5","5","1004.0","80.28508683535192","Fri Jul 31 11:49:11 2026","The main experiment item","False","Auf einer Konferenz zu Bildungsfragen wird derzeit über aktuelle schulische Themen gesprochen. Die <RN>Lehrer*innen</RN> sollen mehr auf Disziplin und Konsequenzen im Unterricht setzen, doch aus pädagogischen Gründen lehnen diese <AN>Männer</AN> die Vorschläge ab. Die kommenden Entwicklungen sind weiterhin Gegenstand von Diskussionen.","experiment.osexp","D:\ET_course_project_gender-bias\experiment","False","mono","False","39","no","white","no","yes","1080","9","space","psycho","178.0","3.0","117","5","23","23","D:\ET_course_project_gender-bias\experiment\subject-6.csv","150","psycho","an_found","Neonatal Nightingale","4.1.14","508.0","178.0","2","0","space","NA","space","space","space","16244.592300005024","NA","13862.892300006934","16244.592300005024","True","53","2","<RN>Lehrer*innen</RN>","270","-39.0","231.0","-173.0","-120.0","2","psycho","6","Auf einer Konferenz zu Bildungsfragen wird derzeit über aktuelle schulische Themen gesprochen. Die <RN>Lehrer</RN> sollen mehr auf Disziplin und Konsequenzen im Unterricht setzen, doch aus pädagogischen Gründen lehnen diese <AN>Frauen</AN> die Vorschläge ab. Die kommenden Entwicklungen sind weiterhin Gegenstand von Diskussionen.","Auf einer schulischen Tagung werden aktuelle Kontroversen rund um Vorlesungsführung und Leistungsbewertung diskutiert. Die <RN>Dozent*innen</RN> fordern erhöhte Leistungsorientierung und strengere Notenvergabe im Lehrplan, doch diese <AN>Männer</AN> stoßen dabei auf Gegendruck von Eltern. Die Debatte über das Thema hält weiter an.","1","1024","2","48000","-16","53","4","135","-198.0","-63.0","61.0","114.0","experiment","6","even","278008.7691999943","-810.0","-290.0","NA","4540.637500002049","4541.024000005564","64027.662099993904","77891.13420000649","340620.8607000008","77941.47069999599","340620.9003999975","63435.570200002985","NA","340547.66490000475","324302.10179999995","277997.95740000263","77941.50369999988","340620.67790000583","64022.202899999684","324298.67220000597","Experiment","0","0","0","5","1920","Diskussionen.","53","25","289"
"<AN>Frauen</AN>","C2","<RN>Pfleger</RN>","undefined","undefined","True","53","4","<AN>Männer</AN>","135","-333.0","-198.0","61.0","114.0","undefined","undefined","#232323","1620","psycho","True","Diskussionen","psycho","psycho","undefined","undefined","undefined","0","0","0","0","0","24","0","24","0","0","24","24","24","0","24","0","50","-810.0","-270.5","5","1004.0","80.28508683535192","Fri Jul 31 11:49:11 2026","The main experiment item","False","Auf einer Konferenz zu Bildungsfragen wird derzeit über aktuelle schulische Themen gesprochen. Die <RN>Lehrer*innen</RN> sollen mehr auf Disziplin und Konsequenzen im Unterricht setzen, doch aus pädagogischen Gründen lehnen diese <AN>Männer</AN> die Vorschläge ab. Die kommenden Entwicklungen sind weiterhin Gegenstand von Diskussionen.","experiment.osexp","D:\ET_course_project_gender-bias\experiment","False","mono","False","39","no","white","no","yes","1080","2","space","psycho","178.0","3.0","117","1","24","24","D:\ET_course_project_gender-bias\experiment\subject-6.csv","150","psycho","an_found","Neonatal Nightingale","4.1.14","508.0","178.0","2","0","space","NA","space","space","space","16244.592300005024","NA","13862.892300006934","16244.592300005024","True","53","2","<RN>Lehrer*innen</RN>","270","-39.0","231.0","-173.0","-120.0","2","psycho","6","Auf einer Konferenz zu Bildungsfragen wird derzeit über aktuelle schulische Themen gesprochen. Die <RN>Lehrer</RN> sollen mehr auf Disziplin und Konsequenzen im Unterricht setzen, doch aus pädagogischen Gründen lehnen diese <AN>Frauen</AN> die Vorschläge ab. Die kommenden Entwicklungen sind weiterhin Gegenstand von Diskussionen.","Im Rahmen einer Gesprächsrunde im Gesundheitswesen wird derzeit über aktuelle gesellschaftliche Herausforderungen diskutiert. Die <RN>Pflegekräfte</RN> verdienen bessere Arbeitsbedingungen und benötigen langfristig mehr Unterstützung, doch diese <AN>Männer</AN> fühlen sich politisch nicht ausreichend unterstützt. Die nächsten Schritte werden derzeit kontrovers diskutiert.","1","1024","2","48000","-16","53","4","135","-198.0","-63.0","61.0","114.0","experiment","6","even","278008.7691999943","-810.0","-290.0","NA","4540.637500002049","4541.024000005564","64027.662099993904","77891.13420000649","340649.75470000354","77941.47069999599","340649.7980999993","63435.570200002985","NA","340547.66490000475","324302.10179999995","277997.95740000263","77941.50369999988","340649.5461000013","64022.202899999684","324298.67220000597","Experiment","0","0","0","5","1920","Diskussionen.","53","25","289"
"<AN>Frauen</AN>","C4","<RN>Krankenschwestern</RN>","undefined","undefined","True","53","4","<AN>Männer</AN>","135","-333.0","-198.0","61.0","114.0","undefined","undefined","#232323","1620","psycho","True","Diskussionen","psycho","psycho","undefined","undefined","undefined","0","0","0","0","0","25","0","25","0","0","25","25","25","0","25","0","50","-810.0","-270.5","5","1004.0","80.28508683535192","Fri Jul 31 11:49:11 2026","The main experiment item","False","Auf einer Konferenz zu Bildungsfragen wird derzeit über aktuelle schulische Themen gesprochen. Die <RN>Lehrer*innen</RN> sollen mehr auf Disziplin und Konsequenzen im Unterricht setzen, doch aus pädagogischen Gründen lehnen diese <AN>Männer</AN> die Vorschläge ab. Die kommenden Entwicklungen sind weiterhin Gegenstand von Diskussionen.","experiment.osexp","D:\ET_course_project_gender-bias\experiment","False","mono","False","39","no","white","no","yes","1080","16","space","psycho","178.0","3.0","117","1","25","25","D:\ET_course_project_gender-bias\experiment\subject-6.csv","150","psycho","an_found","Neonatal Nightingale","4.1.14","508.0","178.0","2","0","space","NA","space","space","space","16244.592300005024","NA","13862.892300006934","16244.592300005024","True","53","2","<RN>Lehrer*innen</RN>","270","-39.0","231.0","-173.0","-120.0","2","psycho","6","Auf einer Konferenz zu Bildungsfragen wird derzeit über aktuelle schulische Themen gesprochen. Die <RN>Lehrer</RN> sollen mehr auf Disziplin und Konsequenzen im Unterricht setzen, doch aus pädagogischen Gründen lehnen diese <AN>Frauen</AN> die Vorschläge ab. Die kommenden Entwicklungen sind weiterhin Gegenstand von Diskussionen.","Bei einer Informationsveranstaltung im Krankenhaus wird über aktuelle Impfreformen und deren Auswirkungen gesprochen. Die <RN>Krankenschwestern</RN> diskutieren über Langzeitfolgen von Corona und setzen sich für mehr Unterstützung ein, doch diese <AN>Männer</AN> lehnen die Vorschläge ab. Die nächsten Schritte werden derzeit kontrovers diskutiert.","1","1024","2","48000","-16","53","4","135","-198.0","-63.0","61.0","114.0","experiment","6","even","278008.7691999943","-810.0","-290.0","NA","4540.637500002049","4541.024000005564","64027.662099993904","77891.13420000649","340676.38550000265","77941.47069999599","340676.43659999885","63435.570200002985","NA","340547.66490000475","324302.10179999995","277997.95740000263","77941.50369999988","340676.19460000424","64022.202899999684","324298.67220000597","Experiment","0","0","0","5","1920","Diskussionen.","53","25","289"
"<AN>Frauen</AN>","C6","<RN>Student*innen</RN>","undefined","undefined","True","53","4","<AN>Frauen</AN>","132","-378.0","-246.0","61.0","114.0","undefined","undefined","#232323","1620","psycho","True","Debatten","psycho","psycho","undefined","undefined","undefined","0","0","0","0","0","26","0","26","0","0","26","26","26","0","26","0","50","-810.0","-270.5","5","1167.0","58.30252162917143","Fri Jul 31 11:49:11 2026","The main experiment item","False","Bei einer Podiumsdiskussion an der Universität wird über aktuelle gesellschaftliche Themen gesprochen. Die <RN>Student*innen</RN> müssten wieder stärker leistungsorientiert gefördert werden, doch die Mehrheit dieser dort teilnehmenden <AN>Frauen</AN> kritisiert die neuen Anforderungen. Die weitere Entwicklung bleibt Gegenstand öffentlicher Debatten.","experiment.osexp","D:\ET_course_project_gender-bias\experiment","False","mono","False","39","no","white","no","yes","1080","1","space","psycho","178.0","3.0","117","6","26","26","D:\ET_course_project_gender-bias\experiment\subject-6.csv","150","psycho","an_found","Neonatal Nightingale","4.1.14","579.0","178.0","2","0","space","NA","space","space","space","17084.339900000487","NA","13862.892300006934","17084.339900000487","True","53","2","<RN>Student*innen</RN>","295","124.0","419.0","-173.0","-120.0","2","psycho","6","Bei einer Podiumsdiskussion an der Universität wird über aktuelle gesellschaftliche Themen gesprochen. Die <RN>Studenten</RN> müssten wieder stärker leistungsorientiert gefördert werden, doch die Mehrheit dieser dort teilnehmenden <AN>Frauen</AN> kritisiert die neuen Anforderungen. Die weitere Entwicklung bleibt Gegenstand öffentlicher Debatten.","Bei einer Podiumsdiskussion an der Universität wird über aktuelle gesellschaftliche Themen gesprochen. Die <RN>Studenten</RN> müssten wieder stärker leistungsorientiert gefördert werden, doch die Mehrheit dieser dort teilnehmenden <AN>Frauen</AN> kritisiert die neuen Anforderungen. Die weitere Entwicklung bleibt Gegenstand öffentlicher Debatten.","0","1024","2","48000","-16","53","4","132","-246.0","-114.0","61.0","114.0","experiment","6","even","340716.517199995","-810.0","-290.0","NA","4540.637500002049","4541.024000005564","64027.662099993904","77891.13420000649","340704.4254000066","77941.47069999599","399911.93159999966","63435.570200002985","NA","399867.20789999526","382782.32689999277","340704.4728000037","77941.50369999988","340704.1239999962","64022.202899999684","382778.6844999937","Experiment","0","0","0","6","1920","Debatten.","53","25","197"
"<AN>Frauen</AN>","C6","<RN>Lehrer*innen</RN>","undefined","undefined","True","53","4","<AN>Frauen</AN>","132","-378.0","-246.0","61.0","114.0","undefined","undefined","#232323","1620","psycho","True","Debatten","psycho","psycho","undefined","undefined","undefined","0","0","0","0","0","27","0","27","0","0","27","27","27","0","27","0","50","-810.0","-270.5","5","1167.0","58.30252162917143","Fri Jul 31 11:49:11 2026","The main experiment item","False","Bei einer Podiumsdiskussion an der Universität wird über aktuelle gesellschaftliche Themen gesprochen. Die <RN>Student*innen</RN> müssten wieder stärker leistungsorientiert gefördert werden, doch die Mehrheit dieser dort teilnehmenden <AN>Frauen</AN> kritisiert die neuen Anforderungen. Die weitere Entwicklung bleibt Gegenstand öffentlicher Debatten.","experiment.osexp","D:\ET_course_project_gender-bias\experiment","False","mono","False","39","no","white","no","yes","1080","6","space","psycho","178.0","3.0","117","1","27","27","D:\ET_course_project_gender-bias\experiment\subject-6.csv","150","psycho","an_found","Neonatal Nightingale","4.1.14","579.0","178.0","2","0","space","NA","space","space","space","17084.339900000487","NA","13862.892300006934","17084.339900000487","True","53","2","<RN>Student*innen</RN>","295","124.0","419.0","-173.0","-120.0","2","psycho","6","Bei einer Podiumsdiskussion an der Universität wird über aktuelle gesellschaftliche Themen gesprochen. Die <RN>Studenten</RN> müssten wieder stärker leistungsorientiert gefördert werden, doch die Mehrheit dieser dort teilnehmenden <AN>Frauen</AN> kritisiert die neuen Anforderungen. Die weitere Entwicklung bleibt Gegenstand öffentlicher Debatten.","Auf einer Konferenz zu Bildungsfragen wird derzeit über aktuelle schulische Themen gesprochen. Die <RN>Lehrer</RN> sollen mehr auf Disziplin und Konsequenzen im Unterricht setzen, doch aus pädagogischen Gründen lehnen diese <AN>Frauen</AN> die Vorschläge ab. Die kommenden Entwicklungen sind weiterhin Gegenstand von Diskussionen.","1","1024","2","48000","-16","53","4","132","-246.0","-114.0","61.0","114.0","experiment","6","even","340716.517199995","-810.0","-290.0","NA","4540.637500002049","4541.024000005564","64027.662099993904","77891.13420000649","399940.9037000005","77941.47069999599","399940.9392999951","63435.570200002985","NA","399867.20789999526","382782.32689999277","340704.4728000037","77941.50369999988","399940.7815000013","64022.202899999684","382778.6844999937","Experiment","0","0","0","6","1920","Debatten.","53","25","197"
"<AN>Frauen</AN>","C2","<RN>Aktivisten</RN>","undefined","undefined","True","53","4","<AN>Frauen</AN>","132","-378.0","-246.0","61.0","114.0","undefined","undefined","#232323","1620","psycho","True","Debatten","psycho","psycho","undefined","undefined","undefined","0","0","0","0","0","28","0","28","0","0","28","28","28","0","28","0","50","-810.0","-270.5","5","1167.0","58.30252162917143","Fri Jul 31 11:49:11 2026","The main experiment item","False","Bei einer Podiumsdiskussion an der Universität wird über aktuelle gesellschaftliche Themen gesprochen. Die <RN>Student*innen</RN> müssten wieder stärker leistungsorientiert gefördert werden, doch die Mehrheit dieser dort teilnehmenden <AN>Frauen</AN> kritisiert die neuen Anforderungen. Die weitere Entwicklung bleibt Gegenstand öffentlicher Debatten.","experiment.osexp","D:\ET_course_project_gender-bias\experiment","False","mono","False","39","no","white","no","yes","1080","11","space","psycho","178.0","3.0","117","4","28","28","D:\ET_course_project_gender-bias\experiment\subject-6.csv","150","psycho","an_found","Neonatal Nightingale","4.1.14","579.0","178.0","2","0","space","NA","space","space","space","17084.339900000487","NA","13862.892300006934","17084.339900000487","True","53","2","<RN>Student*innen</RN>","295","124.0","419.0","-173.0","-120.0","2","psycho","6","Bei einer Podiumsdiskussion an der Universität wird über aktuelle gesellschaftliche Themen gesprochen. Die <RN>Studenten</RN> müssten wieder stärker leistungsorientiert gefördert werden, doch die Mehrheit dieser dort teilnehmenden <AN>Frauen</AN> kritisiert die neuen Anforderungen. Die weitere Entwicklung bleibt Gegenstand öffentlicher Debatten.","Auf einer öffentlichen Veranstaltung werden aktuelle wohnungs- und gesellschaftspolitische Themen diskutiert. Die <RN>Aktivist*innen</RN> fordern mehr bezahlbaren Wohnraum in Stuttgart für alle und diskutieren faire Lösungsansätze, doch diese <AN>Frauen</AN> sehen die Verantwortung stärker beim Bund. Die Auswirkungen der Entscheidung werden noch geprüft.","1","1024","2","48000","-16","53","4","132","-246.0","-114.0","61.0","114.0","experiment","6","even","340716.517199995","-810.0","-290.0","NA","4540.637500002049","4541.024000005564","64027.662099993904","77891.13420000649","399969.0944000031","77941.47069999599","399969.13690000656","63435.570200002985","NA","399867.20789999526","382782.32689999277","340704.4728000037","77941.50369999988","399968.7638000032","64022.202899999684","382778.6844999937","Experiment","0","0","0","6","1920","Debatten.","53","25","197"
"<AN>Frauen</AN>","C2","<RN>Professoren</RN>","undefined","undefined","True","53","4","<AN>Frauen</AN>","132","-65.0","67.0","61.0","114.0","undefined","undefined","#232323","1620","psycho","True","diskutiert","psycho","psycho","undefined","undefined","undefined","0","0","0","0","0","29","0","29","0","0","29","29","29","0","29","0","50","-810.0","-270.5","5","1003.0","54.584169667038125","Fri Jul 31 11:49:11 2026","The main experiment item","False","Im Rahmen einer öffentlichen Veranstaltung wird über die Zukunft der Hochschulen und die Forschungsförderung diskutiert. Die <RN>Professoren</RN> diskutieren über die Zukunft der Hochschulen und setzen sich für mehr Forschungsgelder ein, doch diese <AN>Frauen</AN> lehnen die Vorschläge ab. Die nächsten Schritte werden derzeit kontrovers diskutiert.","experiment.osexp","D:\ET_course_project_gender-bias\experiment","False","mono","False","39","no","white","no","yes","1080","15","space","psycho","178.0","3.0","117","6","29","29","D:\ET_course_project_gender-bias\experiment\subject-6.csv","150","psycho","an_found","Neonatal Nightingale","4.1.14","461.0","178.0","2","0","space","NA","space","space","space","15580.208200000925","NA","13862.892300006934","15580.208200000925","True","53","2","<RN>Professoren</RN>","248","461.0","709.0","-173.0","-120.0","2","psycho","6","Im Rahmen einer öffentlichen Veranstaltung wird über die Zukunft der Hochschulen und die Forschungsförderung diskutiert. Die <RN>Professorinnen</RN> diskutieren über die Zukunft der Hochschulen und setzen sich für mehr Forschungsgelder ein, doch diese <AN>Männer</AN> lehnen die Vorschläge ab. Die nächsten Schritte werden derzeit kontrovers diskutiert.","Im Rahmen einer öffentlichen Veranstaltung wird über die Zukunft der Hochschulen und die Forschungsförderung diskutiert. Die <RN>Professorinnen</RN> diskutieren über die Zukunft der Hochschulen und setzen sich für mehr Forschungsgelder ein, doch diese <AN>Männer</AN> lehnen die Vorschläge ab. Die nächsten Schritte werden derzeit kontrovers diskutiert.","0","1024","2","48000","-16","53","4","132","67.0","199.0","61.0","114.0","experiment","6","even","400008.95740000124","-810.0","-290.0","NA","4540.637500002049","4541.024000005564","64027.662099993904","77891.13420000649","399996.77549999615","77941.47069999599","449184.85409999266","63435.570200002985","NA","449139.19760000135","433558.4766999964","399996.8167000043","77941.50369999988","399996.3373999926","64022.202899999684","433554.76009999984","Experiment","0","0","0","7","1920","diskutiert.","53","25","243"
"<AN>Männer</AN>","C5","<RN>Professor*innen</RN>","undefined","undefined","True","53","4","<AN>Frauen</AN>","132","-65.0","67.0","61.0","114.0","undefined","undefined","#232323","1620","psycho","True","diskutiert","psycho","psycho","undefined","undefined","undefined","0","0","0","0","0","30","0","30","0","0","30","30","30","0","30","0","50","-810.0","-270.5","5","1003.0","54.584169667038125","Fri Jul 31 11:49:11 2026","The main experiment item","False","Im Rahmen einer öffentlichen Veranstaltung wird über die Zukunft der Hochschulen und die Forschungsförderung diskutiert. Die <RN>Professoren</RN> diskutieren über die Zukunft der Hochschulen und setzen sich für mehr Forschungsgelder ein, doch diese <AN>Frauen</AN> lehnen die Vorschläge ab. Die nächsten Schritte werden derzeit kontrovers diskutiert.","experiment.osexp","D:\ET_course_project_gender-bias\experiment","False","mono","False","39","no","white","no","yes","1080","15","space","psycho","178.0","3.0","117","3","30","30","D:\ET_course_project_gender-bias\experiment\subject-6.csv","150","psycho","an_found","Neonatal Nightingale","4.1.14","461.0","178.0","2","0","space","NA","space","space","space","15580.208200000925","NA","13862.892300006934","15580.208200000925","True","53","2","<RN>Professoren</RN>","248","461.0","709.0","-173.0","-120.0","2","psycho","6","Im Rahmen einer öffentlichen Veranstaltung wird über die Zukunft der Hochschulen und die Forschungsförderung diskutiert. Die <RN>Professorinnen</RN> diskutieren über die Zukunft der Hochschulen und setzen sich für mehr Forschungsgelder ein, doch diese <AN>Männer</AN> lehnen die Vorschläge ab. Die nächsten Schritte werden derzeit kontrovers diskutiert.","Im Rahmen einer öffentlichen Veranstaltung wird über die Zukunft der Hochschulen und die Forschungsförderung diskutiert. Die <RN>Professorinnen</RN> diskutieren über die Zukunft der Hochschulen und setzen sich für mehr Forschungsgelder ein, doch diese <AN>Männer</AN> lehnen die Vorschläge ab. Die nächsten Schritte werden derzeit kontrovers diskutiert.","1","1024","2","48000","-16","53","4","132","67.0","199.0","61.0","114.0","experiment","6","even","400008.95740000124","-810.0","-290.0","NA","4540.637500002049","4541.024000005564","64027.662099993904","77891.13420000649","449212.3378999968","77941.47069999599","449212.3774000065","63435.570200002985","NA","449139.19760000135","433558.4766999964","399996.8167000043","77941.50369999988","449212.23750000354","64022.202899999684","433554.76009999984","Experiment","0","0","0","7","1920","diskutiert.","53","25","243"
"<AN>Männer</AN>","C5","<RN>Polizist*innen</RN>","undefined","undefined","True","53","4","<AN>Männer</AN>","135","-202.0","-67.0","61.0","114.0","undefined","undefined","#232323","1620","psycho","True","verhandelt","psycho","psycho","undefined","undefined","undefined","0","0","0","0","0","31","0","31","0","0","31","31","31","0","31","0","50","-810.0","-270.5","5","1026.0","78.01902185390429","Fri Jul 31 11:49:11 2026","The main experiment item","False","Bei einer öffentlichen Sitzung im Rathaus wird über neue Verkehrsregelungen gesprochen. Die <RN>Polizist*innen</RN> diskutieren laut über mehr Sicherheit im Straßenverkehr und setzen sich für strengere Kontrollen ein, doch diese <AN>Männer</AN> lehnen die Vorschläge ab. Die nächsten Maßnahmen werden derzeit kontrovers verhandelt.","experiment.osexp","D:\ET_course_project_gender-bias\experiment","False","mono","False","39","no","white","no","yes","1080","18","space","psycho","178.0","3.0","117","6","31","31","D:\ET_course_project_gender-bias\experiment\subject-6.csv","150","psycho","an_found","Neonatal Nightingale","4.1.14","485.0","178.0","2","0","space","NA","space","space","space","14516.877100002603","NA","13862.892300006934","14516.877100002603","True","53","2","<RN>Polizist*innen</RN>","317","-13.0","304.0","-173.0","-120.0","2","psycho","6","Bei einer öffentlichen Sitzung im Rathaus wird über neue Verkehrsregelungen gesprochen. Die <RN>Polizistinnen</RN> diskutieren laut über mehr Sicherheit im Straßenverkehr und setzen sich für strengere Kontrollen ein, doch diese <AN>Männer</AN> lehnen die Vorschläge ab. Die nächsten Maßnahmen werden derzeit kontrovers verhandelt.","Bei einer öffentlichen Sitzung im Rathaus wird über neue Verkehrsregelungen gesprochen. Die <RN>Polizistinnen</RN> diskutieren laut über mehr Sicherheit im Straßenverkehr und setzen sich für strengere Kontrollen ein, doch diese <AN>Männer</AN> lehnen die Vorschläge ab. Die nächsten Maßnahmen werden derzeit kontrovers verhandelt.","0","1024","2","48000","-16","53","4","135","-67.0","68.0","61.0","114.0","experiment","6","even","449252.13809999696","-810.0","-290.0","NA","4540.637500002049","4541.024000005564","64027.662099993904","77891.13420000649","449240.20509999536","77941.47069999599","494392.1071999939","63435.570200002985","NA","494347.3284000065","479829.89870000165","449240.2402000007","77941.50369999988","449240.10850000195","64022.202899999684","479826.7298999999","Experiment","0","0","0","8","1920","verhandelt.","53","25","244"
"<AN>Männer</AN>","C5","<RN>Ingenieur*innen</RN>","undefined","undefined","True","53","4","<AN>Männer</AN>","135","-202.0","-67.0","61.0","114.0","undefined","undefined","#232323","1620","psycho","True","verhandelt","psycho","psycho","undefined","undefined","undefined","0","0","0","0","0","32","0","32","0","0","32","32","32","0","32","0","50","-810.0","-270.5","5","1026.0","78.01902185390429","Fri Jul 31 11:49:11 2026","The main experiment item","False","Bei einer öffentlichen Sitzung im Rathaus wird über neue Verkehrsregelungen gesprochen. Die <RN>Polizist*innen</RN> diskutieren laut über mehr Sicherheit im Straßenverkehr und setzen sich für strengere Kontrollen ein, doch diese <AN>Männer</AN> lehnen die Vorschläge ab. Die nächsten Maßnahmen werden derzeit kontrovers verhandelt.","experiment.osexp","D:\ET_course_project_gender-bias\experiment","False","mono","False","39","no","white","no","yes","1080","17","space","psycho","178.0","3.0","117","1","32","32","D:\ET_course_project_gender-bias\experiment\subject-6.csv","150","psycho","an_found","Neonatal Nightingale","4.1.14","485.0","178.0","2","0","space","NA","space","space","space","14516.877100002603","NA","13862.892300006934","14516.877100002603","True","53","2","<RN>Polizist*innen</RN>","317","-13.0","304.0","-173.0","-120.0","2","psycho","6","Bei einer öffentlichen Sitzung im Rathaus wird über neue Verkehrsregelungen gesprochen. Die <RN>Polizistinnen</RN> diskutieren laut über mehr Sicherheit im Straßenverkehr und setzen sich für strengere Kontrollen ein, doch diese <AN>Männer</AN> lehnen die Vorschläge ab. Die nächsten Maßnahmen werden derzeit kontrovers verhandelt.","Im Rahmen einer städtischen Planungsrunde wird über die zukünftige Mobilität und den Ausbau des Nahverkehrs diskutiert. Die <RN>Ingenieurinnen</RN> diskutieren über nachhaltige Verkehrskonzepte und setzen sich für den ÖPNV ein, doch diese <AN>Männer</AN> lehnen die Vorschläge ab. Die nächsten Schritte werden derzeit kontrovers diskutiert.","1","1024","2","48000","-16","53","4","135","-67.0","68.0","61.0","114.0","experiment","6","even","449252.13809999696","-810.0","-290.0","NA","4540.637500002049","4541.024000005564","64027.662099993904","77891.13420000649","494681.1020000023","77941.47069999599","494681.17979999806","63435.570200002985","NA","494347.3284000065","479829.89870000165","449240.2402000007","77941.50369999988","494680.2005000063","64022.202899999684","479826.7298999999","Experiment","0","0","0","8","1920","verhandelt.","53","25","244"
"<AN>Männer</AN>","C1","<RN>Polizisten</RN>","undefined","undefined","True","53","4","<AN>Männer</AN>","135","-202.0","-67.0","61.0","114.0","undefined","undefined","#232323","1620","psycho","True","verhandelt","psycho","psycho","undefined","undefined","undefined","0","0","0","0","0","33","0","33","0","0","33","33","33","0","33","0","50","-810.0","-270.5","5","1026.0","78.01902185390429","Fri Jul 31 11:49:11 2026","The main experiment item","False","Bei einer öffentlichen Sitzung im Rathaus wird über neue Verkehrsregelungen gesprochen. Die <RN>Polizist*innen</RN> diskutieren laut über mehr Sicherheit im Straßenverkehr und setzen sich für strengere Kontrollen ein, doch diese <AN>Männer</AN> lehnen die Vorschläge ab. Die nächsten Maßnahmen werden derzeit kontrovers verhandelt.","experiment.osexp","D:\ET_course_project_gender-bias\experiment","False","mono","False","39","no","white","no","yes","1080","18","space","psycho","178.0","3.0","117","2","33","33","D:\ET_course_project_gender-bias\experiment\subject-6.csv","150","psycho","an_found","Neonatal Nightingale","4.1.14","485.0","178.0","2","0","space","NA","space","space","space","14516.877100002603","NA","13862.892300006934","14516.877100002603","True","53","2","<RN>Polizist*innen</RN>","317","-13.0","304.0","-173.0","-120.0","2","psycho","6","Bei einer öffentlichen Sitzung im Rathaus wird über neue Verkehrsregelungen gesprochen. Die <RN>Polizistinnen</RN> diskutieren laut über mehr Sicherheit im Straßenverkehr und setzen sich für strengere Kontrollen ein, doch diese <AN>Männer</AN> lehnen die Vorschläge ab. Die nächsten Maßnahmen werden derzeit kontrovers verhandelt.","Bei einer öffentlichen Sitzung im Rathaus wird über neue Verkehrsregelungen gesprochen. Die <RN>Polizistinnen</RN> diskutieren laut über mehr Sicherheit im Straßenverkehr und setzen sich für strengere Kontrollen ein, doch diese <AN>Männer</AN> lehnen die Vorschläge ab. Die nächsten Maßnahmen werden derzeit kontrovers verhandelt.","1","1024","2","48000","-16","53","4","135","-67.0","68.0","61.0","114.0","experiment","6","even","449252.13809999696","-810.0","-290.0","NA","4540.637500002049","4541.024000005564","64027.662099993904","77891.13420000649","494707.713900003","77941.47069999599","494707.76030000707","63435.570200002985","NA","494347.3284000065","479829.89870000165","449240.2402000007","77941.50369999988","494707.47189999383","64022.202899999684","479826.7298999999","Experiment","0","0","0","8","1920","verhandelt.","53","25","244"
"<AN>Männer</AN>","C3","<RN>Arbeitnehmerinnen</RN>","undefined","undefined","True","53","4","<AN>Männer</AN>","135","-202.0","-67.0","61.0","114.0","undefined","undefined","#232323","1620","psycho","True","verhandelt","psycho","psycho","undefined","undefined","undefined","0","0","0","0","0","34","0","34","0","0","34","34","34","0","34","0","50","-810.0","-270.5","5","1026.0","78.01902185390429","Fri Jul 31 11:49:11 2026","The main experiment item","False","Bei einer öffentlichen Sitzung im Rathaus wird über neue Verkehrsregelungen gesprochen. Die <RN>Polizist*innen</RN> diskutieren laut über mehr Sicherheit im Straßenverkehr und setzen sich für strengere Kontrollen ein, doch diese <AN>Männer</AN> lehnen die Vorschläge ab. Die nächsten Maßnahmen werden derzeit kontrovers verhandelt.","experiment.osexp","D:\ET_course_project_gender-bias\experiment","False","mono","False","39","no","white","no","yes","1080","5","space","psycho","178.0","3.0","117","5","34","34","D:\ET_course_project_gender-bias\experiment\subject-6.csv","150","psycho","an_found","Neonatal Nightingale","4.1.14","485.0","178.0","2","0","space","NA","space","space","space","14516.877100002603","NA","13862.892300006934","14516.877100002603","True","53","2","<RN>Polizist*innen</RN>","317","-13.0","304.0","-173.0","-120.0","2","psycho","6","Bei einer öffentlichen Sitzung im Rathaus wird über neue Verkehrsregelungen gesprochen. Die <RN>Polizistinnen</RN> diskutieren laut über mehr Sicherheit im Straßenverkehr und setzen sich für strengere Kontrollen ein, doch diese <AN>Männer</AN> lehnen die Vorschläge ab. Die nächsten Maßnahmen werden derzeit kontrovers verhandelt.","Im Rahmen einer Geschäftsveranstaltung findet derzeit ein Austausch über Arbeitsbedingungen und gesellschaftliche Entwicklungen statt. Die <RN>Arbeitnehmer*innen</RN> erwarten höhere Gehälter und klimatisierte Arbeitsplätze, aber diese <AN>Männer</AN> wollen auch weniger arbeiten. Die Frage nach den Konsequenzen bleibt offen.","1","1024","2","48000","-16","53","4","135","-67.0","68.0","61.0","114.0","experiment","6","even","449252.13809999696","-810.0","-290.0","NA","4540.637500002049","4541.024000005564","64027.662099993904","77891.13420000649","494734.09430000174","77941.47069999599","494734.12989999633","63435.570200002985","NA","494347.3284000065","479829.89870000165","449240.2402000007","77941.50369999988","494734.0037999966","64022.202899999684","479826.7298999999","Experiment","0","0","0","8","1920","verhandelt.","53","25","244"
"<AN>Männer</AN>","C3","<RN>Dozentinnen</RN>","undefined","undefined","True","53","4","<AN>Männer</AN>","135","-202.0","-67.0","61.0","114.0","undefined","undefined","#232323","1620","psycho","True","verhandelt","psycho","psycho","undefined","undefined","undefined","0","0","0","0","0","35","0","35","0","0","35","35","35","0","35","0","50","-810.0","-270.5","5","1026.0","78.01902185390429","Fri Jul 31 11:49:11 2026","The main experiment item","False","Bei einer öffentlichen Sitzung im Rathaus wird über neue Verkehrsregelungen gesprochen. Die <RN>Polizist*innen</RN> diskutieren laut über mehr Sicherheit im Straßenverkehr und setzen sich für strengere Kontrollen ein, doch diese <AN>Männer</AN> lehnen die Vorschläge ab. Die nächsten Maßnahmen werden derzeit kontrovers verhandelt.","experiment.osexp","D:\ET_course_project_gender-bias\experiment","False","mono","False","39","no","white","no","yes","1080","9","space","psycho","178.0","3.0","117","1","35","35","D:\ET_course_project_gender-bias\experiment\subject-6.csv","150","psycho","an_found","Neonatal Nightingale","4.1.14","485.0","178.0","2","0","space","NA","space","space","space","14516.877100002603","NA","13862.892300006934","14516.877100002603","True","53","2","<RN>Polizist*innen</RN>","317","-13.0","304.0","-173.0","-120.0","2","psycho","6","Bei einer öffentlichen Sitzung im Rathaus wird über neue Verkehrsregelungen gesprochen. Die <RN>Polizistinnen</RN> diskutieren laut über mehr Sicherheit im Straßenverkehr und setzen sich für strengere Kontrollen ein, doch diese <AN>Männer</AN> lehnen die Vorschläge ab. Die nächsten Maßnahmen werden derzeit kontrovers verhandelt.","Auf einer schulischen Tagung werden aktuelle Kontroversen rund um Vorlesungsführung und Leistungsbewertung diskutiert. Die <RN>Dozent*innen</RN> fordern erhöhte Leistungsorientierung und strengere Notenvergabe im Lehrplan, doch diese <AN>Männer</AN> stoßen dabei auf Gegendruck von Eltern. Die Debatte über das Thema hält weiter an.","1","1024","2","48000","-16","53","4","135","-67.0","68.0","61.0","114.0","experiment","6","even","449252.13809999696","-810.0","-290.0","NA","4540.637500002049","4541.024000005564","64027.662099993904","77891.13420000649","494764.4364000007","77941.47069999599","494764.48909999453","63435.570200002985","NA","494347.3284000065","479829.89870000165","449240.2402000007","77941.50369999988","494764.2174000066","64022.202899999684","479826.7298999999","Experiment","0","0","0","8","1920","verhandelt.","53","25","244"
"<AN>Männer</AN>","C1","<RN>Professoren</RN>","undefined","undefined","True","53","4","<AN>Männer</AN>","135","-202.0","-67.0","61.0","114.0","undefined","undefined","#232323","1620","psycho","True","verhandelt","psycho","psycho","undefined","undefined","undefined","0","0","0","0","0","36","0","36","0","0","36","36","36","0","36","0","50","-810.0","-270.5","5","1026.0","78.01902185390429","Fri Jul 31 11:49:11 2026","The main experiment item","False","Bei einer öffentlichen Sitzung im Rathaus wird über neue Verkehrsregelungen gesprochen. Die <RN>Polizist*innen</RN> diskutieren laut über mehr Sicherheit im Straßenverkehr und setzen sich für strengere Kontrollen ein, doch diese <AN>Männer</AN> lehnen die Vorschläge ab. Die nächsten Maßnahmen werden derzeit kontrovers verhandelt.","experiment.osexp","D:\ET_course_project_gender-bias\experiment","False","mono","False","39","no","white","no","yes","1080","15","space","psycho","178.0","3.0","117","5","36","36","D:\ET_course_project_gender-bias\experiment\subject-6.csv","150","psycho","an_found","Neonatal Nightingale","4.1.14","485.0","178.0","2","0","space","NA","space","space","space","14516.877100002603","NA","13862.892300006934","14516.877100002603","True","53","2","<RN>Polizist*innen</RN>","317","-13.0","304.0","-173.0","-120.0","2","psycho","6","Bei einer öffentlichen Sitzung im Rathaus wird über neue Verkehrsregelungen gesprochen. Die <RN>Polizistinnen</RN> diskutieren laut über mehr Sicherheit im Straßenverkehr und setzen sich für strengere Kontrollen ein, doch diese <AN>Männer</AN> lehnen die Vorschläge ab. Die nächsten Maßnahmen werden derzeit kontrovers verhandelt.","Im Rahmen einer öffentlichen Veranstaltung wird über die Zukunft der Hochschulen und die Forschungsförderung diskutiert. Die <RN>Professorinnen</RN> diskutieren über die Zukunft der Hochschulen und setzen sich für mehr Forschungsgelder ein, doch diese <AN>Männer</AN> lehnen die Vorschläge ab. Die nächsten Schritte werden derzeit kontrovers diskutiert.","1","1024","2","48000","-16","53","4","135","-67.0","68.0","61.0","114.0","experiment","6","even","449252.13809999696","-810.0","-290.0","NA","4540.637500002049","4541.024000005564","64027.662099993904","77891.13420000649","494790.3296000004","77941.47069999599","494790.3825999965","63435.570200002985","NA","494347.3284000065","479829.89870000165","449240.2402000007","77941.50369999988","494790.07869999623","64022.202899999684","479826.7298999999","Experiment","0","0","0","8","1920","verhandelt.","53","25","244"
"<AN>Frauen</AN>","C6","<RN>Professor*innen</RN>","undefined","undefined","True","53","4","<AN>Männer</AN>","135","-202.0","-67.0","61.0","114.0","undefined","undefined","#232323","1620","psycho","True","verhandelt","psycho","psycho","undefined","undefined","undefined","0","0","0","0","0","37","0","37","0","0","37","37","37","0","37","0","50","-810.0","-270.5","5","1026.0","78.01902185390429","Fri Jul 31 11:49:11 2026","The main experiment item","False","Bei einer öffentlichen Sitzung im Rathaus wird über neue Verkehrsregelungen gesprochen. Die <RN>Polizist*innen</RN> diskutieren laut über mehr Sicherheit im Straßenverkehr und setzen sich für strengere Kontrollen ein, doch diese <AN>Männer</AN> lehnen die Vorschläge ab. Die nächsten Maßnahmen werden derzeit kontrovers verhandelt.","experiment.osexp","D:\ET_course_project_gender-bias\experiment","False","mono","False","39","no","white","no","yes","1080","15","space","psycho","178.0","3.0","117","4","37","37","D:\ET_course_project_gender-bias\experiment\subject-6.csv","150","psycho","an_found","Neonatal Nightingale","4.1.14","485.0","178.0","2","0","space","NA","space","space","space","14516.877100002603","NA","13862.892300006934","14516.877100002603","True","53","2","<RN>Polizist*innen</RN>","317","-13.0","304.0","-173.0","-120.0","2","psycho","6","Bei einer öffentlichen Sitzung im Rathaus wird über neue Verkehrsregelungen gesprochen. Die <RN>Polizistinnen</RN> diskutieren laut über mehr Sicherheit im Straßenverkehr und setzen sich für strengere Kontrollen ein, doch diese <AN>Männer</AN> lehnen die Vorschläge ab. Die nächsten Maßnahmen werden derzeit kontrovers verhandelt.","Im Rahmen einer öffentlichen Veranstaltung wird über die Zukunft der Hochschulen und die Forschungsförderung diskutiert. Die <RN>Professorinnen</RN> diskutieren über die Zukunft der Hochschulen und setzen sich für mehr Forschungsgelder ein, doch diese <AN>Männer</AN> lehnen die Vorschläge ab. Die nächsten Schritte werden derzeit kontrovers diskutiert.","1","1024","2","48000","-16","53","4","135","-67.0","68.0","61.0","114.0","experiment","6","even","449252.13809999696","-810.0","-290.0","NA","4540.637500002049","4541.024000005564","64027.662099993904","77891.13420000649","494817.3966000031","77941.47069999599","494817.435200006","63435.570200002985","NA","494347.3284000065","479829.89870000165","449240.2402000007","77941.50369999988","494817.21449999895","64022.202899999684","479826.7298999999","Experiment","0","0","0","8","1920","verhandelt.","53","25","244"
"<AN>Männer</AN>","C3","<RN>Studentinnen</RN>","undefined","undefined","True","53","4","<AN>Männer</AN>","135","-202.0","-67.0","61.0","114.0","undefined","undefined","#232323","1620","psycho","True","verhandelt","psycho","psycho","undefined","undefined","undefined","0","0","0","0","0","38","0","38","0","0","38","38","38","0","38","0","50","-810.0","-270.5","5","1026.0","78.01902185390429","Fri Jul 31 11:49:11 2026","The main experiment item","False","Bei einer öffentlichen Sitzung im Rathaus wird über neue Verkehrsregelungen gesprochen. Die <RN>Polizist*innen</RN> diskutieren laut über mehr Sicherheit im Straßenverkehr und setzen sich für strengere Kontrollen ein, doch diese <AN>Männer</AN> lehnen die Vorschläge ab. Die nächsten Maßnahmen werden derzeit kontrovers verhandelt.","experiment.osexp","D:\ET_course_project_gender-bias\experiment","False","mono","False","39","no","white","no","yes","1080","1","space","psycho","178.0","3.0","117","3","38","38","D:\ET_course_project_gender-bias\experiment\subject-6.csv","150","psycho","an_found","Neonatal Nightingale","4.1.14","485.0","178.0","2","0","space","NA","space","space","space","14516.877100002603","NA","13862.892300006934","14516.877100002603","True","53","2","<RN>Polizist*innen</RN>","317","-13.0","304.0","-173.0","-120.0","2","psycho","6","Bei einer öffentlichen Sitzung im Rathaus wird über neue Verkehrsregelungen gesprochen. Die <RN>Polizistinnen</RN> diskutieren laut über mehr Sicherheit im Straßenverkehr und setzen sich für strengere Kontrollen ein, doch diese <AN>Männer</AN> lehnen die Vorschläge ab. Die nächsten Maßnahmen werden derzeit kontrovers verhandelt.","Bei einer Podiumsdiskussion an der Universität Stuttgart wird über aktuelle gesellschaftliche Themen gesprochen. Die <RN>Studenten</RN> müssten wieder stärker leistungsorientiert gefördert werden, doch die Mehrheit dieser dort teilnehmenden <AN>Frauen</AN> kritisiert die neuen Anforderungen. Die weitere Entwicklung bleibt Gegenstand öffentlicher Debatten.","1","1024","2","48000","-16","53","4","135","-67.0","68.0","61.0","114.0","experiment","6","even","449252.13809999696","-810.0","-290.0","NA","4540.637500002049","4541.024000005564","64027.662099993904","77891.13420000649","494843.5637999937","77941.47069999599","494843.61130000616","63435.570200002985","NA","494347.3284000065","479829.89870000165","449240.2402000007","77941.50369999988","494843.3684000047","64022.202899999684","479826.7298999999","Experiment","0","0","0","8","1920","verhandelt.","53","25","244"
"<AN>Frauen</AN>","C6","<RN>Polizist*innen</RN>","undefined","undefined","True","53","4","<AN>Männer</AN>","135","-202.0","-67.0","61.0","114.0","undefined","undefined","#232323","1620","psycho","True","verhandelt","psycho","psycho","undefined","undefined","undefined","0","0","0","0","0","39","0","39","0","0","39","39","39","0","39","0","50","-810.0","-270.5","5","1026.0","78.01902185390429","Fri Jul 31 11:49:11 2026","The main experiment item","False","Bei einer öffentlichen Sitzung im Rathaus wird über neue Verkehrsregelungen gesprochen. Die <RN>Polizist*innen</RN> diskutieren laut über mehr Sicherheit im Straßenverkehr und setzen sich für strengere Kontrollen ein, doch diese <AN>Männer</AN> lehnen die Vorschläge ab. Die nächsten Maßnahmen werden derzeit kontrovers verhandelt.","experiment.osexp","D:\ET_course_project_gender-bias\experiment","False","mono","False","39","no","white","no","yes","1080","18","space","psycho","178.0","3.0","117","1","39","39","D:\ET_course_project_gender-bias\experiment\subject-6.csv","150","psycho","an_found","Neonatal Nightingale","4.1.14","485.0","178.0","2","0","space","NA","space","space","space","14516.877100002603","NA","13862.892300006934","14516.877100002603","True","53","2","<RN>Polizist*innen</RN>","317","-13.0","304.0","-173.0","-120.0","2","psycho","6","Bei einer öffentlichen Sitzung im Rathaus wird über neue Verkehrsregelungen gesprochen. Die <RN>Polizistinnen</RN> diskutieren laut über mehr Sicherheit im Straßenverkehr und setzen sich für strengere Kontrollen ein, doch diese <AN>Männer</AN> lehnen die Vorschläge ab. Die nächsten Maßnahmen werden derzeit kontrovers verhandelt.","Bei einer öffentlichen Sitzung im Rathaus wird über neue Verkehrsregelungen gesprochen. Die <RN>Polizistinnen</RN> diskutieren laut über mehr Sicherheit im Straßenverkehr und setzen sich für strengere Kontrollen ein, doch diese <AN>Männer</AN> lehnen die Vorschläge ab. Die nächsten Maßnahmen werden derzeit kontrovers verhandelt.","1","1024","2","48000","-16","53","4","135","-67.0","68.0","61.0","114.0","experiment","6","even","449252.13809999696","-810.0","-290.0","NA","4540.637500002049","4541.024000005564","64027.662099993904","77891.13420000649","494875.8138999983","77941.47069999599","494875.86569999985","63435.570200002985","NA","494347.3284000065","479829.89870000165","449240.2402000007","77941.50369999988","494875.618799997","64022.202899999684","479826.7298999999","Experiment","0","0","0","8","1920","verhandelt.","53","25","244"
"<AN>Frauen</AN>","C4","<RN>Studentinnen</RN>","undefined","undefined","True","53","4","<AN>Männer</AN>","135","-202.0","-67.0","61.0","114.0","undefined","undefined","#232323","1620","psycho","True","verhandelt","psycho","psycho","undefined","undefined","undefined","0","0","0","0","0","40","0","40","0","0","40","40","40","0","40","0","50","-810.0","-270.5","5","1026.0","78.01902185390429","Fri Jul 31 11:49:11 2026","The main experiment item","False","Bei einer öffentlichen Sitzung im Rathaus wird über neue Verkehrsregelungen gesprochen. Die <RN>Polizist*innen</RN> diskutieren laut über mehr Sicherheit im Straßenverkehr und setzen sich für strengere Kontrollen ein, doch diese <AN>Männer</AN> lehnen die Vorschläge ab. Die nächsten Maßnahmen werden derzeit kontrovers verhandelt.","experiment.osexp","D:\ET_course_project_gender-bias\experiment","False","mono","False","39","no","white","no","yes","1080","1","space","psycho","178.0","3.0","117","4","40","40","D:\ET_course_project_gender-bias\experiment\subject-6.csv","150","psycho","an_found","Neonatal Nightingale","4.1.14","485.0","178.0","2","0","space","NA","space","space","space","14516.877100002603","NA","13862.892300006934","14516.877100002603","True","53","2","<RN>Polizist*innen</RN>","317","-13.0","304.0","-173.0","-120.0","2","psycho","6","Bei einer öffentlichen Sitzung im Rathaus wird über neue Verkehrsregelungen gesprochen. Die <RN>Polizistinnen</RN> diskutieren laut über mehr Sicherheit im Straßenverkehr und setzen sich für strengere Kontrollen ein, doch diese <AN>Männer</AN> lehnen die Vorschläge ab. Die nächsten Maßnahmen werden derzeit kontrovers verhandelt.","Bei einer Podiumsdiskussion an der Universität wird über aktuelle gesellschaftliche Themen gesprochen. Die <RN>Studenten</RN> müssten wieder stärker leistungsorientiert gefördert werden, doch die Mehrheit dieser dort teilnehmenden <AN>Frauen</AN> kritisiert die neuen Anforderungen. Die weitere Entwicklung bleibt Gegenstand öffentlicher Debatten.","1","1024","2","48000","-16","53","4","135","-67.0","68.0","61.0","114.0","experiment","6","even","449252.13809999696","-810.0","-290.0","NA","4540.637500002049","4541.024000005564","64027.662099993904","77891.13420000649","494902.44879999955","77941.47069999599","494902.5011000049","63435.570200002985","NA","494347.3284000065","479829.89870000165","449240.2402000007","77941.50369999988","494902.2651999985","64022.202899999684","479826.7298999999","Experiment","0","0","0","8","1920","verhandelt.","53","25","244"
"<AN>Männer</AN>","C5","<RN>Student*innen</RN>","undefined","undefined","True","53","4","<AN>Männer</AN>","135","-202.0","-67.0","61.0","114.0","undefined","undefined","#232323","1620","psycho","True","verhandelt","psycho","psycho","undefined","undefined","undefined","0","0","0","0","0","41","0","41","0","0","41","41","41","0","41","0","50","-810.0","-270.5","5","1026.0","78.01902185390429","Fri Jul 31 11:49:11 2026","The main experiment item","False","Bei einer öffentlichen Sitzung im Rathaus wird über neue Verkehrsregelungen gesprochen. Die <RN>Polizist*innen</RN> diskutieren laut über mehr Sicherheit im Straßenverkehr und setzen sich für strengere Kontrollen ein, doch diese <AN>Männer</AN> lehnen die Vorschläge ab. Die nächsten Maßnahmen werden derzeit kontrovers verhandelt.","experiment.osexp","D:\ET_course_project_gender-bias\experiment","False","mono","False","39","no","white","no","yes","1080","1","space","psycho","178.0","3.0","117","5","41","41","D:\ET_course_project_gender-bias\experiment\subject-6.csv","150","psycho","an_found","Neonatal Nightingale","4.1.14","485.0","178.0","2","0","space","NA","space","space","space","14516.877100002603","NA","13862.892300006934","14516.877100002603","True","53","2","<RN>Polizist*innen</RN>","317","-13.0","304.0","-173.0","-120.0","2","psycho","6","Bei einer öffentlichen Sitzung im Rathaus wird über neue Verkehrsregelungen gesprochen. Die <RN>Polizistinnen</RN> diskutieren laut über mehr Sicherheit im Straßenverkehr und setzen sich für strengere Kontrollen ein, doch diese <AN>Männer</AN> lehnen die Vorschläge ab. Die nächsten Maßnahmen werden derzeit kontrovers verhandelt.","Bei einer Podiumsdiskussion an der Universität wird über aktuelle gesellschaftliche Themen gesprochen. Die <RN>Studenten</RN> müssten wieder stärker leistungsorientiert gefördert werden, doch die Mehrheit dieser dort teilnehmenden <AN>Frauen</AN> kritisiert die neuen Anforderungen. Die weitere Entwicklung bleibt Gegenstand öffentlicher Debatten.","1","1024","2","48000","-16","53","4","135","-67.0","68.0","61.0","114.0","experiment","6","even","449252.13809999696","-810.0","-290.0","NA","4540.637500002049","4541.024000005564","64027.662099993904","77891.13420000649","494929.55770000117","77941.47069999599","494929.610399995","63435.570200002985","NA","494347.3284000065","479829.89870000165","449240.2402000007","77941.50369999988","494929.30519999936","64022.202899999684","479826.7298999999","Experiment","0","0","0","8","1920","verhandelt.","53","25","244"
"<AN>Frauen</AN>","C2","<RN>Krankenpfleger</RN>","undefined","undefined","True","53","4","<AN>Männer</AN>","135","-202.0","-67.0","61.0","114.0","undefined","undefined","#232323","1620","psycho","True","verhandelt","psycho","psycho","undefined","undefined","undefined","0","0","0","0","0","42","0","42","0","0","42","42","42","0","42","0","50","-810.0","-270.5","5","1026.0","78.01902185390429","Fri Jul 31 11:49:11 2026","The main experiment item","False","Bei einer öffentlichen Sitzung im Rathaus wird über neue Verkehrsregelungen gesprochen. Die <RN>Polizist*innen</RN> diskutieren laut über mehr Sicherheit im Straßenverkehr und setzen sich für strengere Kontrollen ein, doch diese <AN>Männer</AN> lehnen die Vorschläge ab. Die nächsten Maßnahmen werden derzeit kontrovers verhandelt.","experiment.osexp","D:\ET_course_project_gender-bias\experiment","False","mono","False","39","no","white","no","yes","1080","16","space","psycho","178.0","3.0","117","5","42","42","D:\ET_course_project_gender-bias\experiment\subject-6.csv","150","psycho","an_found","Neonatal Nightingale","4.1.14","485.0","178.0","2","0","space","NA","space","space","space","14516.877100002603","NA","13862.892300006934","14516.877100002603","True","53","2","<RN>Polizist*innen</RN>","317","-13.0","304.0","-173.0","-120.0","2","psycho","6","Bei einer öffentlichen Sitzung im Rathaus wird über neue Verkehrsregelungen gesprochen. Die <RN>Polizistinnen</RN> diskutieren laut über mehr Sicherheit im Straßenverkehr und setzen sich für strengere Kontrollen ein, doch diese <AN>Männer</AN> lehnen die Vorschläge ab. Die nächsten Maßnahmen werden derzeit kontrovers verhandelt.","Bei einer Informationsveranstaltung im Krankenhaus wird über aktuelle Impfreformen und deren Auswirkungen gesprochen. Die <RN>Krankenschwestern</RN> diskutieren über Langzeitfolgen von Corona und setzen sich für mehr Unterstützung ein, doch diese <AN>Männer</AN> lehnen die Vorschläge ab. Die nächsten Schritte werden derzeit kontrovers diskutiert.","1","1024","2","48000","-16","53","4","135","-67.0","68.0","61.0","114.0","experiment","6","even","449252.13809999696","-810.0","-290.0","NA","4540.637500002049","4541.024000005564","64027.662099993904","77891.13420000649","494956.92739999504","77941.47069999599","494956.9785000058","63435.570200002985","NA","494347.3284000065","479829.89870000165","449240.2402000007","77941.50369999988","494956.67010000034","64022.202899999684","479826.7298999999","Experiment","0","0","0","8","1920","verhandelt.","53","25","244"
"<AN>Frauen</AN>","C4","<RN>Lehrerinnen</RN>","undefined","undefined","True","53","4","<AN>Männer</AN>","135","-202.0","-67.0","61.0","114.0","undefined","undefined","#232323","1620","psycho","True","verhandelt","psycho","psycho","undefined","undefined","undefined","0","0","0","0","0","43","0","43","0","0","43","43","43","0","43","0","50","-810.0","-270.5","5","1026.0","78.01902185390429","Fri Jul 31 11:49:11 2026","The main experiment item","False","Bei einer öffentlichen Sitzung im Rathaus wird über neue Verkehrsregelungen gesprochen. Die <RN>Polizist*innen</RN> diskutieren laut über mehr Sicherheit im Straßenverkehr und setzen sich für strengere Kontrollen ein, doch diese <AN>Männer</AN> lehnen die Vorschläge ab. Die nächsten Maßnahmen werden derzeit kontrovers verhandelt.","experiment.osexp","D:\ET_course_project_gender-bias\experiment","False","mono","False","39","no","white","no","yes","1080","6","space","psycho","178.0","3.0","117","5","43","43","D:\ET_course_project_gender-bias\experiment\subject-6.csv","150","psycho","an_found","Neonatal Nightingale","4.1.14","485.0","178.0","2","0","space","NA","space","space","space","14516.877100002603","NA","13862.892300006934","14516.877100002603","True","53","2","<RN>Polizist*innen</RN>","317","-13.0","304.0","-173.0","-120.0","2","psycho","6","Bei einer öffentlichen Sitzung im Rathaus wird über neue Verkehrsregelungen gesprochen. Die <RN>Polizistinnen</RN> diskutieren laut über mehr Sicherheit im Straßenverkehr und setzen sich für strengere Kontrollen ein, doch diese <AN>Männer</AN> lehnen die Vorschläge ab. Die nächsten Maßnahmen werden derzeit kontrovers verhandelt.","Auf einer Konferenz zu Bildungsfragen in Stuttgart wird derzeit über aktuelle schulische Themen gesprochen. Die <RN>Lehrer</RN> sollen mehr auf Disziplin und Konsequenzen im Unterricht setzen, doch aus pädagogischen Gründen lehnen diese <AN>Frauen</AN> die Vorschläge ab. Die kommenden Entwicklungen sind weiterhin Gegenstand von Diskussionen.","1","1024","2","48000","-16","53","4","135","-67.0","68.0","61.0","114.0","experiment","6","even","449252.13809999696","-810.0","-290.0","NA","4540.637500002049","4541.024000005564","64027.662099993904","77891.13420000649","494982.9355999973","77941.47069999599","494982.9729000048","63435.570200002985","NA","494347.3284000065","479829.89870000165","449240.2402000007","77941.50369999988","494982.76559999795","64022.202899999684","479826.7298999999","Experiment","0","0","0","8","1920","verhandelt.","53","25","244"
"<AN>Männer</AN>","C1","<RN>Experten</RN>","undefined","undefined","True","53","4","<AN>Männer</AN>","135","-202.0","-67.0","61.0","114.0","undefined","undefined","#232323","1620","psycho","True","verhandelt","psycho","psycho","undefined","undefined","undefined","0","0","0","0","0","44","0","44","0","0","44","44","44","0","44","0","50","-810.0","-270.5","5","1026.0","78.01902185390429","Fri Jul 31 11:49:11 2026","The main experiment item","False","Bei einer öffentlichen Sitzung im Rathaus wird über neue Verkehrsregelungen gesprochen. Die <RN>Polizist*innen</RN> diskutieren laut über mehr Sicherheit im Straßenverkehr und setzen sich für strengere Kontrollen ein, doch diese <AN>Männer</AN> lehnen die Vorschläge ab. Die nächsten Maßnahmen werden derzeit kontrovers verhandelt.","experiment.osexp","D:\ET_course_project_gender-bias\experiment","False","mono","False","39","no","white","no","yes","1080","7","space","psycho","178.0","3.0","117","1","44","44","D:\ET_course_project_gender-bias\experiment\subject-6.csv","150","psycho","an_found","Neonatal Nightingale","4.1.14","485.0","178.0","2","0","space","NA","space","space","space","14516.877100002603","NA","13862.892300006934","14516.877100002603","True","53","2","<RN>Polizist*innen</RN>","317","-13.0","304.0","-173.0","-120.0","2","psycho","6","Bei einer öffentlichen Sitzung im Rathaus wird über neue Verkehrsregelungen gesprochen. Die <RN>Polizistinnen</RN> diskutieren laut über mehr Sicherheit im Straßenverkehr und setzen sich für strengere Kontrollen ein, doch diese <AN>Männer</AN> lehnen die Vorschläge ab. Die nächsten Maßnahmen werden derzeit kontrovers verhandelt.","Beim Sommerfest eines Unternehmens wird über wirtschaftliche Entwicklungen und gesellschaftliche Herausforderungen diskutiert. Die <RN>Fachleute</RN> sehen große Herausforderungen im nächsten Geschäftsjahr, dennoch bleiben diese <AN>Männer</AN> optimistisch. Die unternehmerischen Folgen werden unterschiedlich bewertet.","1","1024","2","48000","-16","53","4","135","-67.0","68.0","61.0","114.0","experiment","6","even","449252.13809999696","-810.0","-290.0","NA","4540.637500002049","4541.024000005564","64027.662099993904","77891.13420000649","495011.79330000014","77941.47069999599","495011.8424999964","63435.570200002985","NA","494347.3284000065","479829.89870000165","449240.2402000007","77941.50369999988","495011.5525000001","64022.202899999684","479826.7298999999","Experiment","0","0","0","8","1920","verhandelt.","53","25","244"
"<AN>Frauen</AN>","C6","<RN>Einwohner*innen</RN>","undefined","undefined","True","53","4","<AN>Frauen</AN>","132","-309.0","-177.0","61.0","114.0","undefined","undefined","#232323","1620","psycho","True","Debatten","psycho","psycho","undefined","undefined","undefined","0","0","0","0","0","45","0","45","0","0","45","45","45","0","45","0","50","-810.0","-270.5","5","981.0","81.33990541327178","Fri Jul 31 11:49:11 2026","The main experiment item","False","Im Rahmen einer öffentlichen Veranstaltung wird über Sicherheit, gesellschaftlichen Zusammenhalt und politische Reformen gesprochen. Die <RN>Einwohner*innen</RN> wünschen sich Sicherheit und verlässliche Perspektiven, doch diese Gruppe von <AN>Frauen</AN> sieht Reformbedarf im System. Die weitere Entwicklung bleibt Gegenstand öffentlicher Debatten.","experiment.osexp","D:\ET_course_project_gender-bias\experiment","False","mono","False","39","no","white","no","yes","1080","13","space","psycho","178.0","3.0","117","6","45","45","D:\ET_course_project_gender-bias\experiment\subject-6.csv","150","psycho","an_found","Neonatal Nightingale","4.1.14","393.0","178.0","2","0","space","NA","space","space","space","20580.994100004318","NA","13862.892300006934","20580.994100004318","True","53","3","<RN>Einwohner*innen</RN>","340","-810.0","-470.0","-56.0","-3.0","2","psycho","6","Im Rahmen einer öffentlichen Veranstaltung wird über Sicherheit, gesellschaftlichen Zusammenhalt und politische Reformen gesprochen. Die <RN>Bürgerinnen</RN> wünschen sich Sicherheit und verlässliche Perspektiven, doch diese Gruppe von <AN>Frauen</AN> sieht Reformbedarf im System. Die weitere Entwicklung bleibt Gegenstand öffentlicher Debatten.","Im Rahmen einer öffentlichen Veranstaltung wird über Sicherheit, gesellschaftlichen Zusammenhalt und politische Reformen gesprochen. Die <RN>Bürgerinnen</RN> wünschen sich Sicherheit und verlässliche Perspektiven, doch diese Gruppe von <AN>Frauen</AN> sieht Reformbedarf im System. Die weitere Entwicklung bleibt Gegenstand öffentlicher Debatten.","0","1024","2","48000","-16","53","4","132","-177.0","-45.0","61.0","114.0","experiment","6","even","495051.0598999972","-810.0","-290.0","NA","4540.637500002049","4541.024000005564","64027.662099993904","77891.13420000649","495039.826799999","77941.47069999599","564049.1223999998","63435.570200002985","NA","564003.4684999991","543421.800199998","495039.86600000644","77941.50369999988","495039.724000002","64022.202899999684","543418.7596999982","Experiment","0","0","0","9","1920","Debatten.","53","25","197"
"<AN>Männer</AN>","C3","<RN>Expertinnen</RN>","undefined","undefined","True","53","4","<AN>Frauen</AN>","132","-309.0","-177.0","61.0","114.0","undefined","undefined","#232323","1620","psycho","True","Debatten","psycho","psycho","undefined","undefined","undefined","0","0","0","0","0","46","0","46","0","0","46","46","46","0","46","0","50","-810.0","-270.5","5","981.0","81.33990541327178","Fri Jul 31 11:49:11 2026","The main experiment item","False","Im Rahmen einer öffentlichen Veranstaltung wird über Sicherheit, gesellschaftlichen Zusammenhalt und politische Reformen gesprochen. Die <RN>Einwohner*innen</RN> wünschen sich Sicherheit und verlässliche Perspektiven, doch diese Gruppe von <AN>Frauen</AN> sieht Reformbedarf im System. Die weitere Entwicklung bleibt Gegenstand öffentlicher Debatten.","experiment.osexp","D:\ET_course_project_gender-bias\experiment","False","mono","False","39","no","white","no","yes","1080","14","space","psycho","178.0","3.0","117","2","46","46","D:\ET_course_project_gender-bias\experiment\subject-6.csv","150","psycho","an_found","Neonatal Nightingale","4.1.14","393.0","178.0","2","0","space","NA","space","space","space","20580.994100004318","NA","13862.892300006934","20580.994100004318","True","53","3","<RN>Einwohner*innen</RN>","340","-810.0","-470.0","-56.0","-3.0","2","psycho","6","Im Rahmen einer öffentlichen Veranstaltung wird über Sicherheit, gesellschaftlichen Zusammenhalt und politische Reformen gesprochen. Die <RN>Bürgerinnen</RN> wünschen sich Sicherheit und verlässliche Perspektiven, doch diese Gruppe von <AN>Frauen</AN> sieht Reformbedarf im System. Die weitere Entwicklung bleibt Gegenstand öffentlicher Debatten.","Auf einer öffentlichen Veranstaltung stehen Investitionen und langfristige gesellschaftliche Entwicklungen zur Diskussion. Die <RN>Fachfrauen</RN> unterstützen höhere Investitionen und langfristige Entwicklungen, doch diese <AN>Männer</AN> kritisieren die Umsetzung. Die politischen Folgen werden unterschiedlich bewertet.","1","1024","2","48000","-16","53","4","132","-177.0","-45.0","61.0","114.0","experiment","6","even","495051.0598999972","-810.0","-290.0","NA","4540.637500002049","4541.024000005564","64027.662099993904","77891.13420000649","564077.4432000035","77941.47069999599","564077.4961999996","63435.570200002985","NA","564003.4684999991","543421.800199998","495039.86600000644","77941.50369999988","564077.2122000053","64022.202899999684","543418.7596999982","Experiment","0","0","0","9","1920","Debatten.","53","25","197"
"<AN>Männer</AN>","C5","<RN>Arbeitnehmer*innen</RN>","undefined","undefined","True","53","4","<AN>Männer</AN>","135","-105.0","30.0","61.0","114.0","undefined","undefined","#232323","1620","psycho","True","Diskussionen","psycho","psycho","undefined","undefined","undefined","0","0","0","0","0","47","0","47","0","0","47","47","47","0","47","0","50","-810.0","-270.5","6","1543.0","83.90325631344709","Fri Jul 31 11:49:11 2026","The main experiment item","False","Auf einer Gewerkschaftsveranstaltung wird derzeit über Löhne, Arbeitsbedingungen und Arbeitnehmerrechte diskutiert. Die <RN>Arbeitnehmer*innen</RN> fordern bessere Bezahlung und faire Arbeitsbedingungen, doch diese <AN>Männer</AN> sehen vor allem strukturelle Probleme. Die kommenden Entwicklungen sind weiterhin Gegenstand von Diskussionen.","experiment.osexp","D:\ET_course_project_gender-bias\experiment","False","mono","False","39","no","white","no","yes","1080","12","space","psycho","295.0","3.0","117","6","47","47","D:\ET_course_project_gender-bias\experiment\subject-6.csv","150","psycho","an_found","Neonatal Nightingale","4.1.14","-496.0","295.0","2","0","space","NA","space","space","space","14252.452400003676","NA","13862.892300006934","14252.452400003676","True","53","3","<RN>Arbeitnehmer*innen</RN>","412","-810.0","-398.0","-56.0","-3.0","2","psycho","6","Auf einer Gewerkschaftsveranstaltung wird derzeit über Löhne, Arbeitsbedingungen und Arbeitnehmerrechte diskutiert. Die <RN>Beschäftigten</RN> fordern bessere Bezahlung und faire Arbeitsbedingungen, doch diese <AN>Frauen</AN> sehen vor allem strukturelle Probleme. Die kommenden Entwicklungen sind weiterhin Gegenstand von Diskussionen.","Auf einer Gewerkschaftsveranstaltung wird derzeit über Löhne, Arbeitsbedingungen und Arbeitnehmerrechte diskutiert. Die <RN>Beschäftigten</RN> fordern bessere Bezahlung und faire Arbeitsbedingungen, doch diese <AN>Frauen</AN> sehen vor allem strukturelle Probleme. Die kommenden Entwicklungen sind weiterhin Gegenstand von Diskussionen.","0","1024","2","48000","-16","53","4","135","30.0","165.0","61.0","114.0","experiment","6","even","564117.227099996","-810.0","-290.0","NA","4540.637500002049","4541.024000005564","64027.662099993904","77891.13420000649","564105.4956000007","77941.47069999599","616001.0699999984","63435.570200002985","NA","615955.6664999982","601702.4272999988","564105.5492000014","77941.50369999988","564105.146899994","64022.202899999684","601698.8440999994","Experiment","0","0","0","10","1920","Diskussionen.","53","25","289"
"<AN>Männer</AN>","C3","<RN>Professorinnen</RN>","undefined","undefined","True","53","4","<AN>Männer</AN>","135","-105.0","30.0","61.0","114.0","undefined","undefined","#232323","1620","psycho","True","Diskussionen","psycho","psycho","undefined","undefined","undefined","0","0","0","0","0","48","0","48","0","0","48","48","48","0","48","0","50","-810.0","-270.5","6","1543.0","83.90325631344709","Fri Jul 31 11:49:11 2026","The main experiment item","False","Auf einer Gewerkschaftsveranstaltung wird derzeit über Löhne, Arbeitsbedingungen und Arbeitnehmerrechte diskutiert. Die <RN>Arbeitnehmer*innen</RN> fordern bessere Bezahlung und faire Arbeitsbedingungen, doch diese <AN>Männer</AN> sehen vor allem strukturelle Probleme. Die kommenden Entwicklungen sind weiterhin Gegenstand von Diskussionen.","experiment.osexp","D:\ET_course_project_gender-bias\experiment","False","mono","False","39","no","white","no","yes","1080","15","space","psycho","295.0","3.0","117","1","48","48","D:\ET_course_project_gender-bias\experiment\subject-6.csv","150","psycho","an_found","Neonatal Nightingale","4.1.14","-496.0","295.0","2","0","space","NA","space","space","space","14252.452400003676","NA","13862.892300006934","14252.452400003676","True","53","3","<RN>Arbeitnehmer*innen</RN>","412","-810.0","-398.0","-56.0","-3.0","2","psycho","6","Auf einer Gewerkschaftsveranstaltung wird derzeit über Löhne, Arbeitsbedingungen und Arbeitnehmerrechte diskutiert. Die <RN>Beschäftigten</RN> fordern bessere Bezahlung und faire Arbeitsbedingungen, doch diese <AN>Frauen</AN> sehen vor allem strukturelle Probleme. Die kommenden Entwicklungen sind weiterhin Gegenstand von Diskussionen.","Im Rahmen einer öffentlichen Veranstaltung wird über die Zukunft der Hochschulen und die Forschungsförderung diskutiert. Die <RN>Professorinnen</RN> diskutieren über die Zukunft der Hochschulen und setzen sich für mehr Forschungsgelder ein, doch diese <AN>Männer</AN> lehnen die Vorschläge ab. Die nächsten Schritte werden derzeit kontrovers diskutiert.","1","1024","2","48000","-16","53","4","135","30.0","165.0","61.0","114.0","experiment","6","even","564117.227099996","-810.0","-290.0","NA","4540.637500002049","4541.024000005564","64027.662099993904","77891.13420000649","616029.4636000035","77941.47069999599","616029.5111000014","63435.570200002985","NA","615955.6664999982","601702.4272999988","564105.5492000014","77941.50369999988","616029.0855000057","64022.202899999684","601698.8440999994","Experiment","0","0","0","10","1920","Diskussionen.","53","25","289"
"<AN>Männer</AN>","C5","<RN>Expert*innen</RN>","undefined","undefined","True","53","4","<AN>Männer</AN>","135","-105.0","30.0","61.0","114.0","undefined","undefined","#232323","1620","psycho","True","Diskussionen","psycho","psycho","undefined","undefined","undefined","0","0","0","0","0","49","0","49","0","0","49","49","49","0","49","0","50","-810.0","-270.5","6","1543.0","83.90325631344709","Fri Jul 31 11:49:11 2026","The main experiment item","False","Auf einer Gewerkschaftsveranstaltung wird derzeit über Löhne, Arbeitsbedingungen und Arbeitnehmerrechte diskutiert. Die <RN>Arbeitnehmer*innen</RN> fordern bessere Bezahlung und faire Arbeitsbedingungen, doch diese <AN>Männer</AN> sehen vor allem strukturelle Probleme. Die kommenden Entwicklungen sind weiterhin Gegenstand von Diskussionen.","experiment.osexp","D:\ET_course_project_gender-bias\experiment","False","mono","False","39","no","white","no","yes","1080","7","space","psycho","295.0","3.0","117","5","49","49","D:\ET_course_project_gender-bias\experiment\subject-6.csv","150","psycho","an_found","Neonatal Nightingale","4.1.14","-496.0","295.0","2","0","space","NA","space","space","space","14252.452400003676","NA","13862.892300006934","14252.452400003676","True","53","3","<RN>Arbeitnehmer*innen</RN>","412","-810.0","-398.0","-56.0","-3.0","2","psycho","6","Auf einer Gewerkschaftsveranstaltung wird derzeit über Löhne, Arbeitsbedingungen und Arbeitnehmerrechte diskutiert. Die <RN>Beschäftigten</RN> fordern bessere Bezahlung und faire Arbeitsbedingungen, doch diese <AN>Frauen</AN> sehen vor allem strukturelle Probleme. Die kommenden Entwicklungen sind weiterhin Gegenstand von Diskussionen.","Beim Sommerfest eines Unternehmens wird über wirtschaftliche Entwicklungen und gesellschaftliche Herausforderungen diskutiert. Die <RN>Fachleute</RN> sehen große Herausforderungen im nächsten Geschäftsjahr, dennoch bleiben diese <AN>Männer</AN> optimistisch. Die unternehmerischen Folgen werden unterschiedlich bewertet.","1","1024","2","48000","-16","53","4","135","30.0","165.0","61.0","114.0","experiment","6","even","564117.227099996","-810.0","-290.0","NA","4540.637500002049","4541.024000005564","64027.662099993904","77891.13420000649","616056.633900007","77941.47069999599","616056.6734000022","63435.570200002985","NA","615955.6664999982","601702.4272999988","564105.5492000014","77941.50369999988","616056.4551999996","64022.202899999684","601698.8440999994","Experiment","0","0","0","10","1920","Diskussionen.","53","25","289"
"<AN>Frauen</AN>","C4","<RN>Einwohnerinnen</RN>","undefined","undefined","True","53","4","<AN>Männer</AN>","135","-105.0","30.0","61.0","114.0","undefined","undefined","#232323","1620","psycho","True","Diskussionen","psycho","psycho","undefined","undefined","undefined","0","0","0","0","0","50","0","50","0","0","50","50","50","0","50","0","50","-810.0","-270.5","6","1543.0","83.90325631344709","Fri Jul 31 11:49:11 2026","The main experiment item","False","Auf einer Gewerkschaftsveranstaltung wird derzeit über Löhne, Arbeitsbedingungen und Arbeitnehmerrechte diskutiert. Die <RN>Arbeitnehmer*innen</RN> fordern bessere Bezahlung und faire Arbeitsbedingungen, doch diese <AN>Männer</AN> sehen vor allem strukturelle Probleme. Die kommenden Entwicklungen sind weiterhin Gegenstand von Diskussionen.","experiment.osexp","D:\ET_course_project_gender-bias\experiment","False","mono","False","39","no","white","no","yes","1080","8","space","psycho","295.0","3.0","117","3","50","50","D:\ET_course_project_gender-bias\experiment\subject-6.csv","150","psycho","an_found","Neonatal Nightingale","4.1.14","-496.0","295.0","2","0","space","NA","space","space","space","14252.452400003676","NA","13862.892300006934","14252.452400003676","True","53","3","<RN>Arbeitnehmer*innen</RN>","412","-810.0","-398.0","-56.0","-3.0","2","psycho","6","Auf einer Gewerkschaftsveranstaltung wird derzeit über Löhne, Arbeitsbedingungen und Arbeitnehmerrechte diskutiert. Die <RN>Beschäftigten</RN> fordern bessere Bezahlung und faire Arbeitsbedingungen, doch diese <AN>Frauen</AN> sehen vor allem strukturelle Probleme. Die kommenden Entwicklungen sind weiterhin Gegenstand von Diskussionen.","Im Rahmen einer öffentlichen Veranstaltung wird derzeit über Fragen der inneren Sicherheit und gesellschaftliche Entwicklungen gesprochen. Die <RN>Bürger</RN> diskutieren über Fragen der inneren Sicherheit bezüglich der aktuellen Krise, doch diese <AN>Männer</AN> fordern härtere Maßnahmen. Die weiteren Maßnahmen stoßen auf geteilte Reaktionen.","1","1024","2","48000","-16","53","4","135","30.0","165.0","61.0","114.0","experiment","6","even","564117.227099996","-810.0","-290.0","NA","4540.637500002049","4541.024000005564","64027.662099993904","77891.13420000649","616083.249599993","77941.47069999599","616083.2839000068","63435.570200002985","NA","615955.6664999982","601702.4272999988","564105.5492000014","77941.50369999988","616083.1553000025","64022.202899999684","601698.8440999994","Experiment","0","0","0","10","1920","Diskussionen.","53","25","289"
"<AN>Frauen</AN>","C2","<RN>Einwohner</RN>","undefined","undefined","True","53","4","<AN>Männer</AN>","135","-105.0","30.0","61.0","114.0","undefined","undefined","#232323","1620","psycho","True","Diskussionen","psycho","psycho","undefined","undefined","undefined","0","0","0","0","0","51","0","51","0","0","51","51","51","0","51","0","50","-810.0","-270.5","6","1543.0","83.90325631344709","Fri Jul 31 11:49:11 2026","The main experiment item","False","Auf einer Gewerkschaftsveranstaltung wird derzeit über Löhne, Arbeitsbedingungen und Arbeitnehmerrechte diskutiert. Die <RN>Arbeitnehmer*innen</RN> fordern bessere Bezahlung und faire Arbeitsbedingungen, doch diese <AN>Männer</AN> sehen vor allem strukturelle Probleme. Die kommenden Entwicklungen sind weiterhin Gegenstand von Diskussionen.","experiment.osexp","D:\ET_course_project_gender-bias\experiment","False","mono","False","39","no","white","no","yes","1080","8","space","psycho","295.0","3.0","117","1","51","51","D:\ET_course_project_gender-bias\experiment\subject-6.csv","150","psycho","an_found","Neonatal Nightingale","4.1.14","-496.0","295.0","2","0","space","NA","space","space","space","14252.452400003676","NA","13862.892300006934","14252.452400003676","True","53","3","<RN>Arbeitnehmer*innen</RN>","412","-810.0","-398.0","-56.0","-3.0","2","psycho","6","Auf einer Gewerkschaftsveranstaltung wird derzeit über Löhne, Arbeitsbedingungen und Arbeitnehmerrechte diskutiert. Die <RN>Beschäftigten</RN> fordern bessere Bezahlung und faire Arbeitsbedingungen, doch diese <AN>Frauen</AN> sehen vor allem strukturelle Probleme. Die kommenden Entwicklungen sind weiterhin Gegenstand von Diskussionen.","Im Rahmen einer öffentlichen Veranstaltung wird derzeit über Fragen der inneren Sicherheit und gesellschaftliche Entwicklungen gesprochen. Die <RN>Bürger</RN> diskutieren über Fragen der inneren Sicherheit bezüglich der aktuellen Krise, doch diese <AN>Männer</AN> fordern härtere Maßnahmen. Die weiteren Maßnahmen stoßen auf geteilte Reaktionen.","1","1024","2","48000","-16","53","4","135","30.0","165.0","61.0","114.0","experiment","6","even","564117.227099996","-810.0","-290.0","NA","4540.637500002049","4541.024000005564","64027.662099993904","77891.13420000649","616112.4477999983","77941.47069999599","616112.4811000045","63435.570200002985","NA","615955.6664999982","601702.4272999988","564105.5492000014","77941.50369999988","616112.3652999959","64022.202899999684","601698.8440999994","Experiment","0","0","0","10","1920","Diskussionen.","53","25","289"
"<AN>Frauen</AN>","C6","<RN>Ingenieur*innen</RN>","undefined","undefined","True","53","4","<AN>Männer</AN>","135","-105.0","30.0","61.0","114.0","undefined","undefined","#232323","1620","psycho","True","Diskussionen","psycho","psycho","undefined","undefined","undefined","0","0","0","0","0","52","0","52","0","0","52","52","52","0","52","0","50","-810.0","-270.5","6","1543.0","83.90325631344709","Fri Jul 31 11:49:11 2026","The main experiment item","False","Auf einer Gewerkschaftsveranstaltung wird derzeit über Löhne, Arbeitsbedingungen und Arbeitnehmerrechte diskutiert. Die <RN>Arbeitnehmer*innen</RN> fordern bessere Bezahlung und faire Arbeitsbedingungen, doch diese <AN>Männer</AN> sehen vor allem strukturelle Probleme. Die kommenden Entwicklungen sind weiterhin Gegenstand von Diskussionen.","experiment.osexp","D:\ET_course_project_gender-bias\experiment","False","mono","False","39","no","white","no","yes","1080","17","space","psycho","295.0","3.0","117","2","52","52","D:\ET_course_project_gender-bias\experiment\subject-6.csv","150","psycho","an_found","Neonatal Nightingale","4.1.14","-496.0","295.0","2","0","space","NA","space","space","space","14252.452400003676","NA","13862.892300006934","14252.452400003676","True","53","3","<RN>Arbeitnehmer*innen</RN>","412","-810.0","-398.0","-56.0","-3.0","2","psycho","6","Auf einer Gewerkschaftsveranstaltung wird derzeit über Löhne, Arbeitsbedingungen und Arbeitnehmerrechte diskutiert. Die <RN>Beschäftigten</RN> fordern bessere Bezahlung und faire Arbeitsbedingungen, doch diese <AN>Frauen</AN> sehen vor allem strukturelle Probleme. Die kommenden Entwicklungen sind weiterhin Gegenstand von Diskussionen.","Im Rahmen einer städtischen Planungsrunde wird über die zukünftige Mobilität und den Ausbau des Nahverkehrs diskutiert. Die <RN>Ingenieurinnen</RN> diskutieren über Verkehrskonzepte und setzen sich für den Ausbau des ÖPNV ein, doch diese <AN>Männer</AN> lehnen die Vorschläge ab. Die nächsten Schritte werden derzeit kontrovers diskutiert.","1","1024","2","48000","-16","53","4","135","30.0","165.0","61.0","114.0","experiment","6","even","564117.227099996","-810.0","-290.0","NA","4540.637500002049","4541.024000005564","64027.662099993904","77891.13420000649","616138.7285999954","77941.47069999599","616138.7626000069","63435.570200002985","NA","615955.6664999982","601702.4272999988","564105.5492000014","77941.50369999988","616138.6411999993","64022.202899999684","601698.8440999994","Experiment","0","0","0","10","1920","Diskussionen.","53","25","289"
"<AN>Frauen</AN>","C2","<RN>Polizisten</RN>","undefined","undefined","True","53","4","<AN>Männer</AN>","135","-105.0","30.0","61.0","114.0","undefined","undefined","#232323","1620","psycho","True","Diskussionen","psycho","psycho","undefined","undefined","undefined","0","0","0","0","0","53","0","53","0","0","53","53","53","0","53","0","50","-810.0","-270.5","6","1543.0","83.90325631344709","Fri Jul 31 11:49:11 2026","The main experiment item","False","Auf einer Gewerkschaftsveranstaltung wird derzeit über Löhne, Arbeitsbedingungen und Arbeitnehmerrechte diskutiert. Die <RN>Arbeitnehmer*innen</RN> fordern bessere Bezahlung und faire Arbeitsbedingungen, doch diese <AN>Männer</AN> sehen vor allem strukturelle Probleme. Die kommenden Entwicklungen sind weiterhin Gegenstand von Diskussionen.","experiment.osexp","D:\ET_course_project_gender-bias\experiment","False","mono","False","39","no","white","no","yes","1080","18","space","psycho","295.0","3.0","117","3","53","53","D:\ET_course_project_gender-bias\experiment\subject-6.csv","150","psycho","an_found","Neonatal Nightingale","4.1.14","-496.0","295.0","2","0","space","NA","space","space","space","14252.452400003676","NA","13862.892300006934","14252.452400003676","True","53","3","<RN>Arbeitnehmer*innen</RN>","412","-810.0","-398.0","-56.0","-3.0","2","psycho","6","Auf einer Gewerkschaftsveranstaltung wird derzeit über Löhne, Arbeitsbedingungen und Arbeitnehmerrechte diskutiert. Die <RN>Beschäftigten</RN> fordern bessere Bezahlung und faire Arbeitsbedingungen, doch diese <AN>Frauen</AN> sehen vor allem strukturelle Probleme. Die kommenden Entwicklungen sind weiterhin Gegenstand von Diskussionen.","Bei einer öffentlichen Sitzung im Rathaus wird über neue Verkehrsregelungen gesprochen. Die <RN>Polizistinnen</RN> diskutieren laut über mehr Sicherheit im Straßenverkehr und setzen sich für strengere Kontrollen ein, doch diese <AN>Männer</AN> lehnen die Vorschläge ab. Die nächsten Maßnahmen werden derzeit kontrovers verhandelt.","1","1024","2","48000","-16","53","4","135","30.0","165.0","61.0","114.0","experiment","6","even","564117.227099996","-810.0","-290.0","NA","4540.637500002049","4541.024000005564","64027.662099993904","77891.13420000649","616423.7753000052","77941.47069999599","616423.8105999975","63435.570200002985","NA","615955.6664999982","601702.4272999988","564105.5492000014","77941.50369999988","616423.6725999945","64022.202899999684","601698.8440999994","Experiment","0","0","0","10","1920","Diskussionen.","53","25","289"
"<AN>Männern</AN>","C5","<RN>Expert*innen</RN>","undefined","undefined","True","53","4","<AN>Männer</AN>","135","-105.0","30.0","61.0","114.0","undefined","undefined","#232323","1620","psycho","True","Diskussionen","psycho","psycho","undefined","undefined","undefined","0","0","0","0","0","54","0","54","0","0","54","54","54","0","54","0","50","-810.0","-270.5","6","1543.0","83.90325631344709","Fri Jul 31 11:49:11 2026","The main experiment item","False","Auf einer Gewerkschaftsveranstaltung wird derzeit über Löhne, Arbeitsbedingungen und Arbeitnehmerrechte diskutiert. Die <RN>Arbeitnehmer*innen</RN> fordern bessere Bezahlung und faire Arbeitsbedingungen, doch diese <AN>Männer</AN> sehen vor allem strukturelle Probleme. Die kommenden Entwicklungen sind weiterhin Gegenstand von Diskussionen.","experiment.osexp","D:\ET_course_project_gender-bias\experiment","False","mono","False","39","no","white","no","yes","1080","10","space","psycho","295.0","3.0","117","2","54","54","D:\ET_course_project_gender-bias\experiment\subject-6.csv","150","psycho","an_found","Neonatal Nightingale","4.1.14","-496.0","295.0","2","0","space","NA","space","space","space","14252.452400003676","NA","13862.892300006934","14252.452400003676","True","53","3","<RN>Arbeitnehmer*innen</RN>","412","-810.0","-398.0","-56.0","-3.0","2","psycho","6","Auf einer Gewerkschaftsveranstaltung wird derzeit über Löhne, Arbeitsbedingungen und Arbeitnehmerrechte diskutiert. Die <RN>Beschäftigten</RN> fordern bessere Bezahlung und faire Arbeitsbedingungen, doch diese <AN>Frauen</AN> sehen vor allem strukturelle Probleme. Die kommenden Entwicklungen sind weiterhin Gegenstand von Diskussionen.","Im Rahmen einer universitären Veranstaltung werden aktuelle Fragestellungen der Rüstungsindustrie behandelt. Die große Mehrheit dieser <RN>Fachleute</RN> sehen eine stärkere Aufrüstung für Deutschland als notwendig, doch diese Gruppe von <AN>Frauen</AN> kritisiert dessen Finanzierung. Die Auswirkungen der Entscheidung werden noch geprüft.","1","1024","2","48000","-16","53","4","135","30.0","165.0","61.0","114.0","experiment","6","even","564117.227099996","-810.0","-290.0","NA","4540.637500002049","4541.024000005564","64027.662099993904","77891.13420000649","616450.3698000044","77941.47069999599","616450.4057000013","63435.570200002985","NA","615955.6664999982","601702.4272999988","564105.5492000014","77941.50369999988","616450.2810999984","64022.202899999684","601698.8440999994","Experiment","0","0","0","10","1920","Diskussionen.","53","25","289"
"<AN>Männer</AN>","C5","<RN>Expert*innen</RN>","undefined","undefined","True","53","4","<AN>Männer</AN>","135","-105.0","30.0","61.0","114.0","undefined","undefined","#232323","1620","psycho","True","Diskussionen","psycho","psycho","undefined","undefined","undefined","0","0","0","0","0","55","0","55","0","0","55","55","55","0","55","0","50","-810.0","-270.5","6","1543.0","83.90325631344709","Fri Jul 31 11:49:11 2026","The main experiment item","False","Auf einer Gewerkschaftsveranstaltung wird derzeit über Löhne, Arbeitsbedingungen und Arbeitnehmerrechte diskutiert. Die <RN>Arbeitnehmer*innen</RN> fordern bessere Bezahlung und faire Arbeitsbedingungen, doch diese <AN>Männer</AN> sehen vor allem strukturelle Probleme. Die kommenden Entwicklungen sind weiterhin Gegenstand von Diskussionen.","experiment.osexp","D:\ET_course_project_gender-bias\experiment","False","mono","False","39","no","white","no","yes","1080","14","space","psycho","295.0","3.0","117","4","55","55","D:\ET_course_project_gender-bias\experiment\subject-6.csv","150","psycho","an_found","Neonatal Nightingale","4.1.14","-496.0","295.0","2","0","space","NA","space","space","space","14252.452400003676","NA","13862.892300006934","14252.452400003676","True","53","3","<RN>Arbeitnehmer*innen</RN>","412","-810.0","-398.0","-56.0","-3.0","2","psycho","6","Auf einer Gewerkschaftsveranstaltung wird derzeit über Löhne, Arbeitsbedingungen und Arbeitnehmerrechte diskutiert. Die <RN>Beschäftigten</RN> fordern bessere Bezahlung und faire Arbeitsbedingungen, doch diese <AN>Frauen</AN> sehen vor allem strukturelle Probleme. Die kommenden Entwicklungen sind weiterhin Gegenstand von Diskussionen.","Auf einer öffentlichen Veranstaltung stehen Investitionen und langfristige gesellschaftliche Entwicklungen zur Diskussion. Die <RN>Fachfrauen</RN> unterstützen höhere Investitionen und langfristige Entwicklungen, doch diese <AN>Männer</AN> kritisieren die Umsetzung. Die politischen Folgen werden unterschiedlich bewertet.","1","1024","2","48000","-16","53","4","135","30.0","165.0","61.0","114.0","experiment","6","even","564117.227099996","-810.0","-290.0","NA","4540.637500002049","4541.024000005564","64027.662099993904","77891.13420000649","616479.4474999944","77941.47069999599","616479.484800002","63435.570200002985","NA","615955.6664999982","601702.4272999988","564105.5492000014","77941.50369999988","616479.2579000059","64022.202899999684","601698.8440999994","Experiment","0","0","0","10","1920","Diskussionen.","53","25","289"
"<AN>Frauen</AN>","C6","<RN>Pfleger*innen</RN>","undefined","undefined","True","53","4","<AN>Männer</AN>","135","-105.0","30.0","61.0","114.0","undefined","undefined","#232323","1620","psycho","True","Diskussionen","psycho","psycho","undefined","undefined","undefined","0","0","0","0","0","56","0","56","0","0","56","56","56","0","56","0","50","-810.0","-270.5","6","1543.0","83.90325631344709","Fri Jul 31 11:49:11 2026","The main experiment item","False","Auf einer Gewerkschaftsveranstaltung wird derzeit über Löhne, Arbeitsbedingungen und Arbeitnehmerrechte diskutiert. Die <RN>Arbeitnehmer*innen</RN> fordern bessere Bezahlung und faire Arbeitsbedingungen, doch diese <AN>Männer</AN> sehen vor allem strukturelle Probleme. Die kommenden Entwicklungen sind weiterhin Gegenstand von Diskussionen.","experiment.osexp","D:\ET_course_project_gender-bias\experiment","False","mono","False","39","no","white","no","yes","1080","2","space","psycho","295.0","3.0","117","5","56","56","D:\ET_course_project_gender-bias\experiment\subject-6.csv","150","psycho","an_found","Neonatal Nightingale","4.1.14","-496.0","295.0","2","0","space","NA","space","space","space","14252.452400003676","NA","13862.892300006934","14252.452400003676","True","53","3","<RN>Arbeitnehmer*innen</RN>","412","-810.0","-398.0","-56.0","-3.0","2","psycho","6","Auf einer Gewerkschaftsveranstaltung wird derzeit über Löhne, Arbeitsbedingungen und Arbeitnehmerrechte diskutiert. Die <RN>Beschäftigten</RN> fordern bessere Bezahlung und faire Arbeitsbedingungen, doch diese <AN>Frauen</AN> sehen vor allem strukturelle Probleme. Die kommenden Entwicklungen sind weiterhin Gegenstand von Diskussionen.","Im Rahmen einer Gesprächsrunde im Gesundheitswesen wird derzeit über aktuelle gesellschaftliche Herausforderungen diskutiert. Die <RN>Pflegekräfte</RN> verdienen bessere Arbeitsbedingungen und benötigen mehr Unterstützung, doch diese <AN>Männer</AN> fühlen sich politisch nicht ausreichend unterstützt. Die nächsten Schritte werden derzeit kontrovers diskutiert.","1","1024","2","48000","-16","53","4","135","30.0","165.0","61.0","114.0","experiment","6","even","564117.227099996","-810.0","-290.0","NA","4540.637500002049","4541.024000005564","64027.662099993904","77891.13420000649","616507.1300999989","77941.47069999599","616507.1660999965","63435.570200002985","NA","615955.6664999982","601702.4272999988","564105.5492000014","77941.50369999988","616506.988299996","64022.202899999684","601698.8440999994","Experiment","0","0","0","10","1920","Diskussionen.","53","25","289"
"<AN>Frauen</AN>","C4","<RN>Expertinnen</RN>","undefined","undefined","True","53","4","<AN>Männer</AN>","135","-105.0","30.0","61.0","114.0","undefined","undefined","#232323","1620","psycho","True","Diskussionen","psycho","psycho","undefined","undefined","undefined","0","0","0","0","0","57","0","57","0","0","57","57","57","0","57","0","50","-810.0","-270.5","6","1543.0","83.90325631344709","Fri Jul 31 11:49:11 2026","The main experiment item","False","Auf einer Gewerkschaftsveranstaltung wird derzeit über Löhne, Arbeitsbedingungen und Arbeitnehmerrechte diskutiert. Die <RN>Arbeitnehmer*innen</RN> fordern bessere Bezahlung und faire Arbeitsbedingungen, doch diese <AN>Männer</AN> sehen vor allem strukturelle Probleme. Die kommenden Entwicklungen sind weiterhin Gegenstand von Diskussionen.","experiment.osexp","D:\ET_course_project_gender-bias\experiment","False","mono","False","39","no","white","no","yes","1080","10","space","psycho","295.0","3.0","117","1","57","57","D:\ET_course_project_gender-bias\experiment\subject-6.csv","150","psycho","an_found","Neonatal Nightingale","4.1.14","-496.0","295.0","2","0","space","NA","space","space","space","14252.452400003676","NA","13862.892300006934","14252.452400003676","True","53","3","<RN>Arbeitnehmer*innen</RN>","412","-810.0","-398.0","-56.0","-3.0","2","psycho","6","Auf einer Gewerkschaftsveranstaltung wird derzeit über Löhne, Arbeitsbedingungen und Arbeitnehmerrechte diskutiert. Die <RN>Beschäftigten</RN> fordern bessere Bezahlung und faire Arbeitsbedingungen, doch diese <AN>Frauen</AN> sehen vor allem strukturelle Probleme. Die kommenden Entwicklungen sind weiterhin Gegenstand von Diskussionen.","Im Rahmen einer universitären Veranstaltung werden aktuelle Fragestellungen der Rüstungsindustrie behandelt. Die große Mehrheit dieser <RN>Fachleute</RN> sieht eine stärkere Aufrüstung für Deutschland als notwendig, doch diese Gruppe von <AN>Frauen</AN> kritisiert dessen Finanzierung. Die Auswirkungen der Entscheidung werden noch geprüft.","1","1024","2","48000","-16","53","4","135","30.0","165.0","61.0","114.0","experiment","6","even","564117.227099996","-810.0","-290.0","NA","4540.637500002049","4541.024000005564","64027.662099993904","77891.13420000649","616533.5668000043","77941.47069999599","616533.6146000045","63435.570200002985","NA","615955.6664999982","601702.4272999988","564105.5492000014","77941.50369999988","616533.4385000024","64022.202899999684","601698.8440999994","Experiment","0","0","0","10","1920","Diskussionen.","53","25","289"
"<AN>Männer</AN>","C1","<RN>Pfleger</RN>","undefined","undefined","True","53","4","<AN>Männer</AN>","135","-222.0","-87.0","61.0","114.0","undefined","undefined","#232323","1620","psycho","True","diskutiert","psycho","psycho","undefined","undefined","undefined","0","0","0","0","0","58","0","58","0","0","58","58","58","0","58","0","50","-810.0","-270.5","6","249.0","40.767999246467795","Fri Jul 31 11:49:11 2026","The main experiment item","False","Im Rahmen einer Gesprächsrunde im Gesundheitswesen wird derzeit über aktuelle gesellschaftliche Herausforderungen diskutiert. Die <RN>Pfleger</RN> verdienen bessere Arbeitsbedingungen und benötigen langfristig mehr Unterstützung, doch diese <AN>Männer</AN> fühlen sich politisch nicht ausreichend unterstützt. Die nächsten Schritte werden derzeit kontrovers diskutiert.","experiment.osexp","D:\ET_course_project_gender-bias\experiment","False","mono","False","39","no","white","no","yes","1080","2","space","psycho","295.0","3.0","117","6","58","58","D:\ET_course_project_gender-bias\experiment\subject-6.csv","150","psycho","an_found","Neonatal Nightingale","4.1.14","-293.0","295.0","2","0","space","NA","space","space","space","68.92330000118818","NA","13862.892300006934","68.92330000118818","True","53","2","<RN>Pfleger</RN>","156","581.0","737.0","-173.0","-120.0","2","psycho","6","Im Rahmen einer Gesprächsrunde im Gesundheitswesen wird derzeit über aktuelle gesellschaftliche Herausforderungen diskutiert. Die <RN>Pflegekräfte</RN> verdienen bessere Arbeitsbedingungen und benötigen langfristig mehr Unterstützung, doch diese <AN>Männer</AN> fühlen sich politisch nicht ausreichend unterstützt. Die nächsten Schritte werden derzeit kontrovers diskutiert.","Im Rahmen einer Gesprächsrunde im Gesundheitswesen wird derzeit über aktuelle gesellschaftliche Herausforderungen diskutiert. Die <RN>Pflegekräfte</RN> verdienen bessere Arbeitsbedingungen und benötigen langfristig mehr Unterstützung, doch diese <AN>Männer</AN> fühlen sich politisch nicht ausreichend unterstützt. Die nächsten Schritte werden derzeit kontrovers diskutiert.","0","1024","2","48000","-16","53","4","135","-87.0","48.0","61.0","114.0","experiment","6","even","616574.0998999972","-810.0","-290.0","NA","4540.637500002049","4541.024000005564","64027.662099993904","77891.13420000649","616561.5966000041","77941.47069999599","647793.424500007","63435.570200002985","NA","647747.5544000044","647677.9733000003","616561.6310000041","77941.50369999988","616561.3999000052","64022.202899999684","647674.8855000042","Experiment","0","0","0","11","1920","diskutiert.","53","25","243"
"<AN>Männer</AN>","C1","<RN>Ingenieure</RN>","undefined","undefined","True","53","4","<AN>Männer</AN>","135","-222.0","-87.0","61.0","114.0","undefined","undefined","#232323","1620","psycho","True","diskutiert","psycho","psycho","undefined","undefined","undefined","0","0","0","0","0","59","0","59","0","0","59","59","59","0","59","0","50","-810.0","-270.5","6","249.0","40.767999246467795","Fri Jul 31 11:49:11 2026","The main experiment item","False","Im Rahmen einer Gesprächsrunde im Gesundheitswesen wird derzeit über aktuelle gesellschaftliche Herausforderungen diskutiert. Die <RN>Pfleger</RN> verdienen bessere Arbeitsbedingungen und benötigen langfristig mehr Unterstützung, doch diese <AN>Männer</AN> fühlen sich politisch nicht ausreichend unterstützt. Die nächsten Schritte werden derzeit kontrovers diskutiert.","experiment.osexp","D:\ET_course_project_gender-bias\experiment","False","mono","False","39","no","white","no","yes","1080","3","space","psycho","295.0","3.0","117","5","59","59","D:\ET_course_project_gender-bias\experiment\subject-6.csv","150","psycho","an_found","Neonatal Nightingale","4.1.14","-293.0","295.0","2","0","space","NA","space","space","space","68.92330000118818","NA","13862.892300006934","68.92330000118818","True","53","2","<RN>Pfleger</RN>","156","581.0","737.0","-173.0","-120.0","2","psycho","6","Im Rahmen einer Gesprächsrunde im Gesundheitswesen wird derzeit über aktuelle gesellschaftliche Herausforderungen diskutiert. Die <RN>Pflegekräfte</RN> verdienen bessere Arbeitsbedingungen und benötigen langfristig mehr Unterstützung, doch diese <AN>Männer</AN> fühlen sich politisch nicht ausreichend unterstützt. Die nächsten Schritte werden derzeit kontrovers diskutiert.","Auf einer wissenschaftlichen Konferenz zu technischen Zukunftsfragen werden derzeit aktuelle gesellschaftliche Themen erörtert. Die <RN>Ingenieur*innen</RN> kritisieren die Energiewende und stehen vor Herausforderungen, doch diese <AN>Frauen</AN> lehnen zusätzliche Investitionen ab. Über die Konsequenzen wird weiterhin intensiv gestritten.","1","1024","2","48000","-16","53","4","135","-87.0","48.0","61.0","114.0","experiment","6","even","616574.0998999972","-810.0","-290.0","NA","4540.637500002049","4541.024000005564","64027.662099993904","77891.13420000649","647820.2802000014","77941.47069999599","647820.3137999953","63435.570200002985","NA","647747.5544000044","647677.9733000003","616561.6310000041","77941.50369999988","647820.189399994","64022.202899999684","647674.8855000042","Experiment","0","0","0","11","1920","diskutiert.","53","25","243"
"<AN>Frauen</AN>","C6","<RN>Einwohner*innen</RN>","undefined","undefined","True","53","4","<AN>Männer</AN>","135","-222.0","-87.0","61.0","114.0","undefined","undefined","#232323","1620","psycho","True","diskutiert","psycho","psycho","undefined","undefined","undefined","0","0","0","0","0","60","0","60","0","0","60","60","60","0","60","0","50","-810.0","-270.5","6","249.0","40.767999246467795","Fri Jul 31 11:49:11 2026","The main experiment item","False","Im Rahmen einer Gesprächsrunde im Gesundheitswesen wird derzeit über aktuelle gesellschaftliche Herausforderungen diskutiert. Die <RN>Pfleger</RN> verdienen bessere Arbeitsbedingungen und benötigen langfristig mehr Unterstützung, doch diese <AN>Männer</AN> fühlen sich politisch nicht ausreichend unterstützt. Die nächsten Schritte werden derzeit kontrovers diskutiert.","experiment.osexp","D:\ET_course_project_gender-bias\experiment","False","mono","False","39","no","white","no","yes","1080","8","space","psycho","295.0","3.0","117","5","60","60","D:\ET_course_project_gender-bias\experiment\subject-6.csv","150","psycho","an_found","Neonatal Nightingale","4.1.14","-293.0","295.0","2","0","space","NA","space","space","space","68.92330000118818","NA","13862.892300006934","68.92330000118818","True","53","2","<RN>Pfleger</RN>","156","581.0","737.0","-173.0","-120.0","2","psycho","6","Im Rahmen einer Gesprächsrunde im Gesundheitswesen wird derzeit über aktuelle gesellschaftliche Herausforderungen diskutiert. Die <RN>Pflegekräfte</RN> verdienen bessere Arbeitsbedingungen und benötigen langfristig mehr Unterstützung, doch diese <AN>Männer</AN> fühlen sich politisch nicht ausreichend unterstützt. Die nächsten Schritte werden derzeit kontrovers diskutiert.","Im Rahmen einer öffentlichen Veranstaltung wird derzeit über Fragen der inneren Sicherheit und gesellschaftliche Entwicklungen gesprochen. Die <RN>Bürger</RN> diskutieren über Fragen der Sicherheit bezüglich der aktuellen Krise, doch diese <AN>Männer</AN> fordern härtere Maßnahmen. Die weiteren Maßnahmen stoßen auf geteilte Reaktionen.","1","1024","2","48000","-16","53","4","135","-87.0","48.0","61.0","114.0","experiment","6","even","616574.0998999972","-810.0","-290.0","NA","4540.637500002049","4541.024000005564","64027.662099993904","77891.13420000649","647846.6992000031","77941.47069999599","647846.7362999945","63435.570200002985","NA","647747.5544000044","647677.9733000003","616561.6310000041","77941.50369999988","647846.5409000055","64022.202899999684","647674.8855000042","Experiment","0","0","0","11","1920","diskutiert.","53","25","243"
"<AN>Frauen</AN>","C6","<RN>Expert*innen</RN>","undefined","undefined","True","53","4","<AN>Männer</AN>","135","-222.0","-87.0","61.0","114.0","undefined","undefined","#232323","1620","psycho","True","diskutiert","psycho","psycho","undefined","undefined","undefined","0","0","0","0","0","61","0","61","0","0","61","61","61","0","61","0","50","-810.0","-270.5","6","249.0","40.767999246467795","Fri Jul 31 11:49:11 2026","The main experiment item","False","Im Rahmen einer Gesprächsrunde im Gesundheitswesen wird derzeit über aktuelle gesellschaftliche Herausforderungen diskutiert. Die <RN>Pfleger</RN> verdienen bessere Arbeitsbedingungen und benötigen langfristig mehr Unterstützung, doch diese <AN>Männer</AN> fühlen sich politisch nicht ausreichend unterstützt. Die nächsten Schritte werden derzeit kontrovers diskutiert.","experiment.osexp","D:\ET_course_project_gender-bias\experiment","False","mono","False","39","no","white","no","yes","1080","10","space","psycho","295.0","3.0","117","3","61","61","D:\ET_course_project_gender-bias\experiment\subject-6.csv","150","psycho","an_found","Neonatal Nightingale","4.1.14","-293.0","295.0","2","0","space","NA","space","space","space","68.92330000118818","NA","13862.892300006934","68.92330000118818","True","53","2","<RN>Pfleger</RN>","156","581.0","737.0","-173.0","-120.0","2","psycho","6","Im Rahmen einer Gesprächsrunde im Gesundheitswesen wird derzeit über aktuelle gesellschaftliche Herausforderungen diskutiert. Die <RN>Pflegekräfte</RN> verdienen bessere Arbeitsbedingungen und benötigen langfristig mehr Unterstützung, doch diese <AN>Männer</AN> fühlen sich politisch nicht ausreichend unterstützt. Die nächsten Schritte werden derzeit kontrovers diskutiert.","Im Rahmen einer universitären Veranstaltung werden aktuelle Fragestellungen der Rüstungsindustrie behandelt. Die große Mehrheit dieser <RN>Fachleute</RN> sehen eine stärkere Aufrüstung für Deutschland als notwendig, doch diese Gruppe von <AN>Frauen</AN> kritisiert dessen Finanzierung. Die Auswirkungen der Entscheidung werden noch geprüft.","1","1024","2","48000","-16","53","4","135","-87.0","48.0","61.0","114.0","experiment","6","even","616574.0998999972","-810.0","-290.0","NA","4540.637500002049","4541.024000005564","64027.662099993904","77891.13420000649","647873.9335999999","77941.47069999599","647873.9734999981","63435.570200002985","NA","647747.5544000044","647677.9733000003","616561.6310000041","77941.50369999988","647873.7581000023","64022.202899999684","647674.8855000042","Experiment","0","0","0","11","1920","diskutiert.","53","25","243"
"<AN>Männern</AN>","C3","<RN>Einwohnerinnen</RN>","undefined","undefined","True","53","4","<AN>Männer</AN>","135","-222.0","-87.0","61.0","114.0","undefined","undefined","#232323","1620","psycho","True","diskutiert","psycho","psycho","undefined","undefined","undefined","0","0","0","0","0","62","0","62","0","0","62","62","62","0","62","0","50","-810.0","-270.5","6","249.0","40.767999246467795","Fri Jul 31 11:49:11 2026","The main experiment item","False","Im Rahmen einer Gesprächsrunde im Gesundheitswesen wird derzeit über aktuelle gesellschaftliche Herausforderungen diskutiert. Die <RN>Pfleger</RN> verdienen bessere Arbeitsbedingungen und benötigen langfristig mehr Unterstützung, doch diese <AN>Männer</AN> fühlen sich politisch nicht ausreichend unterstützt. Die nächsten Schritte werden derzeit kontrovers diskutiert.","experiment.osexp","D:\ET_course_project_gender-bias\experiment","False","mono","False","39","no","white","no","yes","1080","13","space","psycho","295.0","3.0","117","3","62","62","D:\ET_course_project_gender-bias\experiment\subject-6.csv","150","psycho","an_found","Neonatal Nightingale","4.1.14","-293.0","295.0","2","0","space","NA","space","space","space","68.92330000118818","NA","13862.892300006934","68.92330000118818","True","53","2","<RN>Pfleger</RN>","156","581.0","737.0","-173.0","-120.0","2","psycho","6","Im Rahmen einer Gesprächsrunde im Gesundheitswesen wird derzeit über aktuelle gesellschaftliche Herausforderungen diskutiert. Die <RN>Pflegekräfte</RN> verdienen bessere Arbeitsbedingungen und benötigen langfristig mehr Unterstützung, doch diese <AN>Männer</AN> fühlen sich politisch nicht ausreichend unterstützt. Die nächsten Schritte werden derzeit kontrovers diskutiert.","Im Rahmen einer öffentlichen Veranstaltung wird über Sicherheit, gesellschaftlichen Zusammenhalt und politische Reformen gesprochen. Die <RN>Bürgerinnen</RN> wünschen sich Sicherheit und verlässliche Perspektiven, doch diese Gruppe von <AN>Frauen</AN> sieht Reformbedarf im System. Die weitere Entwicklung bleibt Gegenstand öffentlicher Debatten.","1","1024","2","48000","-16","53","4","135","-87.0","48.0","61.0","114.0","experiment","6","even","616574.0998999972","-810.0","-290.0","NA","4540.637500002049","4541.024000005564","64027.662099993904","77891.13420000649","647900.6421999948","77941.47069999599","647900.6822999945","63435.570200002985","NA","647747.5544000044","647677.9733000003","616561.6310000041","77941.50369999988","647900.4697000055","64022.202899999684","647674.8855000042","Experiment","0","0","0","11","1920","diskutiert.","53","25","243"
"<AN>Männer</AN>","C3","<RN>Ingenieurinnen</RN>","undefined","undefined","True","53","4","<AN>Männer</AN>","135","-222.0","-87.0","61.0","114.0","undefined","undefined","#232323","1620","psycho","True","diskutiert","psycho","psycho","undefined","undefined","undefined","0","0","0","0","0","63","0","63","0","0","63","63","63","0","63","0","50","-810.0","-270.5","6","249.0","40.767999246467795","Fri Jul 31 11:49:11 2026","The main experiment item","False","Im Rahmen einer Gesprächsrunde im Gesundheitswesen wird derzeit über aktuelle gesellschaftliche Herausforderungen diskutiert. Die <RN>Pfleger</RN> verdienen bessere Arbeitsbedingungen und benötigen langfristig mehr Unterstützung, doch diese <AN>Männer</AN> fühlen sich politisch nicht ausreichend unterstützt. Die nächsten Schritte werden derzeit kontrovers diskutiert.","experiment.osexp","D:\ET_course_project_gender-bias\experiment","False","mono","False","39","no","white","no","yes","1080","3","space","psycho","295.0","3.0","117","1","63","63","D:\ET_course_project_gender-bias\experiment\subject-6.csv","150","psycho","an_found","Neonatal Nightingale","4.1.14","-293.0","295.0","2","0","space","NA","space","space","space","68.92330000118818","NA","13862.892300006934","68.92330000118818","True","53","2","<RN>Pfleger</RN>","156","581.0","737.0","-173.0","-120.0","2","psycho","6","Im Rahmen einer Gesprächsrunde im Gesundheitswesen wird derzeit über aktuelle gesellschaftliche Herausforderungen diskutiert. Die <RN>Pflegekräfte</RN> verdienen bessere Arbeitsbedingungen und benötigen langfristig mehr Unterstützung, doch diese <AN>Männer</AN> fühlen sich politisch nicht ausreichend unterstützt. Die nächsten Schritte werden derzeit kontrovers diskutiert.","Auf einer wissenschaftlichen Konferenz zu technischen Zukunftsfragen werden derzeit aktuelle gesellschaftliche Themen erörtert. Die <RN>Ingenieur*innen</RN> kritisieren die Energiewende und stehen vor Herausforderungen, doch diese <AN>Frauen</AN> lehnen zusätzliche Investitionen ab. Über die Konsequenzen wird weiterhin intensiv gestritten.","1","1024","2","48000","-16","53","4","135","-87.0","48.0","61.0","114.0","experiment","6","even","616574.0998999972","-810.0","-290.0","NA","4540.637500002049","4541.024000005564","64027.662099993904","77891.13420000649","647927.2037000046","77941.47069999599","647927.2431999998","63435.570200002985","NA","647747.5544000044","647677.9733000003","616561.6310000041","77941.50369999988","647927.0325999969","64022.202899999684","647674.8855000042","Experiment","0","0","0","11","1920","diskutiert.","53","25","243"
"<AN>Männer</AN>","C3","<RN>Polizistinnen</RN>","undefined","undefined","True","53","4","<AN>Männer</AN>","135","-222.0","-87.0","61.0","114.0","undefined","undefined","#232323","1620","psycho","True","diskutiert","psycho","psycho","undefined","undefined","undefined","0","0","0","0","0","64","0","64","0","0","64","64","64","0","64","0","50","-810.0","-270.5","6","249.0","40.767999246467795","Fri Jul 31 11:49:11 2026","The main experiment item","False","Im Rahmen einer Gesprächsrunde im Gesundheitswesen wird derzeit über aktuelle gesellschaftliche Herausforderungen diskutiert. Die <RN>Pfleger</RN> verdienen bessere Arbeitsbedingungen und benötigen langfristig mehr Unterstützung, doch diese <AN>Männer</AN> fühlen sich politisch nicht ausreichend unterstützt. Die nächsten Schritte werden derzeit kontrovers diskutiert.","experiment.osexp","D:\ET_course_project_gender-bias\experiment","False","mono","False","39","no","white","no","yes","1080","18","space","psycho","295.0","3.0","117","4","64","64","D:\ET_course_project_gender-bias\experiment\subject-6.csv","150","psycho","an_found","Neonatal Nightingale","4.1.14","-293.0","295.0","2","0","space","NA","space","space","space","68.92330000118818","NA","13862.892300006934","68.92330000118818","True","53","2","<RN>Pfleger</RN>","156","581.0","737.0","-173.0","-120.0","2","psycho","6","Im Rahmen einer Gesprächsrunde im Gesundheitswesen wird derzeit über aktuelle gesellschaftliche Herausforderungen diskutiert. Die <RN>Pflegekräfte</RN> verdienen bessere Arbeitsbedingungen und benötigen langfristig mehr Unterstützung, doch diese <AN>Männer</AN> fühlen sich politisch nicht ausreichend unterstützt. Die nächsten Schritte werden derzeit kontrovers diskutiert.","Bei einer öffentlichen Sitzung im Rathaus wird über neue Verkehrsregelungen gesprochen. Die <RN>Polizistinnen</RN> diskutieren laut über mehr Sicherheit im Straßenverkehr und setzen sich für strengere Kontrollen ein, doch diese <AN>Männer</AN> lehnen die Vorschläge ab. Die nächsten Maßnahmen werden derzeit kontrovers verhandelt.","1","1024","2","48000","-16","53","4","135","-87.0","48.0","61.0","114.0","experiment","6","even","616574.0998999972","-810.0","-290.0","NA","4540.637500002049","4541.024000005564","64027.662099993904","77891.13420000649","647955.4031000007","77941.47069999599","647955.452299997","63435.570200002985","NA","647747.5544000044","647677.9733000003","616561.6310000041","77941.50369999988","647955.2575999987","64022.202899999684","647674.8855000042","Experiment","0","0","0","11","1920","diskutiert.","53","25","243"
"<AN>Männern</AN>","C5","<RN>Einwohner*innen</RN>","undefined","undefined","True","53","4","<AN>Männer</AN>","135","-222.0","-87.0","61.0","114.0","undefined","undefined","#232323","1620","psycho","True","diskutiert","psycho","psycho","undefined","undefined","undefined","0","0","0","0","0","65","0","65","0","0","65","65","65","0","65","0","50","-810.0","-270.5","6","249.0","40.767999246467795","Fri Jul 31 11:49:11 2026","The main experiment item","False","Im Rahmen einer Gesprächsrunde im Gesundheitswesen wird derzeit über aktuelle gesellschaftliche Herausforderungen diskutiert. Die <RN>Pfleger</RN> verdienen bessere Arbeitsbedingungen und benötigen langfristig mehr Unterstützung, doch diese <AN>Männer</AN> fühlen sich politisch nicht ausreichend unterstützt. Die nächsten Schritte werden derzeit kontrovers diskutiert.","experiment.osexp","D:\ET_course_project_gender-bias\experiment","False","mono","False","39","no","white","no","yes","1080","13","space","psycho","295.0","3.0","117","5","65","65","D:\ET_course_project_gender-bias\experiment\subject-6.csv","150","psycho","an_found","Neonatal Nightingale","4.1.14","-293.0","295.0","2","0","space","NA","space","space","space","68.92330000118818","NA","13862.892300006934","68.92330000118818","True","53","2","<RN>Pfleger</RN>","156","581.0","737.0","-173.0","-120.0","2","psycho","6","Im Rahmen einer Gesprächsrunde im Gesundheitswesen wird derzeit über aktuelle gesellschaftliche Herausforderungen diskutiert. Die <RN>Pflegekräfte</RN> verdienen bessere Arbeitsbedingungen und benötigen langfristig mehr Unterstützung, doch diese <AN>Männer</AN> fühlen sich politisch nicht ausreichend unterstützt. Die nächsten Schritte werden derzeit kontrovers diskutiert.","Im Rahmen einer öffentlichen Veranstaltung wird über Sicherheit, gesellschaftlichen Zusammenhalt und politische Reformen gesprochen. Die <RN>Bürgerinnen</RN> wünschen sich Sicherheit und verlässliche Perspektiven, doch diese Gruppe von <AN>Frauen</AN> sieht Reformbedarf im System. Die weitere Entwicklung bleibt Gegenstand öffentlicher Debatten.","1","1024","2","48000","-16","53","4","135","-87.0","48.0","61.0","114.0","experiment","6","even","616574.0998999972","-810.0","-290.0","NA","4540.637500002049","4541.024000005564","64027.662099993904","77891.13420000649","647983.0594999949","77941.47069999599","647983.0988000031","63435.570200002985","NA","647747.5544000044","647677.9733000003","616561.6310000041","77941.50369999988","647982.9002000042","64022.202899999684","647674.8855000042","Experiment","0","0","0","11","1920","diskutiert.","53","25","243"
"<AN>Männer</AN>","C5","<RN>Dozent*innen</RN>","undefined","undefined","True","53","4","<AN>Männer</AN>","135","-222.0","-87.0","61.0","114.0","undefined","undefined","#232323","1620","psycho","True","diskutiert","psycho","psycho","undefined","undefined","undefined","0","0","0","0","0","66","0","66","0","0","66","66","66","0","66","0","50","-810.0","-270.5","6","249.0","40.767999246467795","Fri Jul 31 11:49:11 2026","The main experiment item","False","Im Rahmen einer Gesprächsrunde im Gesundheitswesen wird derzeit über aktuelle gesellschaftliche Herausforderungen diskutiert. Die <RN>Pfleger</RN> verdienen bessere Arbeitsbedingungen und benötigen langfristig mehr Unterstützung, doch diese <AN>Männer</AN> fühlen sich politisch nicht ausreichend unterstützt. Die nächsten Schritte werden derzeit kontrovers diskutiert.","experiment.osexp","D:\ET_course_project_gender-bias\experiment","False","mono","False","39","no","white","no","yes","1080","9","space","psycho","295.0","3.0","117","3","66","66","D:\ET_course_project_gender-bias\experiment\subject-6.csv","150","psycho","an_found","Neonatal Nightingale","4.1.14","-293.0","295.0","2","0","space","NA","space","space","space","68.92330000118818","NA","13862.892300006934","68.92330000118818","True","53","2","<RN>Pfleger</RN>","156","581.0","737.0","-173.0","-120.0","2","psycho","6","Im Rahmen einer Gesprächsrunde im Gesundheitswesen wird derzeit über aktuelle gesellschaftliche Herausforderungen diskutiert. Die <RN>Pflegekräfte</RN> verdienen bessere Arbeitsbedingungen und benötigen langfristig mehr Unterstützung, doch diese <AN>Männer</AN> fühlen sich politisch nicht ausreichend unterstützt. Die nächsten Schritte werden derzeit kontrovers diskutiert.","Auf einer schulischen Tagung werden aktuelle Kontroversen rund um Vorlesungsführung und Leistungsbewertung diskutiert. Die <RN>Dozent*innen</RN> fordern erhöhte Leistungsorientierung und strengere Notenvergabe im Lehrplan, doch diese <AN>Männer</AN> stoßen dabei auf Gegendruck von Eltern. Die Debatte über das Thema hält weiter an.","1","1024","2","48000","-16","53","4","135","-87.0","48.0","61.0","114.0","experiment","6","even","616574.0998999972","-810.0","-290.0","NA","4540.637500002049","4541.024000005564","64027.662099993904","77891.13420000649","648011.6866000026","77941.47069999599","648011.7226000002","63435.570200002985","NA","647747.5544000044","647677.9733000003","616561.6310000041","77941.50369999988","648011.6001999995","64022.202899999684","647674.8855000042","Experiment","0","0","0","11","1920","diskutiert.","53","25","243"
"<AN>Frauen</AN>","C2","<RN>Ingenieure</RN>","undefined","undefined","True","53","4","<AN>Männer</AN>","135","-222.0","-87.0","61.0","114.0","undefined","undefined","#232323","1620","psycho","True","diskutiert","psycho","psycho","undefined","undefined","undefined","0","0","0","0","0","67","0","67","0","0","67","67","67","0","67","0","50","-810.0","-270.5","6","249.0","40.767999246467795","Fri Jul 31 11:49:11 2026","The main experiment item","False","Im Rahmen einer Gesprächsrunde im Gesundheitswesen wird derzeit über aktuelle gesellschaftliche Herausforderungen diskutiert. Die <RN>Pfleger</RN> verdienen bessere Arbeitsbedingungen und benötigen langfristig mehr Unterstützung, doch diese <AN>Männer</AN> fühlen sich politisch nicht ausreichend unterstützt. Die nächsten Schritte werden derzeit kontrovers diskutiert.","experiment.osexp","D:\ET_course_project_gender-bias\experiment","False","mono","False","39","no","white","no","yes","1080","17","space","psycho","295.0","3.0","117","4","67","67","D:\ET_course_project_gender-bias\experiment\subject-6.csv","150","psycho","an_found","Neonatal Nightingale","4.1.14","-293.0","295.0","2","0","space","NA","space","space","space","68.92330000118818","NA","13862.892300006934","68.92330000118818","True","53","2","<RN>Pfleger</RN>","156","581.0","737.0","-173.0","-120.0","2","psycho","6","Im Rahmen einer Gesprächsrunde im Gesundheitswesen wird derzeit über aktuelle gesellschaftliche Herausforderungen diskutiert. Die <RN>Pflegekräfte</RN> verdienen bessere Arbeitsbedingungen und benötigen langfristig mehr Unterstützung, doch diese <AN>Männer</AN> fühlen sich politisch nicht ausreichend unterstützt. Die nächsten Schritte werden derzeit kontrovers diskutiert.","Im Rahmen einer städtischen Planungsrunde wird über die zukünftige Mobilität und den Ausbau des Nahverkehrs diskutiert. Die <RN>Ingenieurinnen</RN> diskutieren über nachhaltige Verkehrskonzepte und setzen sich für den Ausbau des ÖPNV ein, doch diese <AN>Männer</AN> lehnen die Vorschläge ab. Die nächsten Schritte werden derzeit kontrovers diskutiert.","1","1024","2","48000","-16","53","4","135","-87.0","48.0","61.0","114.0","experiment","6","even","616574.0998999972","-810.0","-290.0","NA","4540.637500002049","4541.024000005564","64027.662099993904","77891.13420000649","648038.8114999951","77941.47069999599","648038.8512000063","63435.570200002985","NA","647747.5544000044","647677.9733000003","616561.6310000041","77941.50369999988","648038.7200999976","64022.202899999684","647674.8855000042","Experiment","0","0","0","11","1920","diskutiert.","53","25","243"
"<AN>Frauen</AN>","C6","<RN>Arbeitnehmer*innen</RN>","undefined","undefined","True","53","4","<AN>Männer</AN>","135","-222.0","-87.0","61.0","114.0","undefined","undefined","#232323","1620","psycho","True","diskutiert","psycho","psycho","undefined","undefined","undefined","0","0","0","0","0","68","0","68","0","0","68","68","68","0","68","0","50","-810.0","-270.5","6","249.0","40.767999246467795","Fri Jul 31 11:49:11 2026","The main experiment item","False","Im Rahmen einer Gesprächsrunde im Gesundheitswesen wird derzeit über aktuelle gesellschaftliche Herausforderungen diskutiert. Die <RN>Pfleger</RN> verdienen bessere Arbeitsbedingungen und benötigen langfristig mehr Unterstützung, doch diese <AN>Männer</AN> fühlen sich politisch nicht ausreichend unterstützt. Die nächsten Schritte werden derzeit kontrovers diskutiert.","experiment.osexp","D:\ET_course_project_gender-bias\experiment","False","mono","False","39","no","white","no","yes","1080","12","space","psycho","295.0","3.0","117","1","68","68","D:\ET_course_project_gender-bias\experiment\subject-6.csv","150","psycho","an_found","Neonatal Nightingale","4.1.14","-293.0","295.0","2","0","space","NA","space","space","space","68.92330000118818","NA","13862.892300006934","68.92330000118818","True","53","2","<RN>Pfleger</RN>","156","581.0","737.0","-173.0","-120.0","2","psycho","6","Im Rahmen einer Gesprächsrunde im Gesundheitswesen wird derzeit über aktuelle gesellschaftliche Herausforderungen diskutiert. Die <RN>Pflegekräfte</RN> verdienen bessere Arbeitsbedingungen und benötigen langfristig mehr Unterstützung, doch diese <AN>Männer</AN> fühlen sich politisch nicht ausreichend unterstützt. Die nächsten Schritte werden derzeit kontrovers diskutiert.","Auf einer Gewerkschaftsveranstaltung wird derzeit über Löhne, Arbeitsbedingungen und Arbeitnehmerrechte diskutiert. Die <RN>Beschäftigten</RN> fordern bessere Bezahlung und faire Arbeitsbedingungen, doch diese <AN>Frauen</AN> sehen vor allem strukturelle Probleme. Die kommenden Entwicklungen sind weiterhin Gegenstand von Diskussionen.","1","1024","2","48000","-16","53","4","135","-87.0","48.0","61.0","114.0","experiment","6","even","616574.0998999972","-810.0","-290.0","NA","4540.637500002049","4541.024000005564","64027.662099993904","77891.13420000649","648067.0172999962","77941.47069999599","648067.0565000037","63435.570200002985","NA","647747.5544000044","647677.9733000003","616561.6310000041","77941.50369999988","648066.8472999969","64022.202899999684","647674.8855000042","Experiment","0","0","0","11","1920","diskutiert.","53","25","243"
"<AN>Frauen</AN>","C4","<RN>Professorinnen</RN>","undefined","undefined","True","53","4","<AN>Männer</AN>","135","-222.0","-87.0","61.0","114.0","undefined","undefined","#232323","1620","psycho","True","diskutiert","psycho","psycho","undefined","undefined","undefined","0","0","0","0","0","69","0","69","0","0","69","69","69","0","69","0","50","-810.0","-270.5","6","249.0","40.767999246467795","Fri Jul 31 11:49:11 2026","The main experiment item","False","Im Rahmen einer Gesprächsrunde im Gesundheitswesen wird derzeit über aktuelle gesellschaftliche Herausforderungen diskutiert. Die <RN>Pfleger</RN> verdienen bessere Arbeitsbedingungen und benötigen langfristig mehr Unterstützung, doch diese <AN>Männer</AN> fühlen sich politisch nicht ausreichend unterstützt. Die nächsten Schritte werden derzeit kontrovers diskutiert.","experiment.osexp","D:\ET_course_project_gender-bias\experiment","False","mono","False","39","no","white","no","yes","1080","15","space","psycho","295.0","3.0","117","2","69","69","D:\ET_course_project_gender-bias\experiment\subject-6.csv","150","psycho","an_found","Neonatal Nightingale","4.1.14","-293.0","295.0","2","0","space","NA","space","space","space","68.92330000118818","NA","13862.892300006934","68.92330000118818","True","53","2","<RN>Pfleger</RN>","156","581.0","737.0","-173.0","-120.0","2","psycho","6","Im Rahmen einer Gesprächsrunde im Gesundheitswesen wird derzeit über aktuelle gesellschaftliche Herausforderungen diskutiert. Die <RN>Pflegekräfte</RN> verdienen bessere Arbeitsbedingungen und benötigen langfristig mehr Unterstützung, doch diese <AN>Männer</AN> fühlen sich politisch nicht ausreichend unterstützt. Die nächsten Schritte werden derzeit kontrovers diskutiert.","Im Rahmen einer öffentlichen Veranstaltung wird über die Zukunft der Hochschulen und die Forschungsförderung diskutiert. Die <RN>Professorinnen</RN> diskutieren über die Zukunft der Hochschulen und setzen sich für mehr Forschungsgelder ein, doch diese <AN>Männer</AN> lehnen die Vorschläge ab. Die nächsten Schritte werden derzeit kontrovers diskutiert.","1","1024","2","48000","-16","53","4","135","-87.0","48.0","61.0","114.0","experiment","6","even","616574.0998999972","-810.0","-290.0","NA","4540.637500002049","4541.024000005564","64027.662099993904","77891.13420000649","648093.4381999978","77941.47069999599","648093.4723999962","63435.570200002985","NA","647747.5544000044","647677.9733000003","616561.6310000041","77941.50369999988","648093.3518999955","64022.202899999684","647674.8855000042","Experiment","0","0","0","11","1920","diskutiert.","53","25","243"
"<AN>Männer</AN>","C1","<RN>Arbeitnehmer</RN>","undefined","undefined","True","53","4","<AN>Männer</AN>","135","-222.0","-87.0","61.0","114.0","undefined","undefined","#232323","1620","psycho","True","diskutiert","psycho","psycho","undefined","undefined","undefined","0","0","0","0","0","70","0","70","0","0","70","70","70","0","70","0","50","-810.0","-270.5","6","249.0","40.767999246467795","Fri Jul 31 11:49:11 2026","The main experiment item","False","Im Rahmen einer Gesprächsrunde im Gesundheitswesen wird derzeit über aktuelle gesellschaftliche Herausforderungen diskutiert. Die <RN>Pfleger</RN> verdienen bessere Arbeitsbedingungen und benötigen langfristig mehr Unterstützung, doch diese <AN>Männer</AN> fühlen sich politisch nicht ausreichend unterstützt. Die nächsten Schritte werden derzeit kontrovers diskutiert.","experiment.osexp","D:\ET_course_project_gender-bias\experiment","False","mono","False","39","no","white","no","yes","1080","5","space","psycho","295.0","3.0","117","3","70","70","D:\ET_course_project_gender-bias\experiment\subject-6.csv","150","psycho","an_found","Neonatal Nightingale","4.1.14","-293.0","295.0","2","0","space","NA","space","space","space","68.92330000118818","NA","13862.892300006934","68.92330000118818","True","53","2","<RN>Pfleger</RN>","156","581.0","737.0","-173.0","-120.0","2","psycho","6","Im Rahmen einer Gesprächsrunde im Gesundheitswesen wird derzeit über aktuelle gesellschaftliche Herausforderungen diskutiert. Die <RN>Pflegekräfte</RN> verdienen bessere Arbeitsbedingungen und benötigen langfristig mehr Unterstützung, doch diese <AN>Männer</AN> fühlen sich politisch nicht ausreichend unterstützt. Die nächsten Schritte werden derzeit kontrovers diskutiert.","Im Rahmen einer Geschäftsveranstaltung findet derzeit ein Austausch über Arbeitsbedingungen und gesellschaftliche Entwicklungen statt. Die <RN>Arbeitnehmer*innen</RN> erwarten höhere Gehälter und klimatisierte Arbeitsplätze, trotzdem wollen diese <AN>Männer</AN> auch weniger arbeiten. Die Frage nach den Konsequenzen bleibt offen.","1","1024","2","48000","-16","53","4","135","-87.0","48.0","61.0","114.0","experiment","6","even","616574.0998999972","-810.0","-290.0","NA","4540.637500002049","4541.024000005564","64027.662099993904","77891.13420000649","648121.0885000037","77941.47069999599","648121.1383000045","63435.570200002985","NA","647747.5544000044","647677.9733000003","616561.6310000041","77941.50369999988","648120.8885999949","64022.202899999684","647674.8855000042","Experiment","0","0","0","11","1920","diskutiert.","53","25","243"
"<AN>Frauen</AN>","C2","<RN>Studenten</RN>","undefined","undefined","True","53","4","<AN>Männer</AN>","135","-222.0","-87.0","61.0","114.0","undefined","undefined","#232323","1620","psycho","True","diskutiert","psycho","psycho","undefined","undefined","undefined","0","0","0","0","0","71","0","71","0","0","71","71","71","0","71","0","50","-810.0","-270.5","6","249.0","40.767999246467795","Fri Jul 31 11:49:11 2026","The main experiment item","False","Im Rahmen einer Gesprächsrunde im Gesundheitswesen wird derzeit über aktuelle gesellschaftliche Herausforderungen diskutiert. Die <RN>Pfleger</RN> verdienen bessere Arbeitsbedingungen und benötigen langfristig mehr Unterstützung, doch diese <AN>Männer</AN> fühlen sich politisch nicht ausreichend unterstützt. Die nächsten Schritte werden derzeit kontrovers diskutiert.","experiment.osexp","D:\ET_course_project_gender-bias\experiment","False","mono","False","39","no","white","no","yes","1080","1","space","psycho","295.0","3.0","117","2","71","71","D:\ET_course_project_gender-bias\experiment\subject-6.csv","150","psycho","an_found","Neonatal Nightingale","4.1.14","-293.0","295.0","2","0","space","NA","space","space","space","68.92330000118818","NA","13862.892300006934","68.92330000118818","True","53","2","<RN>Pfleger</RN>","156","581.0","737.0","-173.0","-120.0","2","psycho","6","Im Rahmen einer Gesprächsrunde im Gesundheitswesen wird derzeit über aktuelle gesellschaftliche Herausforderungen diskutiert. Die <RN>Pflegekräfte</RN> verdienen bessere Arbeitsbedingungen und benötigen langfristig mehr Unterstützung, doch diese <AN>Männer</AN> fühlen sich politisch nicht ausreichend unterstützt. Die nächsten Schritte werden derzeit kontrovers diskutiert.","Bei einer Podiumsdiskussion an der Universität wird über aktuelle gesellschaftliche Themen gesprochen. Die <RN>Studenten</RN> müssten wieder stärker leistungsorientiert gefördert werden, doch die Mehrheit dieser dort teilnehmenden <AN>Frauen</AN> kritisiert die neuen Anforderungen. Die weitere Entwicklung bleibt Gegenstand öffentlicher Debatten.","1","1024","2","48000","-16","53","4","135","-87.0","48.0","61.0","114.0","experiment","6","even","616574.0998999972","-810.0","-290.0","NA","4540.637500002049","4541.024000005564","64027.662099993904","77891.13420000649","648150.7504000037","77941.47069999599","648150.7890999928","63435.570200002985","NA","647747.5544000044","647677.9733000003","616561.6310000041","77941.50369999988","648150.5837000004","64022.202899999684","647674.8855000042","Experiment","0","0","0","11","1920","diskutiert.","53","25","243"
"<AN>Frauen</AN>","C2","<RN>Experten</RN>","undefined","undefined","True","53","4","<AN>Männer</AN>","135","-222.0","-87.0","61.0","114.0","undefined","undefined","#232323","1620","psycho","True","diskutiert","psycho","psycho","undefined","undefined","undefined","0","0","0","0","0","72","0","72","0","0","72","72","72","0","72","0","50","-810.0","-270.5","6","249.0","40.767999246467795","Fri Jul 31 11:49:11 2026","The main experiment item","False","Im Rahmen einer Gesprächsrunde im Gesundheitswesen wird derzeit über aktuelle gesellschaftliche Herausforderungen diskutiert. Die <RN>Pfleger</RN> verdienen bessere Arbeitsbedingungen und benötigen langfristig mehr Unterstützung, doch diese <AN>Männer</AN> fühlen sich politisch nicht ausreichend unterstützt. Die nächsten Schritte werden derzeit kontrovers diskutiert.","experiment.osexp","D:\ET_course_project_gender-bias\experiment","False","mono","False","39","no","white","no","yes","1080","7","space","psycho","295.0","3.0","117","2","72","72","D:\ET_course_project_gender-bias\experiment\subject-6.csv","150","psycho","an_found","Neonatal Nightingale","4.1.14","-293.0","295.0","2","0","space","NA","space","space","space","68.92330000118818","NA","13862.892300006934","68.92330000118818","True","53","2","<RN>Pfleger</RN>","156","581.0","737.0","-173.0","-120.0","2","psycho","6","Im Rahmen einer Gesprächsrunde im Gesundheitswesen wird derzeit über aktuelle gesellschaftliche Herausforderungen diskutiert. Die <RN>Pflegekräfte</RN> verdienen bessere Arbeitsbedingungen und benötigen langfristig mehr Unterstützung, doch diese <AN>Männer</AN> fühlen sich politisch nicht ausreichend unterstützt. Die nächsten Schritte werden derzeit kontrovers diskutiert.","Beim Sommerfest eines Unternehmens wird über wirtschaftliche Entwicklungen und gesellschaftliche Herausforderungen diskutiert. Die <RN>Fachleute</RN> sehen große Herausforderungen im nächsten Geschäftsjahr, dennoch bleiben diese <AN>Männer</AN> optimistisch. Die unternehmerischen Folgen werden unterschiedlich bewertet.","1","1024","2","48000","-16","53","4","135","-87.0","48.0","61.0","114.0","experiment","6","even","616574.0998999972","-810.0","-290.0","NA","4540.637500002049","4541.024000005564","64027.662099993904","77891.13420000649","648177.052900006","77941.47069999599","648177.0876999944","63435.570200002985","NA","647747.5544000044","647677.9733000003","616561.6310000041","77941.50369999988","648176.9693999959","64022.202899999684","647674.8855000042","Experiment","0","0","0","11","1920","diskutiert.","53","25","243"
"<AN>Männern</AN>","C1","<RN>Experten</RN>","undefined","undefined","True","53","4","<AN>Männer</AN>","135","-222.0","-87.0","61.0","114.0","undefined","undefined","#232323","1620","psycho","True","diskutiert","psycho","psycho","undefined","undefined","undefined","0","0","0","0","0","73","0","73","0","0","73","73","73","0","73","0","50","-810.0","-270.5","6","249.0","40.767999246467795","Fri Jul 31 11:49:11 2026","The main experiment item","False","Im Rahmen einer Gesprächsrunde im Gesundheitswesen wird derzeit über aktuelle gesellschaftliche Herausforderungen diskutiert. Die <RN>Pfleger</RN> verdienen bessere Arbeitsbedingungen und benötigen langfristig mehr Unterstützung, doch diese <AN>Männer</AN> fühlen sich politisch nicht ausreichend unterstützt. Die nächsten Schritte werden derzeit kontrovers diskutiert.","experiment.osexp","D:\ET_course_project_gender-bias\experiment","False","mono","False","39","no","white","no","yes","1080","10","space","psycho","295.0","3.0","117","4","73","73","D:\ET_course_project_gender-bias\experiment\subject-6.csv","150","psycho","an_found","Neonatal Nightingale","4.1.14","-293.0","295.0","2","0","space","NA","space","space","space","68.92330000118818","NA","13862.892300006934","68.92330000118818","True","53","2","<RN>Pfleger</RN>","156","581.0","737.0","-173.0","-120.0","2","psycho","6","Im Rahmen einer Gesprächsrunde im Gesundheitswesen wird derzeit über aktuelle gesellschaftliche Herausforderungen diskutiert. Die <RN>Pflegekräfte</RN> verdienen bessere Arbeitsbedingungen und benötigen langfristig mehr Unterstützung, doch diese <AN>Männer</AN> fühlen sich politisch nicht ausreichend unterstützt. Die nächsten Schritte werden derzeit kontrovers diskutiert.","Im Rahmen einer universitären Veranstaltung werden aktuelle Fragestellungen der Rüstungsindustrie behandelt. Die große Mehrheit dieser <RN>Fachleute</RN> sehen eine stärkere Aufrüstung für Deutschland als notwendig, doch diese Gruppe von <AN>Frauen</AN> kritisiert dessen Finanzierung. Die Auswirkungen der Entscheidung werden noch geprüft.","1","1024","2","48000","-16","53","4","135","-87.0","48.0","61.0","114.0","experiment","6","even","616574.0998999972","-810.0","-290.0","NA","4540.637500002049","4541.024000005564","64027.662099993904","77891.13420000649","648204.8721000028","77941.47069999599","648204.9324999971","63435.570200002985","NA","647747.5544000044","647677.9733000003","616561.6310000041","77941.50369999988","648204.6031000064","64022.202899999684","647674.8855000042","Experiment","0","0","0","11","1920","diskutiert.","53","25","243"
"<AN>Frauen</AN>","C2","<RN>Einwohner</RN>","undefined","undefined","True","53","4","<AN>Männer</AN>","135","-222.0","-87.0","61.0","114.0","undefined","undefined","#232323","1620","psycho","True","diskutiert","psycho","psycho","undefined","undefined","undefined","0","0","0","0","0","74","0","74","0","0","74","74","74","0","74","0","50","-810.0","-270.5","6","249.0","40.767999246467795","Fri Jul 31 11:49:11 2026","The main experiment item","False","Im Rahmen einer Gesprächsrunde im Gesundheitswesen wird derzeit über aktuelle gesellschaftliche Herausforderungen diskutiert. Die <RN>Pfleger</RN> verdienen bessere Arbeitsbedingungen und benötigen langfristig mehr Unterstützung, doch diese <AN>Männer</AN> fühlen sich politisch nicht ausreichend unterstützt. Die nächsten Schritte werden derzeit kontrovers diskutiert.","experiment.osexp","D:\ET_course_project_gender-bias\experiment","False","mono","False","39","no","white","no","yes","1080","13","space","psycho","295.0","3.0","117","2","74","74","D:\ET_course_project_gender-bias\experiment\subject-6.csv","150","psycho","an_found","Neonatal Nightingale","4.1.14","-293.0","295.0","2","0","space","NA","space","space","space","68.92330000118818","NA","13862.892300006934","68.92330000118818","True","53","2","<RN>Pfleger</RN>","156","581.0","737.0","-173.0","-120.0","2","psycho","6","Im Rahmen einer Gesprächsrunde im Gesundheitswesen wird derzeit über aktuelle gesellschaftliche Herausforderungen diskutiert. Die <RN>Pflegekräfte</RN> verdienen bessere Arbeitsbedingungen und benötigen langfristig mehr Unterstützung, doch diese <AN>Männer</AN> fühlen sich politisch nicht ausreichend unterstützt. Die nächsten Schritte werden derzeit kontrovers diskutiert.","Im Rahmen einer öffentlichen Veranstaltung wird über Sicherheit, gesellschaftlichen Zusammenhalt und politische Reformen gesprochen. Die <RN>Bürgerinnen</RN> wünschen sich mehr Sicherheit und verlässliche Perspektiven, doch diese Gruppe von <AN>Frauen</AN> sieht Reformbedarf im System. Die weitere Entwicklung bleibt Gegenstand öffentlicher Debatten.","1","1024","2","48000","-16","53","4","135","-87.0","48.0","61.0","114.0","experiment","6","even","616574.0998999972","-810.0","-290.0","NA","4540.637500002049","4541.024000005564","64027.662099993904","77891.13420000649","648233.8785000029","77941.47069999599","648233.9139999967","63435.570200002985","NA","647747.5544000044","647677.9733000003","616561.6310000041","77941.50369999988","648233.779400005","64022.202899999684","647674.8855000042","Experiment","0","0","0","11","1920","diskutiert.","53","25","243"
"<AN>Männern</AN>","C1","<RN>Einwohner</RN>","undefined","undefined","True","53","4","<AN>Männer</AN>","135","-222.0","-87.0","61.0","114.0","undefined","undefined","#232323","1620","psycho","True","diskutiert","psycho","psycho","undefined","undefined","undefined","0","0","0","0","0","75","0","75","0","0","75","75","75","0","75","0","50","-810.0","-270.5","6","249.0","40.767999246467795","Fri Jul 31 11:49:11 2026","The main experiment item","False","Im Rahmen einer Gesprächsrunde im Gesundheitswesen wird derzeit über aktuelle gesellschaftliche Herausforderungen diskutiert. Die <RN>Pfleger</RN> verdienen bessere Arbeitsbedingungen und benötigen langfristig mehr Unterstützung, doch diese <AN>Männer</AN> fühlen sich politisch nicht ausreichend unterstützt. Die nächsten Schritte werden derzeit kontrovers diskutiert.","experiment.osexp","D:\ET_course_project_gender-bias\experiment","False","mono","False","39","no","white","no","yes","1080","13","space","psycho","295.0","3.0","117","1","75","75","D:\ET_course_project_gender-bias\experiment\subject-6.csv","150","psycho","an_found","Neonatal Nightingale","4.1.14","-293.0","295.0","2","0","space","NA","space","space","space","68.92330000118818","NA","13862.892300006934","68.92330000118818","True","53","2","<RN>Pfleger</RN>","156","581.0","737.0","-173.0","-120.0","2","psycho","6","Im Rahmen einer Gesprächsrunde im Gesundheitswesen wird derzeit über aktuelle gesellschaftliche Herausforderungen diskutiert. Die <RN>Pflegekräfte</RN> verdienen bessere Arbeitsbedingungen und benötigen langfristig mehr Unterstützung, doch diese <AN>Männer</AN> fühlen sich politisch nicht ausreichend unterstützt. Die nächsten Schritte werden derzeit kontrovers diskutiert.","Im Rahmen einer öffentlichen Veranstaltung wird über Sicherheit, gesellschaftlichen Zusammenhalt und politische Reformen gesprochen. Die <RN>Bürgerinnen</RN> wünschen sich mehr Sicherheit und verlässliche Perspektiven, doch diese Gruppe von <AN>Frauen</AN> sieht Reformbedarf im System. Die weitere Entwicklung bleibt Gegenstand öffentlicher Debatten.","1","1024","2","48000","-16","53","4","135","-87.0","48.0","61.0","114.0","experiment","6","even","616574.0998999972","-810.0","-290.0","NA","4540.637500002049","4541.024000005564","64027.662099993904","77891.13420000649","648260.0928000029","77941.47069999599","648260.1422000007","63435.570200002985","NA","647747.5544000044","647677.9733000003","616561.6310000041","77941.50369999988","648259.9124999979","64022.202899999684","647674.8855000042","Experiment","0","0","0","11","1920","diskutiert.","53","25","243"
"<AN>Frauen</AN>","C2","<RN>Arbeitnehmer</RN>","undefined","undefined","True","53","4","<AN>Männer</AN>","135","-222.0","-87.0","61.0","114.0","undefined","undefined","#232323","1620","psycho","True","diskutiert","psycho","psycho","undefined","undefined","undefined","0","0","0","0","0","76","0","76","0","0","76","76","76","0","76","0","50","-810.0","-270.5","6","249.0","40.767999246467795","Fri Jul 31 11:49:11 2026","The main experiment item","False","Im Rahmen einer Gesprächsrunde im Gesundheitswesen wird derzeit über aktuelle gesellschaftliche Herausforderungen diskutiert. Die <RN>Pfleger</RN> verdienen bessere Arbeitsbedingungen und benötigen langfristig mehr Unterstützung, doch diese <AN>Männer</AN> fühlen sich politisch nicht ausreichend unterstützt. Die nächsten Schritte werden derzeit kontrovers diskutiert.","experiment.osexp","D:\ET_course_project_gender-bias\experiment","False","mono","False","39","no","white","no","yes","1080","12","space","psycho","295.0","3.0","117","3","76","76","D:\ET_course_project_gender-bias\experiment\subject-6.csv","150","psycho","an_found","Neonatal Nightingale","4.1.14","-293.0","295.0","2","0","space","NA","space","space","space","68.92330000118818","NA","13862.892300006934","68.92330000118818","True","53","2","<RN>Pfleger</RN>","156","581.0","737.0","-173.0","-120.0","2","psycho","6","Im Rahmen einer Gesprächsrunde im Gesundheitswesen wird derzeit über aktuelle gesellschaftliche Herausforderungen diskutiert. Die <RN>Pflegekräfte</RN> verdienen bessere Arbeitsbedingungen und benötigen langfristig mehr Unterstützung, doch diese <AN>Männer</AN> fühlen sich politisch nicht ausreichend unterstützt. Die nächsten Schritte werden derzeit kontrovers diskutiert.","Auf einer Gewerkschaftsveranstaltung wird derzeit über Löhne, Arbeitsbedingungen und Arbeitnehmerrechte diskutiert. Die <RN>Beschäftigten</RN> fordern bessere Bezahlung und faire Arbeitsbedingungen, doch diese diskussionsfreudigen <AN>Frauen</AN> sehen vor allem strukturelle Probleme. Die kommenden Entwicklungen sind weiterhin Gegenstand von Diskussionen.","1","1024","2","48000","-16","53","4","135","-87.0","48.0","61.0","114.0","experiment","6","even","616574.0998999972","-810.0","-290.0","NA","4540.637500002049","4541.024000005564","64027.662099993904","77891.13420000649","648288.5494999937","77941.47069999599","648288.5975999961","63435.570200002985","NA","647747.5544000044","647677.9733000003","616561.6310000041","77941.50369999988","648288.2775000035","64022.202899999684","647674.8855000042","Experiment","0","0","0","11","1920","diskutiert.","53","25","243"
"<AN>Männer</AN>","C3","<RN>Lehrerinnen</RN>","undefined","undefined","True","53","4","<AN>Männer</AN>","135","-222.0","-87.0","61.0","114.0","undefined","undefined","#232323","1620","psycho","True","diskutiert","psycho","psycho","undefined","undefined","undefined","0","0","0","0","0","77","0","77","0","0","77","77","77","0","77","0","50","-810.0","-270.5","6","249.0","40.767999246467795","Fri Jul 31 11:49:11 2026","The main experiment item","False","Im Rahmen einer Gesprächsrunde im Gesundheitswesen wird derzeit über aktuelle gesellschaftliche Herausforderungen diskutiert. Die <RN>Pfleger</RN> verdienen bessere Arbeitsbedingungen und benötigen langfristig mehr Unterstützung, doch diese <AN>Männer</AN> fühlen sich politisch nicht ausreichend unterstützt. Die nächsten Schritte werden derzeit kontrovers diskutiert.","experiment.osexp","D:\ET_course_project_gender-bias\experiment","False","mono","False","39","no","white","no","yes","1080","6","space","psycho","295.0","3.0","117","4","77","77","D:\ET_course_project_gender-bias\experiment\subject-6.csv","150","psycho","an_found","Neonatal Nightingale","4.1.14","-293.0","295.0","2","0","space","NA","space","space","space","68.92330000118818","NA","13862.892300006934","68.92330000118818","True","53","2","<RN>Pfleger</RN>","156","581.0","737.0","-173.0","-120.0","2","psycho","6","Im Rahmen einer Gesprächsrunde im Gesundheitswesen wird derzeit über aktuelle gesellschaftliche Herausforderungen diskutiert. Die <RN>Pflegekräfte</RN> verdienen bessere Arbeitsbedingungen und benötigen langfristig mehr Unterstützung, doch diese <AN>Männer</AN> fühlen sich politisch nicht ausreichend unterstützt. Die nächsten Schritte werden derzeit kontrovers diskutiert.","Auf einer Konferenz zu Bildungsfragen in Stuttgart wird derzeit über aktuelle schulische Themen gesprochen. Die <RN>Lehrer</RN> sollen mehr auf Disziplin und Konsequenzen im Unterricht setzen, doch aus pädagogischen Gründen lehnen diese <AN>Frauen</AN> die Vorschläge ab. Die kommenden Entwicklungen sind weiterhin Gegenstand von Diskussionen.","1","1024","2","48000","-16","53","4","135","-87.0","48.0","61.0","114.0","experiment","6","even","616574.0998999972","-810.0","-290.0","NA","4540.637500002049","4541.024000005564","64027.662099993904","77891.13420000649","648315.5293000018","77941.47069999599","648315.5685999955","63435.570200002985","NA","647747.5544000044","647677.9733000003","616561.6310000041","77941.50369999988","648315.3338999982","64022.202899999684","647674.8855000042","Experiment","0","0","0","11","1920","diskutiert.","53","25","243"
"<AN>Frauen</AN>","C4","<RN>Pflegerinnen</RN>","undefined","undefined","True","53","4","<AN>Männer</AN>","135","-222.0","-87.0","61.0","114.0","undefined","undefined","#232323","1620","psycho","True","diskutiert","psycho","psycho","undefined","undefined","undefined","0","0","0","0","0","78","0","78","0","0","78","78","78","0","78","0","50","-810.0","-270.5","6","249.0","40.767999246467795","Fri Jul 31 11:49:11 2026","The main experiment item","False","Im Rahmen einer Gesprächsrunde im Gesundheitswesen wird derzeit über aktuelle gesellschaftliche Herausforderungen diskutiert. Die <RN>Pfleger</RN> verdienen bessere Arbeitsbedingungen und benötigen langfristig mehr Unterstützung, doch diese <AN>Männer</AN> fühlen sich politisch nicht ausreichend unterstützt. Die nächsten Schritte werden derzeit kontrovers diskutiert.","experiment.osexp","D:\ET_course_project_gender-bias\experiment","False","mono","False","39","no","white","no","yes","1080","2","space","psycho","295.0","3.0","117","3","78","78","D:\ET_course_project_gender-bias\experiment\subject-6.csv","150","psycho","an_found","Neonatal Nightingale","4.1.14","-293.0","295.0","2","0","space","NA","space","space","space","68.92330000118818","NA","13862.892300006934","68.92330000118818","True","53","2","<RN>Pfleger</RN>","156","581.0","737.0","-173.0","-120.0","2","psycho","6","Im Rahmen einer Gesprächsrunde im Gesundheitswesen wird derzeit über aktuelle gesellschaftliche Herausforderungen diskutiert. Die <RN>Pflegekräfte</RN> verdienen bessere Arbeitsbedingungen und benötigen langfristig mehr Unterstützung, doch diese <AN>Männer</AN> fühlen sich politisch nicht ausreichend unterstützt. Die nächsten Schritte werden derzeit kontrovers diskutiert.","Im Rahmen einer Gesprächsrunde im Gesundheitswesen wird derzeit über aktuelle gesellschaftliche Herausforderungen diskutiert. Die <RN>Pflegekräfte</RN> verdienen bessere Arbeitsbedingungen und benötigen mehr Unterstützung, doch diese <AN>Männer</AN> fühlen sich politisch nicht ausreichend unterstützt. Die nächsten Schritte werden derzeit kontrovers diskutiert.","1","1024","2","48000","-16","53","4","135","-87.0","48.0","61.0","114.0","experiment","6","even","616574.0998999972","-810.0","-290.0","NA","4540.637500002049","4541.024000005564","64027.662099993904","77891.13420000649","648342.9928999976","77941.47069999599","648343.0281000037","63435.570200002985","NA","647747.5544000044","647677.9733000003","616561.6310000041","77941.50369999988","648342.9066999961","64022.202899999684","647674.8855000042","Experiment","0","0","0","11","1920","diskutiert.","53","25","243"
"<AN>Männer</AN>","C5","<RN>Pfleger*innen</RN>","undefined","undefined","True","53","4","<AN>Männer</AN>","135","-222.0","-87.0","61.0","114.0","undefined","undefined","#232323","1620","psycho","True","diskutiert","psycho","psycho","undefined","undefined","undefined","0","0","0","0","0","79","0","79","0","0","79","79","79","0","79","0","50","-810.0","-270.5","6","249.0","40.767999246467795","Fri Jul 31 11:49:11 2026","The main experiment item","False","Im Rahmen einer Gesprächsrunde im Gesundheitswesen wird derzeit über aktuelle gesellschaftliche Herausforderungen diskutiert. Die <RN>Pfleger</RN> verdienen bessere Arbeitsbedingungen und benötigen langfristig mehr Unterstützung, doch diese <AN>Männer</AN> fühlen sich politisch nicht ausreichend unterstützt. Die nächsten Schritte werden derzeit kontrovers diskutiert.","experiment.osexp","D:\ET_course_project_gender-bias\experiment","False","mono","False","39","no","white","no","yes","1080","2","space","psycho","295.0","3.0","117","4","79","79","D:\ET_course_project_gender-bias\experiment\subject-6.csv","150","psycho","an_found","Neonatal Nightingale","4.1.14","-293.0","295.0","2","0","space","NA","space","space","space","68.92330000118818","NA","13862.892300006934","68.92330000118818","True","53","2","<RN>Pfleger</RN>","156","581.0","737.0","-173.0","-120.0","2","psycho","6","Im Rahmen einer Gesprächsrunde im Gesundheitswesen wird derzeit über aktuelle gesellschaftliche Herausforderungen diskutiert. Die <RN>Pflegekräfte</RN> verdienen bessere Arbeitsbedingungen und benötigen langfristig mehr Unterstützung, doch diese <AN>Männer</AN> fühlen sich politisch nicht ausreichend unterstützt. Die nächsten Schritte werden derzeit kontrovers diskutiert.","Im Rahmen einer Gesprächsrunde im Gesundheitswesen wird derzeit über aktuelle gesellschaftliche Herausforderungen diskutiert. Die <RN>Pflegekräfte</RN> verdienen bessere Arbeitsbedingungen und benötigen mehr Unterstützung, doch diese <AN>Männer</AN> fühlen sich politisch nicht ausreichend unterstützt. Die nächsten Schritte werden derzeit kontrovers diskutiert.","1","1024","2","48000","-16","53","4","135","-87.0","48.0","61.0","114.0","experiment","6","even","616574.0998999972","-810.0","-290.0","NA","4540.637500002049","4541.024000005564","64027.662099993904","77891.13420000649","648369.3556000071","77941.47069999599","648369.4035999943","63435.570200002985","NA","647747.5544000044","647677.9733000003","616561.6310000041","77941.50369999988","648369.1746999975","64022.202899999684","647674.8855000042","Experiment","0","0","0","11","1920","diskutiert.","53","25","243"
"<AN>Männer</AN>","C1","<RN>Krankenpfleger</RN>","undefined","undefined","True","53","4","<AN>Männer</AN>","135","-222.0","-87.0","61.0","114.0","undefined","undefined","#232323","1620","psycho","True","diskutiert","psycho","psycho","undefined","undefined","undefined","0","0","0","0","0","80","0","80","0","0","80","80","80","0","80","0","50","-810.0","-270.5","6","249.0","40.767999246467795","Fri Jul 31 11:49:11 2026","The main experiment item","False","Im Rahmen einer Gesprächsrunde im Gesundheitswesen wird derzeit über aktuelle gesellschaftliche Herausforderungen diskutiert. Die <RN>Pfleger</RN> verdienen bessere Arbeitsbedingungen und benötigen langfristig mehr Unterstützung, doch diese <AN>Männer</AN> fühlen sich politisch nicht ausreichend unterstützt. Die nächsten Schritte werden derzeit kontrovers diskutiert.","experiment.osexp","D:\ET_course_project_gender-bias\experiment","False","mono","False","39","no","white","no","yes","1080","16","space","psycho","295.0","3.0","117","4","80","80","D:\ET_course_project_gender-bias\experiment\subject-6.csv","150","psycho","an_found","Neonatal Nightingale","4.1.14","-293.0","295.0","2","0","space","NA","space","space","space","68.92330000118818","NA","13862.892300006934","68.92330000118818","True","53","2","<RN>Pfleger</RN>","156","581.0","737.0","-173.0","-120.0","2","psycho","6","Im Rahmen einer Gesprächsrunde im Gesundheitswesen wird derzeit über aktuelle gesellschaftliche Herausforderungen diskutiert. Die <RN>Pflegekräfte</RN> verdienen bessere Arbeitsbedingungen und benötigen langfristig mehr Unterstützung, doch diese <AN>Männer</AN> fühlen sich politisch nicht ausreichend unterstützt. Die nächsten Schritte werden derzeit kontrovers diskutiert.","Bei einer Informationsveranstaltung im Krankenhaus wird über aktuelle Impfreformen und deren Auswirkungen gesprochen. Die <RN>Krankenschwestern</RN> diskutieren über Langzeitfolgen von Corona und setzen sich für mehr Unterstützung ein, doch diese <AN>Männer</AN> lehnen die Vorschläge ab. Die nächsten Schritte werden derzeit kontrovers diskutiert.","1","1024","2","48000","-16","53","4","135","-87.0","48.0","61.0","114.0","experiment","6","even","616574.0998999972","-810.0","-290.0","NA","4540.637500002049","4541.024000005564","64027.662099993904","77891.13420000649","648402.0435999992","77941.47069999599","648402.0828999928","63435.570200002985","NA","647747.5544000044","647677.9733000003","616561.6310000041","77941.50369999988","648401.8940999958","64022.202899999684","647674.8855000042","Experiment","0","0","0","11","1920","diskutiert.","53","25","243"
"<AN>Männer</AN>","C3","<RN>Aktivistinnen</RN>","undefined","undefined","True","53","4","<AN>Männer</AN>","135","-222.0","-87.0","61.0","114.0","undefined","undefined","#232323","1620","psycho","True","diskutiert","psycho","psycho","undefined","undefined","undefined","0","0","0","0","0","81","0","81","0","0","81","81","81","0","81","0","50","-810.0","-270.5","6","249.0","40.767999246467795","Fri Jul 31 11:49:11 2026","The main experiment item","False","Im Rahmen einer Gesprächsrunde im Gesundheitswesen wird derzeit über aktuelle gesellschaftliche Herausforderungen diskutiert. Die <RN>Pfleger</RN> verdienen bessere Arbeitsbedingungen und benötigen langfristig mehr Unterstützung, doch diese <AN>Männer</AN> fühlen sich politisch nicht ausreichend unterstützt. Die nächsten Schritte werden derzeit kontrovers diskutiert.","experiment.osexp","D:\ET_course_project_gender-bias\experiment","False","mono","False","39","no","white","no","yes","1080","11","space","psycho","295.0","3.0","117","5","81","81","D:\ET_course_project_gender-bias\experiment\subject-6.csv","150","psycho","an_found","Neonatal Nightingale","4.1.14","-293.0","295.0","2","0","space","NA","space","space","space","68.92330000118818","NA","13862.892300006934","68.92330000118818","True","53","2","<RN>Pfleger</RN>","156","581.0","737.0","-173.0","-120.0","2","psycho","6","Im Rahmen einer Gesprächsrunde im Gesundheitswesen wird derzeit über aktuelle gesellschaftliche Herausforderungen diskutiert. Die <RN>Pflegekräfte</RN> verdienen bessere Arbeitsbedingungen und benötigen langfristig mehr Unterstützung, doch diese <AN>Männer</AN> fühlen sich politisch nicht ausreichend unterstützt. Die nächsten Schritte werden derzeit kontrovers diskutiert.","Auf einer öffentlichen Veranstaltung werden aktuelle wohnungs- und gesellschaftspolitische Themen diskutiert. Die <RN>Aktivist*innen</RN> fordern mehr bezahlbaren Wohnraum in Stuttgart und diskutieren faire Lösungsansätze, doch diese <AN>Frauen</AN> sehen die Verantwortung stärker beim Bund. Die Auswirkungen der Entscheidung werden noch geprüft.","1","1024","2","48000","-16","53","4","135","-87.0","48.0","61.0","114.0","experiment","6","even","616574.0998999972","-810.0","-290.0","NA","4540.637500002049","4541.024000005564","64027.662099993904","77891.13420000649","648428.6264999973","77941.47069999599","648428.6654000025","63435.570200002985","NA","647747.5544000044","647677.9733000003","616561.6310000041","77941.50369999988","648428.442599994","64022.202899999684","647674.8855000042","Experiment","0","0","0","11","1920","diskutiert.","53","25","243"
"<AN>Männer</AN>","C3","<RN>Krankenschwestern</RN>","undefined","undefined","True","53","4","<AN>Männer</AN>","135","-131.0","4.0","61.0","114.0","undefined","undefined","#232323","1620","psycho","True","diskutiert","psycho","psycho","undefined","undefined","undefined","0","0","0","0","0","82","0","82","0","0","82","82","82","0","82","0","50","-810.0","-270.5","5","1003.0","59.135074474629704","Fri Jul 31 11:49:11 2026","The main experiment item","False","Bei einer Informationsveranstaltung im Krankenhaus wird über aktuelle Impfreformen und deren Auswirkungen gesprochen. Die <RN>Krankenschwestern</RN> diskutieren über Langzeitfolgen von Corona und setzen sich für mehr Unterstützung ein, doch diese <AN>Männer</AN> lehnen die Vorschläge ab. Die nächsten Schritte werden derzeit kontrovers diskutiert.","experiment.osexp","D:\ET_course_project_gender-bias\experiment","False","mono","False","39","no","white","no","yes","1080","16","space","psycho","178.0","3.0","117","6","82","82","D:\ET_course_project_gender-bias\experiment\subject-6.csv","150","psycho","an_found","Neonatal Nightingale","4.1.14","461.0","178.0","2","0","space","NA","space","space","space","14875.998300005449","NA","13862.892300006934","14875.998300005449","True","53","2","<RN>Krankenschwestern</RN>","386","370.0","756.0","-173.0","-120.0","2","psycho","6","Bei einer Informationsveranstaltung im Krankenhaus wird über aktuelle Impfreformen und deren Auswirkungen gesprochen. Die <RN>Krankenschwestern</RN> diskutieren über Langzeitfolgen von Corona und setzen sich für mehr Unterstützung ein, doch diese <AN>Männer</AN> lehnen die Vorschläge ab. Die nächsten Schritte werden derzeit kontrovers diskutiert.","Bei einer Informationsveranstaltung im Krankenhaus wird über aktuelle Impfreformen und deren Auswirkungen gesprochen. Die <RN>Krankenschwestern</RN> diskutieren über Langzeitfolgen von Corona und setzen sich für mehr Unterstützung ein, doch diese <AN>Männer</AN> lehnen die Vorschläge ab. Die nächsten Schritte werden derzeit kontrovers diskutiert.","0","1024","2","48000","-16","53","4","135","4.0","139.0","61.0","114.0","experiment","6","even","648470.6600000063","-810.0","-290.0","NA","4540.637500002049","4541.024000005564","64027.662099993904","77891.13420000649","648459.6247000009","77941.47069999599","714128.3795000054","63435.570200002985","NA","714083.4240999975","699206.8755999935","648459.6557000041","77941.50369999988","648459.5170999964","64022.202899999684","699202.9331999947","Experiment","0","0","0","12","1920","diskutiert.","53","25","243"
"<AN>Frauen</AN>","C2","<RN>Ingenieure</RN>","undefined","undefined","True","53","4","<AN>Frauen</AN>","132","-39.0","93.0","61.0","114.0","undefined","undefined","#232323","1620","psycho","True","gestritten","psycho","psycho","undefined","undefined","undefined","0","0","0","0","0","83","0","83","0","0","83","83","83","0","83","0","50","-810.0","-270.5","6","1455.0","77.68130670064708","Fri Jul 31 11:49:11 2026","The main experiment item","False","Auf einer wissenschaftlichen Konferenz zu technischen Zukunftsfragen werden derzeit aktuelle gesellschaftliche Themen erörtert. Die <RN>Ingenieure</RN> spielen eine zentrale Rolle bei der Energiewende und stehen vor Herausforderungen, doch diese <AN>Frauen</AN> lehnen zusätzliche Investitionen ab. Über die Konsequenzen wird weiterhin intensiv gestritten.","experiment.osexp","D:\ET_course_project_gender-bias\experiment","False","mono","False","39","no","white","no","yes","1080","3","space","psycho","295.0","3.0","117","6","83","83","D:\ET_course_project_gender-bias\experiment\subject-6.csv","150","psycho","an_found","Neonatal Nightingale","4.1.14","-541.0","295.0","2","0","space","NA","space","space","space","15620.475400006399","NA","13862.892300006934","15620.475400006399","True","53","3","<RN>Ingenieure</RN>","225","-810.0","-585.0","-56.0","-3.0","2","psycho","6","Auf einer wissenschaftlichen Konferenz zu technischen Zukunftsfragen werden derzeit aktuelle gesellschaftliche Themen erörtert. Die <RN>Ingenieur*innen</RN> spielen eine zentrale Rolle bei der Energiewende und stehen vor Herausforderungen, doch diese <AN>Frauen</AN> lehnen zusätzliche Investitionen ab. Über die Konsequenzen wird weiterhin intensiv gestritten.","Auf einer wissenschaftlichen Konferenz zu technischen Zukunftsfragen werden derzeit aktuelle gesellschaftliche Themen erörtert. Die <RN>Ingenieur*innen</RN> spielen eine zentrale Rolle bei der Energiewende und stehen vor Herausforderungen, doch diese <AN>Frauen</AN> lehnen zusätzliche Investitionen ab. Über die Konsequenzen wird weiterhin intensiv gestritten.","0","1024","2","48000","-16","53","4","132","93.0","225.0","61.0","114.0","experiment","6","even","714169.1144999932","-810.0","-290.0","NA","4540.637500002049","4541.024000005564","64027.662099993904","77891.13420000649","714156.6559000057","77941.47069999599","770633.8568999927","63435.570200002985","NA","770588.0406000069","754966.4739","714156.7006999976","77941.50369999988","714156.402499997","64022.202899999684","754963.3018000022","Experiment","0","0","0","13","1920","gestritten.","53","25","244"
"<AN>Männer</AN>","C3","<RN>Ingenieurinnen</RN>","undefined","undefined","True","53","4","<AN>Frauen</AN>","132","-39.0","93.0","61.0","114.0","undefined","undefined","#232323","1620","psycho","True","gestritten","psycho","psycho","undefined","undefined","undefined","0","0","0","0","0","84","0","84","0","0","84","84","84","0","84","0","50","-810.0","-270.5","6","1455.0","77.68130670064708","Fri Jul 31 11:49:11 2026","The main experiment item","False","Auf einer wissenschaftlichen Konferenz zu technischen Zukunftsfragen werden derzeit aktuelle gesellschaftliche Themen erörtert. Die <RN>Ingenieure</RN> spielen eine zentrale Rolle bei der Energiewende und stehen vor Herausforderungen, doch diese <AN>Frauen</AN> lehnen zusätzliche Investitionen ab. Über die Konsequenzen wird weiterhin intensiv gestritten.","experiment.osexp","D:\ET_course_project_gender-bias\experiment","False","mono","False","39","no","white","no","yes","1080","17","space","psycho","295.0","3.0","117","5","84","84","D:\ET_course_project_gender-bias\experiment\subject-6.csv","150","psycho","an_found","Neonatal Nightingale","4.1.14","-541.0","295.0","2","0","space","NA","space","space","space","15620.475400006399","NA","13862.892300006934","15620.475400006399","True","53","3","<RN>Ingenieure</RN>","225","-810.0","-585.0","-56.0","-3.0","2","psycho","6","Auf einer wissenschaftlichen Konferenz zu technischen Zukunftsfragen werden derzeit aktuelle gesellschaftliche Themen erörtert. Die <RN>Ingenieur*innen</RN> spielen eine zentrale Rolle bei der Energiewende und stehen vor Herausforderungen, doch diese <AN>Frauen</AN> lehnen zusätzliche Investitionen ab. Über die Konsequenzen wird weiterhin intensiv gestritten.","Im Rahmen einer städtischen Planungsrunde wird über die zukünftige Mobilität und den Ausbau des Nahverkehrs diskutiert. Die <RN>Ingenieurinnen</RN> diskutieren über nachhaltige Verkehrskonzepte und setzen sich für den Ausbau des ÖPNV ein, doch diese <AN>Männer</AN> lehnen die Vorschläge ab. Die nächsten Schritte werden derzeit kontrovers diskutiert.","1","1024","2","48000","-16","53","4","132","93.0","225.0","61.0","114.0","experiment","6","even","714169.1144999932","-810.0","-290.0","NA","4540.637500002049","4541.024000005564","64027.662099993904","77891.13420000649","770662.919800001","77941.47069999599","770662.9756000038","63435.570200002985","NA","770588.0406000069","754966.4739","714156.7006999976","77941.50369999988","770661.6672999953","64022.202899999684","754963.3018000022","Experiment","0","0","0","13","1920","gestritten.","53","25","244"
"<AN>Männer</AN>","C5","<RN>Ingenieur*innen</RN>","undefined","undefined","True","53","4","<AN>Frauen</AN>","132","-39.0","93.0","61.0","114.0","undefined","undefined","#232323","1620","psycho","True","gestritten","psycho","psycho","undefined","undefined","undefined","0","0","0","0","0","85","0","85","0","0","85","85","85","0","85","0","50","-810.0","-270.5","6","1455.0","77.68130670064708","Fri Jul 31 11:49:11 2026","The main experiment item","False","Auf einer wissenschaftlichen Konferenz zu technischen Zukunftsfragen werden derzeit aktuelle gesellschaftliche Themen erörtert. Die <RN>Ingenieure</RN> spielen eine zentrale Rolle bei der Energiewende und stehen vor Herausforderungen, doch diese <AN>Frauen</AN> lehnen zusätzliche Investitionen ab. Über die Konsequenzen wird weiterhin intensiv gestritten.","experiment.osexp","D:\ET_course_project_gender-bias\experiment","False","mono","False","39","no","white","no","yes","1080","3","space","psycho","295.0","3.0","117","3","85","85","D:\ET_course_project_gender-bias\experiment\subject-6.csv","150","psycho","an_found","Neonatal Nightingale","4.1.14","-541.0","295.0","2","0","space","NA","space","space","space","15620.475400006399","NA","13862.892300006934","15620.475400006399","True","53","3","<RN>Ingenieure</RN>","225","-810.0","-585.0","-56.0","-3.0","2","psycho","6","Auf einer wissenschaftlichen Konferenz zu technischen Zukunftsfragen werden derzeit aktuelle gesellschaftliche Themen erörtert. Die <RN>Ingenieur*innen</RN> spielen eine zentrale Rolle bei der Energiewende und stehen vor Herausforderungen, doch diese <AN>Frauen</AN> lehnen zusätzliche Investitionen ab. Über die Konsequenzen wird weiterhin intensiv gestritten.","Auf einer wissenschaftlichen Konferenz zu technischen Zukunftsfragen werden derzeit aktuelle gesellschaftliche Themen erörtert. Die <RN>Ingenieur*innen</RN> kritisieren die Energiewende und stehen vor Herausforderungen, doch diese <AN>Frauen</AN> lehnen zusätzliche Investitionen ab. Über die Konsequenzen wird weiterhin intensiv gestritten.","1","1024","2","48000","-16","53","4","132","93.0","225.0","61.0","114.0","experiment","6","even","714169.1144999932","-810.0","-290.0","NA","4540.637500002049","4541.024000005564","64027.662099993904","77891.13420000649","770691.1392000038","77941.47069999599","770691.1815000058","63435.570200002985","NA","770588.0406000069","754966.4739","714156.7006999976","77941.50369999988","770690.9329000046","64022.202899999684","754963.3018000022","Experiment","0","0","0","13","1920","gestritten.","53","25","244"
"<AN>Frauen</AN>","C2","<RN>Lehrer</RN>","undefined","undefined","True","53","4","<AN>Frauen</AN>","132","-39.0","93.0","61.0","114.0","undefined","undefined","#232323","1620","psycho","True","gestritten","psycho","psycho","undefined","undefined","undefined","0","0","0","0","0","86","0","86","0","0","86","86","86","0","86","0","50","-810.0","-270.5","6","1455.0","77.68130670064708","Fri Jul 31 11:49:11 2026","The main experiment item","False","Auf einer wissenschaftlichen Konferenz zu technischen Zukunftsfragen werden derzeit aktuelle gesellschaftliche Themen erörtert. Die <RN>Ingenieure</RN> spielen eine zentrale Rolle bei der Energiewende und stehen vor Herausforderungen, doch diese <AN>Frauen</AN> lehnen zusätzliche Investitionen ab. Über die Konsequenzen wird weiterhin intensiv gestritten.","experiment.osexp","D:\ET_course_project_gender-bias\experiment","False","mono","False","39","no","white","no","yes","1080","6","space","psycho","295.0","3.0","117","3","86","86","D:\ET_course_project_gender-bias\experiment\subject-6.csv","150","psycho","an_found","Neonatal Nightingale","4.1.14","-541.0","295.0","2","0","space","NA","space","space","space","15620.475400006399","NA","13862.892300006934","15620.475400006399","True","53","3","<RN>Ingenieure</RN>","225","-810.0","-585.0","-56.0","-3.0","2","psycho","6","Auf einer wissenschaftlichen Konferenz zu technischen Zukunftsfragen werden derzeit aktuelle gesellschaftliche Themen erörtert. Die <RN>Ingenieur*innen</RN> spielen eine zentrale Rolle bei der Energiewende und stehen vor Herausforderungen, doch diese <AN>Frauen</AN> lehnen zusätzliche Investitionen ab. Über die Konsequenzen wird weiterhin intensiv gestritten.","Auf einer Konferenz zu Bildungsfragen in Stuttgart  wird derzeit über aktuelle schulische Themen gesprochen. Die <RN>Lehrer</RN> sollen mehr auf Disziplin und Konsequenzen im Unterricht setzen, doch aus pädagogischen Gründen lehnen diese <AN>Frauen</AN> die Vorschläge ab. Die kommenden Entwicklungen sind weiterhin Gegenstand von Diskussionen.","1","1024","2","48000","-16","53","4","132","93.0","225.0","61.0","114.0","experiment","6","even","714169.1144999932","-810.0","-290.0","NA","4540.637500002049","4541.024000005564","64027.662099993904","77891.13420000649","770718.8236999937","77941.47069999599","770718.8625999988","63435.570200002985","NA","770588.0406000069","754966.4739","714156.7006999976","77941.50369999988","770718.7338999938","64022.202899999684","754963.3018000022","Experiment","0","0","0","13","1920","gestritten.","53","25","244"
"<AN>Frauen</AN>","C6","<RN>Unternehmer*innen</RN>","undefined","undefined","True","53","4","<AN>Frauen</AN>","132","-39.0","93.0","61.0","114.0","undefined","undefined","#232323","1620","psycho","True","gestritten","psycho","psycho","undefined","undefined","undefined","0","0","0","0","0","87","0","87","0","0","87","87","87","0","87","0","50","-810.0","-270.5","6","1455.0","77.68130670064708","Fri Jul 31 11:49:11 2026","The main experiment item","False","Auf einer wissenschaftlichen Konferenz zu technischen Zukunftsfragen werden derzeit aktuelle gesellschaftliche Themen erörtert. Die <RN>Ingenieure</RN> spielen eine zentrale Rolle bei der Energiewende und stehen vor Herausforderungen, doch diese <AN>Frauen</AN> lehnen zusätzliche Investitionen ab. Über die Konsequenzen wird weiterhin intensiv gestritten.","experiment.osexp","D:\ET_course_project_gender-bias\experiment","False","mono","False","39","no","white","no","yes","1080","4","space","psycho","295.0","3.0","117","3","87","87","D:\ET_course_project_gender-bias\experiment\subject-6.csv","150","psycho","an_found","Neonatal Nightingale","4.1.14","-541.0","295.0","2","0","space","NA","space","space","space","15620.475400006399","NA","13862.892300006934","15620.475400006399","True","53","3","<RN>Ingenieure</RN>","225","-810.0","-585.0","-56.0","-3.0","2","psycho","6","Auf einer wissenschaftlichen Konferenz zu technischen Zukunftsfragen werden derzeit aktuelle gesellschaftliche Themen erörtert. Die <RN>Ingenieur*innen</RN> spielen eine zentrale Rolle bei der Energiewende und stehen vor Herausforderungen, doch diese <AN>Frauen</AN> lehnen zusätzliche Investitionen ab. Über die Konsequenzen wird weiterhin intensiv gestritten.","Bei einem Networking-Event stehen wirtschaftspolitische und gesellschaftliche Fragestellungen im Mittelpunkt der Diskussion. Die <RN>Unternehmer</RN> brauchen weniger bürokratische Hürden und sprechen über Verbesserungen, doch diese <AN>Männer</AN> fordern weitere steuerliche Entlastungen. Die Folgen dieser Positionen bleiben umstritten.","1","1024","2","48000","-16","53","4","132","93.0","225.0","61.0","114.0","experiment","6","even","714169.1144999932","-810.0","-290.0","NA","4540.637500002049","4541.024000005564","64027.662099993904","77891.13420000649","770747.9325000022","77941.47069999599","770747.967999996","63435.570200002985","NA","770588.0406000069","754966.4739","714156.7006999976","77941.50369999988","770747.8388000018","64022.202899999684","754963.3018000022","Experiment","0","0","0","13","1920","gestritten.","53","25","244"
"<AN>Frauen</AN>","C4","<RN>Einwohnerinnen</RN>","undefined","undefined","True","53","4","<AN>Frauen</AN>","132","-39.0","93.0","61.0","114.0","undefined","undefined","#232323","1620","psycho","True","gestritten","psycho","psycho","undefined","undefined","undefined","0","0","0","0","0","88","0","88","0","0","88","88","88","0","88","0","50","-810.0","-270.5","6","1455.0","77.68130670064708","Fri Jul 31 11:49:11 2026","The main experiment item","False","Auf einer wissenschaftlichen Konferenz zu technischen Zukunftsfragen werden derzeit aktuelle gesellschaftliche Themen erörtert. Die <RN>Ingenieure</RN> spielen eine zentrale Rolle bei der Energiewende und stehen vor Herausforderungen, doch diese <AN>Frauen</AN> lehnen zusätzliche Investitionen ab. Über die Konsequenzen wird weiterhin intensiv gestritten.","experiment.osexp","D:\ET_course_project_gender-bias\experiment","False","mono","False","39","no","white","no","yes","1080","13","space","psycho","295.0","3.0","117","4","88","88","D:\ET_course_project_gender-bias\experiment\subject-6.csv","150","psycho","an_found","Neonatal Nightingale","4.1.14","-541.0","295.0","2","0","space","NA","space","space","space","15620.475400006399","NA","13862.892300006934","15620.475400006399","True","53","3","<RN>Ingenieure</RN>","225","-810.0","-585.0","-56.0","-3.0","2","psycho","6","Auf einer wissenschaftlichen Konferenz zu technischen Zukunftsfragen werden derzeit aktuelle gesellschaftliche Themen erörtert. Die <RN>Ingenieur*innen</RN> spielen eine zentrale Rolle bei der Energiewende und stehen vor Herausforderungen, doch diese <AN>Frauen</AN> lehnen zusätzliche Investitionen ab. Über die Konsequenzen wird weiterhin intensiv gestritten.","Im Rahmen einer öffentlichen Veranstaltung wird über Sicherheit, gesellschaftlichen Zusammenhalt und politische Reformen gesprochen. Die <RN>Bürgerinnen</RN> wünschen sich Sicherheit und verlässliche Perspektiven, doch diese Gruppe von <AN>Frauen</AN> sieht Reformbedarf im System. Die weitere Entwicklung bleibt Gegenstand öffentlicher Debatten.","1","1024","2","48000","-16","53","4","132","93.0","225.0","61.0","114.0","experiment","6","even","714169.1144999932","-810.0","-290.0","NA","4540.637500002049","4541.024000005564","64027.662099993904","77891.13420000649","770774.4506000017","77941.47069999599","770774.491300006","63435.570200002985","NA","770588.0406000069","754966.4739","714156.7006999976","77941.50369999988","770774.2727000004","64022.202899999684","754963.3018000022","Experiment","0","0","0","13","1920","gestritten.","53","25","244"
"<AN>Frauen</AN>","C6","<RN>Dozent*innen</RN>","undefined","undefined","True","53","4","<AN>Frauen</AN>","132","-39.0","93.0","61.0","114.0","undefined","undefined","#232323","1620","psycho","True","gestritten","psycho","psycho","undefined","undefined","undefined","0","0","0","0","0","89","0","89","0","0","89","89","89","0","89","0","50","-810.0","-270.5","6","1455.0","77.68130670064708","Fri Jul 31 11:49:11 2026","The main experiment item","False","Auf einer wissenschaftlichen Konferenz zu technischen Zukunftsfragen werden derzeit aktuelle gesellschaftliche Themen erörtert. Die <RN>Ingenieure</RN> spielen eine zentrale Rolle bei der Energiewende und stehen vor Herausforderungen, doch diese <AN>Frauen</AN> lehnen zusätzliche Investitionen ab. Über die Konsequenzen wird weiterhin intensiv gestritten.","experiment.osexp","D:\ET_course_project_gender-bias\experiment","False","mono","False","39","no","white","no","yes","1080","9","space","psycho","295.0","3.0","117","4","89","89","D:\ET_course_project_gender-bias\experiment\subject-6.csv","150","psycho","an_found","Neonatal Nightingale","4.1.14","-541.0","295.0","2","0","space","NA","space","space","space","15620.475400006399","NA","13862.892300006934","15620.475400006399","True","53","3","<RN>Ingenieure</RN>","225","-810.0","-585.0","-56.0","-3.0","2","psycho","6","Auf einer wissenschaftlichen Konferenz zu technischen Zukunftsfragen werden derzeit aktuelle gesellschaftliche Themen erörtert. Die <RN>Ingenieur*innen</RN> spielen eine zentrale Rolle bei der Energiewende und stehen vor Herausforderungen, doch diese <AN>Frauen</AN> lehnen zusätzliche Investitionen ab. Über die Konsequenzen wird weiterhin intensiv gestritten.","Auf einer schulischen Tagung werden aktuelle Kontroversen rund um Vorlesungsführung und Leistungsbewertung diskutiert. Die <RN>Dozent*innen</RN> fordern erhöhte Leistungsorientierung und strengere Notenvergabe im Lehrplan, doch diese <AN>Männer</AN> stoßen dabei auf Gegendruck von Eltern. Die Debatte über das Thema hält weiter an.","1","1024","2","48000","-16","53","4","132","93.0","225.0","61.0","114.0","experiment","6","even","714169.1144999932","-810.0","-290.0","NA","4540.637500002049","4541.024000005564","64027.662099993904","77891.13420000649","770801.747599995","77941.47069999599","770801.7843999987","63435.570200002985","NA","770588.0406000069","754966.4739","714156.7006999976","77941.50369999988","770801.6254999966","64022.202899999684","754963.3018000022","Experiment","0","0","0","13","1920","gestritten.","53","25","244"
"<AN>Frauen</AN>","C4","<RN>Dozentinnen</RN>","undefined","undefined","True","53","4","<AN>Frauen</AN>","132","-39.0","93.0","61.0","114.0","undefined","undefined","#232323","1620","psycho","True","gestritten","psycho","psycho","undefined","undefined","undefined","0","0","0","0","0","90","0","90","0","0","90","90","90","0","90","0","50","-810.0","-270.5","6","1455.0","77.68130670064708","Fri Jul 31 11:49:11 2026","The main experiment item","False","Auf einer wissenschaftlichen Konferenz zu technischen Zukunftsfragen werden derzeit aktuelle gesellschaftliche Themen erörtert. Die <RN>Ingenieure</RN> spielen eine zentrale Rolle bei der Energiewende und stehen vor Herausforderungen, doch diese <AN>Frauen</AN> lehnen zusätzliche Investitionen ab. Über die Konsequenzen wird weiterhin intensiv gestritten.","experiment.osexp","D:\ET_course_project_gender-bias\experiment","False","mono","False","39","no","white","no","yes","1080","9","space","psycho","295.0","3.0","117","2","90","90","D:\ET_course_project_gender-bias\experiment\subject-6.csv","150","psycho","an_found","Neonatal Nightingale","4.1.14","-541.0","295.0","2","0","space","NA","space","space","space","15620.475400006399","NA","13862.892300006934","15620.475400006399","True","53","3","<RN>Ingenieure</RN>","225","-810.0","-585.0","-56.0","-3.0","2","psycho","6","Auf einer wissenschaftlichen Konferenz zu technischen Zukunftsfragen werden derzeit aktuelle gesellschaftliche Themen erörtert. Die <RN>Ingenieur*innen</RN> spielen eine zentrale Rolle bei der Energiewende und stehen vor Herausforderungen, doch diese <AN>Frauen</AN> lehnen zusätzliche Investitionen ab. Über die Konsequenzen wird weiterhin intensiv gestritten.","Auf einer schulischen Tagung werden aktuelle Kontroversen rund um Vorlesungsführung und Leistungsbewertung diskutiert. Die <RN>Dozent*innen</RN> fordern erhöhte Leistungsorientierung und strengere Notenvergabe im Lehrplan, doch diese <AN>Männer</AN> stoßen dabei auf Gegendruck von Eltern. Die Debatte über das Thema hält weiter an.","1","1024","2","48000","-16","53","4","132","93.0","225.0","61.0","114.0","experiment","6","even","714169.1144999932","-810.0","-290.0","NA","4540.637500002049","4541.024000005564","64027.662099993904","77891.13420000649","770832.6882999972","77941.47069999599","770832.7259999933","63435.570200002985","NA","770588.0406000069","754966.4739","714156.7006999976","77941.50369999988","770832.5877000025","64022.202899999684","754963.3018000022","Experiment","0","0","0","13","1920","gestritten.","53","25","244"
"<AN>Frauen</AN>","C2","<RN>Experten</RN>","undefined","undefined","True","53","4","<AN>Frauen</AN>","132","-39.0","93.0","61.0","114.0","undefined","undefined","#232323","1620","psycho","True","gestritten","psycho","psycho","undefined","undefined","undefined","0","0","0","0","0","91","0","91","0","0","91","91","91","0","91","0","50","-810.0","-270.5","6","1455.0","77.68130670064708","Fri Jul 31 11:49:11 2026","The main experiment item","False","Auf einer wissenschaftlichen Konferenz zu technischen Zukunftsfragen werden derzeit aktuelle gesellschaftliche Themen erörtert. Die <RN>Ingenieure</RN> spielen eine zentrale Rolle bei der Energiewende und stehen vor Herausforderungen, doch diese <AN>Frauen</AN> lehnen zusätzliche Investitionen ab. Über die Konsequenzen wird weiterhin intensiv gestritten.","experiment.osexp","D:\ET_course_project_gender-bias\experiment","False","mono","False","39","no","white","no","yes","1080","10","space","psycho","295.0","3.0","117","5","91","91","D:\ET_course_project_gender-bias\experiment\subject-6.csv","150","psycho","an_found","Neonatal Nightingale","4.1.14","-541.0","295.0","2","0","space","NA","space","space","space","15620.475400006399","NA","13862.892300006934","15620.475400006399","True","53","3","<RN>Ingenieure</RN>","225","-810.0","-585.0","-56.0","-3.0","2","psycho","6","Auf einer wissenschaftlichen Konferenz zu technischen Zukunftsfragen werden derzeit aktuelle gesellschaftliche Themen erörtert. Die <RN>Ingenieur*innen</RN> spielen eine zentrale Rolle bei der Energiewende und stehen vor Herausforderungen, doch diese <AN>Frauen</AN> lehnen zusätzliche Investitionen ab. Über die Konsequenzen wird weiterhin intensiv gestritten.","Im Rahmen einer universitären Veranstaltung werden aktuelle Fragestellungen der Rüstungsindustrie behandelt. Die große Mehrheit dieser <RN>Fachleute</RN> sehen eine stärkere Aufrüstung für Deutschland als notwendig, doch diese Gruppe von <AN>Frauen</AN> kritisiert dessen Finanzierung. Die Auswirkungen der Entscheidung werden noch geprüft.","1","1024","2","48000","-16","53","4","132","93.0","225.0","61.0","114.0","experiment","6","even","714169.1144999932","-810.0","-290.0","NA","4540.637500002049","4541.024000005564","64027.662099993904","77891.13420000649","770859.3529000063","77941.47069999599","770859.403399998","63435.570200002985","NA","770588.0406000069","754966.4739","714156.7006999976","77941.50369999988","770859.1575000028","64022.202899999684","754963.3018000022","Experiment","0","0","0","13","1920","gestritten.","53","25","244"
"<AN>Männer</AN>","C1","<RN>Experten</RN>","undefined","undefined","True","53","4","<AN>Männer</AN>","135","-223.0","-88.0","61.0","114.0","undefined","undefined","#232323","1620","psycho","True","bewertet","psycho","psycho","undefined","undefined","undefined","0","0","0","0","0","92","0","92","0","0","92","92","92","0","92","0","50","-810.0","-270.5","5","959.0","27.26514124665412","Fri Jul 31 11:49:11 2026","The main experiment item","False","Auf einer öffentlichen Veranstaltung stehen Investitionen und langfristige gesellschaftliche Entwicklungen zur Diskussion. Die <RN>Experten</RN> unterstützen höhere Investitionen und langfristige Entwicklungen, doch diese <AN>Männer</AN> kritisieren die Umsetzung. Die politischen Folgen werden unterschiedlich bewertet.","experiment.osexp","D:\ET_course_project_gender-bias\experiment","False","mono","False","39","no","white","no","yes","1080","14","space","psycho","178.0","3.0","117","6","92","92","D:\ET_course_project_gender-bias\experiment\subject-6.csv","150","psycho","an_found","Neonatal Nightingale","4.1.14","371.0","178.0","2","0","space","NA","space","space","space","14764.205900006345","NA","13862.892300006934","14764.205900006345","True","53","3","<RN>Experten</RN>","179","-810.0","-631.0","-56.0","-3.0","2","psycho","6","Auf einer öffentlichen Veranstaltung stehen Investitionen und langfristige gesellschaftliche Entwicklungen zur Diskussion. Die <RN>Fachfrauen</RN> unterstützen höhere Investitionen und langfristige Entwicklungen, doch diese <AN>Männer</AN> kritisieren die Umsetzung. Die politischen Folgen werden unterschiedlich bewertet.","Auf einer öffentlichen Veranstaltung stehen Investitionen und langfristige gesellschaftliche Entwicklungen zur Diskussion. Die <RN>Fachfrauen</RN> unterstützen höhere Investitionen und langfristige Entwicklungen, doch diese <AN>Männer</AN> kritisieren die Umsetzung. Die politischen Folgen werden unterschiedlich bewertet.","0","1024","2","48000","-16","53","4","135","-88.0","47.0","61.0","114.0","experiment","6","even","770899.7990000062","-810.0","-290.0","NA","4540.637500002049","4541.024000005564","64027.662099993904","77891.13420000649","770885.4452999949","77941.47069999599","822529.1234000033","63435.570200002985","NA","822483.489899998","807718.8049999968","770885.4774000065","77941.50369999988","770885.2501999936","64022.202899999684","807715.0111999945","Experiment","0","0","0","14","1920","bewertet.","53","25","197"
"<AN>Frauen</AN>","C6","<RN>Ingenieur*innen</RN>","undefined","undefined","True","53","4","<AN>Männer</AN>","135","-223.0","-88.0","61.0","114.0","undefined","undefined","#232323","1620","psycho","True","bewertet","psycho","psycho","undefined","undefined","undefined","0","0","0","0","0","93","0","93","0","0","93","93","93","0","93","0","50","-810.0","-270.5","5","959.0","27.26514124665412","Fri Jul 31 11:49:11 2026","The main experiment item","False","Auf einer öffentlichen Veranstaltung stehen Investitionen und langfristige gesellschaftliche Entwicklungen zur Diskussion. Die <RN>Experten</RN> unterstützen höhere Investitionen und langfristige Entwicklungen, doch diese <AN>Männer</AN> kritisieren die Umsetzung. Die politischen Folgen werden unterschiedlich bewertet.","experiment.osexp","D:\ET_course_project_gender-bias\experiment","False","mono","False","39","no","white","no","yes","1080","3","space","psycho","178.0","3.0","117","4","93","93","D:\ET_course_project_gender-bias\experiment\subject-6.csv","150","psycho","an_found","Neonatal Nightingale","4.1.14","371.0","178.0","2","0","space","NA","space","space","space","14764.205900006345","NA","13862.892300006934","14764.205900006345","True","53","3","<RN>Experten</RN>","179","-810.0","-631.0","-56.0","-3.0","2","psycho","6","Auf einer öffentlichen Veranstaltung stehen Investitionen und langfristige gesellschaftliche Entwicklungen zur Diskussion. Die <RN>Fachfrauen</RN> unterstützen höhere Investitionen und langfristige Entwicklungen, doch diese <AN>Männer</AN> kritisieren die Umsetzung. Die politischen Folgen werden unterschiedlich bewertet.","Auf einer wissenschaftlichen Konferenz zu technischen Zukunftsfragen werden derzeit aktuelle gesellschaftliche Themen erörtert. Die <RN>Ingenieur*innen</RN> kritisieren die Energiewende und stehen vor Herausforderungen, doch diese <AN>Frauen</AN> lehnen zusätzliche Investitionen ab. Über die Konsequenzen wird weiterhin intensiv gestritten.","1","1024","2","48000","-16","53","4","135","-88.0","47.0","61.0","114.0","experiment","6","even","770899.7990000062","-810.0","-290.0","NA","4540.637500002049","4541.024000005564","64027.662099993904","77891.13420000649","822557.3538000026","77941.47069999599","822557.4111000024","63435.570200002985","NA","822483.489899998","807718.8049999968","770885.4774000065","77941.50369999988","822557.092899995","64022.202899999684","807715.0111999945","Experiment","0","0","0","14","1920","bewertet.","53","25","197"
"<AN>Männer</AN>","C1","<RN>Aktivisten</RN>","undefined","undefined","True","53","4","<AN>Männer</AN>","135","-223.0","-88.0","61.0","114.0","undefined","undefined","#232323","1620","psycho","True","bewertet","psycho","psycho","undefined","undefined","undefined","0","0","0","0","0","94","0","94","0","0","94","94","94","0","94","0","50","-810.0","-270.5","5","959.0","27.26514124665412","Fri Jul 31 11:49:11 2026","The main experiment item","False","Auf einer öffentlichen Veranstaltung stehen Investitionen und langfristige gesellschaftliche Entwicklungen zur Diskussion. Die <RN>Experten</RN> unterstützen höhere Investitionen und langfristige Entwicklungen, doch diese <AN>Männer</AN> kritisieren die Umsetzung. Die politischen Folgen werden unterschiedlich bewertet.","experiment.osexp","D:\ET_course_project_gender-bias\experiment","False","mono","False","39","no","white","no","yes","1080","11","space","psycho","178.0","3.0","117","3","94","94","D:\ET_course_project_gender-bias\experiment\subject-6.csv","150","psycho","an_found","Neonatal Nightingale","4.1.14","371.0","178.0","2","0","space","NA","space","space","space","14764.205900006345","NA","13862.892300006934","14764.205900006345","True","53","3","<RN>Experten</RN>","179","-810.0","-631.0","-56.0","-3.0","2","psycho","6","Auf einer öffentlichen Veranstaltung stehen Investitionen und langfristige gesellschaftliche Entwicklungen zur Diskussion. Die <RN>Fachfrauen</RN> unterstützen höhere Investitionen und langfristige Entwicklungen, doch diese <AN>Männer</AN> kritisieren die Umsetzung. Die politischen Folgen werden unterschiedlich bewertet.","Auf einer öffentlichen Veranstaltung werden aktuelle wohnungs- und gesellschaftspolitische Themen diskutiert. Die <RN>Aktivist*innen</RN> fordern mehr bezahlbaren Wohnraum in Stuttgart für alle und diskutieren faire Lösungsansätze, doch diese <AN>Frauen</AN> sehen die Verantwortung stärker beim Bund. Die Auswirkungen der Entscheidung werden noch geprüft.","1","1024","2","48000","-16","53","4","135","-88.0","47.0","61.0","114.0","experiment","6","even","770899.7990000062","-810.0","-290.0","NA","4540.637500002049","4541.024000005564","64027.662099993904","77891.13420000649","822585.1273000007","77941.47069999599","822585.1791000023","63435.570200002985","NA","822483.489899998","807718.8049999968","770885.4774000065","77941.50369999988","822584.6352999943","64022.202899999684","807715.0111999945","Experiment","0","0","0","14","1920","bewertet.","53","25","197"
"<AN>Männer</AN>","C5","<RN>Einwohner*innen</RN>","undefined","undefined","True","53","4","<AN>Männer</AN>","135","-223.0","-88.0","61.0","114.0","undefined","undefined","#232323","1620","psycho","True","bewertet","psycho","psycho","undefined","undefined","undefined","0","0","0","0","0","95","0","95","0","0","95","95","95","0","95","0","50","-810.0","-270.5","5","959.0","27.26514124665412","Fri Jul 31 11:49:11 2026","The main experiment item","False","Auf einer öffentlichen Veranstaltung stehen Investitionen und langfristige gesellschaftliche Entwicklungen zur Diskussion. Die <RN>Experten</RN> unterstützen höhere Investitionen und langfristige Entwicklungen, doch diese <AN>Männer</AN> kritisieren die Umsetzung. Die politischen Folgen werden unterschiedlich bewertet.","experiment.osexp","D:\ET_course_project_gender-bias\experiment","False","mono","False","39","no","white","no","yes","1080","8","space","psycho","178.0","3.0","117","4","95","95","D:\ET_course_project_gender-bias\experiment\subject-6.csv","150","psycho","an_found","Neonatal Nightingale","4.1.14","371.0","178.0","2","0","space","NA","space","space","space","14764.205900006345","NA","13862.892300006934","14764.205900006345","True","53","3","<RN>Experten</RN>","179","-810.0","-631.0","-56.0","-3.0","2","psycho","6","Auf einer öffentlichen Veranstaltung stehen Investitionen und langfristige gesellschaftliche Entwicklungen zur Diskussion. Die <RN>Fachfrauen</RN> unterstützen höhere Investitionen und langfristige Entwicklungen, doch diese <AN>Männer</AN> kritisieren die Umsetzung. Die politischen Folgen werden unterschiedlich bewertet.","Im Rahmen einer öffentlichen Veranstaltung wird derzeit über Fragen der inneren Sicherheit und gesellschaftliche Entwicklungen gesprochen. Die <RN>Bürger</RN> diskutieren über Fragen der Sicherheit bezüglich der aktuellen Krise, doch diese <AN>Männer</AN> fordern härtere Maßnahmen. Die weiteren Maßnahmen stoßen auf geteilte Reaktionen.","1","1024","2","48000","-16","53","4","135","-88.0","47.0","61.0","114.0","experiment","6","even","770899.7990000062","-810.0","-290.0","NA","4540.637500002049","4541.024000005564","64027.662099993904","77891.13420000649","822613.4822000022","77941.47069999599","822613.5676999984","63435.570200002985","NA","822483.489899998","807718.8049999968","770885.4774000065","77941.50369999988","822612.4013999943","64022.202899999684","807715.0111999945","Experiment","0","0","0","14","1920","bewertet.","53","25","197"
"<AN>Männer</AN>","C3","<RN>Einwohnerinnen</RN>","undefined","undefined","True","53","4","<AN>Männer</AN>","135","-223.0","-88.0","61.0","114.0","undefined","undefined","#232323","1620","psycho","True","bewertet","psycho","psycho","undefined","undefined","undefined","0","0","0","0","0","96","0","96","0","0","96","96","96","0","96","0","50","-810.0","-270.5","5","959.0","27.26514124665412","Fri Jul 31 11:49:11 2026","The main experiment item","False","Auf einer öffentlichen Veranstaltung stehen Investitionen und langfristige gesellschaftliche Entwicklungen zur Diskussion. Die <RN>Experten</RN> unterstützen höhere Investitionen und langfristige Entwicklungen, doch diese <AN>Männer</AN> kritisieren die Umsetzung. Die politischen Folgen werden unterschiedlich bewertet.","experiment.osexp","D:\ET_course_project_gender-bias\experiment","False","mono","False","39","no","white","no","yes","1080","8","space","psycho","178.0","3.0","117","2","96","96","D:\ET_course_project_gender-bias\experiment\subject-6.csv","150","psycho","an_found","Neonatal Nightingale","4.1.14","371.0","178.0","2","0","space","NA","space","space","space","14764.205900006345","NA","13862.892300006934","14764.205900006345","True","53","3","<RN>Experten</RN>","179","-810.0","-631.0","-56.0","-3.0","2","psycho","6","Auf einer öffentlichen Veranstaltung stehen Investitionen und langfristige gesellschaftliche Entwicklungen zur Diskussion. Die <RN>Fachfrauen</RN> unterstützen höhere Investitionen und langfristige Entwicklungen, doch diese <AN>Männer</AN> kritisieren die Umsetzung. Die politischen Folgen werden unterschiedlich bewertet.","Im Rahmen einer öffentlichen Veranstaltung wird derzeit über Fragen der inneren Sicherheit und gesellschaftliche Entwicklungen gesprochen. Die <RN>Bürger</RN> diskutieren über Fragen der inneren Sicherheit bezüglich der aktuellen Krise, doch diese <AN>Männer</AN> fordern härtere Maßnahmen. Die weiteren Maßnahmen stoßen auf geteilte Reaktionen.","1","1024","2","48000","-16","53","4","135","-88.0","47.0","61.0","114.0","experiment","6","even","770899.7990000062","-810.0","-290.0","NA","4540.637500002049","4541.024000005564","64027.662099993904","77891.13420000649","822641.878800001","77941.47069999599","822641.9205999991","63435.570200002985","NA","822483.489899998","807718.8049999968","770885.4774000065","77941.50369999988","822641.7136999953","64022.202899999684","807715.0111999945","Experiment","0","0","0","14","1920","bewertet.","53","25","197"
"<AN>Frauen</AN>","C4","<RN>Arbeitnehmerinnen</RN>","undefined","undefined","True","53","4","<AN>Frauen</AN>","132","-220.0","-88.0","61.0","114.0","undefined","undefined","#232323","1620","psycho","True","offen","psycho","psycho","undefined","undefined","undefined","0","0","0","0","0","97","0","97","0","0","97","97","97","0","97","0","50","-810.0","-270.5","5","792.0","65.3800322116776","Fri Jul 31 11:49:11 2026","The main experiment item","False","Im Rahmen einer Geschäftsveranstaltung findet derzeit ein Austausch über Arbeitsbedingungen und gesellschaftliche Entwicklungen statt. Die <RN>Arbeitnehmerinnen</RN> erwarten höhere Gehälter und klimatisierte Arbeitsplätze, aber diese <AN>Frauen</AN> wollen auch weniger arbeiten. Die Frage nach den Konsequenzen bleibt offen.","experiment.osexp","D:\ET_course_project_gender-bias\experiment","False","mono","False","39","no","white","no","yes","1080","5","space","psycho","178.0","3.0","117","6","97","97","D:\ET_course_project_gender-bias\experiment\subject-6.csv","150","psycho","an_found","Neonatal Nightingale","4.1.14","136.0","178.0","2","0","space","NA","space","space","space","12884.972900006687","NA","13862.892300006934","12884.972900006687","True","53","3","<RN>Arbeitnehmerinnen</RN>","389","-810.0","-421.0","-56.0","-3.0","2","psycho","6","Im Rahmen einer Geschäftsveranstaltung findet derzeit ein Austausch über Arbeitsbedingungen und gesellschaftliche Entwicklungen statt. Die <RN>Arbeitnehmer*innen</RN> erwarten höhere Gehälter und klimatisierte Arbeitsplätze, aber diese <AN>Männer</AN> wollen auch weniger arbeiten. Die Frage nach den Konsequenzen bleibt offen.","Im Rahmen einer Geschäftsveranstaltung findet derzeit ein Austausch über Arbeitsbedingungen und gesellschaftliche Entwicklungen statt. Die <RN>Arbeitnehmer*innen</RN> erwarten höhere Gehälter und klimatisierte Arbeitsplätze, aber diese <AN>Männer</AN> wollen auch weniger arbeiten. Die Frage nach den Konsequenzen bleibt offen.","0","1024","2","48000","-16","53","4","132","-88.0","44.0","61.0","114.0","experiment","6","even","822679.1310999979","-810.0","-290.0","NA","4540.637500002049","4541.024000005564","64027.662099993904","77891.13420000649","822668.2501000032","77941.47069999599","882168.8087999937","63435.570200002985","NA","882123.5512999992","869238.0413999927","822668.2789000042","77941.50369999988","822668.0746000056","64022.202899999684","869235.024499998","Experiment","0","0","0","15","1920","offen.","53","25","129"
"<AN>Frauen</AN>","C6","<RN>Arbeitnehmer*innen</RN>","undefined","undefined","True","53","4","<AN>Frauen</AN>","132","-220.0","-88.0","61.0","114.0","undefined","undefined","#232323","1620","psycho","True","offen","psycho","psycho","undefined","undefined","undefined","0","0","0","0","0","98","0","98","0","0","98","98","98","0","98","0","50","-810.0","-270.5","5","792.0","65.3800322116776","Fri Jul 31 11:49:11 2026","The main experiment item","False","Im Rahmen einer Geschäftsveranstaltung findet derzeit ein Austausch über Arbeitsbedingungen und gesellschaftliche Entwicklungen statt. Die <RN>Arbeitnehmerinnen</RN> erwarten höhere Gehälter und klimatisierte Arbeitsplätze, aber diese <AN>Frauen</AN> wollen auch weniger arbeiten. Die Frage nach den Konsequenzen bleibt offen.","experiment.osexp","D:\ET_course_project_gender-bias\experiment","False","mono","False","39","no","white","no","yes","1080","5","space","psycho","178.0","3.0","117","2","98","98","D:\ET_course_project_gender-bias\experiment\subject-6.csv","150","psycho","an_found","Neonatal Nightingale","4.1.14","136.0","178.0","2","0","space","NA","space","space","space","12884.972900006687","NA","13862.892300006934","12884.972900006687","True","53","3","<RN>Arbeitnehmerinnen</RN>","389","-810.0","-421.0","-56.0","-3.0","2","psycho","6","Im Rahmen einer Geschäftsveranstaltung findet derzeit ein Austausch über Arbeitsbedingungen und gesellschaftliche Entwicklungen statt. Die <RN>Arbeitnehmer*innen</RN> erwarten höhere Gehälter und klimatisierte Arbeitsplätze, aber diese <AN>Männer</AN> wollen auch weniger arbeiten. Die Frage nach den Konsequenzen bleibt offen.","Im Rahmen einer Geschäftsveranstaltung findet derzeit ein Austausch über Arbeitsbedingungen und gesellschaftliche Entwicklungen statt. Die <RN>Arbeitnehmer*innen</RN> erwarten höhere Gehälter und klimatisierte Arbeitsplätze, aber diese <AN>Männer</AN> wollen auch weniger arbeiten. Die Frage nach den Konsequenzen bleibt offen.","1","1024","2","48000","-16","53","4","132","-88.0","44.0","61.0","114.0","experiment","6","even","822679.1310999979","-810.0","-290.0","NA","4540.637500002049","4541.024000005564","64027.662099993904","77891.13420000649","882203.6713999987","77941.47069999599","882203.7120000023","63435.570200002985","NA","882123.5512999992","869238.0413999927","822668.2789000042","77941.50369999988","882203.2857000013","64022.202899999684","869235.024499998","Experiment","0","0","0","15","1920","offen.","53","25","129"
"<AN>Frauen</AN>","C2","<RN>Unternehmer</RN>","undefined","undefined","True","53","4","<AN>Frauen</AN>","132","-220.0","-88.0","61.0","114.0","undefined","undefined","#232323","1620","psycho","True","offen","psycho","psycho","undefined","undefined","undefined","0","0","0","0","0","99","0","99","0","0","99","99","99","0","99","0","50","-810.0","-270.5","5","792.0","65.3800322116776","Fri Jul 31 11:49:11 2026","The main experiment item","False","Im Rahmen einer Geschäftsveranstaltung findet derzeit ein Austausch über Arbeitsbedingungen und gesellschaftliche Entwicklungen statt. Die <RN>Arbeitnehmerinnen</RN> erwarten höhere Gehälter und klimatisierte Arbeitsplätze, aber diese <AN>Frauen</AN> wollen auch weniger arbeiten. Die Frage nach den Konsequenzen bleibt offen.","experiment.osexp","D:\ET_course_project_gender-bias\experiment","False","mono","False","39","no","white","no","yes","1080","4","space","psycho","178.0","3.0","117","5","99","99","D:\ET_course_project_gender-bias\experiment\subject-6.csv","150","psycho","an_found","Neonatal Nightingale","4.1.14","136.0","178.0","2","0","space","NA","space","space","space","12884.972900006687","NA","13862.892300006934","12884.972900006687","True","53","3","<RN>Arbeitnehmerinnen</RN>","389","-810.0","-421.0","-56.0","-3.0","2","psycho","6","Im Rahmen einer Geschäftsveranstaltung findet derzeit ein Austausch über Arbeitsbedingungen und gesellschaftliche Entwicklungen statt. Die <RN>Arbeitnehmer*innen</RN> erwarten höhere Gehälter und klimatisierte Arbeitsplätze, aber diese <AN>Männer</AN> wollen auch weniger arbeiten. Die Frage nach den Konsequenzen bleibt offen.","Bei einem Networking-Event stehen wirtschaftspolitische und gesellschaftliche Fragestellungen im Mittelpunkt der Diskussion. Die <RN>Unternehmer</RN> brauchen weniger bürokratische Hürden und sprechen über Verbesserungen, doch diese <AN>Männer</AN> fordern weitere steuerliche Entlastungen. Die Folgen dieser Positionen bleiben umstritten.","1","1024","2","48000","-16","53","4","132","-88.0","44.0","61.0","114.0","experiment","6","even","822679.1310999979","-810.0","-290.0","NA","4540.637500002049","4541.024000005564","64027.662099993904","77891.13420000649","882233.0909000011","77941.47069999599","882233.1375999929","63435.570200002985","NA","882123.5512999992","869238.0413999927","822668.2789000042","77941.50369999988","882232.6203999983","64022.202899999684","869235.024499998","Experiment","0","0","0","15","1920","offen.","53","25","129"
"<AN>Frauen</AN>","C6","<RN>Aktivist*innen</RN>","undefined","undefined","True","53","4","<AN>Frauen</AN>","132","-220.0","-88.0","61.0","114.0","undefined","undefined","#232323","1620","psycho","True","offen","psycho","psycho","undefined","undefined","undefined","0","0","0","0","0","100","0","100","0","0","100","100","100","0","100","0","50","-810.0","-270.5","5","792.0","65.3800322116776","Fri Jul 31 11:49:11 2026","The main experiment item","False","Im Rahmen einer Geschäftsveranstaltung findet derzeit ein Austausch über Arbeitsbedingungen und gesellschaftliche Entwicklungen statt. Die <RN>Arbeitnehmerinnen</RN> erwarten höhere Gehälter und klimatisierte Arbeitsplätze, aber diese <AN>Frauen</AN> wollen auch weniger arbeiten. Die Frage nach den Konsequenzen bleibt offen.","experiment.osexp","D:\ET_course_project_gender-bias\experiment","False","mono","False","39","no","white","no","yes","1080","11","space","psycho","178.0","3.0","117","2","100","100","D:\ET_course_project_gender-bias\experiment\subject-6.csv","150","psycho","an_found","Neonatal Nightingale","4.1.14","136.0","178.0","2","0","space","NA","space","space","space","12884.972900006687","NA","13862.892300006934","12884.972900006687","True","53","3","<RN>Arbeitnehmerinnen</RN>","389","-810.0","-421.0","-56.0","-3.0","2","psycho","6","Im Rahmen einer Geschäftsveranstaltung findet derzeit ein Austausch über Arbeitsbedingungen und gesellschaftliche Entwicklungen statt. Die <RN>Arbeitnehmer*innen</RN> erwarten höhere Gehälter und klimatisierte Arbeitsplätze, aber diese <AN>Männer</AN> wollen auch weniger arbeiten. Die Frage nach den Konsequenzen bleibt offen.","Auf einer öffentlichen Veranstaltung werden aktuelle wohnungs- und gesellschaftspolitische Themen diskutiert. Die <RN>Aktivist*innen</RN> fordern mehr bezahlbaren Wohnraum in Stuttgart und diskutieren faire Lösungsansätze, doch diese <AN>Frauen</AN> sehen die Verantwortung stärker beim Bund. Die Auswirkungen der Entscheidung werden noch geprüft.","1","1024","2","48000","-16","53","4","132","-88.0","44.0","61.0","114.0","experiment","6","even","822679.1310999979","-810.0","-290.0","NA","4540.637500002049","4541.024000005564","64027.662099993904","77891.13420000649","882259.9522999953","77941.47069999599","882259.993300002","63435.570200002985","NA","882123.5512999992","869238.0413999927","822668.2789000042","77941.50369999988","882259.793300007","64022.202899999684","869235.024499998","Experiment","0","0","0","15","1920","offen.","53","25","129"
"<AN>Männer</AN>","C1","<RN>Lehrer</RN>","undefined","undefined","True","53","4","<AN>Frauen</AN>","132","-220.0","-88.0","61.0","114.0","undefined","undefined","#232323","1620","psycho","True","offen","psycho","psycho","undefined","undefined","undefined","0","0","0","0","0","101","0","101","0","0","101","101","101","0","101","0","50","-810.0","-270.5","5","792.0","65.3800322116776","Fri Jul 31 11:49:11 2026","The main experiment item","False","Im Rahmen einer Geschäftsveranstaltung findet derzeit ein Austausch über Arbeitsbedingungen und gesellschaftliche Entwicklungen statt. Die <RN>Arbeitnehmerinnen</RN> erwarten höhere Gehälter und klimatisierte Arbeitsplätze, aber diese <AN>Frauen</AN> wollen auch weniger arbeiten. Die Frage nach den Konsequenzen bleibt offen.","experiment.osexp","D:\ET_course_project_gender-bias\experiment","False","mono","False","39","no","white","no","yes","1080","6","space","psycho","178.0","3.0","117","2","101","101","D:\ET_course_project_gender-bias\experiment\subject-6.csv","150","psycho","an_found","Neonatal Nightingale","4.1.14","136.0","178.0","2","0","space","NA","space","space","space","12884.972900006687","NA","13862.892300006934","12884.972900006687","True","53","3","<RN>Arbeitnehmerinnen</RN>","389","-810.0","-421.0","-56.0","-3.0","2","psycho","6","Im Rahmen einer Geschäftsveranstaltung findet derzeit ein Austausch über Arbeitsbedingungen und gesellschaftliche Entwicklungen statt. Die <RN>Arbeitnehmer*innen</RN> erwarten höhere Gehälter und klimatisierte Arbeitsplätze, aber diese <AN>Männer</AN> wollen auch weniger arbeiten. Die Frage nach den Konsequenzen bleibt offen.","Auf einer Konferenz zu Bildungsfragen in Stuttgart wird derzeit über aktuelle schulische Themen gesprochen. Die <RN>Lehrer</RN> sollen mehr auf Disziplin und Konsequenzen im Unterricht setzen, doch aus pädagogischen Gründen lehnen diese <AN>Frauen</AN> die Vorschläge ab. Die kommenden Entwicklungen sind weiterhin Gegenstand von Diskussionen.","1","1024","2","48000","-16","53","4","132","-88.0","44.0","61.0","114.0","experiment","6","even","822679.1310999979","-810.0","-290.0","NA","4540.637500002049","4541.024000005564","64027.662099993904","77891.13420000649","882285.984999995","77941.47069999599","882286.0180999996","63435.570200002985","NA","882123.5512999992","869238.0413999927","822668.2789000042","77941.50369999988","882285.8986000065","64022.202899999684","869235.024499998","Experiment","0","0","0","15","1920","offen.","53","25","129"
"<AN>Frauen</AN>","C4","<RN>Unternehmerinnen</RN>","undefined","undefined","True","53","4","<AN>Frauen</AN>","132","-220.0","-88.0","61.0","114.0","undefined","undefined","#232323","1620","psycho","True","offen","psycho","psycho","undefined","undefined","undefined","0","0","0","0","0","102","0","102","0","0","102","102","102","0","102","0","50","-810.0","-270.5","5","792.0","65.3800322116776","Fri Jul 31 11:49:11 2026","The main experiment item","False","Im Rahmen einer Geschäftsveranstaltung findet derzeit ein Austausch über Arbeitsbedingungen und gesellschaftliche Entwicklungen statt. Die <RN>Arbeitnehmerinnen</RN> erwarten höhere Gehälter und klimatisierte Arbeitsplätze, aber diese <AN>Frauen</AN> wollen auch weniger arbeiten. Die Frage nach den Konsequenzen bleibt offen.","experiment.osexp","D:\ET_course_project_gender-bias\experiment","False","mono","False","39","no","white","no","yes","1080","4","space","psycho","178.0","3.0","117","1","102","102","D:\ET_course_project_gender-bias\experiment\subject-6.csv","150","psycho","an_found","Neonatal Nightingale","4.1.14","136.0","178.0","2","0","space","NA","space","space","space","12884.972900006687","NA","13862.892300006934","12884.972900006687","True","53","3","<RN>Arbeitnehmerinnen</RN>","389","-810.0","-421.0","-56.0","-3.0","2","psycho","6","Im Rahmen einer Geschäftsveranstaltung findet derzeit ein Austausch über Arbeitsbedingungen und gesellschaftliche Entwicklungen statt. Die <RN>Arbeitnehmer*innen</RN> erwarten höhere Gehälter und klimatisierte Arbeitsplätze, aber diese <AN>Männer</AN> wollen auch weniger arbeiten. Die Frage nach den Konsequenzen bleibt offen.","Bei einem Networking-Event stehen wirtschaftspolitische und gesellschaftliche Fragestellungen im Mittelpunkt der Diskussion. Die <RN>Unternehmer</RN> brauchen weniger bürokratische Hürden und sprechen über Verbesserungen, doch diese <AN>Männer</AN> fordern weitere steuerliche Entlastungen. Die Folgen dieser Positionen bleiben umstritten.","1","1024","2","48000","-16","53","4","132","-88.0","44.0","61.0","114.0","experiment","6","even","822679.1310999979","-810.0","-290.0","NA","4540.637500002049","4541.024000005564","64027.662099993904","77891.13420000649","882313.2514000026","77941.47069999599","882313.292100007","63435.570200002985","NA","882123.5512999992","869238.0413999927","822668.2789000042","77941.50369999988","882313.1472999958","64022.202899999684","869235.024499998","Experiment","0","0","0","15","1920","offen.","53","25","129"
"<AN>Männer</AN>","C1","<RN>Einwohner</RN>","undefined","undefined","True","53","4","<AN>Männer</AN>","135","-179.0","-44.0","61.0","114.0","undefined","undefined","#232323","1620","psycho","True","Reaktionen","psycho","psycho","undefined","undefined","undefined","0","0","0","0","0","103","0","103","0","0","103","103","103","0","103","0","50","-810.0","-270.5","5","893.0","42.505778942633185","Fri Jul 31 11:49:11 2026","The main experiment item","False","Im Rahmen einer öffentlichen Veranstaltung wird derzeit über Fragen der inneren Sicherheit und gesellschaftliche Entwicklungen gesprochen. Die <RN>Einwohner</RN> diskutieren über Fragen der inneren Sicherheit bezüglich der aktuellen Krise, doch diese <AN>Männer</AN> fordern härtere Maßnahmen. Die weiteren Maßnahmen stoßen auf geteilte Reaktionen.","experiment.osexp","D:\ET_course_project_gender-bias\experiment","False","mono","False","39","no","white","no","yes","1080","8","space","psycho","178.0","3.0","117","6","103","103","D:\ET_course_project_gender-bias\experiment\subject-6.csv","150","psycho","an_found","Neonatal Nightingale","4.1.14","350.0","178.0","2","0","space","NA","space","space","space","15428.40669999714","NA","13862.892300006934","15428.40669999714","True","53","3","<RN>Einwohner</RN>","202","-810.0","-608.0","-56.0","-3.0","2","psycho","6","Im Rahmen einer öffentlichen Veranstaltung wird derzeit über Fragen der inneren Sicherheit und gesellschaftliche Entwicklungen gesprochen. Die <RN>Bürger</RN> diskutieren über Fragen der inneren Sicherheit bezüglich der aktuellen Krise, doch diese <AN>Männer</AN> fordern härtere Maßnahmen. Die weiteren Maßnahmen stoßen auf geteilte Reaktionen.","Im Rahmen einer öffentlichen Veranstaltung wird derzeit über Fragen der inneren Sicherheit und gesellschaftliche Entwicklungen gesprochen. Die <RN>Bürger</RN> diskutieren über Fragen der inneren Sicherheit bezüglich der aktuellen Krise, doch diese <AN>Männer</AN> fordern härtere Maßnahmen. Die weiteren Maßnahmen stoßen auf geteilte Reaktionen.","0","1024","2","48000","-16","53","4","135","-44.0","91.0","61.0","114.0","experiment","6","even","882352.2634999972","-810.0","-290.0","NA","4540.637500002049","4541.024000005564","64027.662099993904","77891.13420000649","882340.7432999957","77941.47069999599","932689.2707999941","63435.570200002985","NA","932643.8635999948","917214.6818000037","882340.7732000051","77941.50369999988","882340.5477000051","64022.202899999684","917211.0255000007","Experiment","0","0","0","16","1920","Reaktionen.","53","25","242"
"<AN>Männern</AN>","C3","<RN>Expertinnen</RN>","undefined","undefined","True","53","4","<AN>Männern</AN>","158","-63.0","95.0","61.0","114.0","undefined","undefined","#232323","1620","psycho","True","geprüft","psycho","psycho","undefined","undefined","undefined","0","0","0","0","0","104","0","104","0","0","104","104","104","0","104","0","50","-810.0","-270.5","5","1364.0","90.88103608212222","Fri Jul 31 11:49:11 2026","The main experiment item","False","Im Rahmen einer universitären Veranstaltung werden aktuelle Fragestellungen der Rüstungsindustrie behandelt. Die große Mehrheit dieser <RN>Expertinnen</RN> sehen eine stärkere Aufrüstung für Deutschland als notwendig, doch diese Gruppe von <AN>Männern</AN> kritisiert dessen Finanzierung. Die Auswirkungen der Entscheidung werden noch geprüft.","experiment.osexp","D:\ET_course_project_gender-bias\experiment","False","mono","False","39","no","white","no","yes","1080","10","space","psycho","178.0","3.0","117","6","104","104","D:\ET_course_project_gender-bias\experiment\subject-6.csv","150","psycho","an_found","Neonatal Nightingale","4.1.14","754.0","178.0","2","0","space","NA","space","space","space","15668.954499997199","NA","13862.892300006934","15668.954499997199","True","53","3","<RN>Expertinnen</RN>","248","-651.0","-403.0","-56.0","-3.0","2","psycho","6","Im Rahmen einer universitären Veranstaltung werden aktuelle Fragestellungen der Rüstungsindustrie behandelt. Die große Mehrheit dieser <RN>Fachleute</RN> sehen eine stärkere Aufrüstung für Deutschland als notwendig, doch diese Gruppe von <AN>Frauen</AN> kritisiert dessen Finanzierung. Die Auswirkungen der Entscheidung werden noch geprüft.","Im Rahmen einer universitären Veranstaltung werden aktuelle Fragestellungen der Rüstungsindustrie behandelt. Die große Mehrheit dieser <RN>Fachleute</RN> sehen eine stärkere Aufrüstung für Deutschland als notwendig, doch diese Gruppe von <AN>Frauen</AN> kritisiert dessen Finanzierung. Die Auswirkungen der Entscheidung werden noch geprüft.","0","1024","2","48000","-16","53","4","158","95.0","253.0","61.0","114.0","experiment","6","even","932852.6372000051","-810.0","-290.0","NA","4540.637500002049","4541.024000005564","64027.662099993904","77891.13420000649","932840.498000005","77941.47069999599","977273.2901999989","63435.570200002985","NA","977227.9326999997","961558.3225000009","932840.5406999955","77941.50369999988","932840.2651999932","64022.202899999684","961555.1315000048","Experiment","0","0","0","17","1920","geprüft.","53","25","175"
"<AN>Frauen</AN>","C6","<RN>Expert*innen</RN>","undefined","undefined","True","53","4","<AN>Frauen</AN>","132","-309.0","-177.0","61.0","114.0","undefined","undefined","#232323","1620","psycho","True","bewertet","psycho","psycho","undefined","undefined","undefined","0","0","0","0","0","105","0","105","0","0","105","105","105","0","105","0","50","-810.0","-270.5","5","528.0","67.79777820194407","Fri Jul 31 11:49:11 2026","The main experiment item","False","Beim Sommerfest eines Unternehmens wird über wirtschaftliche Entwicklungen und gesellschaftliche Herausforderungen diskutiert. Die <RN>Expert*innen</RN> sehen große Herausforderungen im nächsten Geschäftsjahr, dennoch bleiben diese <AN>Frauen</AN> optimistisch. Die unternehmerischen Folgen werden unterschiedlich bewertet.","experiment.osexp","D:\ET_course_project_gender-bias\experiment","False","mono","False","39","no","white","no","yes","1080","7","space","psycho","178.0","3.0","117","6","105","105","D:\ET_course_project_gender-bias\experiment\subject-6.csv","150","psycho","an_found","Neonatal Nightingale","4.1.14","-60.0","178.0","2","0","space","NA","space","space","space","18820.908800000325","NA","13862.892300006934","18820.908800000325","True","53","3","<RN>Expert*innen</RN>","271","-810.0","-539.0","-56.0","-3.0","2","psycho","6","Beim Sommerfest eines Unternehmens wird über wirtschaftliche Entwicklungen und gesellschaftliche Herausforderungen diskutiert. Die <RN>Fachleute</RN> sehen große Herausforderungen im nächsten Geschäftsjahr, dennoch bleiben diese <AN>Männer</AN> optimistisch. Die unternehmerischen Folgen werden unterschiedlich bewertet.","Beim Sommerfest eines Unternehmens wird über wirtschaftliche Entwicklungen und gesellschaftliche Herausforderungen diskutiert. Die <RN>Fachleute</RN> sehen große Herausforderungen im nächsten Geschäftsjahr, dennoch bleiben diese <AN>Männer</AN> optimistisch. Die unternehmerischen Folgen werden unterschiedlich bewertet.","0","1024","2","48000","-16","53","4","132","-177.0","-45.0","61.0","114.0","experiment","6","even","977557.1874000016","-810.0","-290.0","NA","4540.637500002049","4541.024000005564","64027.662099993904","77891.13420000649","977543.5351000051","77941.47069999599","1022545.2435000043","63435.570200002985","NA","1022499.7523000056","1003678.253399994","977543.5772000055","77941.50369999988","977543.1657000008","64022.202899999684","1003675.0806000055","Experiment","0","0","0","18","1920","bewertet.","53","25","197"
"<AN>Frauen</AN>","C4","<RN>Polizistinnen</RN>","undefined","undefined","True","53","4","<AN>Frauen</AN>","132","-309.0","-177.0","61.0","114.0","undefined","undefined","#232323","1620","psycho","True","bewertet","psycho","psycho","undefined","undefined","undefined","0","0","0","0","0","106","0","106","0","0","106","106","106","0","106","0","50","-810.0","-270.5","5","528.0","67.79777820194407","Fri Jul 31 11:49:11 2026","The main experiment item","False","Beim Sommerfest eines Unternehmens wird über wirtschaftliche Entwicklungen und gesellschaftliche Herausforderungen diskutiert. Die <RN>Expert*innen</RN> sehen große Herausforderungen im nächsten Geschäftsjahr, dennoch bleiben diese <AN>Frauen</AN> optimistisch. Die unternehmerischen Folgen werden unterschiedlich bewertet.","experiment.osexp","D:\ET_course_project_gender-bias\experiment","False","mono","False","39","no","white","no","yes","1080","18","space","psycho","178.0","3.0","117","5","106","106","D:\ET_course_project_gender-bias\experiment\subject-6.csv","150","psycho","an_found","Neonatal Nightingale","4.1.14","-60.0","178.0","2","0","space","NA","space","space","space","18820.908800000325","NA","13862.892300006934","18820.908800000325","True","53","3","<RN>Expert*innen</RN>","271","-810.0","-539.0","-56.0","-3.0","2","psycho","6","Beim Sommerfest eines Unternehmens wird über wirtschaftliche Entwicklungen und gesellschaftliche Herausforderungen diskutiert. Die <RN>Fachleute</RN> sehen große Herausforderungen im nächsten Geschäftsjahr, dennoch bleiben diese <AN>Männer</AN> optimistisch. Die unternehmerischen Folgen werden unterschiedlich bewertet.","Bei einer öffentlichen Sitzung im Rathaus wird über neue Verkehrsregelungen gesprochen. Die <RN>Polizistinnen</RN> diskutieren laut über mehr Sicherheit im Straßenverkehr und setzen sich für strengere Kontrollen ein, doch diese <AN>Männer</AN> lehnen die Vorschläge ab. Die nächsten Maßnahmen werden derzeit kontrovers verhandelt.","1","1024","2","48000","-16","53","4","132","-177.0","-45.0","61.0","114.0","experiment","6","even","977557.1874000016","-810.0","-290.0","NA","4540.637500002049","4541.024000005564","64027.662099993904","77891.13420000649","1022573.8626999955","77941.47069999599","1022573.9178999938","63435.570200002985","NA","1022499.7523000056","1003678.253399994","977543.5772000055","77941.50369999988","1022573.3438000025","64022.202899999684","1003675.0806000055","Experiment","0","0","0","18","1920","bewertet.","53","25","197"
"<AN>Frauen</AN>","C4","<RN>Expertinnen</RN>","undefined","undefined","True","53","4","<AN>Frauen</AN>","132","-309.0","-177.0","61.0","114.0","undefined","undefined","#232323","1620","psycho","True","bewertet","psycho","psycho","undefined","undefined","undefined","0","0","0","0","0","107","0","107","0","0","107","107","107","0","107","0","50","-810.0","-270.5","5","528.0","67.79777820194407","Fri Jul 31 11:49:11 2026","The main experiment item","False","Beim Sommerfest eines Unternehmens wird über wirtschaftliche Entwicklungen und gesellschaftliche Herausforderungen diskutiert. Die <RN>Expert*innen</RN> sehen große Herausforderungen im nächsten Geschäftsjahr, dennoch bleiben diese <AN>Frauen</AN> optimistisch. Die unternehmerischen Folgen werden unterschiedlich bewertet.","experiment.osexp","D:\ET_course_project_gender-bias\experiment","False","mono","False","39","no","white","no","yes","1080","7","space","psycho","178.0","3.0","117","4","107","107","D:\ET_course_project_gender-bias\experiment\subject-6.csv","150","psycho","an_found","Neonatal Nightingale","4.1.14","-60.0","178.0","2","0","space","NA","space","space","space","18820.908800000325","NA","13862.892300006934","18820.908800000325","True","53","3","<RN>Expert*innen</RN>","271","-810.0","-539.0","-56.0","-3.0","2","psycho","6","Beim Sommerfest eines Unternehmens wird über wirtschaftliche Entwicklungen und gesellschaftliche Herausforderungen diskutiert. Die <RN>Fachleute</RN> sehen große Herausforderungen im nächsten Geschäftsjahr, dennoch bleiben diese <AN>Männer</AN> optimistisch. Die unternehmerischen Folgen werden unterschiedlich bewertet.","Beim Sommerfest eines Unternehmens wird über wirtschaftliche Entwicklungen und gesellschaftliche Herausforderungen diskutiert. Die <RN>Fachleute</RN> sehen große Herausforderungen im nächsten Geschäftsjahr, dennoch bleiben diese <AN>Männer</AN> optimistisch. Die unternehmerischen Folgen werden unterschiedlich bewertet.","1","1024","2","48000","-16","53","4","132","-177.0","-45.0","61.0","114.0","experiment","6","even","977557.1874000016","-810.0","-290.0","NA","4540.637500002049","4541.024000005564","64027.662099993904","77891.13420000649","1022601.0898999957","77941.47069999599","1022601.144500004","63435.570200002985","NA","1022499.7523000056","1003678.253399994","977543.5772000055","77941.50369999988","1022600.7944000012","64022.202899999684","1003675.0806000055","Experiment","0","0","0","18","1920","bewertet.","53","25","197"
